timestamp,shopper_id,action,row,col,details
10:01,1,ENTERED,h,8,gender~female age~adult
10:01,1,MOVING,g,8,
10:02,1,MOVING,g,9,
10:03,1,ARRIVED_SECTION,g,10,Tops
10:04,1,BROWSING,g,10,Tops
10:05,1,BROWSING,g,10,Tops
10:06,1,BROWSING,g,10,Tops
10:07,1,BROWSING,g,10,Tops
10:08,1,BROWSING,g,10,Tops
10:09,1,BROWSING,g,10,Tops
10:11,1,MOVING,g,9,
10:12,2,ENTERED,h,8,gender~female age~senior
10:12,1,PAUSED,g,9,
10:12,2,MOVING,h,9,
10:13,1,PAUSED,g,9,
10:13,2,MOVING,h,10,
10:14,1,MOVING,g,8,
10:14,2,MOVING,h,11,
10:15,1,MOVING,g,7,
10:15,2,MOVING,h,12,
10:16,1,MOVING,g,6,
10:16,2,ARRIVED_SECTION,h,13,Skirts & Dresses
10:17,1,MOVING,g,5,
10:17,2,BROWSING,h,13,Skirts & Dresses
10:18,1,MOVING,g,4,
10:18,2,BROWSING,h,13,Skirts & Dresses
10:19,1,ARRIVED_SECTION,g,3,Jeans
10:19,2,BROWSING,h,13,Skirts & Dresses
10:20,1,BROWSING,g,3,Jeans
10:20,2,BROWSING,h,13,Skirts & Dresses
10:21,1,BROWSING,g,3,Jeans
10:21,2,BROWSING,h,13,Skirts & Dresses
10:22,1,BROWSING,g,3,Jeans
10:22,2,BROWSING,h,13,Skirts & Dresses
10:23,1,BROWSING,g,3,Jeans
10:23,2,BROWSING,h,13,Skirts & Dresses
10:24,3,ENTERED,h,8,gender~male age~adult
10:24,1,BROWSING,g,3,Jeans
10:24,2,BROWSING,h,13,Skirts & Dresses
10:24,3,MOVING,g,8,
10:25,1,BROWSING,g,3,Jeans
10:25,2,BROWSING,h,13,Skirts & Dresses
10:25,3,MOVING,f,8,
10:26,1,BROWSING,g,3,Jeans
10:26,2,BROWSING,h,13,Skirts & Dresses
10:26,3,MOVING,e,8,
10:27,1,BROWSING,g,3,Jeans
10:27,2,BROWSING,h,13,Skirts & Dresses
10:27,3,MOVING,d,8,
10:28,1,BROWSING,g,3,Jeans
10:28,2,BROWSING,h,13,Skirts & Dresses
10:28,3,MOVING,d,7,
10:29,1,BROWSING,g,3,Jeans
10:29,3,MOVING,d,6,
10:30,1,BROWSING,g,3,Jeans
10:30,2,MOVING,h,12,
10:30,3,MOVING,c,6,
10:31,4,ENTERED,h,8,gender~female age~adult
10:31,1,BROWSING,g,3,Jeans
10:31,2,MOVING,h,11,
10:31,3,MOVING,b,6,
10:31,4,MOVING,f,7,
10:32,1,BROWSING,g,3,Jeans
10:32,2,MOVING,h,10,
10:32,3,PAUSED,b,6,
10:32,4,ARRIVED_SECTION,f,6,Pants
10:33,1,BROWSING,g,3,Jeans
10:33,2,MOVING,g,10,
10:33,3,PAUSED,b,6,
10:33,4,BROWSING,f,6,Pants
10:34,1,BROWSING,g,3,Jeans
10:34,2,MOVING,g,9,
10:34,3,PAUSED,b,6,
10:34,4,BROWSING,f,6,Pants
10:35,1,BROWSING,g,3,Jeans
10:35,2,PAUSED,g,9,
10:35,3,PAUSED,b,6,
10:35,4,BROWSING,f,6,Pants
10:36,2,PAUSED,g,9,
10:36,3,MOVING,b,5,
10:36,4,BROWSING,f,6,Pants
10:37,1,MOVING,f,3,
10:37,2,PAUSED,g,9,
10:37,3,MOVING,b,4,
10:37,4,BROWSING,f,6,Pants
10:38,1,MOVING,e,3,
10:38,2,PAUSED,g,9,
10:38,3,ARRIVED_SECTION,b,3,Underwear
10:38,4,BROWSING,f,6,Pants
10:39,1,ARRIVED_SECTION,d,3,Stockings
10:39,2,MOVING,g,8,
10:39,3,BROWSING,b,3,Underwear
10:40,1,BROWSING,d,3,Stockings
10:40,2,MOVING,g,7,
10:40,3,BROWSING,b,3,Underwear
10:40,4,MOVING,c,6,
10:41,1,BROWSING,d,3,Stockings
10:41,2,MOVING,g,6,
10:41,3,BROWSING,b,3,Underwear
10:41,4,MOVING,a,7,
10:42,5,ENTERED,h,8,gender~male age~senior
10:42,1,BROWSING,d,3,Stockings
10:42,2,MOVING,g,5,
10:42,4,MOVING,a,10,
10:42,5,MOVING,g,8,
10:43,1,BROWSING,d,3,Stockings
10:43,2,MOVING,g,4,
10:43,3,ARRIVED_SECTION,c,3,Stockings
10:43,4,ARRIVED_FITTING_AREA,a,12,
10:43,5,MOVING,g,7,
10:44,1,BROWSING,d,3,Stockings
10:44,2,MOVING,f,4,
10:44,3,BROWSING,c,3,Stockings
10:44,4,ENTERED_FITTING,a,12,waited 0 ticks
10:44,5,MOVING,g,6,
10:45,1,BROWSING,d,3,Stockings
10:45,2,MOVING,e,4,
10:45,3,BROWSING,c,3,Stockings
10:45,5,MOVING,g,5,
10:46,1,BROWSING,d,3,Stockings
10:46,2,MOVING,d,4,
10:46,3,BROWSING,c,3,Stockings
10:46,5,MOVING,g,4,
10:47,1,BROWSING,d,3,Stockings
10:47,2,ARRIVED_SECTION,d,3,Stockings
10:47,3,BROWSING,c,3,Stockings
10:47,5,PAUSED,g,4,
10:48,6,ENTERED,h,8,gender~male age~young
10:48,1,BROWSING,d,3,Stockings
10:48,2,BROWSING,d,3,Stockings
10:48,3,BROWSING,c,3,Stockings
10:48,5,PAUSED,g,4,
10:48,6,MOVING,f,8,
10:49,1,BROWSING,d,3,Stockings
10:49,2,BROWSING,d,3,Stockings
10:49,3,BROWSING,c,3,Stockings
10:49,5,PAUSED,g,4,
10:49,6,MOVING,e,9,
10:50,1,BROWSING,d,3,Stockings
10:50,2,BROWSING,d,3,Stockings
10:50,3,BROWSING,c,3,Stockings
10:50,5,MOVING,f,4,
10:50,6,MOVING,e,11,
10:51,1,BROWSING,d,3,Stockings
10:51,2,BROWSING,d,3,Stockings
10:51,5,MOVING,e,4,
10:51,6,MOVING,e,13,
10:52,1,BROWSING,d,3,Stockings
10:52,2,BROWSING,d,3,Stockings
10:52,3,MOVING,b,3,
10:52,5,MOVING,d,4,
10:52,6,ARRIVED_SECTION,d,13,Hats & Handbags
10:53,1,BROWSING,d,3,Stockings
10:53,2,BROWSING,d,3,Stockings
10:53,3,MOVING,b,4,
10:53,5,ARRIVED_SECTION,d,3,Stockings
10:53,6,BROWSING,d,13,Hats & Handbags
10:54,2,BROWSING,d,3,Stockings
10:54,3,PAUSED,b,4,
10:54,5,BROWSING,d,3,Stockings
10:54,6,BROWSING,d,13,Hats & Handbags
10:55,1,MOVING,c,3,
10:55,2,BROWSING,d,3,Stockings
10:55,3,PAUSED,b,4,
10:55,5,BROWSING,d,3,Stockings
10:55,6,BROWSING,d,13,Hats & Handbags
10:56,1,MOVING,b,3,
10:56,2,BROWSING,d,3,Stockings
10:56,3,MOVING,b,5,
10:56,4,LEFT_FITTING,a,12,
10:56,6,BROWSING,d,13,Hats & Handbags
10:57,1,MOVING,b,4,
10:57,2,BROWSING,d,3,Stockings
10:57,3,MOVING,b,6,
10:57,4,MOVING,b,10,
10:57,5,ARRIVED_SECTION,d,4,Pants
10:58,1,MOVING,b,5,
10:58,2,BROWSING,d,3,Stockings
10:58,3,MOVING,b,7,
10:58,4,JOINED_QUEUE,b,8,position #1
10:58,5,BROWSING,d,4,Pants
10:58,6,MOVING,e,12,
10:59,4,REACHED_COUNTER,b,7,
10:59,1,MOVING,b,6,
10:59,2,BROWSING,d,3,Stockings
10:59,3,JOINED_QUEUE,b,8,position #2
10:59,4,AT_CHECKOUT,b,7,
10:59,5,BROWSING,d,4,Pants
10:59,6,MOVING,e,10,
11:00,1,MOVING,b,7,
11:00,2,BROWSING,d,3,Stockings
11:00,3,IN_QUEUE,b,8,position #2
11:00,4,AT_CHECKOUT,b,7,
11:00,5,BROWSING,d,4,Pants
11:00,6,MOVING,e,8,
11:01,7,ENTERED,h,8,gender~male age~adult
11:01,1,MOVING,b,8,
11:01,2,BROWSING,d,3,Stockings
11:01,3,IN_QUEUE,b,8,position #2
11:01,4,AT_CHECKOUT,b,7,
11:01,5,BROWSING,d,4,Pants
11:01,6,ARRIVED_SECTION,e,6,Pants
11:01,7,MOVING,g,8,
11:02,1,MOVING,b,9,
11:02,2,BROWSING,d,3,Stockings
11:02,3,IN_QUEUE,b,8,position #2
11:02,4,AT_CHECKOUT,b,7,
11:02,5,BROWSING,d,4,Pants
11:02,6,BROWSING,e,6,Pants
11:02,7,MOVING,g,9,
11:03,1,MOVING,b,10,
11:03,2,BROWSING,d,3,Stockings
11:03,3,IN_QUEUE,b,8,position #2
11:03,4,CHECKOUT_COMPLETED,b,7,
11:03,5,BROWSING,d,4,Pants
11:03,6,BROWSING,e,6,Pants
11:03,7,ARRIVED_SECTION,g,10,Tops
11:04,3,REACHED_COUNTER,b,7,
11:04,1,MOVING,b,11,
11:04,2,BROWSING,d,3,Stockings
11:04,3,AT_CHECKOUT,b,7,
11:04,4,MOVING,c,9,
11:04,5,BROWSING,d,4,Pants
11:04,6,BROWSING,e,6,Pants
11:04,7,BROWSING,g,10,Tops
11:05,8,ENTERED,h,8,gender~female age~young
11:05,1,MOVING,b,12,
11:05,2,BROWSING,d,3,Stockings
11:05,3,AT_CHECKOUT,b,7,
11:05,4,MOVING,f,9,
11:05,6,BROWSING,e,6,Pants
11:05,7,BROWSING,g,10,Tops
11:05,8,MOVING,f,7,
11:06,9,ENTERED,h,8,gender~female age~young
11:06,1,MOVING,b,13,
11:06,2,BROWSING,d,3,Stockings
11:06,3,AT_CHECKOUT,b,7,
11:06,4,EXITED,h,8,
11:06,5,MOVING,c,4,
11:06,6,BROWSING,e,6,Pants
11:06,7,BROWSING,g,10,Tops
11:06,8,PAUSED,f,7,
11:06,9,MOVING,e,8,
11:07,1,PAUSED,b,13,
11:07,2,BROWSING,d,3,Stockings
11:07,3,CHECKOUT_COMPLETED,b,7,
11:07,5,MOVING,b,4,
11:07,6,BROWSING,e,6,Pants
11:07,7,BROWSING,g,10,Tops
11:07,8,PAUSED,f,7,
11:07,9,MOVING,e,11,
11:08,1,PAUSED,b,13,
11:08,2,BROWSING,d,3,Stockings
11:08,3,MOVING,b,8,
11:08,5,MOVING,b,5,
11:08,6,BROWSING,e,6,Pants
11:08,7,BROWSING,g,10,Tops
11:08,8,PAUSED,f,7,
11:08,9,PAUSED,e,11,
11:09,1,ARRIVED_SECTION,c,13,Hats & Handbags
11:09,2,BROWSING,d,3,Stockings
11:09,3,MOVING,b,9,
11:09,5,MOVING,b,6,
11:09,7,BROWSING,g,10,Tops
11:09,8,PAUSED,f,7,
11:09,9,PAUSED,e,11,
11:10,10,ENTERED,h,8,gender~female age~senior
11:10,1,BROWSING,c,13,Hats & Handbags
11:10,2,BROWSING,d,3,Stockings
11:10,3,MOVING,c,9,
11:10,5,MOVING,b,7,
11:10,6,MOVING,c,6,
11:10,7,BROWSING,g,10,Tops
11:10,8,ARRIVED_SECTION,f,6,Pants
11:10,9,ARRIVED_SECTION,d,13,Hats & Handbags
11:10,10,MOVING,g,8,
11:11,1,BROWSING,c,13,Hats & Handbags
11:11,2,BROWSING,d,3,Stockings
11:11,3,MOVING,d,9,
11:11,5,JOINED_QUEUE,b,8,position #1
11:11,6,PAUSED,c,6,
11:11,7,BROWSING,g,10,Tops
11:11,8,BROWSING,f,6,Pants
11:11,9,BROWSING,d,13,Hats & Handbags
11:11,10,MOVING,f,8,
11:12,5,REACHED_COUNTER,b,7,
11:12,1,BROWSING,c,13,Hats & Handbags
11:12,2,BROWSING,d,3,Stockings
11:12,3,MOVING,e,9,
11:12,5,AT_CHECKOUT,b,7,
11:12,6,PAUSED,c,6,
11:12,7,BROWSING,g,10,Tops
11:12,8,BROWSING,f,6,Pants
11:12,9,BROWSING,d,13,Hats & Handbags
11:12,10,MOVING,e,8,
11:13,11,ENTERED,h,8,gender~male age~young
11:13,1,BROWSING,c,13,Hats & Handbags
11:13,3,MOVING,f,9,
11:13,5,AT_CHECKOUT,b,7,
11:13,6,PAUSED,c,6,
11:13,7,BROWSING,g,10,Tops
11:13,8,BROWSING,f,6,Pants
11:13,9,BROWSING,d,13,Hats & Handbags
11:13,10,MOVING,e,9,
11:13,11,MOVING,h,11,
11:14,1,BROWSING,c,13,Hats & Handbags
11:14,2,MOVING,c,3,
11:14,3,MOVING,g,9,
11:14,5,AT_CHECKOUT,b,7,
11:14,6,PAUSED,c,6,
11:14,8,BROWSING,f,6,Pants
11:14,10,MOVING,e,10,
11:14,11,ARRIVED_SECTION,h,13,Skirts & Dresses
11:15,1,BROWSING,c,13,Hats & Handbags
11:15,2,ARRIVED_SECTION,b,3,Underwear
11:15,3,MOVING,h,9,
11:15,5,AT_CHECKOUT,b,7,
11:15,6,MOVING,b,5,
11:15,7,MOVING,f,10,
11:15,8,BROWSING,f,6,Pants
11:15,9,MOVING,b,12,
11:15,10,MOVING,e,11,
11:15,11,BROWSING,h,13,Skirts & Dresses
11:16,1,BROWSING,c,13,Hats & Handbags
11:16,2,BROWSING,b,3,Underwear
11:16,3,EXITED,h,8,
11:16,5,AT_CHECKOUT,b,7,
11:16,6,MOVING,c,4,
11:16,7,MOVING,e,10,
11:16,8,BROWSING,f,6,Pants
11:16,9,MOVING,b,9,
11:16,10,PAUSED,e,11,
11:16,11,BROWSING,h,13,Skirts & Dresses
11:17,1,BROWSING,c,13,Hats & Handbags
11:17,2,BROWSING,b,3,Underwear
11:17,5,CHECKOUT_COMPLETED,b,7,
11:17,6,ARRIVED_SECTION,c,3,Stockings
11:17,7,MOVING,d,10,
11:17,8,BROWSING,f,6,Pants
11:17,9,MOVING,b,6,
11:17,10,PAUSED,e,11,
11:17,11,BROWSING,h,13,Skirts & Dresses
11:18,2,BROWSING,b,3,Underwear
11:18,5,MOVING,b,8,
11:18,6,BROWSING,c,3,Stockings
11:18,7,MOVING,c,10,
11:18,8,BROWSING,f,6,Pants
11:18,9,MOVING,c,4,
11:18,10,PAUSED,e,11,
11:19,1,MOVING,b,13,
11:19,2,BROWSING,b,3,Underwear
11:19,5,MOVING,b,9,
11:19,6,BROWSING,c,3,Stockings
11:19,7,MOVING,b,10,
11:19,8,BROWSING,f,6,Pants
11:19,9,ARRIVED_SECTION,c,3,Stockings
11:19,10,PAUSED,e,11,
11:19,11,MOVING,e,13,
11:20,12,ENTERED,h,8,gender~female age~senior
11:20,1,MOVING,b,12,
11:20,2,BROWSING,b,3,Underwear
11:20,5,MOVING,c,9,
11:20,6,BROWSING,c,3,Stockings
11:20,7,MOVING,b,9,
11:20,8,BROWSING,f,6,Pants
11:20,9,BROWSING,c,3,Stockings
11:20,10,MOVING,e,12,
11:20,11,ARRIVED_SECTION,d,13,Hats & Handbags
11:20,12,MOVING,g,8,
11:21,13,ENTERED,h,8,gender~male age~adult
11:21,1,PAUSED,b,12,
11:21,2,BROWSING,b,3,Underwear
11:21,5,MOVING,d,9,
11:21,6,BROWSING,c,3,Stockings
11:21,7,MOVING,b,8,
11:21,8,BROWSING,f,6,Pants
11:21,9,BROWSING,c,3,Stockings
11:21,10,MOVING,e,13,
11:21,11,BROWSING,d,13,Hats & Handbags
11:21,12,MOVING,f,8,
11:21,13,MOVING,g,8,
11:22,1,PAUSED,b,12,
11:22,2,BROWSING,b,3,Underwear
11:22,5,MOVING,e,9,
11:22,6,BROWSING,c,3,Stockings
11:22,7,MOVING,b,7,
11:22,8,BROWSING,f,6,Pants
11:22,9,BROWSING,c,3,Stockings
11:22,10,ARRIVED_SECTION,d,13,Hats & Handbags
11:22,11,BROWSING,d,13,Hats & Handbags
11:22,12,PAUSED,f,8,
11:22,13,MOVING,f,8,
11:23,1,PAUSED,b,12,
11:23,2,BROWSING,b,3,Underwear
11:23,5,MOVING,f,9,
11:23,6,BROWSING,c,3,Stockings
11:23,7,MOVING,b,6,
11:23,8,BROWSING,f,6,Pants
11:23,9,BROWSING,c,3,Stockings
11:23,10,BROWSING,d,13,Hats & Handbags
11:23,11,BROWSING,d,13,Hats & Handbags
11:23,12,PAUSED,f,8,
11:23,13,MOVING,e,8,
11:24,1,MOVING,b,11,
11:24,2,BROWSING,b,3,Underwear
11:24,5,MOVING,g,9,
11:24,7,MOVING,b,5,
11:24,8,BROWSING,f,6,Pants
11:24,9,BROWSING,c,3,Stockings
11:24,10,BROWSING,d,13,Hats & Handbags
11:24,11,BROWSING,d,13,Hats & Handbags
11:24,12,MOVING,e,8,
11:24,13,MOVING,e,9,
11:25,1,MOVING,b,10,
11:25,2,BROWSING,b,3,Underwear
11:25,5,MOVING,h,9,
11:25,6,MOVING,e,3,
11:25,7,MOVING,b,4,
11:25,8,BROWSING,f,6,Pants
11:25,9,BROWSING,c,3,Stockings
11:25,10,BROWSING,d,13,Hats & Handbags
11:25,11,BROWSING,d,13,Hats & Handbags
11:25,12,MOVING,e,9,
11:25,13,MOVING,e,10,
11:26,14,ENTERED,h,8,gender~female age~adult
11:26,1,MOVING,b,9,
11:26,2,BROWSING,b,3,Underwear
11:26,5,EXITED,h,8,
11:26,6,ARRIVED_SECTION,g,3,Jeans
11:26,7,ARRIVED_SECTION,b,3,Underwear
11:26,9,BROWSING,c,3,Stockings
11:26,10,BROWSING,d,13,Hats & Handbags
11:26,11,BROWSING,d,13,Hats & Handbags
11:26,12,MOVING,e,10,
11:26,13,PAUSED,e,10,
11:26,14,MOVING,f,8,
11:27,1,MOVING,b,8,
11:27,6,BROWSING,g,3,Jeans
11:27,7,BROWSING,b,3,Underwear
11:27,8,MOVING,c,6,
11:27,10,BROWSING,d,13,Hats & Handbags
11:27,11,BROWSING,d,13,Hats & Handbags
11:27,12,PAUSED,e,10,
11:27,13,PAUSED,e,10,
11:27,14,ARRIVED_SECTION,f,6,Pants
11:28,1,MOVING,b,7,
11:28,2,MOVING,c,3,
11:28,6,BROWSING,g,3,Jeans
11:28,7,BROWSING,b,3,Underwear
11:28,8,MOVING,b,4,
11:28,9,MOVING,b,5,
11:28,10,BROWSING,d,13,Hats & Handbags
11:28,12,PAUSED,e,10,
11:28,13,PAUSED,e,10,
11:28,14,BROWSING,f,6,Pants
11:29,1,MOVING,b,6,
11:29,2,MOVING,d,3,
11:29,6,BROWSING,g,3,Jeans
11:29,7,BROWSING,b,3,Underwear
11:29,8,ARRIVED_SECTION,b,3,Underwear
11:29,9,MOVING,d,6,
11:29,10,BROWSING,d,13,Hats & Handbags
11:29,11,MOVING,b,12,
11:29,12,PAUSED,e,10,
11:29,13,MOVING,e,11,
11:29,14,BROWSING,f,6,Pants
11:30,1,MOVING,b,5,
11:30,2,MOVING,e,3,
11:30,6,BROWSING,g,3,Jeans
11:30,7,BROWSING,b,3,Underwear
11:30,8,BROWSING,b,3,Underwear
11:30,9,MOVING,e,8,
11:30,11,MOVING,b,9,
11:30,12,PAUSED,e,10,
11:30,13,MOVING,e,12,
11:30,14,BROWSING,f,6,Pants
11:31,15,ENTERED,h,8,gender~female age~adult
11:31,1,MOVING,b,4,
11:31,2,MOVING,f,3,
11:31,6,BROWSING,g,3,Jeans
11:31,7,BROWSING,b,3,Underwear
11:31,8,BROWSING,b,3,Underwear
11:31,9,MOVING,e,11,
11:31,10,MOVING,c,13,
11:31,11,MOVING,b,6,
11:31,12,MOVING,e,11,
11:31,13,MOVING,e,13,
11:31,14,BROWSING,f,6,Pants
11:31,15,PAUSED,h,8,
11:32,16,ENTERED,h,8,gender~female age~young
11:32,1,ARRIVED_SECTION,b,3,Underwear
11:32,2,ARRIVED_SECTION,g,3,Jeans
11:32,6,BROWSING,g,3,Jeans
11:32,8,BROWSING,b,3,Underwear
11:32,9,ARRIVED_SECTION,f,13,Skirts & Dresses
11:32,10,MOVING,b,13,
11:32,11,MOVING,c,4,
11:32,12,MOVING,e,12,
11:32,13,ARRIVED_SECTION,d,13,Hats & Handbags
11:32,15,PAUSED,h,8,
11:32,16,MOVING,f,8,
11:33,17,ENTERED,h,8,gender~female age~senior
11:33,1,BROWSING,b,3,Underwear
11:33,2,BROWSING,g,3,Jeans
11:33,6,BROWSING,g,3,Jeans
11:33,7,MOVING,b,4,
11:33,8,BROWSING,b,3,Underwear
11:33,9,BROWSING,f,13,Skirts & Dresses
11:33,10,MOVING,b,12,
11:33,11,PAUSED,c,4,
11:33,12,MOVING,e,13,
11:33,13,BROWSING,d,13,Hats & Handbags
11:33,14,MOVING,g,5,
11:33,15,PAUSED,h,8,
11:33,16,MOVING,e,9,
11:33,17,MOVING,g,8,
11:34,1,BROWSING,b,3,Underwear
11:34,2,BROWSING,g,3,Jeans
11:34,6,BROWSING,g,3,Jeans
11:34,7,MOVING,b,5,
11:34,8,BROWSING,b,3,Underwear
11:34,9,BROWSING,f,13,Skirts & Dresses
11:34,10,MOVING,b,11,
11:34,11,PAUSED,c,4,
11:34,12,ARRIVED_SECTION,d,13,Hats & Handbags
11:34,13,BROWSING,d,13,Hats & Handbags
11:34,14,MOVING,f,4,
11:34,15,PAUSED,h,8,
11:34,16,MOVING,e,11,
11:34,17,MOVING,g,7,
11:35,1,BROWSING,b,3,Underwear
11:35,2,BROWSING,g,3,Jeans
11:35,6,BROWSING,g,3,Jeans
11:35,7,MOVING,b,6,
11:35,8,BROWSING,b,3,Underwear
11:35,9,BROWSING,f,13,Skirts & Dresses
11:35,10,MOVING,b,10,
11:35,11,PAUSED,c,4,
11:35,12,BROWSING,d,13,Hats & Handbags
11:35,13,BROWSING,d,13,Hats & Handbags
11:35,14,MOVING,d,4,
11:35,15,MOVING,g,8,
11:35,16,MOVING,e,13,
11:35,17,MOVING,g,6,
11:36,1,BROWSING,b,3,Underwear
11:36,2,BROWSING,g,3,Jeans
11:36,6,BROWSING,g,3,Jeans
11:36,7,MOVING,b,7,
11:36,8,BROWSING,b,3,Underwear
11:36,10,MOVING,b,9,
11:36,11,PAUSED,c,4,
11:36,12,BROWSING,d,13,Hats & Handbags
11:36,13,BROWSING,d,13,Hats & Handbags
11:36,14,ARRIVED_SECTION,d,3,Stockings
11:36,15,MOVING,f,8,
11:36,16,ARRIVED_SECTION,d,13,Hats & Handbags
11:36,17,MOVING,g,5,
11:37,1,BROWSING,b,3,Underwear
11:37,2,BROWSING,g,3,Jeans
11:37,6,BROWSING,g,3,Jeans
11:37,7,MOVING,b,8,
11:37,8,BROWSING,b,3,Underwear
11:37,9,MOVING,c,13,
11:37,10,MOVING,b,8,
11:37,11,ARRIVED_SECTION,c,3,Stockings
11:37,12,BROWSING,d,13,Hats & Handbags
11:37,13,BROWSING,d,13,Hats & Handbags
11:37,14,BROWSING,d,3,Stockings
11:37,15,MOVING,f,7,
11:37,16,BROWSING,d,13,Hats & Handbags
11:37,17,MOVING,g,4,
11:38,18,ENTERED,h,8,gender~female age~adult
11:38,1,BROWSING,b,3,Underwear
11:38,2,BROWSING,g,3,Jeans
11:38,7,MOVING,b,9,
11:38,8,BROWSING,b,3,Underwear
11:38,9,MOVING,b,11,
11:38,10,MOVING,b,7,
11:38,11,BROWSING,c,3,Stockings
11:38,12,BROWSING,d,13,Hats & Handbags
11:38,13,BROWSING,d,13,Hats & Handbags
11:38,14,BROWSING,d,3,Stockings
11:38,15,ARRIVED_SECTION,f,6,Pants
11:38,16,BROWSING,d,13,Hats & Handbags
11:38,17,MOVING,f,4,
11:38,18,MOVING,g,8,
11:39,1,BROWSING,b,3,Underwear
11:39,2,BROWSING,g,3,Jeans
11:39,6,MOVING,g,5,
11:39,7,MOVING,b,10,
11:39,8,BROWSING,b,3,Underwear
11:39,9,JOINED_QUEUE,b,8,position #1
11:39,10,MOVING,b,6,
11:39,11,BROWSING,c,3,Stockings
11:39,12,BROWSING,d,13,Hats & Handbags
11:39,13,BROWSING,d,13,Hats & Handbags
11:39,14,BROWSING,d,3,Stockings
11:39,15,BROWSING,f,6,Pants
11:39,16,BROWSING,d,13,Hats & Handbags
11:39,17,MOVING,e,4,
11:39,18,MOVING,g,7,
11:40,9,REACHED_COUNTER,b,7,
11:40,1,BROWSING,b,3,Underwear
11:40,2,BROWSING,g,3,Jeans
11:40,6,MOVING,g,7,
11:40,7,MOVING,b,11,
11:40,8,BROWSING,b,3,Underwear
11:40,9,AT_CHECKOUT,b,7,
11:40,10,MOVING,b,5,
11:40,11,BROWSING,c,3,Stockings
11:40,12,BROWSING,d,13,Hats & Handbags
11:40,14,BROWSING,d,3,Stockings
11:40,15,BROWSING,f,6,Pants
11:40,16,BROWSING,d,13,Hats & Handbags
11:40,17,MOVING,d,4,
11:40,18,MOVING,g,6,
11:41,1,BROWSING,b,3,Underwear
11:41,2,BROWSING,g,3,Jeans
11:41,6,MOVING,g,9,
11:41,7,MOVING,b,12,
11:41,8,BROWSING,b,3,Underwear
11:41,9,AT_CHECKOUT,b,7,
11:41,10,MOVING,b,4,
11:41,11,BROWSING,c,3,Stockings
11:41,12,BROWSING,d,13,Hats & Handbags
11:41,13,MOVING,e,13,
11:41,14,BROWSING,d,3,Stockings
11:41,15,BROWSING,f,6,Pants
11:41,16,BROWSING,d,13,Hats & Handbags
11:41,17,ARRIVED_SECTION,d,3,Stockings
11:41,18,MOVING,g,5,
11:42,1,BROWSING,b,3,Underwear
11:42,2,BROWSING,g,3,Jeans
11:42,6,ARRIVED_SECTION,g,10,Tops
11:42,7,MOVING,b,13,
11:42,8,BROWSING,b,3,Underwear
11:42,9,AT_CHECKOUT,b,7,
11:42,10,MOVING,c,4,
11:42,12,BROWSING,d,13,Hats & Handbags
11:42,13,MOVING,e,12,
11:42,14,BROWSING,d,3,Stockings
11:42,15,BROWSING,f,6,Pants
11:42,16,BROWSING,d,13,Hats & Handbags
11:42,17,BROWSING,d,3,Stockings
11:42,18,MOVING,g,4,
11:43,1,BROWSING,b,3,Underwear
11:43,2,BROWSING,g,3,Jeans
11:43,6,BROWSING,g,10,Tops
11:43,7,ARRIVED_SECTION,c,13,Hats & Handbags
11:43,9,AT_CHECKOUT,b,7,
11:43,10,ARRIVED_SECTION,c,3,Stockings
11:43,11,MOVING,b,5,
11:43,12,BROWSING,d,13,Hats & Handbags
11:43,13,PAUSED,e,12,
11:43,14,BROWSING,d,3,Stockings
11:43,15,BROWSING,f,6,Pants
11:43,16,BROWSING,d,13,Hats & Handbags
11:43,17,BROWSING,d,3,Stockings
11:43,18,MOVING,f,4,
11:44,1,BROWSING,b,3,Underwear
11:44,2,BROWSING,g,3,Jeans
11:44,6,BROWSING,g,10,Tops
11:44,7,BROWSING,c,13,Hats & Handbags
11:44,8,PAUSED,b,3,
11:44,9,AT_CHECKOUT,b,7,
11:44,10,BROWSING,c,3,Stockings
11:44,11,JOINED_QUEUE,b,8,position #2
11:44,12,BROWSING,d,13,Hats & Handbags
11:44,13,PAUSED,e,12,
11:44,14,BROWSING,d,3,Stockings
11:44,15,BROWSING,f,6,Pants
11:44,16,BROWSING,d,13,Hats & Handbags
11:44,17,BROWSING,d,3,Stockings
11:44,18,MOVING,e,4,
11:45,1,BROWSING,b,3,Underwear
11:45,2,BROWSING,g,3,Jeans
11:45,6,BROWSING,g,10,Tops
11:45,7,BROWSING,c,13,Hats & Handbags
11:45,8,PAUSED,b,3,
11:45,9,AT_CHECKOUT,b,7,
11:45,10,BROWSING,c,3,Stockings
11:45,11,IN_QUEUE,b,8,position #2
11:45,12,BROWSING,d,13,Hats & Handbags
11:45,13,MOVING,e,11,
11:45,14,BROWSING,d,3,Stockings
11:45,15,BROWSING,f,6,Pants
11:45,16,BROWSING,d,13,Hats & Handbags
11:45,17,BROWSING,d,3,Stockings
11:45,18,MOVING,d,4,
11:46,1,BROWSING,b,3,Underwear
11:46,6,BROWSING,g,10,Tops
11:46,7,BROWSING,c,13,Hats & Handbags
11:46,8,MOVING,b,6,
11:46,9,CHECKOUT_COMPLETED,b,7,
11:46,10,BROWSING,c,3,Stockings
11:46,11,IN_QUEUE,b,8,position #1
11:46,12,BROWSING,d,13,Hats & Handbags
11:46,13,MOVING,e,10,
11:46,14,BROWSING,d,3,Stockings
11:46,15,BROWSING,f,6,Pants
11:46,17,BROWSING,d,3,Stockings
11:46,18,ARRIVED_SECTION,d,3,Stockings
11:47,11,REACHED_COUNTER,b,7,
11:47,1,BROWSING,b,3,Underwear
11:47,2,MOVING,f,3,
11:47,6,BROWSING,g,10,Tops
11:47,7,BROWSING,c,13,Hats & Handbags
11:47,8,MOVING,e,6,
11:47,9,MOVING,c,9,
11:47,10,BROWSING,c,3,Stockings
11:47,11,AT_CHECKOUT,b,7,
11:47,13,MOVING,f,10,
11:47,15,BROWSING,f,6,Pants
11:47,16,MOVING,e,12,
11:47,17,BROWSING,d,3,Stockings
11:47,18,BROWSING,d,3,Stockings
11:48,2,ARRIVED_SECTION,f,4,Pants
11:48,7,BROWSING,c,13,Hats & Handbags
11:48,8,MOVING,e,9,
11:48,9,MOVING,f,9,
11:48,10,BROWSING,c,3,Stockings
11:48,11,AT_CHECKOUT,b,7,
11:48,12,MOVING,e,13,
11:48,13,MOVING,g,10,
11:48,14,MOVING,b,3,
11:48,15,BROWSING,f,6,Pants
11:48,16,MOVING,e,10,
11:48,17,BROWSING,d,3,Stockings
11:48,18,BROWSING,d,3,Stockings
11:49,1,MOVING,b,4,
11:49,2,BROWSING,f,4,Pants
11:49,6,PAUSED,g,10,
11:49,7,BROWSING,c,13,Hats & Handbags
11:49,8,MOVING,e,12,
11:49,9,EXITED,h,8,
11:49,10,BROWSING,c,3,Stockings
11:49,11,AT_CHECKOUT,b,7,
11:49,12,MOVING,e,12,
11:49,13,MOVING,g,9,
11:49,14,MOVING,b,5,
11:49,16,MOVING,g,10,
11:49,17,BROWSING,d,3,Stockings
11:49,18,BROWSING,d,3,Stockings
11:50,1,MOVING,b,5,
11:50,2,BROWSING,f,4,Pants
11:50,6,PAUSED,g,10,
11:50,7,BROWSING,c,13,Hats & Handbags
11:50,8,ARRIVED_SECTION,f,13,Skirts & Dresses
11:50,11,AT_CHECKOUT,b,7,
11:50,12,PAUSED,e,12,
11:50,13,MOVING,g,8,
11:50,14,MOVING,b,7,
11:50,15,MOVING,e,6,
11:50,16,MOVING,g,8,
11:50,17,BROWSING,d,3,Stockings
11:50,18,BROWSING,d,3,Stockings
11:51,1,MOVING,b,6,
11:51,2,BROWSING,f,4,Pants
11:51,6,PAUSED,g,10,
11:51,7,BROWSING,c,13,Hats & Handbags
11:51,8,BROWSING,f,13,Skirts & Dresses
11:51,10,MOVING,d,3,
11:51,11,AT_CHECKOUT,b,7,
11:51,12,PAUSED,e,12,
11:51,13,PAUSED,g,8,
11:51,14,MOVING,b,9,
11:51,15,MOVING,e,7,
11:51,16,MOVING,g,6,
11:51,18,BROWSING,d,3,Stockings
11:52,1,MOVING,c,6,
11:52,2,BROWSING,f,4,Pants
11:52,6,PAUSED,g,10,
11:52,7,BROWSING,c,13,Hats & Handbags
11:52,8,BROWSING,f,13,Skirts & Dresses
11:52,10,MOVING,e,3,
11:52,11,CHECKOUT_COMPLETED,b,7,
11:52,12,MOVING,e,11,
11:52,13,PAUSED,g,8,
11:52,14,MOVING,b,11,
11:52,15,MOVING,e,8,
11:52,16,MOVING,g,4,
11:52,17,MOVING,c,3,
11:52,18,BROWSING,d,3,Stockings
11:53,1,MOVING,d,6,
11:53,2,BROWSING,f,4,Pants
11:53,6,PAUSED,g,10,
11:53,7,BROWSING,c,13,Hats & Handbags
11:53,8,BROWSING,f,13,Skirts & Dresses
11:53,10,MOVING,f,3,
11:53,11,PAUSED,b,7,
11:53,12,MOVING,e,10,
11:53,13,MOVING,g,7,
11:53,14,MOVING,b,13,
11:53,15,MOVING,e,9,
11:53,16,ARRIVED_SECTION,g,3,Jeans
11:53,17,MOVING,b,3,
11:53,18,BROWSING,d,3,Stockings
11:54,1,MOVING,e,6,
11:54,2,BROWSING,f,4,Pants
11:54,6,PAUSED,g,10,
11:54,8,BROWSING,f,13,Skirts & Dresses
11:54,10,ARRIVED_SECTION,g,3,Jeans
11:54,11,PAUSED,b,7,
11:54,12,MOVING,e,9,
11:54,13,PAUSED,g,7,
11:54,14,ARRIVED_SECTION,c,13,Hats & Handbags
11:54,15,MOVING,e,10,
11:54,16,BROWSING,g,3,Jeans
11:54,17,MOVING,b,4,
11:54,18,BROWSING,d,3,Stockings
11:55,19,ENTERED,h,8,gender~male age~young
11:55,1,MOVING,e,7,
11:55,2,BROWSING,f,4,Pants
11:55,6,MOVING,h,11,
11:55,7,MOVING,d,13,
11:55,8,BROWSING,f,13,Skirts & Dresses
11:55,10,BROWSING,g,3,Jeans
11:55,11,MOVING,c,9,
11:55,12,MOVING,e,8,
11:55,13,PAUSED,g,7,
11:55,14,BROWSING,c,13,Hats & Handbags
11:55,15,MOVING,e,11,
11:55,16,BROWSING,g,3,Jeans
11:55,17,MOVING,b,5,
11:55,18,BROWSING,d,3,Stockings
11:55,19,MOVING,f,8,
11:56,1,MOVING,e,8,
11:56,2,BROWSING,f,4,Pants
11:56,6,ARRIVED_SECTION,h,13,Skirts & Dresses
11:56,7,MOVING,e,13,
11:56,8,BROWSING,f,13,Skirts & Dresses
11:56,10,BROWSING,g,3,Jeans
11:56,11,MOVING,f,9,
11:56,12,MOVING,e,7,
11:56,13,PAUSED,g,7,
11:56,14,BROWSING,c,13,Hats & Handbags
11:56,15,MOVING,e,12,
11:56,16,BROWSING,g,3,Jeans
11:56,17,MOVING,b,6,
11:56,19,MOVING,d,8,
11:57,1,MOVING,e,9,
11:57,2,BROWSING,f,4,Pants
11:57,6,BROWSING,h,13,Skirts & Dresses
11:57,7,MOVING,e,12,
11:57,8,BROWSING,f,13,Skirts & Dresses
11:57,10,BROWSING,g,3,Jeans
11:57,11,EXITED,h,8,
11:57,12,ARRIVED_SECTION,e,6,Pants
11:57,13,MOVING,g,6,
11:57,14,BROWSING,c,13,Hats & Handbags
11:57,15,PAUSED,e,12,
11:57,16,BROWSING,g,3,Jeans
11:57,17,MOVING,b,7,
11:57,18,MOVING,e,3,
11:57,19,MOVING,d,6,
11:58,1,MOVING,e,10,
11:58,2,BROWSING,f,4,Pants
11:58,6,BROWSING,h,13,Skirts & Dresses
11:58,7,MOVING,e,11,
11:58,8,BROWSING,f,13,Skirts & Dresses
11:58,10,BROWSING,g,3,Jeans
11:58,12,BROWSING,e,6,Pants
11:58,13,MOVING,g,5,
11:58,14,BROWSING,c,13,Hats & Handbags
11:58,15,PAUSED,e,12,
11:58,17,MOVING,b,8,
11:58,18,MOVING,f,3,
11:58,19,MOVING,b,6,
11:59,1,MOVING,e,11,
11:59,2,BROWSING,f,4,Pants
11:59,6,BROWSING,h,13,Skirts & Dresses
11:59,7,MOVING,e,10,
11:59,8,BROWSING,f,13,Skirts & Dresses
11:59,10,BROWSING,g,3,Jeans
11:59,12,BROWSING,e,6,Pants
11:59,13,PAUSED,g,5,
11:59,14,BROWSING,c,13,Hats & Handbags
11:59,15,PAUSED,e,12,
11:59,16,MOVING,e,3,
11:59,17,MOVING,b,9,
11:59,18,ARRIVED_SECTION,g,3,Jeans
11:59,19,MOVING,b,4,
12:00,1,MOVING,e,12,
12:00,2,BROWSING,f,4,Pants
12:00,6,BROWSING,h,13,Skirts & Dresses
12:00,7,MOVING,f,10,
12:00,8,BROWSING,f,13,Skirts & Dresses
12:00,10,BROWSING,g,3,Jeans
12:00,12,BROWSING,e,6,Pants
12:00,13,PAUSED,g,5,
12:00,14,BROWSING,c,13,Hats & Handbags
12:00,15,PAUSED,e,12,
12:00,16,MOVING,c,3,
12:00,17,MOVING,b,10,
12:00,18,BROWSING,g,3,Jeans
12:00,19,ARRIVED_SECTION,b,3,Underwear
12:01,1,MOVING,e,13,
12:01,2,BROWSING,f,4,Pants
12:01,6,BROWSING,h,13,Skirts & Dresses
12:01,7,MOVING,g,10,
12:01,8,BROWSING,f,13,Skirts & Dresses
12:01,10,BROWSING,g,3,Jeans
12:01,12,BROWSING,e,6,Pants
12:01,13,PAUSED,g,5,
12:01,14,BROWSING,c,13,Hats & Handbags
12:01,15,MOVING,e,13,
12:01,16,MOVING,a,3,
12:01,17,MOVING,b,11,
12:01,18,BROWSING,g,3,Jeans
12:01,19,BROWSING,b,3,Underwear
12:02,1,ARRIVED_SECTION,f,13,Skirts & Dresses
12:02,2,BROWSING,f,4,Pants
12:02,6,BROWSING,h,13,Skirts & Dresses
12:02,7,MOVING,g,9,
12:02,8,BROWSING,f,13,Skirts & Dresses
12:02,12,BROWSING,e,6,Pants
12:02,13,PAUSED,g,5,
12:02,14,BROWSING,c,13,Hats & Handbags
12:02,15,ARRIVED_SECTION,f,13,Skirts & Dresses
12:02,16,MOVING,a,5,
12:02,17,MOVING,b,12,
12:02,18,BROWSING,g,3,Jeans
12:02,19,BROWSING,b,3,Underwear
12:03,1,BROWSING,f,13,Skirts & Dresses
12:03,2,BROWSING,f,4,Pants
12:03,6,BROWSING,h,13,Skirts & Dresses
12:03,7,MOVING,g,8,
12:03,10,MOVING,f,3,
12:03,12,BROWSING,e,6,Pants
12:03,13,MOVING,g,4,
12:03,15,BROWSING,f,13,Skirts & Dresses
12:03,16,MOVING,a,7,
12:03,17,MOVING,b,13,
12:03,18,BROWSING,g,3,Jeans
12:04,1,BROWSING,f,13,Skirts & Dresses
12:04,2,BROWSING,f,4,Pants
12:04,6,BROWSING,h,13,Skirts & Dresses
12:04,7,MOVING,g,7,
12:04,8,ARRIVED_SECTION,f,13,Tops
12:04,10,MOVING,e,3,
12:04,12,BROWSING,e,6,Pants
12:04,13,ARRIVED_SECTION,g,3,Jeans
12:04,14,MOVING,e,13,
12:04,15,BROWSING,f,13,Skirts & Dresses
12:04,16,MOVING,a,9,
12:04,17,ARRIVED_SECTION,c,13,Hats & Handbags
12:04,18,BROWSING,g,3,Jeans
12:04,19,MOVING,b,5,
12:05,20,ENTERED,h,8,gender~female age~young
12:05,1,BROWSING,f,13,Skirts & Dresses
12:05,2,BROWSING,f,4,Pants
12:05,6,BROWSING,h,13,Skirts & Dresses
12:05,7,MOVING,g,6,
12:05,8,BROWSING,f,13,Tops
12:05,10,MOVING,d,3,
12:05,12,BROWSING,e,6,Pants
12:05,13,BROWSING,g,3,Jeans
12:05,14,ARRIVED_SECTION,f,13,Skirts & Dresses
12:05,15,BROWSING,f,13,Skirts & Dresses
12:05,16,MOVING,a,11,
12:05,17,BROWSING,c,13,Hats & Handbags
12:05,18,BROWSING,g,3,Jeans
12:05,19,MOVING,b,7,
12:05,20,MOVING,g,6,
12:06,1,BROWSING,f,13,Skirts & Dresses
12:06,2,BROWSING,f,4,Pants
12:06,6,BROWSING,h,13,Skirts & Dresses
12:06,7,MOVING,g,5,
12:06,8,BROWSING,f,13,Tops
12:06,10,MOVING,c,3,
12:06,12,BROWSING,e,6,Pants
12:06,13,BROWSING,g,3,Jeans
12:06,14,BROWSING,f,13,Skirts & Dresses
12:06,15,BROWSING,f,13,Skirts & Dresses
12:06,16,PAUSED,a,11,
12:06,17,BROWSING,c,13,Hats & Handbags
12:06,18,BROWSING,g,3,Jeans
12:06,19,MOVING,b,9,
12:06,20,MOVING,f,4,
12:07,1,BROWSING,f,13,Skirts & Dresses
12:07,2,BROWSING,f,4,Pants
12:07,7,MOVING,g,4,
12:07,8,BROWSING,f,13,Tops
12:07,10,MOVING,b,3,
12:07,12,BROWSING,e,6,Pants
12:07,14,BROWSING,f,13,Skirts & Dresses
12:07,15,BROWSING,f,13,Skirts & Dresses
12:07,16,PAUSED,a,11,
12:07,17,BROWSING,c,13,Hats & Handbags
12:07,18,BROWSING,g,3,Jeans
12:07,19,ARRIVED_SECTION,c,10,Tops
12:07,20,ARRIVED_SECTION,d,3,Stockings
12:08,1,BROWSING,f,13,Skirts & Dresses
12:08,2,BROWSING,f,4,Pants
12:08,6,MOVING,f,13,
12:08,7,PAUSED,g,4,
12:08,8,BROWSING,f,13,Tops
12:08,10,MOVING,b,4,
12:08,12,BROWSING,e,6,Pants
12:08,13,PAUSED,g,3,
12:08,14,BROWSING,f,13,Skirts & Dresses
12:08,15,BROWSING,f,13,Skirts & Dresses
12:08,16,PAUSED,a,11,
12:08,17,BROWSING,c,13,Hats & Handbags
12:08,18,BROWSING,g,3,Jeans
12:08,19,BROWSING,c,10,Tops
12:08,20,BROWSING,d,3,Stockings
12:09,1,BROWSING,f,13,Skirts & Dresses
12:09,2,BROWSING,f,4,Pants
12:09,6,MOVING,d,13,
12:09,7,PAUSED,g,4,
12:09,8,BROWSING,f,13,Tops
12:09,10,MOVING,b,5,
12:09,12,BROWSING,e,6,Pants
12:09,13,PAUSED,g,3,
12:09,14,BROWSING,f,13,Skirts & Dresses
12:09,15,BROWSING,f,13,Skirts & Dresses
12:09,16,ARRIVED_FITTING_AREA,a,12,
12:09,17,BROWSING,c,13,Hats & Handbags
12:09,18,BROWSING,g,3,Jeans
12:09,19,BROWSING,c,10,Tops
12:09,20,BROWSING,d,3,Stockings
12:10,1,BROWSING,f,13,Skirts & Dresses
12:10,2,BROWSING,f,4,Pants
12:10,6,MOVING,b,13,
12:10,7,PAUSED,g,4,
12:10,8,BROWSING,f,13,Tops
12:10,10,MOVING,b,6,
12:10,12,BROWSING,e,6,Pants
12:10,13,PAUSED,g,3,
12:10,14,BROWSING,f,13,Skirts & Dresses
12:10,15,BROWSING,f,13,Skirts & Dresses
12:10,16,ENTERED_FITTING,a,12,waited 0 ticks
12:10,17,BROWSING,c,13,Hats & Handbags
12:10,18,BROWSING,g,3,Jeans
12:10,19,BROWSING,c,10,Tops
12:10,20,BROWSING,d,3,Stockings
12:11,1,BROWSING,f,13,Skirts & Dresses
12:11,2,BROWSING,f,4,Pants
12:11,6,MOVING,b,11,
12:11,7,PAUSED,g,4,
12:11,8,BROWSING,f,13,Tops
12:11,10,MOVING,b,7,
12:11,13,PAUSED,g,3,
12:11,14,BROWSING,f,13,Skirts & Dresses
12:11,15,BROWSING,f,13,Skirts & Dresses
12:11,17,BROWSING,c,13,Hats & Handbags
12:11,18,BROWSING,g,3,Jeans
12:11,19,BROWSING,c,10,Tops
12:11,20,BROWSING,d,3,Stockings
12:12,1,BROWSING,f,13,Skirts & Dresses
12:12,2,BROWSING,f,4,Pants
12:12,6,MOVING,b,9,
12:12,7,ARRIVED_SECTION,g,3,Jeans
12:12,10,JOINED_QUEUE,b,8,position #1
12:12,12,MOVING,d,6,
12:12,13,MOVING,f,3,
12:12,14,BROWSING,f,13,Skirts & Dresses
12:12,18,BROWSING,g,3,Jeans
12:12,19,BROWSING,c,10,Tops
12:12,20,BROWSING,d,3,Stockings
12:13,21,ENTERED,h,8,gender~male age~young
12:13,10,REACHED_COUNTER,b,7,
12:13,1,BROWSING,f,13,Skirts & Dresses
12:13,2,BROWSING,f,4,Pants
12:13,6,JOINED_QUEUE,b,8,position #2
12:13,7,BROWSING,g,3,Jeans
12:13,8,MOVING,c,13,
12:13,10,AT_CHECKOUT,b,7,
12:13,12,MOVING,c,6,
12:13,13,MOVING,e,3,
12:13,14,BROWSING,f,13,Skirts & Dresses
12:13,15,MOVING,e,13,
12:13,17,ARRIVED_SECTION,c,13,Tops
12:13,18,BROWSING,g,3,Jeans
12:13,20,BROWSING,d,3,Stockings
12:13,21,MOVING,f,8,
12:14,1,BROWSING,f,13,Skirts & Dresses
12:14,6,IN_QUEUE,b,8,position #2
12:14,7,BROWSING,g,3,Jeans
12:14,8,MOVING,b,11,
12:14,10,AT_CHECKOUT,b,7,
12:14,12,MOVING,b,6,
12:14,13,PAUSED,e,3,
12:14,15,ARRIVED_SECTION,d,13,Hats & Handbags
12:14,17,BROWSING,c,13,Tops
12:14,18,BROWSING,g,3,Jeans
12:14,19,MOVING,e,10,
12:14,20,BROWSING,d,3,Stockings
12:14,21,MOVING,d,8,
12:15,1,BROWSING,f,13,Skirts & Dresses
12:15,2,MOVING,g,4,
12:15,6,IN_QUEUE,b,8,position #2
12:15,7,BROWSING,g,3,Jeans
12:15,8,PAUSED,b,11,
12:15,10,AT_CHECKOUT,b,7,
12:15,12,MOVING,b,5,
12:15,13,PAUSED,e,3,
12:15,14,MOVING,d,13,
12:15,15,BROWSING,d,13,Hats & Handbags
12:15,17,BROWSING,c,13,Tops
12:15,18,BROWSING,g,3,Jeans
12:15,19,MOVING,g,10,
12:15,20,BROWSING,d,3,Stockings
12:15,21,MOVING,d,6,
12:16,2,MOVING,g,5,
12:16,6,ABANDONED_QUEUE,b,8,position #2
12:16,7,BROWSING,g,3,Jeans
12:16,8,PAUSED,b,11,
12:16,10,AT_CHECKOUT,b,7,
12:16,12,PAUSED,b,5,
12:16,13,PAUSED,e,3,
12:16,14,MOVING,b,13,
12:16,15,BROWSING,d,13,Hats & Handbags
12:16,17,BROWSING,c,13,Tops
12:16,19,MOVING,g,8,
12:16,20,BROWSING,d,3,Stockings
12:16,21,MOVING,b,6,
12:17,22,ENTERED,h,8,gender~male age~adult
12:17,1,MOVING,e,13,
12:17,2,MOVING,g,6,
12:17,6,MOVING,c,9,
12:17,7,BROWSING,g,3,Jeans
12:17,8,PAUSED,b,11,
12:17,10,AT_CHECKOUT,b,7,
12:17,12,PAUSED,b,5,
12:17,13,PAUSED,e,3,
12:17,14,MOVING,b,11,
12:17,15,BROWSING,d,13,Hats & Handbags
12:17,17,BROWSING,c,13,Tops
12:17,18,MOVING,f,3,
12:17,19,MOVING,g,6,
12:17,20,BROWSING,d,3,Stockings
12:17,21,MOVING,b,4,
12:17,22,MOVING,f,8,
12:18,1,MOVING,e,12,
12:18,2,MOVING,g,7,
12:18,6,MOVING,e,9,
12:18,8,PAUSED,b,11,
12:18,10,AT_CHECKOUT,b,7,
12:18,12,PAUSED,b,5,
12:18,13,ARRIVED_SECTION,d,3,Stockings
12:18,14,MOVING,b,9,
12:18,15,BROWSING,d,13,Hats & Handbags
12:18,17,BROWSING,c,13,Tops
12:18,18,ARRIVED_SECTION,f,4,Pants
12:18,19,MOVING,g,4,
12:18,20,BROWSING,d,3,Stockings
12:18,21,ARRIVED_SECTION,b,3,Underwear
12:18,22,PAUSED,f,8,
12:19,23,ENTERED,h,8,gender~female age~young
12:19,1,MOVING,e,11,
12:19,2,MOVING,g,8,
12:19,6,MOVING,g,9,
12:19,7,PAUSED,g,3,
12:19,8,MOVING,b,8,
12:19,10,AT_CHECKOUT,b,7,
12:19,12,PAUSED,b,5,
12:19,13,BROWSING,d,3,Stockings
12:19,14,MOVING,b,7,
12:19,15,BROWSING,d,13,Hats & Handbags
12:19,17,BROWSING,c,13,Tops
12:19,18,BROWSING,f,4,Pants
12:19,19,ARRIVED_SECTION,g,3,Jeans
12:19,20,BROWSING,d,3,Stockings
12:19,21,BROWSING,b,3,Underwear
12:19,22,PAUSED,f,8,
12:19,23,MOVING,h,5,
12:20,24,ENTERED,h,8,gender~male age~young
12:20,1,MOVING,e,10,
12:20,2,MOVING,g,9,
12:20,6,EXITED,h,8,
12:20,7,PAUSED,g,3,
12:20,8,PAUSED,b,8,
12:20,10,AT_CHECKOUT,b,7,
12:20,12,PAUSED,b,5,
12:20,13,BROWSING,d,3,Stockings
12:20,14,MOVING,b,5,
12:20,15,BROWSING,d,13,Hats & Handbags
12:20,17,BROWSING,c,13,Tops
12:20,18,BROWSING,f,4,Pants
12:20,19,BROWSING,g,3,Jeans
12:20,20,BROWSING,d,3,Stockings
12:20,21,BROWSING,b,3,Underwear
12:20,22,PAUSED,f,8,
12:20,23,ARRIVED_SECTION,h,3,Jeans
12:20,24,MOVING,e,9,
12:21,1,MOVING,e,9,
12:21,2,ARRIVED_SECTION,g,10,Tops
12:21,7,MOVING,h,3,
12:21,8,PAUSED,b,8,
12:21,10,CHECKOUT_COMPLETED,b,7,
12:21,12,MOVING,b,4,
12:21,14,ARRIVED_SECTION,b,3,Underwear
12:21,15,BROWSING,d,13,Hats & Handbags
12:21,17,BROWSING,c,13,Tops
12:21,18,BROWSING,f,4,Pants
12:21,19,BROWSING,g,3,Jeans
12:21,20,BROWSING,d,3,Stockings
12:21,21,BROWSING,b,3,Underwear
12:21,22,PAUSED,f,8,
12:21,23,BROWSING,h,3,Jeans
12:21,24,MOVING,e,13,
12:22,1,MOVING,e,8,
12:22,2,BROWSING,g,10,Tops
12:22,7,MOVING,h,4,
12:22,8,MOVING,b,5,
12:22,10,MOVING,b,8,
12:22,12,ARRIVED_SECTION,b,3,Underwear
12:22,13,PAUSED,d,3,
12:22,14,BROWSING,b,3,Underwear
12:22,15,BROWSING,d,13,Hats & Handbags
12:22,17,BROWSING,c,13,Tops
12:22,18,BROWSING,f,4,Pants
12:22,20,BROWSING,d,3,Stockings
12:22,22,PAUSED,f,8,
12:22,23,BROWSING,h,3,Jeans
12:22,24,ARRIVED_SECTION,d,13,Hats & Handbags
12:23,1,MOVING,e,7,
12:23,2,BROWSING,g,10,Tops
12:23,7,MOVING,h,5,
12:23,8,ARRIVED_SECTION,c,3,Stockings
12:23,10,MOVING,b,9,
12:23,12,BROWSING,b,3,Underwear
12:23,13,PAUSED,d,3,
12:23,14,BROWSING,b,3,Underwear
12:23,17,BROWSING,c,13,Tops
12:23,18,BROWSING,f,4,Pants
12:23,19,MOVING,h,4,
12:23,20,BROWSING,d,3,Stockings
12:23,21,MOVING,d,3,
12:23,22,PAUSED,f,8,
12:23,23,BROWSING,h,3,Jeans
12:23,24,BROWSING,d,13,Hats & Handbags
12:24,1,ARRIVED_SECTION,e,6,Pants
12:24,2,BROWSING,g,10,Tops
12:24,7,MOVING,h,6,
12:24,8,BROWSING,c,3,Stockings
12:24,10,MOVING,c,9,
12:24,12,BROWSING,b,3,Underwear
12:24,13,PAUSED,d,3,
12:24,14,BROWSING,b,3,Underwear
12:24,15,MOVING,e,13,
12:24,16,LEFT_FITTING,a,12,
12:24,18,BROWSING,f,4,Pants
12:24,19,MOVING,h,6,
12:24,20,BROWSING,d,3,Stockings
12:24,21,MOVING,f,3,
12:24,22,ARRIVED_SECTION,f,6,Pants
12:24,23,BROWSING,h,3,Jeans
12:24,24,BROWSING,d,13,Hats & Handbags
12:25,1,BROWSING,e,6,Pants
12:25,2,BROWSING,g,10,Tops
12:25,7,MOVING,h,7,
12:25,8,BROWSING,c,3,Stockings
12:25,10,MOVING,d,9,
12:25,12,BROWSING,b,3,Underwear
12:25,13,MOVING,c,3,
12:25,14,BROWSING,b,3,Underwear
12:25,15,MOVING,e,12,
12:25,16,MOVING,b,11,
12:25,17,MOVING,d,13,
12:25,18,BROWSING,f,4,Pants
12:25,19,EXITED,h,8,
12:25,20,BROWSING,d,3,Stockings
12:25,21,ARRIVED_SECTION,g,3,Jeans
12:25,22,BROWSING,f,6,Pants
12:25,23,BROWSING,h,3,Jeans
12:25,24,BROWSING,d,13,Hats & Handbags
12:26,1,BROWSING,e,6,Pants
12:26,2,BROWSING,g,10,Tops
12:26,7,MOVING,h,8,
12:26,8,BROWSING,c,3,Stockings
12:26,10,MOVING,e,9,
12:26,12,BROWSING,b,3,Underwear
12:26,13,MOVING,b,3,
12:26,15,MOVING,e,11,
12:26,16,MOVING,b,9,
12:26,17,MOVING,e,13,
12:26,21,BROWSING,g,3,Jeans
12:26,22,BROWSING,f,6,Pants
12:26,23,BROWSING,h,3,Jeans
12:26,24,BROWSING,d,13,Hats & Handbags
12:27,1,BROWSING,e,6,Pants
12:27,2,BROWSING,g,10,Tops
12:27,7,MOVING,h,9,
12:27,8,BROWSING,c,3,Stockings
12:27,10,MOVING,f,9,
12:27,12,BROWSING,b,3,Underwear
12:27,13,MOVING,b,4,
12:27,14,MOVING,b,5,
12:27,15,MOVING,e,10,
12:27,16,JOINED_QUEUE,b,8,position #1
12:27,17,MOVING,e,12,
12:27,18,MOVING,e,4,
12:27,20,MOVING,b,4,
12:27,21,BROWSING,g,3,Jeans
12:27,22,BROWSING,f,6,Pants
12:28,25,ENTERED,h,8,gender~male age~senior
12:28,16,REACHED_COUNTER,b,7,
12:28,1,BROWSING,e,6,Pants
12:28,2,BROWSING,g,10,Tops
12:28,7,MOVING,h,10,
12:28,8,BROWSING,c,3,Stockings
12:28,10,MOVING,g,9,
12:28,12,BROWSING,b,3,Underwear
12:28,13,PAUSED,b,4,
12:28,14,MOVING,b,7,
12:28,15,MOVING,f,10,
12:28,16,AT_CHECKOUT,b,7,
12:28,17,MOVING,e,11,
12:28,18,MOVING,d,4,
12:28,20,MOVING,b,7,
12:28,21,BROWSING,g,3,Jeans
12:28,22,BROWSING,f,6,Pants
12:28,23,MOVING,g,5,
12:28,24,MOVING,b,11,
12:28,25,MOVING,g,8,
12:29,1,BROWSING,e,6,Pants
12:29,2,BROWSING,g,10,Tops
12:29,7,MOVING,h,11,
12:29,8,BROWSING,c,3,Stockings
12:29,10,MOVING,h,9,
12:29,12,BROWSING,b,3,Underwear
12:29,13,PAUSED,b,4,
12:29,14,MOVING,b,9,
12:29,15,MOVING,g,10,
12:29,16,AT_CHECKOUT,b,7,
12:29,17,MOVING,e,10,
12:29,18,MOVING,c,4,
12:29,20,MOVING,b,10,
12:29,21,BROWSING,g,3,Jeans
12:29,22,BROWSING,f,6,Pants
12:29,23,MOVING,e,6,
12:29,24,JOINED_QUEUE,b,8,position #2
12:29,25,MOVING,f,8,
12:30,1,BROWSING,e,6,Pants
12:30,2,BROWSING,g,10,Tops
12:30,7,MOVING,h,12,
12:30,8,BROWSING,c,3,Stockings
12:30,10,EXITED,h,8,
12:30,13,PAUSED,b,4,
12:30,14,ARRIVED_SECTION,c,10,Tops
12:30,15,MOVING,g,9,
12:30,16,AT_CHECKOUT,b,7,
12:30,17,MOVING,f,10,
12:30,18,MOVING,b,4,
12:30,20,PAUSED,b,10,
12:30,22,BROWSING,f,6,Pants
12:30,23,MOVING,e,9,
12:30,24,IN_QUEUE,b,8,position #2
12:30,25,MOVING,e,8,
12:31,26,ENTERED,h,8,gender~female age~young
12:31,1,BROWSING,e,6,Pants
12:31,2,BROWSING,g,10,Tops
12:31,7,PAUSED,h,12,
12:31,12,MOVING,b,4,
12:31,13,PAUSED,b,4,
12:31,14,BROWSING,c,10,Tops
12:31,15,MOVING,g,8,
12:31,16,AT_CHECKOUT,b,7,
12:31,17,MOVING,g,10,
12:31,18,ARRIVED_SECTION,b,3,Underwear
12:31,20,PAUSED,b,10,
12:31,21,MOVING,h,4,
12:31,23,MOVING,e,12,
12:31,24,IN_QUEUE,b,8,position #2
12:31,25,MOVING,e,9,
12:31,26,MOVING,f,8,
12:32,27,ENTERED,h,8,gender~female age~young
12:32,1,BROWSING,e,6,Pants
12:32,2,BROWSING,g,10,Tops
12:32,7,PAUSED,h,12,
12:32,8,MOVING,a,4,
12:32,12,MOVING,b,5,
12:32,13,MOVING,b,5,
12:32,14,BROWSING,c,10,Tops
12:32,15,MOVING,g,7,
12:32,16,AT_CHECKOUT,b,7,
12:32,17,MOVING,g,9,
12:32,18,BROWSING,b,3,Underwear
12:32,20,PAUSED,b,10,
12:32,21,MOVING,h,6,
12:32,22,MOVING,g,5,
12:32,23,ARRIVED_SECTION,d,13,Hats & Handbags
12:32,24,IN_QUEUE,b,8,position #2
12:32,25,MOVING,e,10,
12:32,26,MOVING,d,8,
12:32,27,MOVING,e,8,
12:33,1,BROWSING,e,6,Pants
12:33,2,BROWSING,g,10,Tops
12:33,7,ARRIVED_SECTION,h,13,Skirts & Dresses
12:33,8,MOVING,a,7,
12:33,12,MOVING,b,6,
12:33,13,MOVING,b,6,
12:33,14,BROWSING,c,10,Tops
12:33,15,MOVING,g,6,
12:33,16,AT_CHECKOUT,b,7,
12:33,17,MOVING,g,8,
12:33,18,BROWSING,b,3,Underwear
12:33,20,MOVING,b,13,
12:33,21,MOVING,h,8,
12:33,22,MOVING,f,4,
12:33,23,BROWSING,d,13,Hats & Handbags
12:33,24,IN_QUEUE,b,8,position #2
12:33,25,MOVING,e,11,
12:33,26,MOVING,d,6,
12:33,27,MOVING,e,11,
12:34,2,BROWSING,g,10,Tops
12:34,7,BROWSING,h,13,Skirts & Dresses
12:34,8,MOVING,a,10,
12:34,12,MOVING,c,6,
12:34,13,MOVING,b,7,
12:34,14,BROWSING,c,10,Tops
12:34,15,PAUSED,g,6,
12:34,16,CHECKOUT_COMPLETED,b,7,
12:34,17,MOVING,g,7,
12:34,18,BROWSING,b,3,Underwear
12:34,20,PAUSED,b,13,
12:34,21,MOVING,h,10,
12:34,22,MOVING,d,4,
12:34,23,BROWSING,d,13,Hats & Handbags
12:34,24,IN_QUEUE,b,8,position #1
12:34,25,MOVING,e,12,
12:34,26,MOVING,b,6,
12:34,27,ARRIVED_SECTION,d,13,Hats & Handbags
12:35,24,REACHED_COUNTER,b,7,
12:35,1,MOVING,d,6,
12:35,2,BROWSING,g,10,Tops
12:35,7,BROWSING,h,13,Skirts & Dresses
12:35,8,ARRIVED_FITTING_AREA,a,12,
12:35,12,MOVING,d,6,
12:35,13,PAUSED,b,7,
12:35,14,BROWSING,c,10,Tops
12:35,15,PAUSED,g,6,
12:35,16,MOVING,b,9,
12:35,17,MOVING,g,6,
12:35,18,BROWSING,b,3,Underwear
12:35,20,PAUSED,b,13,
12:35,21,MOVING,h,12,
12:35,22,ARRIVED_SECTION,d,3,Stockings
12:35,24,AT_CHECKOUT,b,7,
12:35,25,MOVING,e,13,
12:35,26,MOVING,b,4,
12:35,27,BROWSING,d,13,Hats & Handbags
12:36,1,MOVING,c,6,
12:36,2,BROWSING,g,10,Tops
12:36,7,BROWSING,h,13,Skirts & Dresses
12:36,8,ENTERED_FITTING,a,12,waited 0 ticks
12:36,12,MOVING,e,6,
12:36,13,PAUSED,b,7,
12:36,14,BROWSING,c,10,Tops
12:36,15,PAUSED,g,6,
12:36,16,MOVING,d,9,
12:36,17,PAUSED,g,6,
12:36,18,BROWSING,b,3,Underwear
12:36,20,ARRIVED_SECTION,c,13,Hats & Handbags
12:36,21,ARRIVED_SECTION,h,13,Skirts & Dresses
12:36,22,BROWSING,d,3,Stockings
12:36,23,MOVING,b,12,
12:36,24,AT_CHECKOUT,b,7,
12:36,25,ARRIVED_SECTION,d,13,Hats & Handbags
12:36,26,ARRIVED_SECTION,b,3,Underwear
12:36,27,BROWSING,d,13,Hats & Handbags
12:37,1,MOVING,b,6,
12:37,2,BROWSING,g,10,Tops
12:37,7,BROWSING,h,13,Skirts & Dresses
12:37,12,MOVING,e,7,
12:37,13,MOVING,b,8,
12:37,14,BROWSING,c,10,Tops
12:37,15,MOVING,g,5,
12:37,16,MOVING,f,9,
12:37,17,PAUSED,g,6,
12:37,18,BROWSING,b,3,Underwear
12:37,20,BROWSING,c,13,Hats & Handbags
12:37,21,BROWSING,h,13,Skirts & Dresses
12:37,22,BROWSING,d,3,Stockings
12:37,23,MOVING,b,9,
12:37,24,AT_CHECKOUT,b,7,
12:37,25,BROWSING,d,13,Hats & Handbags
12:37,26,BROWSING,b,3,Underwear
12:37,27,BROWSING,d,13,Hats & Handbags
12:38,1,MOVING,a,6,
12:38,2,BROWSING,g,10,Tops
12:38,7,BROWSING,h,13,Skirts & Dresses
12:38,12,MOVING,e,8,
12:38,13,MOVING,b,9,
12:38,14,BROWSING,c,10,Tops
12:38,15,MOVING,g,4,
12:38,16,MOVING,h,9,
12:38,17,PAUSED,g,6,
12:38,20,BROWSING,c,13,Hats & Handbags
12:38,21,BROWSING,h,13,Skirts & Dresses
12:38,22,BROWSING,d,3,Stockings
12:38,23,JOINED_QUEUE,b,8,position #2
12:38,24,AT_CHECKOUT,b,7,
12:38,25,BROWSING,d,13,Hats & Handbags
12:38,26,BROWSING,b,3,Underwear
12:38,27,BROWSING,d,13,Hats & Handbags
12:39,1,MOVING,a,7,
12:39,2,BROWSING,g,10,Tops
12:39,7,BROWSING,h,13,Skirts & Dresses
12:39,12,MOVING,e,9,
12:39,13,MOVING,c,9,
12:39,15,ARRIVED_SECTION,g,3,Jeans
12:39,16,EXITED,h,8,
12:39,17,PAUSED,g,6,
12:39,18,MOVING,b,4,
12:39,20,BROWSING,c,13,Hats & Handbags
12:39,21,BROWSING,h,13,Skirts & Dresses
12:39,22,BROWSING,d,3,Stockings
12:39,23,IN_QUEUE,b,8,position #2
12:39,24,CHECKOUT_COMPLETED,b,7,
12:39,25,BROWSING,d,13,Hats & Handbags
12:39,26,BROWSING,b,3,Underwear
12:39,27,BROWSING,d,13,Hats & Handbags
12:40,28,ENTERED,h,8,gender~female age~young
12:40,23,REACHED_COUNTER,b,7,
12:40,1,MOVING,a,8,
12:40,2,BROWSING,g,10,Tops
12:40,7,BROWSING,h,13,Skirts & Dresses
12:40,12,MOVING,e,10,
12:40,13,ARRIVED_SECTION,c,10,Tops
12:40,14,MOVING,a,10,
12:40,15,BROWSING,g,3,Jeans
12:40,17,MOVING,g,5,
12:40,18,MOVING,b,5,
12:40,20,BROWSING,c,13,Hats & Handbags
12:40,21,BROWSING,h,13,Skirts & Dresses
12:40,22,BROWSING,d,3,Stockings
12:40,23,AT_CHECKOUT,b,7,
12:40,24,MOVING,d,9,
12:40,25,BROWSING,d,13,Hats & Handbags
12:40,26,BROWSING,b,3,Underwear
12:40,27,BROWSING,d,13,Hats & Handbags
12:40,28,MOVING,h,6,
12:41,1,MOVING,a,9,
12:41,2,BROWSING,g,10,Tops
12:41,7,BROWSING,h,13,Skirts & Dresses
12:41,12,MOVING,e,11,
12:41,13,BROWSING,c,10,Tops
12:41,14,ARRIVED_FITTING_AREA,a,12,
12:41,15,BROWSING,g,3,Jeans
12:41,17,MOVING,g,4,
12:41,18,MOVING,b,6,
12:41,20,BROWSING,c,13,Hats & Handbags
12:41,21,BROWSING,h,13,Skirts & Dresses
12:41,22,BROWSING,d,3,Stockings
12:41,23,AT_CHECKOUT,b,7,
12:41,24,MOVING,h,9,
12:41,25,BROWSING,d,13,Hats & Handbags
12:41,26,BROWSING,b,3,Underwear
12:41,27,BROWSING,d,13,Hats & Handbags
12:41,28,MOVING,h,4,
12:42,1,MOVING,a,10,
12:42,2,BROWSING,g,10,Tops
12:42,7,BROWSING,h,13,Skirts & Dresses
12:42,12,MOVING,e,12,
12:42,13,BROWSING,c,10,Tops
12:42,14,ENTERED_FITTING,a,13,waited 0 ticks
12:42,15,BROWSING,g,3,Jeans
12:42,17,ARRIVED_SECTION,g,3,Jeans
12:42,18,MOVING,b,7,
12:42,20,BROWSING,c,13,Hats & Handbags
12:42,21,BROWSING,h,13,Skirts & Dresses
12:42,22,BROWSING,d,3,Stockings
12:42,23,AT_CHECKOUT,b,7,
12:42,24,EXITED,h,8,
12:42,25,BROWSING,d,13,Hats & Handbags
12:42,26,BROWSING,b,3,Underwear
12:42,27,BROWSING,d,13,Hats & Handbags
12:42,28,ARRIVED_SECTION,h,3,Jeans
12:43,1,MOVING,a,11,
12:43,2,BROWSING,g,10,Tops
12:43,7,BROWSING,h,13,Skirts & Dresses
12:43,12,MOVING,e,13,
12:43,13,BROWSING,c,10,Tops
12:43,15,BROWSING,g,3,Jeans
12:43,17,BROWSING,g,3,Jeans
12:43,18,MOVING,b,8,
12:43,20,BROWSING,c,13,Hats & Handbags
12:43,21,BROWSING,h,13,Skirts & Dresses
12:43,23,AT_CHECKOUT,b,7,
12:43,25,BROWSING,d,13,Hats & Handbags
12:43,26,BROWSING,b,3,Underwear
12:43,27,BROWSING,d,13,Hats & Handbags
12:43,28,BROWSING,h,3,Jeans
12:44,1,ARRIVED_FITTING_AREA,a,12,
12:44,12,ARRIVED_SECTION,f,13,Skirts & Dresses
12:44,13,BROWSING,c,10,Tops
12:44,15,BROWSING,g,3,Jeans
12:44,17,BROWSING,g,3,Jeans
12:44,18,MOVING,b,9,
12:44,20,BROWSING,c,13,Hats & Handbags
12:44,21,BROWSING,h,13,Skirts & Dresses
12:44,22,MOVING,b,3,
12:44,23,AT_CHECKOUT,b,7,
12:44,25,BROWSING,d,13,Hats & Handbags
12:44,26,BROWSING,b,3,Underwear
12:44,27,BROWSING,d,13,Hats & Handbags
12:44,28,BROWSING,h,3,Jeans
12:45,29,ENTERED,h,8,gender~male age~young
12:45,1,ENTERED_FITTING,a,14,waited 0 ticks
12:45,2,MOVING,f,10,
12:45,7,MOVING,h,12,
12:45,12,BROWSING,f,13,Skirts & Dresses
12:45,13,BROWSING,c,10,Tops
12:45,15,BROWSING,g,3,Jeans
12:45,17,BROWSING,g,3,Jeans
12:45,18,MOVING,c,9,
12:45,20,BROWSING,c,13,Hats & Handbags
12:45,21,BROWSING,h,13,Skirts & Dresses
12:45,22,PAUSED,b,3,
12:45,23,CHECKOUT_COMPLETED,b,7,
12:45,25,BROWSING,d,13,Hats & Handbags
12:45,26,BROWSING,b,3,Underwear
12:45,27,BROWSING,d,13,Hats & Handbags
12:45,28,BROWSING,h,3,Jeans
12:45,29,ARRIVED_SECTION,g,10,Tops
12:46,2,MOVING,e,10,
12:46,7,MOVING,h,11,
12:46,12,BROWSING,f,13,Skirts & Dresses
12:46,13,BROWSING,c,10,Tops
12:46,17,BROWSING,g,3,Jeans
12:46,18,ARRIVED_SECTION,c,10,Tops
12:46,20,BROWSING,c,13,Hats & Handbags
12:46,21,BROWSING,h,13,Skirts & Dresses
12:46,22,PAUSED,b,3,
12:46,23,MOVING,c,9,
12:46,25,BROWSING,d,13,Hats & Handbags
12:46,26,BROWSING,b,3,Underwear
12:46,27,BROWSING,d,13,Hats & Handbags
12:46,28,BROWSING,h,3,Jeans
12:46,29,BROWSING,g,10,Tops
12:47,2,MOVING,e,11,
12:47,7,PAUSED,h,11,
12:47,8,LEFT_FITTING,a,12,
12:47,12,BROWSING,f,13,Skirts & Dresses
12:47,13,BROWSING,c,10,Tops
12:47,15,MOVING,f,3,
12:47,17,BROWSING,g,3,Jeans
12:47,18,BROWSING,c,10,Tops
12:47,21,BROWSING,h,13,Skirts & Dresses
12:47,22,MOVING,b,5,
12:47,23,MOVING,f,9,
12:47,25,BROWSING,d,13,Hats & Handbags
12:47,26,BROWSING,b,3,Underwear
12:47,27,BROWSING,d,13,Hats & Handbags
12:47,28,BROWSING,h,3,Jeans
12:47,29,BROWSING,g,10,Tops
12:48,30,ENTERED,h,8,gender~male age~adult
12:48,2,MOVING,e,12,
12:48,7,PAUSED,h,11,
12:48,8,MOVING,b,10,
12:48,12,BROWSING,f,13,Skirts & Dresses
12:48,15,MOVING,e,3,
12:48,17,BROWSING,g,3,Jeans
12:48,18,BROWSING,c,10,Tops
12:48,20,MOVING,e,12,
12:48,22,MOVING,b,7,
12:48,23,EXITED,h,8,
12:48,25,BROWSING,d,13,Hats & Handbags
12:48,26,BROWSING,b,3,Underwear
12:48,27,BROWSING,d,13,Hats & Handbags
12:48,28,BROWSING,h,3,Jeans
12:48,29,BROWSING,g,10,Tops
12:48,30,PAUSED,h,8,
12:49,2,MOVING,e,13,
12:49,7,MOVING,h,10,
12:49,8,PAUSED,b,10,
12:49,12,BROWSING,f,13,Skirts & Dresses
12:49,13,PAUSED,c,10,
12:49,15,MOVING,d,3,
12:49,17,BROWSING,g,3,Jeans
12:49,18,BROWSING,c,10,Tops
12:49,20,MOVING,f,10,
12:49,21,PAUSED,h,13,
12:49,22,MOVING,b,9,
12:49,25,BROWSING,d,13,Hats & Handbags
12:49,26,BROWSING,b,3,Underwear
12:49,27,BROWSING,d,13,Hats & Handbags
12:49,28,BROWSING,h,3,Jeans
12:49,29,BROWSING,g,10,Tops
12:49,30,PAUSED,h,8,
12:50,2,ARRIVED_SECTION,d,13,Hats & Handbags
12:50,7,MOVING,g,10,
12:50,8,PAUSED,b,10,
12:50,12,BROWSING,f,13,Skirts & Dresses
12:50,13,PAUSED,c,10,
12:50,15,MOVING,c,3,
12:50,17,BROWSING,g,3,Jeans
12:50,18,BROWSING,c,10,Tops
12:50,20,PAUSED,f,10,
12:50,21,PAUSED,h,13,
12:50,22,ARRIVED_SECTION,c,10,Tops
12:50,26,BROWSING,b,3,Underwear
12:50,27,BROWSING,d,13,Hats & Handbags
12:50,28,BROWSING,h,3,Jeans
12:50,29,BROWSING,g,10,Tops
12:50,30,PAUSED,h,8,
12:51,2,BROWSING,d,13,Hats & Handbags
12:51,7,MOVING,f,10,
12:51,8,PAUSED,b,10,
12:51,12,BROWSING,f,13,Skirts & Dresses
12:51,13,PAUSED,c,10,
12:51,15,MOVING,b,3,
12:51,17,BROWSING,g,3,Jeans
12:51,18,BROWSING,c,10,Tops
12:51,20,PAUSED,f,10,
12:51,21,MOVING,f,13,
12:51,22,BROWSING,c,10,Tops
12:51,25,MOVING,e,13,
12:51,26,BROWSING,b,3,Underwear
12:51,28,BROWSING,h,3,Jeans
12:51,29,BROWSING,g,10,Tops
12:51,30,PAUSED,h,8,
12:52,31,ENTERED,h,8,gender~male age~senior
12:52,2,BROWSING,d,13,Hats & Handbags
12:52,7,PAUSED,f,10,
12:52,8,MOVING,e,10,
12:52,13,MOVING,d,10,
12:52,15,MOVING,a,3,
12:52,17,BROWSING,g,3,Jeans
12:52,18,BROWSING,c,10,Tops
12:52,20,PAUSED,f,10,
12:52,21,ARRIVED_SECTION,d,13,Hats & Handbags
12:52,22,BROWSING,c,10,Tops
12:52,25,MOVING,e,12,
12:52,26,BROWSING,b,3,Underwear
12:52,27,ARRIVED_SECTION,f,13,Skirts & Dresses
12:52,28,BROWSING,h,3,Jeans
12:52,29,BROWSING,g,10,Tops
12:52,30,MOVING,g,8,
12:52,31,MOVING,g,8,
12:53,2,BROWSING,d,13,Hats & Handbags
12:53,7,PAUSED,f,10,
12:53,8,MOVING,h,10,
12:53,12,MOVING,g,13,
12:53,13,MOVING,e,10,
12:53,15,MOVING,a,4,
12:53,17,BROWSING,g,3,Jeans
12:53,18,BROWSING,c,10,Tops
12:53,20,MOVING,g,8,
12:53,21,BROWSING,d,13,Hats & Handbags
12:53,22,BROWSING,c,10,Tops
12:53,25,MOVING,e,11,
12:53,26,BROWSING,b,3,Underwear
12:53,27,BROWSING,f,13,Skirts & Dresses
12:53,29,BROWSING,g,10,Tops
12:53,30,PAUSED,g,8,
12:53,31,MOVING,f,8,
12:54,32,ENTERED,h,8,gender~female age~adult
12:54,2,BROWSING,d,13,Hats & Handbags
12:54,7,PAUSED,f,10,
12:54,8,EXITED,h,8,
12:54,12,PAUSED,g,13,
12:54,13,MOVING,f,10,
12:54,15,MOVING,a,5,
12:54,17,BROWSING,g,3,Jeans
12:54,18,BROWSING,c,10,Tops
12:54,20,MOVING,g,5,
12:54,21,BROWSING,d,13,Hats & Handbags
12:54,22,BROWSING,c,10,Tops
12:54,25,MOVING,e,10,
12:54,26,BROWSING,b,3,Underwear
12:54,27,BROWSING,f,13,Skirts & Dresses
12:54,28,PAUSED,h,3,
12:54,29,BROWSING,g,10,Tops
12:54,30,PAUSED,g,8,
12:54,31,MOVING,e,8,
12:54,32,MOVING,f,8,
12:55,2,BROWSING,d,13,Hats & Handbags
12:55,7,PAUSED,f,10,
12:55,12,PAUSED,g,13,
12:55,13,MOVING,g,10,
12:55,15,MOVING,a,6,
12:55,17,BROWSING,g,3,Jeans
12:55,18,BROWSING,c,10,Tops
12:55,20,PAUSED,g,5,
12:55,21,BROWSING,d,13,Hats & Handbags
12:55,22,BROWSING,c,10,Tops
12:55,25,MOVING,f,10,
12:55,27,BROWSING,f,13,Skirts & Dresses
12:55,28,PAUSED,h,3,
12:55,29,BROWSING,g,10,Tops
12:55,30,PAUSED,g,8,
12:55,31,MOVING,d,8,
12:55,32,ARRIVED_SECTION,f,6,Pants
12:56,2,BROWSING,d,13,Hats & Handbags
12:56,7,MOVING,f,9,
12:56,12,PAUSED,g,13,
12:56,13,MOVING,h,10,
12:56,15,MOVING,a,7,
12:56,17,BROWSING,g,3,Jeans
12:56,18,BROWSING,c,10,Tops
12:56,20,PAUSED,g,5,
12:56,21,BROWSING,d,13,Hats & Handbags
12:56,22,BROWSING,c,10,Tops
12:56,25,MOVING,g,10,
12:56,26,ARRIVED_SECTION,c,3,Stockings
12:56,27,BROWSING,f,13,Skirts & Dresses
12:56,28,PAUSED,h,3,
12:56,30,PAUSED,g,8,
12:56,31,MOVING,d,7,
12:56,32,BROWSING,f,6,Pants
12:57,2,BROWSING,d,13,Hats & Handbags
12:57,7,MOVING,f,8,
12:57,12,MOVING,h,13,
12:57,13,PAUSED,h,10,
12:57,15,MOVING,a,8,
12:57,18,BROWSING,c,10,Tops
12:57,20,PAUSED,g,5,
12:57,22,BROWSING,c,10,Tops
12:57,25,MOVING,g,9,
12:57,26,BROWSING,c,3,Stockings
12:57,27,BROWSING,f,13,Skirts & Dresses
12:57,28,PAUSED,h,3,
12:57,29,MOVING,f,8,
12:57,30,MOVING,f,8,
12:57,31,MOVING,d,6,
12:57,32,BROWSING,f,6,Pants
12:58,2,BROWSING,d,13,Hats & Handbags
12:58,7,MOVING,f,7,
12:58,12,MOVING,h,12,
12:58,13,PAUSED,h,10,
12:58,15,MOVING,a,9,
12:58,17,MOVING,f,3,
12:58,18,BROWSING,c,10,Tops
12:58,20,PAUSED,g,5,
12:58,21,MOVING,e,12,
12:58,25,MOVING,g,8,
12:58,26,BROWSING,c,3,Stockings
12:58,27,BROWSING,f,13,Skirts & Dresses
12:58,28,MOVING,f,3,
12:58,29,PAUSED,f,8,
12:58,30,MOVING,e,8,
12:58,31,MOVING,c,6,
12:58,32,BROWSING,f,6,Pants
12:59,33,ENTERED,h,8,gender~male age~young
12:59,2,BROWSING,d,13,Hats & Handbags
12:59,7,ARRIVED_SECTION,f,6,Pants
12:59,12,MOVING,h,11,
12:59,13,PAUSED,h,10,
12:59,15,MOVING,a,10,
12:59,17,MOVING,e,3,
12:59,18,BROWSING,c,10,Tops
12:59,20,ARRIVED_SECTION,g,3,Jeans
12:59,21,MOVING,e,10,
12:59,22,MOVING,b,9,
12:59,25,MOVING,g,7,
12:59,26,BROWSING,c,3,Stockings
12:59,27,BROWSING,f,13,Skirts & Dresses
12:59,28,MOVING,d,3,
12:59,29,PAUSED,f,8,
12:59,30,MOVING,d,8,
12:59,31,MOVING,b,6,
12:59,32,BROWSING,f,6,Pants
12:59,33,ARRIVED_SECTION,g,10,Tops
13:00,34,ENTERED,h,8,gender~male age~adult
13:00,2,BROWSING,d,13,Hats & Handbags
13:00,7,BROWSING,f,6,Pants
13:00,12,MOVING,h,10,
13:00,13,PAUSED,h,10,
13:00,15,MOVING,a,11,
13:00,17,MOVING,d,3,
13:00,18,BROWSING,c,10,Tops
13:00,20,BROWSING,g,3,Jeans
13:00,21,MOVING,e,8,
13:00,22,JOINED_QUEUE,b,8,position #1
13:00,25,PAUSED,g,7,
13:00,26,BROWSING,c,3,Stockings
13:00,27,BROWSING,f,13,Skirts & Dresses
13:00,28,ARRIVED_SECTION,b,3,Underwear
13:00,29,PAUSED,f,8,
13:00,30,MOVING,d,7,
13:00,31,MOVING,b,5,
13:00,32,BROWSING,f,6,Pants
13:00,33,BROWSING,g,10,Tops
13:00,34,MOVING,h,6,
13:01,22,REACHED_COUNTER,b,7,
13:01,2,BROWSING,d,13,Hats & Handbags
13:01,7,BROWSING,f,6,Pants
13:01,12,MOVING,h,9,
13:01,13,PAUSED,h,10,
13:01,14,LEFT_FITTING,a,13,
13:01,15,ARRIVED_FITTING_AREA,a,12,
13:01,17,MOVING,c,3,
13:01,18,BROWSING,c,10,Tops
13:01,20,BROWSING,g,3,Jeans
13:01,21,ARRIVED_SECTION,e,6,Pants
13:01,22,AT_CHECKOUT,b,7,
13:01,25,PAUSED,g,7,
13:01,26,BROWSING,c,3,Stockings
13:01,27,BROWSING,f,13,Skirts & Dresses
13:01,28,BROWSING,b,3,Underwear
13:01,29,PAUSED,f,8,
13:01,30,MOVING,d,6,
13:01,31,MOVING,b,4,
13:01,32,BROWSING,f,6,Pants
13:01,33,BROWSING,g,10,Tops
13:01,34,MOVING,h,4,
13:02,35,ENTERED,h,8,gender~male age~adult
13:02,2,BROWSING,d,13,Hats & Handbags
13:02,7,BROWSING,f,6,Pants
13:02,12,PAUSED,h,9,
13:02,13,PAUSED,h,10,
13:02,14,MOVING,b,12,
13:02,15,ENTERED_FITTING,a,12,waited 0 ticks
13:02,17,ARRIVED_SECTION,b,3,Underwear
13:02,18,BROWSING,c,10,Tops
13:02,20,BROWSING,g,3,Jeans
13:02,21,BROWSING,e,6,Pants
13:02,22,AT_CHECKOUT,b,7,
13:02,25,MOVING,g,6,
13:02,26,BROWSING,c,3,Stockings
13:02,27,BROWSING,f,13,Skirts & Dresses
13:02,28,BROWSING,b,3,Underwear
13:02,29,ARRIVED_SECTION,f,6,Pants
13:02,30,MOVING,c,6,
13:02,31,ARRIVED_SECTION,b,3,Underwear
13:02,32,BROWSING,f,6,Pants
13:02,33,BROWSING,g,10,Tops
13:02,34,ARRIVED_SECTION,h,3,Jeans
13:02,35,MOVING,g,8,
13:03,1,LEFT_FITTING,a,14,
13:03,2,BROWSING,d,13,Hats & Handbags
13:03,7,BROWSING,f,6,Pants
13:03,12,PAUSED,h,9,
13:03,13,MOVING,h,9,
13:03,14,MOVING,b,10,
13:03,17,BROWSING,b,3,Underwear
13:03,18,BROWSING,c,10,Tops
13:03,20,BROWSING,g,3,Jeans
13:03,21,BROWSING,e,6,Pants
13:03,22,AT_CHECKOUT,b,7,
13:03,25,MOVING,g,5,
13:03,26,BROWSING,c,3,Stockings
13:03,27,BROWSING,f,13,Skirts & Dresses
13:03,28,BROWSING,b,3,Underwear
13:03,29,BROWSING,f,6,Pants
13:03,30,MOVING,b,6,
13:03,31,BROWSING,b,3,Underwear
13:03,32,BROWSING,f,6,Pants
13:03,33,BROWSING,g,10,Tops
13:03,34,BROWSING,h,3,Jeans
13:03,35,MOVING,g,9,
13:04,1,MOVING,b,14,
13:04,2,BROWSING,d,13,Hats & Handbags
13:04,7,BROWSING,f,6,Pants
13:04,12,PAUSED,h,9,
13:04,13,EXITED,h,8,
13:04,14,JOINED_QUEUE,b,8,position #2
13:04,17,BROWSING,b,3,Underwear
13:04,20,BROWSING,g,3,Jeans
13:04,21,BROWSING,e,6,Pants
13:04,22,AT_CHECKOUT,b,7,
13:04,25,MOVING,g,4,
13:04,26,BROWSING,c,3,Stockings
13:04,27,BROWSING,f,13,Skirts & Dresses
13:04,28,BROWSING,b,3,Underwear
13:04,29,BROWSING,f,6,Pants
13:04,30,MOVING,b,5,
13:04,31,BROWSING,b,3,Underwear
13:04,32,BROWSING,f,6,Pants
13:04,33,BROWSING,g,10,Tops
13:04,34,BROWSING,h,3,Jeans
13:04,35,ARRIVED_SECTION,g,10,Tops
13:05,36,ENTERED,h,8,gender~female age~young
13:05,1,MOVING,b,13,
13:05,2,BROWSING,d,13,Hats & Handbags
13:05,7,BROWSING,f,6,Pants
13:05,12,PAUSED,h,9,
13:05,14,IN_QUEUE,b,8,position #2
13:05,17,BROWSING,b,3,Underwear
13:05,18,MOVING,d,10,
13:05,20,BROWSING,g,3,Jeans
13:05,21,BROWSING,e,6,Pants
13:05,22,AT_CHECKOUT,b,7,
13:05,25,ARRIVED_SECTION,g,3,Jeans
13:05,26,BROWSING,c,3,Stockings
13:05,27,BROWSING,f,13,Skirts & Dresses
13:05,28,BROWSING,b,3,Underwear
13:05,29,BROWSING,f,6,Pants
13:05,30,MOVING,b,4,
13:05,31,BROWSING,b,3,Underwear
13:05,32,BROWSING,f,6,Pants
13:05,33,BROWSING,g,10,Tops
13:05,34,BROWSING,h,3,Jeans
13:05,35,BROWSING,g,10,Tops
13:05,36,MOVING,e,8,
13:06,1,MOVING,b,12,
13:06,2,BROWSING,d,13,Hats & Handbags
13:06,12,PAUSED,h,9,
13:06,14,IN_QUEUE,b,8,position #2
13:06,17,BROWSING,b,3,Underwear
13:06,18,MOVING,e,10,
13:06,20,BROWSING,g,3,Jeans
13:06,21,BROWSING,e,6,Pants
13:06,22,AT_CHECKOUT,b,7,
13:06,25,BROWSING,g,3,Jeans
13:06,26,BROWSING,c,3,Stockings
13:06,27,BROWSING,f,13,Skirts & Dresses
13:06,28,BROWSING,b,3,Underwear
13:06,29,BROWSING,f,6,Pants
13:06,30,ARRIVED_SECTION,b,3,Underwear
13:06,31,BROWSING,b,3,Underwear
13:06,32,BROWSING,f,6,Pants
13:06,34,BROWSING,h,3,Jeans
13:06,35,BROWSING,g,10,Tops
13:06,36,MOVING,e,11,
13:07,1,MOVING,b,11,
13:07,2,BROWSING,d,13,Hats & Handbags
13:07,7,MOVING,g,6,
13:07,12,PAUSED,h,9,
13:07,14,IN_QUEUE,b,8,position #2
13:07,17,BROWSING,b,3,Underwear
13:07,18,MOVING,e,11,
13:07,20,BROWSING,g,3,Jeans
13:07,21,BROWSING,e,6,Pants
13:07,22,AT_CHECKOUT,b,7,
13:07,25,BROWSING,g,3,Jeans
13:07,26,BROWSING,c,3,Stockings
13:07,27,BROWSING,f,13,Skirts & Dresses
13:07,28,BROWSING,b,3,Underwear
13:07,29,BROWSING,f,6,Pants
13:07,30,BROWSING,b,3,Underwear
13:07,31,BROWSING,b,3,Underwear
13:07,33,MOVING,e,11,
13:07,34,BROWSING,h,3,Jeans
13:07,36,ARRIVED_SECTION,d,13,Hats & Handbags
13:08,37,ENTERED,h,8,gender~male age~young
13:08,1,MOVING,b,10,
13:08,2,BROWSING,d,13,Hats & Handbags
13:08,7,MOVING,h,6,
13:08,12,PAUSED,h,9,
13:08,14,IN_QUEUE,b,8,position #2
13:08,17,BROWSING,b,3,Underwear
13:08,18,MOVING,e,12,
13:08,20,BROWSING,g,3,Jeans
13:08,21,BROWSING,e,6,Pants
13:08,22,AT_CHECKOUT,b,7,
13:08,25,BROWSING,g,3,Jeans
13:08,26,BROWSING,c,3,Stockings
13:08,28,BROWSING,b,3,Underwear
13:08,29,BROWSING,f,6,Pants
13:08,30,BROWSING,b,3,Underwear
13:08,31,BROWSING,b,3,Underwear
13:08,32,MOVING,d,6,
13:08,33,ARRIVED_SECTION,d,13,Hats & Handbags
13:08,35,MOVING,h,10,
13:08,36,BROWSING,d,13,Hats & Handbags
13:08,37,MOVING,h,10,
13:09,1,MOVING,b,9,
13:09,2,BROWSING,d,13,Hats & Handbags
13:09,7,MOVING,h,7,
13:09,12,MOVING,h,8,
13:09,14,IN_QUEUE,b,8,position #2
13:09,17,BROWSING,b,3,Underwear
13:09,18,MOVING,e,13,
13:09,20,BROWSING,g,3,Jeans
13:09,21,BROWSING,e,6,Pants
13:09,22,AT_CHECKOUT,b,7,
13:09,25,BROWSING,g,3,Jeans
13:09,26,BROWSING,c,3,Stockings
13:09,27,MOVING,h,12,
13:09,29,BROWSING,f,6,Pants
13:09,30,BROWSING,b,3,Underwear
13:09,31,BROWSING,b,3,Underwear
13:09,32,MOVING,b,6,
13:09,33,BROWSING,d,13,Hats & Handbags
13:09,34,PAUSED,h,3,
13:09,35,MOVING,h,9,
13:09,36,BROWSING,d,13,Hats & Handbags
13:09,37,MOVING,h,12,
13:10,1,JOINED_QUEUE,b,8,position #3
13:10,2,BROWSING,d,13,Hats & Handbags
13:10,7,EXITED,h,8,
13:10,12,MOVING,h,7,
13:10,14,ABANDONED_QUEUE,b,8,position #2
13:10,17,BROWSING,b,3,Underwear
13:10,18,ARRIVED_SECTION,f,13,Skirts & Dresses
13:10,20,BROWSING,g,3,Jeans
13:10,21,BROWSING,e,6,Pants
13:10,22,AT_CHECKOUT,b,7,
13:10,26,BROWSING,c,3,Stockings
13:10,27,MOVING,h,9,
13:10,28,ARRIVED_SECTION,c,3,Stockings
13:10,29,BROWSING,f,6,Pants
13:10,30,BROWSING,b,3,Underwear
13:10,31,BROWSING,b,3,Underwear
13:10,32,MOVING,b,4,
13:10,33,BROWSING,d,13,Hats & Handbags
13:10,34,PAUSED,h,3,
13:10,35,EXITED,h,8,
13:10,36,BROWSING,d,13,Hats & Handbags
13:10,37,ARRIVED_SECTION,h,13,Skirts & Dresses
13:11,1,IN_QUEUE,b,8,position #2
13:11,2,BROWSING,d,13,Hats & Handbags
13:11,12,MOVING,h,6,
13:11,14,MOVING,c,9,
13:11,17,BROWSING,b,3,Underwear
13:11,18,BROWSING,f,13,Skirts & Dresses
13:11,21,BROWSING,e,6,Pants
13:11,22,AT_CHECKOUT,b,7,
13:11,25,MOVING,f,3,
13:11,26,BROWSING,c,3,Stockings
13:11,27,MOVING,h,6,
13:11,28,BROWSING,c,3,Stockings
13:11,29,BROWSING,f,6,Pants
13:11,30,BROWSING,b,3,Underwear
13:11,31,BROWSING,b,3,Underwear
13:11,32,ARRIVED_SECTION,b,3,Underwear
13:11,33,BROWSING,d,13,Hats & Handbags
13:11,34,PAUSED,h,3,
13:11,36,BROWSING,d,13,Hats & Handbags
13:11,37,BROWSING,h,13,Skirts & Dresses
13:12,1,IN_QUEUE,b,8,position #2
13:12,2,BROWSING,d,13,Hats & Handbags
13:12,12,MOVING,h,5,
13:12,14,MOVING,e,9,
13:12,17,BROWSING,b,3,Underwear
13:12,18,BROWSING,f,13,Skirts & Dresses
13:12,20,MOVING,d,3,
13:12,21,BROWSING,e,6,Pants
13:12,22,AT_CHECKOUT,b,7,
13:12,25,MOVING,e,3,
13:12,26,BROWSING,c,3,Stockings
13:12,27,PAUSED,h,6,
13:12,28,BROWSING,c,3,Stockings
13:12,29,BROWSING,f,6,Pants
13:12,30,BROWSING,b,3,Underwear
13:12,31,BROWSING,b,3,Underwear
13:12,32,BROWSING,b,3,Underwear
13:12,33,BROWSING,d,13,Hats & Handbags
13:12,34,MOVING,f,3,
13:12,36,BROWSING,d,13,Hats & Handbags
13:12,37,BROWSING,h,13,Skirts & Dresses
13:13,1,IN_QUEUE,b,8,position #2
13:13,2,BROWSING,d,13,Hats & Handbags
13:13,12,MOVING,h,4,
13:13,14,MOVING,g,9,
13:13,17,BROWSING,b,3,Underwear
13:13,18,BROWSING,f,13,Skirts & Dresses
13:13,20,ARRIVED_SECTION,b,3,Underwear
13:13,22,CHECKOUT_COMPLETED,b,7,
13:13,25,MOVING,d,3,
13:13,26,BROWSING,c,3,Stockings
13:13,27,PAUSED,h,6,
13:13,28,BROWSING,c,3,Stockings
13:13,29,BROWSING,f,6,Pants
13:13,30,BROWSING,b,3,Underwear
13:13,31,BROWSING,b,3,Underwear
13:13,32,BROWSING,b,3,Underwear
13:13,33,BROWSING,d,13,Hats & Handbags
13:13,34,MOVING,d,3,
13:13,36,BROWSING,d,13,Hats & Handbags
13:13,37,BROWSING,h,13,Skirts & Dresses
13:14,1,REACHED_COUNTER,b,7,
13:14,1,AT_CHECKOUT,b,7,
13:14,12,ARRIVED_SECTION,h,3,Jeans
13:14,14,EXITED,h,8,
13:14,17,BROWSING,b,3,Underwear
13:14,18,BROWSING,f,13,Skirts & Dresses
13:14,20,BROWSING,b,3,Underwear
13:14,21,MOVING,g,6,
13:14,22,MOVING,b,9,
13:14,25,MOVING,c,3,
13:14,26,BROWSING,c,3,Stockings
13:14,27,ARRIVED_SECTION,h,3,Jeans
13:14,28,BROWSING,c,3,Stockings
13:14,29,BROWSING,f,6,Pants
13:14,30,BROWSING,b,3,Underwear
13:14,31,BROWSING,b,3,Underwear
13:14,32,BROWSING,b,3,Underwear
13:14,34,ARRIVED_SECTION,b,3,Underwear
13:14,36,BROWSING,d,13,Hats & Handbags
13:14,37,BROWSING,h,13,Skirts & Dresses
13:15,1,AT_CHECKOUT,b,7,
13:15,2,MOVING,c,13,
13:15,12,BROWSING,h,3,Jeans
13:15,17,BROWSING,b,3,Underwear
13:15,18,BROWSING,f,13,Skirts & Dresses
13:15,20,BROWSING,b,3,Underwear
13:15,21,MOVING,h,7,
13:15,22,MOVING,d,9,
13:15,25,ARRIVED_SECTION,b,3,Underwear
13:15,26,BROWSING,c,3,Stockings
13:15,27,BROWSING,h,3,Jeans
13:15,30,BROWSING,b,3,Underwear
13:15,31,BROWSING,b,3,Underwear
13:15,32,BROWSING,b,3,Underwear
13:15,33,MOVING,b,12,
13:15,34,BROWSING,b,3,Underwear
13:15,36,BROWSING,d,13,Hats & Handbags
13:15,37,BROWSING,h,13,Skirts & Dresses
13:16,1,AT_CHECKOUT,b,7,
13:16,2,MOVING,b,13,
13:16,12,BROWSING,h,3,Jeans
13:16,17,BROWSING,b,3,Underwear
13:16,18,BROWSING,f,13,Skirts & Dresses
13:16,20,BROWSING,b,3,Underwear
13:16,21,EXITED,h,8,
13:16,22,MOVING,f,9,
13:16,25,BROWSING,b,3,Underwear
13:16,26,BROWSING,c,3,Stockings
13:16,27,BROWSING,h,3,Jeans
13:16,28,MOVING,b,4,
13:16,29,MOVING,g,4,
13:16,32,BROWSING,b,3,Underwear
13:16,33,MOVING,b,9,
13:16,34,BROWSING,b,3,Underwear
13:16,36,BROWSING,d,13,Hats & Handbags
13:16,37,BROWSING,h,13,Skirts & Dresses
13:17,38,ENTERED,h,8,gender~female age~adult
13:17,1,AT_CHECKOUT,b,7,
13:17,2,ARRIVED_FITTING_AREA,a,13,
13:17,12,BROWSING,h,3,Jeans
13:17,17,BROWSING,b,3,Underwear
13:17,18,BROWSING,f,13,Skirts & Dresses
13:17,20,BROWSING,b,3,Underwear
13:17,22,MOVING,h,9,
13:17,25,BROWSING,b,3,Underwear
13:17,26,BROWSING,c,3,Stockings
13:17,27,BROWSING,h,3,Jeans
13:17,28,MOVING,b,6,
13:17,29,PAUSED,g,4,
13:17,30,MOVING,c,3,
13:17,31,MOVING,c,3,
13:17,32,BROWSING,b,3,Underwear
13:17,33,JOINED_QUEUE,b,8,position #2
13:17,36,BROWSING,d,13,Hats & Handbags
13:17,38,MOVING,g,8,
13:18,39,ENTERED,h,8,gender~female age~adult
13:18,1,AT_CHECKOUT,b,7,
13:18,2,ENTERED_FITTING,a,13,waited 0 ticks
13:18,12,BROWSING,h,3,Jeans
13:18,17,BROWSING,b,3,Underwear
13:18,18,BROWSING,f,13,Skirts & Dresses
13:18,20,BROWSING,b,3,Underwear
13:18,22,EXITED,h,8,
13:18,25,BROWSING,b,3,Underwear
13:18,27,BROWSING,h,3,Jeans
13:18,28,MOVING,b,8,
13:18,29,PAUSED,g,4,
13:18,30,MOVING,d,3,
13:18,31,PAUSED,c,3,
13:18,32,BROWSING,b,3,Underwear
13:18,33,IN_QUEUE,b,8,position #2
13:18,34,MOVING,b,5,
13:18,36,BROWSING,d,13,Hats & Handbags
13:18,37,MOVING,h,11,
13:18,38,MOVING,f,8,
13:18,39,MOVING,g,8,
13:19,1,AT_CHECKOUT,b,7,
13:19,12,BROWSING,h,3,Jeans
13:19,18,BROWSING,f,13,Skirts & Dresses
13:19,20,BROWSING,b,3,Underwear
13:19,25,BROWSING,b,3,Underwear
13:19,26,MOVING,b,4,
13:19,27,BROWSING,h,3,Jeans
13:19,28,MOVING,c,9,
13:19,29,PAUSED,g,4,
13:19,30,MOVING,e,3,
13:19,31,PAUSED,c,3,
13:19,32,BROWSING,b,3,Underwear
13:19,33,IN_QUEUE,b,8,position #2
13:19,34,MOVING,b,7,
13:19,36,BROWSING,d,13,Hats & Handbags
13:19,37,MOVING,h,9,
13:19,38,MOVING,f,7,
13:19,39,MOVING,f,8,
13:20,40,ENTERED,h,8,gender~male age~adult
13:20,1,AT_CHECKOUT,b,7,
13:20,12,BROWSING,h,3,Jeans
13:20,17,MOVING,c,3,
13:20,18,BROWSING,f,13,Skirts & Dresses
13:20,20,BROWSING,b,3,Underwear
13:20,25,BROWSING,b,3,Underwear
13:20,26,MOVING,b,6,
13:20,27,BROWSING,h,3,Jeans
13:20,28,ARRIVED_SECTION,c,10,Tops
13:20,29,PAUSED,g,4,
13:20,30,MOVING,f,3,
13:20,31,PAUSED,c,3,
13:20,32,BROWSING,b,3,Underwear
13:20,33,ABANDONED_QUEUE,b,8,position #2
13:20,34,JOINED_QUEUE,b,8,position #2
13:20,36,BROWSING,d,13,Hats & Handbags
13:20,37,MOVING,h,7,
13:20,38,ARRIVED_SECTION,f,6,Pants
13:20,39,MOVING,e,8,
13:20,40,MOVING,g,8,
13:21,1,CHECKOUT_COMPLETED,b,7,
13:21,12,BROWSING,h,3,Jeans
13:21,15,LEFT_FITTING,a,12,
13:21,17,ARRIVED_SECTION,c,4,Pants
13:21,18,BROWSING,f,13,Skirts & Dresses
13:21,20,BROWSING,b,3,Underwear
13:21,26,PAUSED,b,6,
13:21,27,BROWSING,h,3,Jeans
13:21,28,BROWSING,c,10,Tops
13:21,29,ARRIVED_SECTION,g,3,Jeans
13:21,30,ARRIVED_SECTION,g,3,Jeans
13:21,31,ARRIVED_SECTION,c,4,Pants
13:21,32,BROWSING,b,3,Underwear
13:21,33,MOVING,d,9,
13:21,34,IN_QUEUE,b,8,position #1
13:21,36,BROWSING,d,13,Hats & Handbags
13:21,37,MOVING,h,5,
13:21,38,BROWSING,f,6,Pants
13:21,39,MOVING,e,9,
13:21,40,MOVING,f,8,
13:22,34,REACHED_COUNTER,b,7,
13:22,1,MOVING,b,8,
13:22,12,BROWSING,h,3,Jeans
13:22,15,MOVING,b,12,
13:22,17,BROWSING,c,4,Pants
13:22,18,BROWSING,f,13,Skirts & Dresses
13:22,20,BROWSING,b,3,Underwear
13:22,25,MOVING,b,4,
13:22,26,PAUSED,b,6,
13:22,27,BROWSING,h,3,Jeans
13:22,28,BROWSING,c,10,Tops
13:22,29,BROWSING,g,3,Jeans
13:22,30,BROWSING,g,3,Jeans
13:22,31,BROWSING,c,4,Pants
13:22,32,BROWSING,b,3,Underwear
13:22,33,MOVING,g,9,
13:22,34,AT_CHECKOUT,b,7,
13:22,37,ARRIVED_SECTION,h,3,Jeans
13:22,38,BROWSING,f,6,Pants
13:22,39,MOVING,e,10,
13:22,40,MOVING,e,8,
13:23,41,ENTERED,h,8,gender~female age~adult
13:23,1,MOVING,b,9,
13:23,12,BROWSING,h,3,Jeans
13:23,15,MOVING,b,11,
13:23,17,BROWSING,c,4,Pants
13:23,18,BROWSING,f,13,Skirts & Dresses
13:23,20,BROWSING,b,3,Underwear
13:23,25,MOVING,b,5,
13:23,26,PAUSED,b,6,
13:23,27,BROWSING,h,3,Jeans
13:23,28,BROWSING,c,10,Tops
13:23,29,BROWSING,g,3,Jeans
13:23,30,BROWSING,g,3,Jeans
13:23,31,BROWSING,c,4,Pants
13:23,32,BROWSING,b,3,Underwear
13:23,33,EXITED,h,8,
13:23,34,AT_CHECKOUT,b,7,
13:23,36,MOVING,e,11,
13:23,37,BROWSING,h,3,Jeans
13:23,38,BROWSING,f,6,Pants
13:23,39,PAUSED,e,10,
13:23,40,MOVING,d,8,
13:23,41,MOVING,h,9,
13:24,42,ENTERED,h,8,gender~male age~adult
13:24,1,PAUSED,b,9,
13:24,15,MOVING,b,10,
13:24,17,BROWSING,c,4,Pants
13:24,18,BROWSING,f,13,Skirts & Dresses
13:24,20,BROWSING,b,3,Underwear
13:24,25,MOVING,b,6,
13:24,26,PAUSED,b,6,
13:24,27,BROWSING,h,3,Jeans
13:24,28,BROWSING,c,10,Tops
13:24,29,BROWSING,g,3,Jeans
13:24,30,BROWSING,g,3,Jeans
13:24,31,BROWSING,c,4,Pants
13:24,34,AT_CHECKOUT,b,7,
13:24,36,MOVING,g,10,
13:24,37,BROWSING,h,3,Jeans
13:24,38,BROWSING,f,6,Pants
13:24,39,PAUSED,e,10,
13:24,40,MOVING,d,7,
13:24,41,MOVING,h,10,
13:24,42,MOVING,h,6,
13:25,43,ENTERED,h,8,gender~male age~senior
13:25,1,PAUSED,b,9,
13:25,12,MOVING,h,4,
13:25,15,MOVING,b,9,
13:25,17,BROWSING,c,4,Pants
13:25,18,BROWSING,f,13,Skirts & Dresses
13:25,20,BROWSING,b,3,Underwear
13:25,25,MOVING,b,7,
13:25,26,MOVING,d,6,
13:25,27,BROWSING,h,3,Jeans
13:25,28,BROWSING,c,10,Tops
13:25,29,BROWSING,g,3,Jeans
13:25,30,BROWSING,g,3,Jeans
13:25,31,BROWSING,c,4,Pants
13:25,32,MOVING,d,3,
13:25,34,AT_CHECKOUT,b,7,
13:25,36,MOVING,g,7,
13:25,37,BROWSING,h,3,Jeans
13:25,39,MOVING,e,11,
13:25,40,MOVING,d,6,
13:25,41,PAUSED,h,10,
13:25,42,MOVING,h,4,
13:25,43,MOVING,g,8,
13:26,1,PAUSED,b,9,
13:26,12,MOVING,h,5,
13:26,15,JOINED_QUEUE,b,8,position #2
13:26,17,BROWSING,c,4,Pants
13:26,18,BROWSING,f,13,Skirts & Dresses
13:26,20,BROWSING,b,3,Underwear
13:26,25,JOINED_QUEUE,b,8,position #3
13:26,26,MOVING,e,7,
13:26,27,BROWSING,h,3,Jeans
13:26,29,BROWSING,g,3,Jeans
13:26,30,BROWSING,g,3,Jeans
13:26,31,BROWSING,c,4,Pants
13:26,32,MOVING,f,3,
13:26,34,AT_CHECKOUT,b,7,
13:26,36,MOVING,g,4,
13:26,37,BROWSING,h,3,Jeans
13:26,38,PAUSED,f,6,
13:26,39,MOVING,e,12,
13:26,40,MOVING,c,6,
13:26,41,PAUSED,h,10,
13:26,42,ARRIVED_SECTION,h,3,Jeans
13:26,43,MOVING,f,8,
13:27,44,ENTERED,h,8,gender~female age~adult
13:27,1,MOVING,c,9,
13:27,12,MOVING,h,6,
13:27,15,IN_QUEUE,b,8,position #2
13:27,17,BROWSING,c,4,Pants
13:27,20,BROWSING,b,3,Underwear
13:27,25,IN_QUEUE,b,8,position #3
13:27,26,MOVING,e,9,
13:27,27,BROWSING,h,3,Jeans
13:27,28,MOVING,e,10,
13:27,29,BROWSING,g,3,Jeans
13:27,30,BROWSING,g,3,Jeans
13:27,31,BROWSING,c,4,Pants
13:27,32,ARRIVED_SECTION,g,3,Jeans
13:27,34,CHECKOUT_COMPLETED,b,7,
13:27,36,ARRIVED_SECTION,g,3,Jeans
13:27,38,PAUSED,f,6,
13:27,39,MOVING,e,13,
13:27,40,MOVING,b,6,
13:27,41,MOVING,h,11,
13:27,42,BROWSING,h,3,Jeans
13:27,43,MOVING,f,7,
13:27,44,MOVING,g,8,
13:28,15,REACHED_COUNTER,b,7,
13:28,1,MOVING,d,9,
13:28,12,PAUSED,h,6,
13:28,15,AT_CHECKOUT,b,7,
13:28,17,BROWSING,c,4,Pants
13:28,18,MOVING,e,13,
13:28,20,BROWSING,b,3,Underwear
13:28,25,IN_QUEUE,b,8,position #2
13:28,26,MOVING,e,11,
13:28,27,BROWSING,h,3,Jeans
13:28,28,MOVING,e,12,
13:28,29,BROWSING,g,3,Jeans
13:28,30,BROWSING,g,3,Jeans
13:28,32,BROWSING,g,3,Jeans
13:28,34,MOVING,b,9,
13:28,36,BROWSING,g,3,Jeans
13:28,37,MOVING,f,3,
13:28,38,PAUSED,f,6,
13:28,39,ARRIVED_SECTION,d,13,Hats & Handbags
13:28,40,MOVING,b,5,
13:28,41,MOVING,h,12,
13:28,42,BROWSING,h,3,Jeans
13:28,43,ARRIVED_SECTION,f,6,Pants
13:28,44,MOVING,g,7,
13:29,1,MOVING,e,9,
13:29,12,PAUSED,h,6,
13:29,15,AT_CHECKOUT,b,7,
13:29,17,BROWSING,c,4,Pants
13:29,18,ARRIVED_SECTION,d,13,Hats & Handbags
13:29,20,BROWSING,b,3,Underwear
13:29,25,IN_QUEUE,b,8,position #2
13:29,26,MOVING,e,13,
13:29,27,BROWSING,h,3,Jeans
13:29,28,ARRIVED_SECTION,f,13,Skirts & Dresses
13:29,29,BROWSING,g,3,Jeans
13:29,30,BROWSING,g,3,Jeans
13:29,31,MOVING,d,4,
13:29,32,BROWSING,g,3,Jeans
13:29,34,MOVING,d,9,
13:29,36,BROWSING,g,3,Jeans
13:29,37,MOVING,d,3,
13:29,38,PAUSED,f,6,
13:29,39,BROWSING,d,13,Hats & Handbags
13:29,40,MOVING,b,4,
13:29,41,ARRIVED_SECTION,h,13,Skirts & Dresses
13:29,42,BROWSING,h,3,Jeans
13:29,43,BROWSING,f,6,Pants
13:29,44,PAUSED,g,7,
13:30,1,MOVING,f,9,
13:30,12,PAUSED,h,6,
13:30,15,AT_CHECKOUT,b,7,
13:30,17,BROWSING,c,4,Pants
13:30,18,BROWSING,d,13,Hats & Handbags
13:30,25,IN_QUEUE,b,8,position #2
13:30,26,ARRIVED_SECTION,f,13,Skirts & Dresses
13:30,27,BROWSING,h,3,Jeans
13:30,28,BROWSING,f,13,Skirts & Dresses
13:30,29,BROWSING,g,3,Jeans
13:30,30,BROWSING,g,3,Jeans
13:30,31,MOVING,e,4,
13:30,32,BROWSING,g,3,Jeans
13:30,34,MOVING,f,9,
13:30,36,BROWSING,g,3,Jeans
13:30,37,ARRIVED_SECTION,b,3,Underwear
13:30,38,MOVING,e,6,
13:30,39,BROWSING,d,13,Hats & Handbags
13:30,40,ARRIVED_SECTION,b,3,Underwear
13:30,41,BROWSING,h,13,Skirts & Dresses
13:30,42,BROWSING,h,3,Jeans
13:30,43,BROWSING,f,6,Pants
13:30,44,PAUSED,g,7,
13:31,1,MOVING,g,9,
13:31,12,MOVING,h,7,
13:31,15,AT_CHECKOUT,b,7,
13:31,17,BROWSING,c,4,Pants
13:31,18,BROWSING,d,13,Hats & Handbags
13:31,20,MOVING,b,6,
13:31,25,IN_QUEUE,b,8,position #2
13:31,26,BROWSING,f,13,Skirts & Dresses
13:31,27,BROWSING,h,3,Jeans
13:31,28,BROWSING,f,13,Skirts & Dresses
13:31,31,MOVING,f,4,
13:31,32,BROWSING,g,3,Jeans
13:31,34,MOVING,h,9,
13:31,36,BROWSING,g,3,Jeans
13:31,37,BROWSING,b,3,Underwear
13:31,38,MOVING,e,7,
13:31,39,BROWSING,d,13,Hats & Handbags
13:31,40,BROWSING,b,3,Underwear
13:31,41,BROWSING,h,13,Skirts & Dresses
13:31,42,BROWSING,h,3,Jeans
13:31,43,BROWSING,f,6,Pants
13:31,44,PAUSED,g,7,
13:32,1,MOVING,h,9,
13:32,2,LEFT_FITTING,a,13,
13:32,12,EXITED,h,8,
13:32,15,AT_CHECKOUT,b,7,
13:32,17,BROWSING,c,4,Pants
13:32,18,BROWSING,d,13,Hats & Handbags
13:32,20,MOVING,b,9,
13:32,25,IN_QUEUE,b,8,position #2
13:32,26,BROWSING,f,13,Skirts & Dresses
13:32,28,BROWSING,f,13,Skirts & Dresses
13:32,29,ARRIVED_SECTION,d,3,Stockings
13:32,30,MOVING,g,4,
13:32,31,PAUSED,f,4,
13:32,32,BROWSING,g,3,Jeans
13:32,34,EXITED,h,8,
13:32,36,BROWSING,g,3,Jeans
13:32,37,BROWSING,b,3,Underwear
13:32,38,PAUSED,e,7,
13:32,39,BROWSING,d,13,Hats & Handbags
13:32,40,BROWSING,b,3,Underwear
13:32,41,BROWSING,h,13,Skirts & Dresses
13:32,44,MOVING,g,6,
13:33,1,EXITED,h,8,
13:33,2,MOVING,b,13,
13:33,15,AT_CHECKOUT,b,7,
13:33,17,BROWSING,c,4,Pants
13:33,18,BROWSING,d,13,Hats & Handbags
13:33,20,ARRIVED_SECTION,c,10,Tops
13:33,25,IN_QUEUE,b,8,position #2
13:33,26,BROWSING,f,13,Skirts & Dresses
13:33,27,MOVING,g,5,
13:33,28,BROWSING,f,13,Skirts & Dresses
13:33,29,BROWSING,d,3,Stockings
13:33,30,MOVING,g,5,
13:33,31,PAUSED,f,4,
13:33,32,BROWSING,g,3,Jeans
13:33,36,BROWSING,g,3,Jeans
13:33,37,BROWSING,b,3,Underwear
13:33,38,PAUSED,e,7,
13:33,39,BROWSING,d,13,Hats & Handbags
13:33,40,BROWSING,b,3,Underwear
13:33,41,BROWSING,h,13,Skirts & Dresses
13:33,42,MOVING,g,4,
13:33,43,MOVING,g,6,
13:33,44,MOVING,g,5,
13:34,2,MOVING,b,12,
13:34,15,CHECKOUT_COMPLETED,b,7,
13:34,17,BROWSING,c,4,Pants
13:34,18,BROWSING,d,13,Hats & Handbags
13:34,20,BROWSING,c,10,Tops
13:34,25,IN_QUEUE,b,8,position #1
13:34,26,BROWSING,f,13,Skirts & Dresses
13:34,27,PAUSED,g,5,
13:34,28,BROWSING,f,13,Skirts & Dresses
13:34,29,BROWSING,d,3,Stockings
13:34,30,MOVING,g,6,
13:34,31,MOVING,g,4,
13:34,32,BROWSING,g,3,Jeans
13:34,36,BROWSING,g,3,Jeans
13:34,37,BROWSING,b,3,Underwear
13:34,38,PAUSED,e,7,
13:34,39,BROWSING,d,13,Hats & Handbags
13:34,41,BROWSING,h,13,Skirts & Dresses
13:34,42,PAUSED,g,4,
13:34,43,MOVING,g,5,
13:34,44,MOVING,g,4,
13:35,25,REACHED_COUNTER,b,7,
13:35,2,MOVING,b,11,
13:35,15,MOVING,b,8,
13:35,17,BROWSING,c,4,Pants
13:35,18,BROWSING,d,13,Hats & Handbags
13:35,20,BROWSING,c,10,Tops
13:35,25,AT_CHECKOUT,b,7,
13:35,26,BROWSING,f,13,Skirts & Dresses
13:35,27,PAUSED,g,5,
13:35,28,BROWSING,f,13,Skirts & Dresses
13:35,29,BROWSING,d,3,Stockings
13:35,30,MOVING,g,7,
13:35,31,ARRIVED_SECTION,g,3,Jeans
13:35,32,BROWSING,g,3,Jeans
13:35,36,BROWSING,g,3,Jeans
13:35,38,PAUSED,e,7,
13:35,39,BROWSING,d,13,Hats & Handbags
13:35,40,ARRIVED_SECTION,c,3,Stockings
13:35,41,BROWSING,h,13,Skirts & Dresses
13:35,42,PAUSED,g,4,
13:35,43,MOVING,g,4,
13:35,44,MOVING,f,4,
13:36,2,MOVING,b,10,
13:36,15,PAUSED,b,8,
13:36,17,BROWSING,c,4,Pants
13:36,18,BROWSING,d,13,Hats & Handbags
13:36,20,BROWSING,c,10,Tops
13:36,25,AT_CHECKOUT,b,7,
13:36,26,BROWSING,f,13,Skirts & Dresses
13:36,27,PAUSED,g,5,
13:36,28,BROWSING,f,13,Skirts & Dresses
13:36,29,BROWSING,d,3,Stockings
13:36,30,MOVING,g,8,
13:36,31,BROWSING,g,3,Jeans
13:36,32,BROWSING,g,3,Jeans
13:36,36,BROWSING,g,3,Jeans
13:36,37,PAUSED,b,3,
13:36,38,MOVING,e,8,
13:36,39,BROWSING,d,13,Hats & Handbags
13:36,40,BROWSING,c,3,Stockings
13:36,41,BROWSING,h,13,Skirts & Dresses
13:36,42,MOVING,g,6,
13:36,43,PAUSED,g,4,
13:36,44,MOVING,e,4,
13:37,2,MOVING,b,9,
13:37,15,PAUSED,b,8,
13:37,17,BROWSING,c,4,Pants
13:37,18,BROWSING,d,13,Hats & Handbags
13:37,20,BROWSING,c,10,Tops
13:37,25,CHECKOUT_COMPLETED,b,7,
13:37,26,BROWSING,f,13,Skirts & Dresses
13:37,27,PAUSED,g,5,
13:37,28,BROWSING,f,13,Skirts & Dresses
13:37,29,BROWSING,d,3,Stockings
13:37,30,MOVING,g,9,
13:37,31,BROWSING,g,3,Jeans
13:37,32,BROWSING,g,3,Jeans
13:37,36,BROWSING,g,3,Jeans
13:37,37,PAUSED,b,3,
13:37,38,MOVING,e,9,
13:37,39,BROWSING,d,13,Hats & Handbags
13:37,40,BROWSING,c,3,Stockings
13:37,42,MOVING,g,8,
13:37,43,PAUSED,g,4,
13:37,44,MOVING,d,4,
13:38,2,JOINED_QUEUE,b,8,position #1
13:38,15,PAUSED,b,8,
13:38,17,BROWSING,c,4,Pants
13:38,18,BROWSING,d,13,Hats & Handbags
13:38,20,BROWSING,c,10,Tops
13:38,25,MOVING,b,8,
13:38,26,BROWSING,f,13,Skirts & Dresses
13:38,27,MOVING,g,8,
13:38,28,BROWSING,f,13,Skirts & Dresses
13:38,29,BROWSING,d,3,Stockings
13:38,30,ARRIVED_SECTION,g,10,Tops
13:38,31,BROWSING,g,3,Jeans
13:38,32,BROWSING,g,3,Jeans
13:38,36,BROWSING,g,3,Jeans
13:38,37,PAUSED,b,3,
13:38,38,MOVING,e,10,
13:38,39,BROWSING,d,13,Hats & Handbags
13:38,40,BROWSING,c,3,Stockings
13:38,41,MOVING,g,13,
13:38,42,ARRIVED_SECTION,g,10,Tops
13:38,43,PAUSED,g,4,
13:38,44,ARRIVED_SECTION,d,3,Stockings
13:39,45,ENTERED,h,8,gender~female age~young
13:39,2,REACHED_COUNTER,b,7,
13:39,2,AT_CHECKOUT,b,7,
13:39,15,PAUSED,b,8,
13:39,17,BROWSING,c,4,Pants
13:39,18,BROWSING,d,13,Hats & Handbags
13:39,20,BROWSING,c,10,Tops
13:39,25,MOVING,b,9,
13:39,26,BROWSING,f,13,Skirts & Dresses
13:39,27,ARRIVED_SECTION,g,10,Tops
13:39,29,BROWSING,d,3,Stockings
13:39,30,BROWSING,g,10,Tops
13:39,32,BROWSING,g,3,Jeans
13:39,37,PAUSED,b,3,
13:39,38,MOVING,e,11,
13:39,39,BROWSING,d,13,Hats & Handbags
13:39,40,BROWSING,c,3,Stockings
13:39,41,MOVING,f,13,
13:39,42,BROWSING,g,10,Tops
13:39,43,PAUSED,g,4,
13:39,44,BROWSING,d,3,Stockings
13:39,45,MOVING,g,9,
13:40,2,AT_CHECKOUT,b,7,
13:40,15,MOVING,b,9,
13:40,18,BROWSING,d,13,Hats & Handbags
13:40,20,BROWSING,c,10,Tops
13:40,25,MOVING,c,9,
13:40,26,BROWSING,f,13,Skirts & Dresses
13:40,27,BROWSING,g,10,Tops
13:40,28,ARRIVED_SECTION,d,13,Hats & Handbags
13:40,29,BROWSING,d,3,Stockings
13:40,30,BROWSING,g,10,Tops
13:40,31,MOVING,f,3,
13:40,32,BROWSING,g,3,Jeans
13:40,36,MOVING,h,5,
13:40,37,ARRIVED_SECTION,c,3,Stockings
13:40,38,MOVING,e,12,
13:40,39,BROWSING,d,13,Hats & Handbags
13:40,40,BROWSING,c,3,Stockings
13:40,41,MOVING,e,13,
13:40,42,BROWSING,g,10,Tops
13:40,43,ARRIVED_SECTION,g,3,Jeans
13:40,44,BROWSING,d,3,Stockings
13:40,45,ARRIVED_SECTION,g,10,Tops
13:41,2,AT_CHECKOUT,b,7,
13:41,15,MOVING,c,9,
13:41,17,MOVING,b,4,
13:41,18,BROWSING,d,13,Hats & Handbags
13:41,20,BROWSING,c,10,Tops
13:41,25,MOVING,d,9,
13:41,26,BROWSING,f,13,Skirts & Dresses
13:41,27,BROWSING,g,10,Tops
13:41,28,BROWSING,d,13,Hats & Handbags
13:41,29,BROWSING,d,3,Stockings
13:41,30,BROWSING,g,10,Tops
13:41,31,MOVING,e,3,
13:41,32,BROWSING,g,3,Jeans
13:41,36,MOVING,h,8,
13:41,37,BROWSING,c,3,Stockings
13:41,38,MOVING,e,13,
13:41,39,BROWSING,d,13,Hats & Handbags
13:41,40,BROWSING,c,3,Stockings
13:41,41,PAUSED,e,13,
13:41,42,BROWSING,g,10,Tops
13:41,43,BROWSING,g,3,Jeans
13:41,44,BROWSING,d,3,Stockings
13:41,45,BROWSING,g,10,Tops
13:42,46,ENTERED,h,8,gender~male age~adult
13:42,2,AT_CHECKOUT,b,7,
13:42,15,MOVING,d,9,
13:42,17,MOVING,b,5,
13:42,18,BROWSING,d,13,Hats & Handbags
13:42,20,BROWSING,c,10,Tops
13:42,25,MOVING,e,9,
13:42,26,BROWSING,f,13,Skirts & Dresses
13:42,27,BROWSING,g,10,Tops
13:42,28,BROWSING,d,13,Hats & Handbags
13:42,29,BROWSING,d,3,Stockings
13:42,30,BROWSING,g,10,Tops
13:42,31,ARRIVED_SECTION,d,3,Stockings
13:42,32,BROWSING,g,3,Jeans
13:42,36,MOVING,h,11,
13:42,37,BROWSING,c,3,Stockings
13:42,38,ARRIVED_SECTION,f,13,Skirts & Dresses
13:42,40,BROWSING,c,3,Stockings
13:42,41,PAUSED,e,13,
13:42,42,BROWSING,g,10,Tops
13:42,43,BROWSING,g,3,Jeans
13:42,44,BROWSING,d,3,Stockings
13:42,45,BROWSING,g,10,Tops
13:42,46,ARRIVED_SECTION,g,10,Tops
13:43,47,ENTERED,h,8,gender~male age~adult
13:43,2,AT_CHECKOUT,b,7,
13:43,15,MOVING,e,9,
13:43,17,MOVING,b,6,
13:43,18,BROWSING,d,13,Hats & Handbags
13:43,20,BROWSING,c,10,Tops
13:43,25,MOVING,f,9,
13:43,26,BROWSING,f,13,Skirts & Dresses
13:43,27,BROWSING,g,10,Tops
13:43,28,BROWSING,d,13,Hats & Handbags
13:43,30,BROWSING,g,10,Tops
13:43,31,BROWSING,d,3,Stockings
13:43,36,ARRIVED_SECTION,h,13,Skirts & Dresses
13:43,38,BROWSING,f,13,Skirts & Dresses
13:43,39,MOVING,e,13,
13:43,41,PAUSED,e,13,
13:43,42,BROWSING,g,10,Tops
13:43,43,BROWSING,g,3,Jeans
13:43,45,BROWSING,g,10,Tops
13:43,46,BROWSING,g,10,Tops
13:43,47,MOVING,h,10,
13:44,2,AT_CHECKOUT,b,7,
13:44,15,MOVING,f,9,
13:44,17,MOVING,c,6,
13:44,20,BROWSING,c,10,Tops
13:44,25,MOVING,g,9,
13:44,26,BROWSING,f,13,Skirts & Dresses
13:44,27,BROWSING,g,10,Tops
13:44,28,BROWSING,d,13,Hats & Handbags
13:44,29,PAUSED,d,3,
13:44,30,BROWSING,g,10,Tops
13:44,31,BROWSING,d,3,Stockings
13:44,32,MOVING,g,5,
13:44,36,BROWSING,h,13,Skirts & Dresses
13:44,37,MOVING,a,3,
13:44,38,BROWSING,f,13,Skirts & Dresses
13:44,39,MOVING,e,12,
13:44,40,MOVING,b,3,
13:44,41,MOVING,d,13,
13:44,42,BROWSING,g,10,Tops
13:44,43,BROWSING,g,3,Jeans
13:44,44,MOVING,c,3,
13:44,45,BROWSING,g,10,Tops
13:44,47,MOVING,h,12,
13:45,2,AT_CHECKOUT,b,7,
13:45,15,MOVING,g,9,
13:45,17,MOVING,d,6,
13:45,18,MOVING,c,13,
13:45,20,BROWSING,c,10,Tops
13:45,25,PAUSED,g,9,
13:45,26,BROWSING,f,13,Skirts & Dresses
13:45,27,BROWSING,g,10,Tops
13:45,28,BROWSING,d,13,Hats & Handbags
13:45,29,PAUSED,d,3,
13:45,30,BROWSING,g,10,Tops
13:45,31,BROWSING,d,3,Stockings
13:45,32,MOVING,f,6,
13:45,36,BROWSING,h,13,Skirts & Dresses
13:45,37,MOVING,a,5,
13:45,38,BROWSING,f,13,Skirts & Dresses
13:45,39,MOVING,e,11,
13:45,40,MOVING,b,4,
13:45,41,MOVING,c,13,
13:45,43,BROWSING,g,3,Jeans
13:45,44,MOVING,b,3,
13:45,45,BROWSING,g,10,Tops
13:45,46,MOVING,g,7,
13:45,47,ARRIVED_SECTION,h,13,Skirts & Dresses
13:46,2,AT_CHECKOUT,b,7,
13:46,15,MOVING,h,9,
13:46,17,MOVING,e,6,
13:46,18,MOVING,b,13,
13:46,20,BROWSING,c,10,Tops
13:46,25,PAUSED,g,9,
13:46,26,BROWSING,f,13,Skirts & Dresses
13:46,27,BROWSING,g,10,Tops
13:46,28,BROWSING,d,13,Hats & Handbags
13:46,29,PAUSED,d,3,
13:46,30,BROWSING,g,10,Tops
13:46,31,BROWSING,d,3,Stockings
13:46,32,MOVING,e,7,
13:46,36,BROWSING,h,13,Skirts & Dresses
13:46,37,MOVING,a,7,
13:46,38,BROWSING,f,13,Skirts & Dresses
13:46,39,MOVING,e,10,
13:46,40,MOVING,b,5,
13:46,41,MOVING,b,13,
13:46,42,MOVING,e,10,
13:46,43,BROWSING,g,3,Jeans
13:46,44,MOVING,b,4,
13:46,45,BROWSING,g,10,Tops
13:46,46,MOVING,g,4,
13:46,47,BROWSING,h,13,Skirts & Dresses
13:47,2,CHECKOUT_COMPLETED,b,7,
13:47,15,EXITED,h,8,
13:47,17,MOVING,e,7,
13:47,18,ARRIVED_FITTING_AREA,a,13,
13:47,20,BROWSING,c,10,Tops
13:47,25,PAUSED,g,9,
13:47,26,BROWSING,f,13,Skirts & Dresses
13:47,27,BROWSING,g,10,Tops
13:47,29,MOVING,g,3,
13:47,31,BROWSING,d,3,Stockings
13:47,32,MOVING,e,9,
13:47,36,BROWSING,h,13,Skirts & Dresses
13:47,37,MOVING,a,9,
13:47,38,BROWSING,f,13,Skirts & Dresses
13:47,39,MOVING,e,9,
13:47,40,MOVING,b,6,
13:47,41,PAUSED,b,13,
13:47,42,MOVING,e,12,
13:47,43,BROWSING,g,3,Jeans
13:47,44,MOVING,b,5,
13:47,45,BROWSING,g,10,Tops
13:47,46,MOVING,d,4,
13:47,47,BROWSING,h,13,Skirts & Dresses
13:48,48,ENTERED,h,8,gender~female age~adult
13:48,2,MOVING,b,8,
13:48,17,MOVING,e,8,
13:48,18,ENTERED_FITTING,a,13,waited 0 ticks
13:48,20,BROWSING,c,10,Tops
13:48,25,MOVING,h,9,
13:48,26,BROWSING,f,13,Skirts & Dresses
13:48,27,BROWSING,g,10,Tops
13:48,28,MOVING,b,13,
13:48,29,MOVING,h,5,
13:48,30,MOVING,f,10,
13:48,31,BROWSING,d,3,Stockings
13:48,32,MOVING,e,11,
13:48,36,BROWSING,h,13,Skirts & Dresses
13:48,37,MOVING,a,11,
13:48,38,BROWSING,f,13,Skirts & Dresses
13:48,39,MOVING,e,8,
13:48,40,MOVING,b,7,
13:48,41,PAUSED,b,13,
13:48,42,ARRIVED_SECTION,d,13,Hats & Handbags
13:48,43,BROWSING,g,3,Jeans
13:48,44,MOVING,b,6,
13:48,45,BROWSING,g,10,Tops
13:48,46,ARRIVED_SECTION,d,3,Stockings
13:48,47,BROWSING,h,13,Skirts & Dresses
13:48,48,MOVING,f,8,
13:49,49,ENTERED,h,8,gender~female age~adult
13:49,2,MOVING,b,9,
13:49,17,MOVING,e,9,
13:49,20,BROWSING,c,10,Tops
13:49,25,EXITED,h,8,
13:49,26,BROWSING,f,13,Skirts & Dresses
13:49,27,BROWSING,g,10,Tops
13:49,28,ARRIVED_FITTING_AREA,a,13,
13:49,29,PAUSED,h,5,
13:49,30,MOVING,e,10,
13:49,31,BROWSING,d,3,Stockings
13:49,32,MOVING,e,13,
13:49,36,BROWSING,h,13,Skirts & Dresses
13:49,37,ARRIVED_FITTING_AREA,a,12,
13:49,38,BROWSING,f,13,Skirts & Dresses
13:49,39,MOVING,e,7,
13:49,40,JOINED_QUEUE,b,8,position #1
13:49,41,PAUSED,b,13,
13:49,42,BROWSING,d,13,Hats & Handbags
13:49,44,MOVING,b,7,
13:49,45,BROWSING,g,10,Tops
13:49,46,BROWSING,d,3,Stockings
13:49,47,BROWSING,h,13,Skirts & Dresses
13:49,48,MOVING,d,8,
13:49,49,MOVING,h,9,
13:50,40,REACHED_COUNTER,b,7,
13:50,2,MOVING,c,9,
13:50,17,MOVING,e,10,
13:50,20,BROWSING,c,10,Tops
13:50,26,BROWSING,f,13,Skirts & Dresses
13:50,27,BROWSING,g,10,Tops
13:50,28,ENTERED_FITTING,a,14,waited 0 ticks
13:50,29,PAUSED,h,5,
13:50,30,MOVING,e,11,
13:50,31,BROWSING,d,3,Stockings
13:50,32,ARRIVED_SECTION,d,13,Hats & Handbags
13:50,36,BROWSING,h,13,Skirts & Dresses
13:50,37,ENTERED_FITTING,a,12,waited 0 ticks
13:50,38,BROWSING,f,13,Skirts & Dresses
13:50,39,ARRIVED_SECTION,e,6,Pants
13:50,40,AT_CHECKOUT,b,7,
13:50,41,MOVING,b,12,
13:50,42,BROWSING,d,13,Hats & Handbags
13:50,43,MOVING,f,3,
13:50,44,MOVING,b,8,
13:50,45,BROWSING,g,10,Tops
13:50,47,BROWSING,h,13,Skirts & Dresses
13:50,48,MOVING,d,6,
13:50,49,MOVING,h,10,
13:51,2,MOVING,d,9,
13:51,17,MOVING,e,11,
13:51,20,BROWSING,c,10,Tops
13:51,27,BROWSING,g,10,Tops
13:51,29,PAUSED,h,5,
13:51,30,MOVING,e,12,
13:51,31,BROWSING,d,3,Stockings
13:51,32,BROWSING,d,13,Hats & Handbags
13:51,38,BROWSING,f,13,Skirts & Dresses
13:51,39,BROWSING,e,6,Pants
13:51,40,AT_CHECKOUT,b,7,
13:51,41,MOVING,b,11,
13:51,42,BROWSING,d,13,Hats & Handbags
13:51,43,MOVING,e,3,
13:51,44,MOVING,b,9,
13:51,45,BROWSING,g,10,Tops
13:51,46,MOVING,b,4,
13:51,47,BROWSING,h,13,Skirts & Dresses
13:51,48,MOVING,b,6,
13:51,49,MOVING,h,11,
13:52,50,ENTERED,h,8,gender~female age~senior
13:52,2,MOVING,e,9,
13:52,17,MOVING,e,12,
13:52,20,BROWSING,c,10,Tops
13:52,26,ARRIVED_SECTION,f,13,Tops
13:52,29,PAUSED,h,5,
13:52,30,MOVING,e,13,
13:52,32,BROWSING,d,13,Hats & Handbags
13:52,36,PAUSED,h,13,
13:52,38,BROWSING,f,13,Skirts & Dresses
13:52,39,BROWSING,e,6,Pants
13:52,40,AT_CHECKOUT,b,7,
13:52,41,MOVING,b,10,
13:52,42,BROWSING,d,13,Hats & Handbags
13:52,43,ARRIVED_SECTION,d,3,Stockings
13:52,44,MOVING,c,9,
13:52,45,BROWSING,g,10,Tops
13:52,46,MOVING,b,7,
13:52,47,BROWSING,h,13,Skirts & Dresses
13:52,48,MOVING,b,4,
13:52,49,MOVING,h,12,
13:52,50,MOVING,g,8,
13:53,2,MOVING,f,9,
13:53,17,MOVING,e,13,
13:53,26,BROWSING,f,13,Tops
13:53,27,MOVING,g,7,
13:53,29,EXITED,h,8,
13:53,30,ARRIVED_SECTION,d,13,Hats & Handbags
13:53,31,MOVING,c,3,
13:53,32,BROWSING,d,13,Hats & Handbags
13:53,36,PAUSED,h,13,
13:53,39,BROWSING,e,6,Pants
13:53,40,CHECKOUT_COMPLETED,b,7,
13:53,41,MOVING,b,9,
13:53,42,BROWSING,d,13,Hats & Handbags
13:53,43,BROWSING,d,3,Stockings
13:53,44,ARRIVED_SECTION,c,10,Tops
13:53,45,BROWSING,g,10,Tops
13:53,46,JOINED_QUEUE,b,8,position #1
13:53,47,BROWSING,h,13,Skirts & Dresses
13:53,48,ARRIVED_SECTION,b,3,Underwear
13:53,49,ARRIVED_SECTION,h,13,Skirts & Dresses
13:53,50,MOVING,f,8,
13:54,46,REACHED_COUNTER,b,7,
13:54,2,MOVING,g,9,
13:54,17,PAUSED,e,13,
13:54,20,MOVING,d,8,
13:54,26,BROWSING,f,13,Tops
13:54,27,MOVING,g,4,
13:54,30,BROWSING,d,13,Hats & Handbags
13:54,31,MOVING,b,3,
13:54,32,BROWSING,d,13,Hats & Handbags
13:54,36,PAUSED,h,13,
13:54,38,MOVING,e,13,
13:54,39,BROWSING,e,6,Pants
13:54,40,MOVING,b,8,
13:54,41,MOVING,b,8,
13:54,42,BROWSING,d,13,Hats & Handbags
13:54,43,BROWSING,d,3,Stockings
13:54,44,BROWSING,c,10,Tops
13:54,45,BROWSING,g,10,Tops
13:54,46,AT_CHECKOUT,b,7,
13:54,48,BROWSING,b,3,Underwear
13:54,49,BROWSING,h,13,Skirts & Dresses
13:54,50,MOVING,f,7,
13:55,51,ENTERED,h,8,gender~male age~senior
13:55,2,MOVING,h,9,
13:55,17,PAUSED,e,13,
13:55,20,ARRIVED_SECTION,d,6,Pants
13:55,26,BROWSING,f,13,Tops
13:55,27,PAUSED,g,4,
13:55,30,BROWSING,d,13,Hats & Handbags
13:55,31,MOVING,b,4,
13:55,32,BROWSING,d,13,Hats & Handbags
13:55,36,MOVING,e,13,
13:55,38,MOVING,d,13,
13:55,39,BROWSING,e,6,Pants
13:55,40,MOVING,b,9,
13:55,41,MOVING,b,7,
13:55,42,BROWSING,d,13,Hats & Handbags
13:55,43,BROWSING,d,3,Stockings
13:55,44,BROWSING,c,10,Tops
13:55,45,BROWSING,g,10,Tops
13:55,46,AT_CHECKOUT,b,7,
13:55,47,ARRIVED_SECTION,g,13,Tops
13:55,48,BROWSING,b,3,Underwear
13:55,49,BROWSING,h,13,Skirts & Dresses
13:55,50,ARRIVED_SECTION,f,6,Pants
13:55,51,MOVING,h,6,
13:56,52,ENTERED,h,8,gender~male age~adult
13:56,2,EXITED,h,8,
13:56,17,ARRIVED_SECTION,f,13,Skirts & Dresses
13:56,20,BROWSING,d,6,Pants
13:56,26,BROWSING,f,13,Tops
13:56,27,PAUSED,g,4,
13:56,30,BROWSING,d,13,Hats & Handbags
13:56,31,PAUSED,b,4,
13:56,32,BROWSING,d,13,Hats & Handbags
13:56,36,MOVING,b,13,
13:56,38,MOVING,c,13,
13:56,39,BROWSING,e,6,Pants
13:56,40,MOVING,c,9,
13:56,41,MOVING,b,6,
13:56,42,BROWSING,d,13,Hats & Handbags
13:56,44,BROWSING,c,10,Tops
13:56,45,BROWSING,g,10,Tops
13:56,46,AT_CHECKOUT,b,7,
13:56,47,BROWSING,g,13,Tops
13:56,48,BROWSING,b,3,Underwear
13:56,49,BROWSING,h,13,Skirts & Dresses
13:56,50,BROWSING,f,6,Pants
13:56,51,MOVING,h,4,
13:56,52,MOVING,f,8,
13:57,17,BROWSING,f,13,Skirts & Dresses
13:57,20,BROWSING,d,6,Pants
13:57,26,BROWSING,f,13,Tops
13:57,27,PAUSED,g,4,
13:57,30,BROWSING,d,13,Hats & Handbags
13:57,31,PAUSED,b,4,
13:57,32,BROWSING,d,13,Hats & Handbags
13:57,36,MOVING,b,10,
13:57,38,MOVING,b,13,
13:57,39,BROWSING,e,6,Pants
13:57,40,MOVING,d,9,
13:57,41,MOVING,b,5,
13:57,42,BROWSING,d,13,Hats & Handbags
13:57,43,MOVING,c,3,
13:57,44,BROWSING,c,10,Tops
13:57,45,BROWSING,g,10,Tops
13:57,46,AT_CHECKOUT,b,7,
13:57,47,BROWSING,g,13,Tops
13:57,48,BROWSING,b,3,Underwear
13:57,49,BROWSING,h,13,Skirts & Dresses
13:57,50,BROWSING,f,6,Pants
13:57,51,ARRIVED_SECTION,h,3,Jeans
13:57,52,MOVING,d,8,
13:58,53,ENTERED,h,8,gender~female age~young
13:58,17,BROWSING,f,13,Skirts & Dresses
13:58,20,BROWSING,d,6,Pants
13:58,26,BROWSING,f,13,Tops
13:58,27,PAUSED,g,4,
13:58,30,BROWSING,d,13,Hats & Handbags
13:58,31,PAUSED,b,4,
13:58,32,BROWSING,d,13,Hats & Handbags
13:58,36,MOVING,b,7,
13:58,38,MOVING,b,12,
13:58,39,BROWSING,e,6,Pants
13:58,40,MOVING,e,9,
13:58,41,MOVING,b,4,
13:58,42,BROWSING,d,13,Hats & Handbags
13:58,43,MOVING,b,3,
13:58,44,BROWSING,c,10,Tops
13:58,46,CHECKOUT_COMPLETED,b,7,
13:58,47,BROWSING,g,13,Tops
13:58,48,BROWSING,b,3,Underwear
13:58,49,BROWSING,h,13,Skirts & Dresses
13:58,50,BROWSING,f,6,Pants
13:58,51,BROWSING,h,3,Jeans
13:58,52,MOVING,d,6,
13:58,53,MOVING,e,9,
13:59,17,BROWSING,f,13,Skirts & Dresses
13:59,20,BROWSING,d,6,Pants
13:59,26,BROWSING,f,13,Tops
13:59,27,MOVING,d,4,
13:59,30,BROWSING,d,13,Hats & Handbags
13:59,31,MOVING,b,5,
13:59,32,BROWSING,d,13,Hats & Handbags
13:59,36,MOVING,b,4,
13:59,38,MOVING,b,11,
13:59,39,BROWSING,e,6,Pants
13:59,40,MOVING,f,9,
13:59,41,ARRIVED_SECTION,b,3,Underwear
13:59,43,MOVING,b,4,
13:59,44,BROWSING,c,10,Tops
13:59,45,MOVING,f,9,
13:59,46,MOVING,c,9,
13:59,47,BROWSING,g,13,Tops
13:59,48,BROWSING,b,3,Underwear
13:59,49,BROWSING,h,13,Skirts & Dresses
13:59,50,BROWSING,f,6,Pants
13:59,51,BROWSING,h,3,Jeans
13:59,52,MOVING,b,6,
13:59,53,MOVING,e,13,
14:00,17,BROWSING,f,13,Skirts & Dresses
14:00,20,BROWSING,d,6,Pants
14:00,26,BROWSING,f,13,Tops
14:00,27,ARRIVED_SECTION,d,3,Stockings
14:00,30,BROWSING,d,13,Hats & Handbags
14:00,31,MOVING,b,6,
14:00,32,BROWSING,d,13,Hats & Handbags
14:00,36,ARRIVED_SECTION,b,3,Underwear
14:00,38,MOVING,b,10,
14:00,39,BROWSING,e,6,Pants
14:00,40,MOVING,g,9,
14:00,41,BROWSING,b,3,Underwear
14:00,42,MOVING,b,13,
14:00,43,MOVING,b,5,
14:00,44,BROWSING,c,10,Tops
14:00,45,MOVING,f,7,
14:00,46,MOVING,f,9,
14:00,47,BROWSING,g,13,Tops
14:00,48,BROWSING,b,3,Underwear
14:00,49,BROWSING,h,13,Skirts & Dresses
14:00,50,BROWSING,f,6,Pants
14:00,52,MOVING,b,4,
14:00,53,ARRIVED_SECTION,d,13,Hats & Handbags
14:01,54,ENTERED,h,8,gender~female age~adult
14:01,17,BROWSING,f,13,Skirts & Dresses
14:01,20,BROWSING,d,6,Pants
14:01,26,BROWSING,f,13,Tops
14:01,27,BROWSING,d,3,Stockings
14:01,30,BROWSING,d,13,Hats & Handbags
14:01,31,MOVING,b,7,
14:01,32,BROWSING,d,13,Hats & Handbags
14:01,36,BROWSING,b,3,Underwear
14:01,38,MOVING,b,9,
14:01,39,BROWSING,e,6,Pants
14:01,40,MOVING,h,9,
14:01,41,BROWSING,b,3,Underwear
14:01,42,PAUSED,b,13,
14:01,43,MOVING,b,6,
14:01,44,BROWSING,c,10,Tops
14:01,45,ARRIVED_SECTION,f,6,Pants
14:01,46,EXITED,h,8,
14:01,47,BROWSING,g,13,Tops
14:01,48,BROWSING,b,3,Underwear
14:01,49,BROWSING,h,13,Skirts & Dresses
14:01,50,BROWSING,f,6,Pants
14:01,51,MOVING,f,3,
14:01,52,ARRIVED_SECTION,b,3,Underwear
14:01,53,BROWSING,d,13,Hats & Handbags
14:01,54,MOVING,g,8,
14:02,55,ENTERED,h,8,gender~male age~young
14:02,17,BROWSING,f,13,Skirts & Dresses
14:02,20,BROWSING,d,6,Pants
14:02,26,BROWSING,f,13,Tops
14:02,27,BROWSING,d,3,Stockings
14:02,30,BROWSING,d,13,Hats & Handbags
14:02,31,MOVING,b,8,
14:02,32,BROWSING,d,13,Hats & Handbags
14:02,36,BROWSING,b,3,Underwear
14:02,38,JOINED_QUEUE,b,8,position #1
14:02,39,BROWSING,e,6,Pants
14:02,40,EXITED,h,8,
14:02,41,BROWSING,b,3,Underwear
14:02,42,PAUSED,b,13,
14:02,43,MOVING,b,7,
14:02,44,BROWSING,c,10,Tops
14:02,45,BROWSING,f,6,Pants
14:02,47,BROWSING,g,13,Tops
14:02,48,BROWSING,b,3,Underwear
14:02,49,BROWSING,h,13,Skirts & Dresses
14:02,51,MOVING,d,3,
14:02,52,BROWSING,b,3,Underwear
14:02,53,BROWSING,d,13,Hats & Handbags
14:02,54,MOVING,g,9,
14:02,55,MOVING,h,5,
14:03,38,REACHED_COUNTER,b,7,
14:03,17,BROWSING,f,13,Skirts & Dresses
14:03,20,BROWSING,d,6,Pants
14:03,26,BROWSING,f,13,Tops
14:03,27,BROWSING,d,3,Stockings
14:03,30,BROWSING,d,13,Hats & Handbags
14:03,31,MOVING,b,9,
14:03,32,BROWSING,d,13,Hats & Handbags
14:03,36,BROWSING,b,3,Underwear
14:03,38,AT_CHECKOUT,b,7,
14:03,39,BROWSING,e,6,Pants
14:03,41,BROWSING,b,3,Underwear
14:03,42,PAUSED,b,13,
14:03,43,PAUSED,b,7,
14:03,44,BROWSING,c,10,Tops
14:03,45,BROWSING,f,6,Pants
14:03,47,BROWSING,g,13,Tops
14:03,48,BROWSING,b,3,Underwear
14:03,49,BROWSING,h,13,Skirts & Dresses
14:03,50,MOVING,e,6,
14:03,51,MOVING,b,3,
14:03,52,BROWSING,b,3,Underwear
14:03,53,BROWSING,d,13,Hats & Handbags
14:03,54,ARRIVED_SECTION,g,10,Tops
14:03,55,ARRIVED_SECTION,h,3,Jeans
14:04,17,BROWSING,f,13,Skirts & Dresses
14:04,20,BROWSING,d,6,Pants
14:04,26,BROWSING,f,13,Tops
14:04,27,BROWSING,d,3,Stockings
14:04,31,MOVING,b,10,
14:04,32,BROWSING,d,13,Hats & Handbags
14:04,36,BROWSING,b,3,Underwear
14:04,38,AT_CHECKOUT,b,7,
14:04,39,BROWSING,e,6,Pants
14:04,41,BROWSING,b,3,Underwear
14:04,42,PAUSED,b,13,
14:04,43,PAUSED,b,7,
14:04,45,BROWSING,f,6,Pants
14:04,47,BROWSING,g,13,Tops
14:04,48,BROWSING,b,3,Underwear
14:04,49,BROWSING,h,13,Skirts & Dresses
14:04,50,MOVING,d,6,
14:04,51,MOVING,b,5,
14:04,52,BROWSING,b,3,Underwear
14:04,53,BROWSING,d,13,Hats & Handbags
14:04,54,BROWSING,g,10,Tops
14:04,55,BROWSING,h,3,Jeans
14:05,17,BROWSING,f,13,Skirts & Dresses
14:05,18,LEFT_FITTING,a,13,
14:05,20,BROWSING,d,6,Pants
14:05,26,BROWSING,f,13,Tops
14:05,27,BROWSING,d,3,Stockings
14:05,30,MOVING,e,13,
14:05,31,MOVING,b,11,
14:05,36,BROWSING,b,3,Underwear
14:05,38,AT_CHECKOUT,b,7,
14:05,41,BROWSING,b,3,Underwear
14:05,42,MOVING,b,11,
14:05,43,PAUSED,b,7,
14:05,44,MOVING,d,10,
14:05,45,BROWSING,f,6,Pants
14:05,47,BROWSING,g,13,Tops
14:05,48,BROWSING,b,3,Underwear
14:05,50,MOVING,c,6,
14:05,51,MOVING,b,7,
14:05,53,BROWSING,d,13,Hats & Handbags
14:05,54,BROWSING,g,10,Tops
14:05,55,BROWSING,h,3,Jeans
14:06,17,BROWSING,f,13,Skirts & Dresses
14:06,18,MOVING,b,13,
14:06,20,BROWSING,d,6,Pants
14:06,26,BROWSING,f,13,Tops
14:06,27,BROWSING,d,3,Stockings
14:06,30,PAUSED,e,13,
14:06,31,MOVING,b,12,
14:06,32,ARRIVED_SECTION,f,13,Skirts & Dresses
14:06,36,BROWSING,b,3,Underwear
14:06,38,AT_CHECKOUT,b,7,
14:06,39,MOVING,f,6,
14:06,41,BROWSING,b,3,Underwear
14:06,42,PAUSED,b,11,
14:06,43,PAUSED,b,7,
14:06,44,MOVING,d,9,
14:06,45,BROWSING,f,6,Pants
14:06,48,BROWSING,b,3,Underwear
14:06,49,MOVING,h,12,
14:06,50,MOVING,b,6,
14:06,51,JOINED_QUEUE,b,8,position #2
14:06,52,MOVING,b,5,
14:06,54,BROWSING,g,10,Tops
14:06,55,BROWSING,h,3,Jeans
14:07,17,BROWSING,f,13,Skirts & Dresses
14:07,18,MOVING,b,12,
14:07,20,BROWSING,d,6,Pants
14:07,26,BROWSING,f,13,Tops
14:07,27,BROWSING,d,3,Stockings
14:07,30,PAUSED,e,13,
14:07,31,PAUSED,b,12,
14:07,32,BROWSING,f,13,Skirts & Dresses
14:07,36,BROWSING,b,3,Underwear
14:07,38,CHECKOUT_COMPLETED,b,7,
14:07,39,PAUSED,f,6,
14:07,41,BROWSING,b,3,Underwear
14:07,42,PAUSED,b,11,
14:07,43,PAUSED,b,7,
14:07,44,MOVING,d,8,
14:07,45,BROWSING,f,6,Pants
14:07,47,MOVING,h,12,
14:07,49,MOVING,h,11,
14:07,50,MOVING,b,5,
14:07,51,IN_QUEUE,b,8,position #1
14:07,52,MOVING,b,7,
14:07,53,MOVING,b,11,
14:07,54,BROWSING,g,10,Tops
14:07,55,BROWSING,h,3,Jeans
14:08,56,ENTERED,h,8,gender~female age~senior
14:08,51,REACHED_COUNTER,b,7,
14:08,17,BROWSING,f,13,Skirts & Dresses
14:08,18,MOVING,b,11,
14:08,20,BROWSING,d,6,Pants
14:08,26,BROWSING,f,13,Tops
14:08,27,BROWSING,d,3,Stockings
14:08,28,LEFT_FITTING,a,14,
14:08,30,ARRIVED_SECTION,f,13,Skirts & Dresses
14:08,31,PAUSED,b,12,
14:08,32,BROWSING,f,13,Skirts & Dresses
14:08,36,BROWSING,b,3,Underwear
14:08,37,LEFT_FITTING,a,12,
14:08,38,PAUSED,b,7,
14:08,39,PAUSED,f,6,
14:08,41,BROWSING,b,3,Underwear
14:08,42,MOVING,b,9,
14:08,43,PAUSED,b,7,
14:08,44,MOVING,d,7,
14:08,45,BROWSING,f,6,Pants
14:08,47,MOVING,h,10,
14:08,48,ARRIVED_SECTION,c,4,Pants
14:08,49,MOVING,h,10,
14:08,50,MOVING,b,4,
14:08,51,AT_CHECKOUT,b,7,
14:08,52,MOVING,b,9,
14:08,53,MOVING,b,7,
14:08,54,BROWSING,g,10,Tops
14:08,55,BROWSING,h,3,Jeans
14:08,56,MOVING,g,8,
14:09,57,ENTERED,h,8,gender~female age~adult
14:09,17,BROWSING,f,13,Skirts & Dresses
14:09,18,MOVING,b,10,
14:09,20,BROWSING,d,6,Pants
14:09,26,BROWSING,f,13,Tops
14:09,27,BROWSING,d,3,Stockings
14:09,28,MOVING,b,13,
14:09,30,BROWSING,f,13,Skirts & Dresses
14:09,31,MOVING,b,13,
14:09,32,BROWSING,f,13,Skirts & Dresses
14:09,36,BROWSING,b,3,Underwear
14:09,37,MOVING,b,11,
14:09,38,PAUSED,b,7,
14:09,39,MOVING,g,6,
14:09,42,MOVING,b,7,
14:09,43,MOVING,b,8,
14:09,44,ARRIVED_SECTION,d,6,Pants
14:09,45,BROWSING,f,6,Pants
14:09,47,MOVING,g,9,
14:09,48,BROWSING,c,4,Pants
14:09,49,PAUSED,h,10,
14:09,50,ARRIVED_SECTION,b,3,Underwear
14:09,51,AT_CHECKOUT,b,7,
14:09,52,MOVING,b,11,
14:09,53,ARRIVED_SECTION,b,3,Underwear
14:09,54,BROWSING,g,10,Tops
14:09,55,BROWSING,h,3,Jeans
14:09,56,MOVING,f,8,
14:09,57,MOVING,g,8,
14:10,17,BROWSING,f,13,Skirts & Dresses
14:10,18,MOVING,b,9,
14:10,20,BROWSING,d,6,Pants
14:10,26,BROWSING,f,13,Tops
14:10,27,BROWSING,d,3,Stockings
14:10,28,MOVING,b,11,
14:10,30,BROWSING,f,13,Skirts & Dresses
14:10,31,ARRIVED_SECTION,c,13,Hats & Handbags
14:10,32,BROWSING,f,13,Skirts & Dresses
14:10,36,BROWSING,b,3,Underwear
14:10,37,MOVING,b,9,
14:10,38,MOVING,b,8,
14:10,39,MOVING,g,5,
14:10,41,MOVING,c,3,
14:10,42,MOVING,b,5,
14:10,43,MOVING,b,9,
14:10,44,BROWSING,d,6,Pants
14:10,45,BROWSING,f,6,Pants
14:10,47,MOVING,g,7,
14:10,48,BROWSING,c,4,Pants
14:10,49,PAUSED,h,10,
14:10,50,BROWSING,b,3,Underwear
14:10,51,AT_CHECKOUT,b,7,
14:10,52,MOVING,b,13,
14:10,53,BROWSING,b,3,Underwear
14:10,55,BROWSING,h,3,Jeans
14:10,56,MOVING,f,7,
14:10,57,MOVING,g,7,
14:11,17,BROWSING,f,13,Skirts & Dresses
14:11,18,JOINED_QUEUE,b,8,position #2
14:11,26,BROWSING,f,13,Tops
14:11,27,BROWSING,d,3,Stockings
14:11,28,MOVING,b,9,
14:11,30,BROWSING,f,13,Skirts & Dresses
14:11,31,BROWSING,c,13,Hats & Handbags
14:11,32,BROWSING,f,13,Skirts & Dresses
14:11,36,BROWSING,b,3,Underwear
14:11,37,JOINED_QUEUE,b,8,position #3
14:11,38,MOVING,b,9,
14:11,39,MOVING,g,4,
14:11,41,ARRIVED_SECTION,c,4,Pants
14:11,42,MOVING,c,4,
14:11,43,MOVING,c,9,
14:11,44,BROWSING,d,6,Pants
14:11,45,BROWSING,f,6,Pants
14:11,47,MOVING,g,5,
14:11,48,BROWSING,c,4,Pants
14:11,49,MOVING,g,10,
14:11,50,BROWSING,b,3,Underwear
14:11,51,AT_CHECKOUT,b,7,
14:11,52,ARRIVED_SECTION,c,13,Hats & Handbags
14:11,53,BROWSING,b,3,Underwear
14:11,54,MOVING,g,9,
14:11,55,BROWSING,h,3,Jeans
14:11,56,ARRIVED_SECTION,f,6,Pants
14:11,57,MOVING,g,6,
14:12,58,ENTERED,h,8,gender~female age~adult
14:12,17,BROWSING,f,13,Skirts & Dresses
14:12,18,IN_QUEUE,b,8,position #2
14:12,20,MOVING,e,8,
14:12,27,BROWSING,d,3,Stockings
14:12,28,JOINED_QUEUE,b,8,position #4
14:12,30,BROWSING,f,13,Skirts & Dresses
14:12,31,BROWSING,c,13,Hats & Handbags
14:12,32,BROWSING,f,13,Skirts & Dresses
14:12,36,BROWSING,b,3,Underwear
14:12,37,IN_QUEUE,b,8,position #3
14:12,38,MOVING,c,9,
14:12,39,PAUSED,g,4,
14:12,41,BROWSING,c,4,Pants
14:12,42,ARRIVED_SECTION,c,3,Stockings
14:12,43,ARRIVED_SECTION,c,10,Tops
14:12,44,BROWSING,d,6,Pants
14:12,45,BROWSING,f,6,Pants
14:12,47,MOVING,f,4,
14:12,48,BROWSING,c,4,Pants
14:12,49,MOVING,f,10,
14:12,50,BROWSING,b,3,Underwear
14:12,51,AT_CHECKOUT,b,7,
14:12,52,BROWSING,c,13,Hats & Handbags
14:12,53,BROWSING,b,3,Underwear
14:12,54,MOVING,g,8,
14:12,55,BROWSING,h,3,Jeans
14:12,56,BROWSING,f,6,Pants
14:12,57,MOVING,g,5,
14:12,58,MOVING,g,8,
14:13,17,BROWSING,f,13,Skirts & Dresses
14:13,18,IN_QUEUE,b,8,position #2
14:13,20,PAUSED,e,8,
14:13,26,ARRIVED_SECTION,d,13,Hats & Handbags
14:13,27,BROWSING,d,3,Stockings
14:13,28,IN_QUEUE,b,8,position #4
14:13,30,BROWSING,f,13,Skirts & Dresses
14:13,31,BROWSING,c,13,Hats & Handbags
14:13,32,BROWSING,f,13,Skirts & Dresses
14:13,36,BROWSING,b,3,Underwear
14:13,37,IN_QUEUE,b,8,position #3
14:13,38,MOVING,d,9,
14:13,39,PAUSED,g,4,
14:13,41,BROWSING,c,4,Pants
14:13,42,BROWSING,c,3,Stockings
14:13,43,BROWSING,c,10,Tops
14:13,44,BROWSING,d,6,Pants
14:13,45,BROWSING,f,6,Pants
14:13,47,MOVING,d,4,
14:13,48,BROWSING,c,4,Pants
14:13,49,MOVING,f,9,
14:13,50,BROWSING,b,3,Underwear
14:13,51,CHECKOUT_COMPLETED,b,7,
14:13,52,BROWSING,c,13,Hats & Handbags
14:13,54,MOVING,g,7,
14:13,55,BROWSING,h,3,Jeans
14:13,56,BROWSING,f,6,Pants
14:13,57,MOVING,g,4,
14:13,58,MOVING,g,9,
14:14,18,REACHED_COUNTER,b,7,
14:14,17,BROWSING,f,13,Skirts & Dresses
14:14,18,AT_CHECKOUT,b,7,
14:14,20,PAUSED,e,8,
14:14,26,BROWSING,d,13,Hats & Handbags
14:14,27,BROWSING,d,3,Stockings
14:14,28,ABANDONED_QUEUE,b,8,position #3
14:14,30,BROWSING,f,13,Skirts & Dresses
14:14,31,BROWSING,c,13,Hats & Handbags
14:14,32,BROWSING,f,13,Skirts & Dresses
14:14,37,IN_QUEUE,b,8,position #2
14:14,38,MOVING,e,9,
14:14,39,ARRIVED_SECTION,g,3,Jeans
14:14,41,BROWSING,c,4,Pants
14:14,42,BROWSING,c,3,Stockings
14:14,43,BROWSING,c,10,Tops
14:14,44,BROWSING,d,6,Pants
14:14,47,ARRIVED_SECTION,d,3,Stockings
14:14,48,BROWSING,c,4,Pants
14:14,49,MOVING,f,8,
14:14,50,BROWSING,b,3,Underwear
14:14,51,MOVING,b,9,
14:14,52,BROWSING,c,13,Hats & Handbags
14:14,53,MOVING,c,6,
14:14,54,MOVING,g,6,
14:14,56,BROWSING,f,6,Pants
14:14,57,MOVING,f,4,
14:14,58,ARRIVED_SECTION,g,10,Tops
14:15,17,BROWSING,f,13,Skirts & Dresses
14:15,18,AT_CHECKOUT,b,7,
14:15,20,PAUSED,e,8,
14:15,26,BROWSING,d,13,Hats & Handbags
14:15,27,BROWSING,d,3,Stockings
14:15,28,MOVING,c,9,
14:15,30,BROWSING,f,13,Skirts & Dresses
14:15,31,BROWSING,c,13,Hats & Handbags
14:15,32,BROWSING,f,13,Skirts & Dresses
14:15,36,PAUSED,b,3,
14:15,37,IN_QUEUE,b,8,position #2
14:15,38,MOVING,f,9,
14:15,39,BROWSING,g,3,Jeans
14:15,41,BROWSING,c,4,Pants
14:15,42,BROWSING,c,3,Stockings
14:15,43,BROWSING,c,10,Tops
14:15,44,BROWSING,d,6,Pants
14:15,45,PAUSED,f,6,
14:15,47,BROWSING,d,3,Stockings
14:15,48,BROWSING,c,4,Pants
14:15,49,MOVING,f,7,
14:15,50,BROWSING,b,3,Underwear
14:15,51,MOVING,d,9,
14:15,53,MOVING,e,8,
14:15,54,MOVING,g,5,
14:15,55,PAUSED,h,3,
14:15,56,BROWSING,f,6,Pants
14:15,57,MOVING,e,4,
14:15,58,BROWSING,g,10,Tops
14:16,18,AT_CHECKOUT,b,7,
14:16,20,PAUSED,e,8,
14:16,26,BROWSING,d,13,Hats & Handbags
14:16,27,BROWSING,d,3,Stockings
14:16,28,MOVING,e,9,
14:16,30,BROWSING,f,13,Skirts & Dresses
14:16,31,BROWSING,c,13,Hats & Handbags
14:16,32,BROWSING,f,13,Skirts & Dresses
14:16,36,PAUSED,b,3,
14:16,37,IN_QUEUE,b,8,position #2
14:16,38,MOVING,g,9,
14:16,39,BROWSING,g,3,Jeans
14:16,41,BROWSING,c,4,Pants
14:16,42,BROWSING,c,3,Stockings
14:16,43,BROWSING,c,10,Tops
14:16,44,BROWSING,d,6,Pants
14:16,45,PAUSED,f,6,
14:16,47,BROWSING,d,3,Stockings
14:16,48,BROWSING,c,4,Pants
14:16,49,PAUSED,f,7,
14:16,50,BROWSING,b,3,Underwear
14:16,51,MOVING,f,9,
14:16,52,ARRIVED_FITTING_AREA,a,13,
14:16,53,MOVING,e,12,
14:16,54,MOVING,g,4,
14:16,55,PAUSED,h,3,
14:16,56,BROWSING,f,6,Pants
14:16,57,MOVING,d,4,
14:16,58,BROWSING,g,10,Tops
14:17,17,MOVING,e,13,
14:17,18,CHECKOUT_COMPLETED,b,7,
14:17,20,MOVING,e,11,
14:17,26,BROWSING,d,13,Hats & Handbags
14:17,27,BROWSING,d,3,Stockings
14:17,28,PAUSED,e,9,
14:17,30,BROWSING,f,13,Skirts & Dresses
14:17,31,BROWSING,c,13,Hats & Handbags
14:17,32,BROWSING,f,13,Skirts & Dresses
14:17,36,PAUSED,b,3,
14:17,37,IN_QUEUE,b,8,position #1
14:17,38,MOVING,h,9,
14:17,39,BROWSING,g,3,Jeans
14:17,41,BROWSING,c,4,Pants
14:17,42,BROWSING,c,3,Stockings
14:17,45,PAUSED,f,6,
14:17,47,BROWSING,d,3,Stockings
14:17,48,BROWSING,c,4,Pants
14:17,49,PAUSED,f,7,
14:17,50,BROWSING,b,3,Underwear
14:17,51,MOVING,h,9,
14:17,52,ENTERED_FITTING,a,13,waited 0 ticks
14:17,53,ARRIVED_SECTION,f,13,Skirts & Dresses
14:17,54,PAUSED,g,4,
14:17,55,ARRIVED_SECTION,f,4,Pants
14:17,56,BROWSING,f,6,Pants
14:17,57,ARRIVED_SECTION,d,3,Stockings
14:17,58,BROWSING,g,10,Tops
14:18,59,ENTERED,h,8,gender~female age~young
14:18,37,REACHED_COUNTER,b,7,
14:18,17,MOVING,d,13,
14:18,18,MOVING,b,8,
14:18,20,ARRIVED_SECTION,f,13,Skirts & Dresses
14:18,26,BROWSING,d,13,Hats & Handbags
14:18,28,PAUSED,e,9,
14:18,31,BROWSING,c,13,Hats & Handbags
14:18,32,BROWSING,f,13,Skirts & Dresses
14:18,36,MOVING,b,6,
14:18,37,AT_CHECKOUT,b,7,
14:18,38,EXITED,h,8,
14:18,39,BROWSING,g,3,Jeans
14:18,41,BROWSING,c,4,Pants
14:18,42,BROWSING,c,3,Stockings
14:18,43,MOVING,b,10,
14:18,44,MOVING,c,6,
14:18,45,MOVING,g,5,
14:18,47,BROWSING,d,3,Stockings
14:18,48,BROWSING,c,4,Pants
14:18,49,ARRIVED_SECTION,f,6,Pants
14:18,50,BROWSING,b,3,Underwear
14:18,51,EXITED,h,8,
14:18,53,BROWSING,f,13,Skirts & Dresses
14:18,54,PAUSED,g,4,
14:18,55,BROWSING,f,4,Pants
14:18,56,BROWSING,f,6,Pants
14:18,57,BROWSING,d,3,Stockings
14:18,58,BROWSING,g,10,Tops
14:18,59,MOVING,f,8,
14:19,17,MOVING,c,13,
14:19,18,PAUSED,b,8,
14:19,20,BROWSING,f,13,Skirts & Dresses
14:19,26,BROWSING,d,13,Hats & Handbags
14:19,27,MOVING,a,3,
14:19,28,PAUSED,e,9,
14:19,30,MOVING,e,13,
14:19,32,BROWSING,f,13,Skirts & Dresses
14:19,36,MOVING,b,9,
14:19,37,AT_CHECKOUT,b,7,
14:19,39,BROWSING,g,3,Jeans
14:19,41,BROWSING,c,4,Pants
14:19,42,BROWSING,c,3,Stockings
14:19,43,MOVING,b,9,
14:19,44,MOVING,b,6,
14:19,45,MOVING,f,4,
14:19,48,BROWSING,c,4,Pants
14:19,49,BROWSING,f,6,Pants
14:19,50,BROWSING,b,3,Underwear
14:19,53,BROWSING,f,13,Skirts & Dresses
14:19,54,PAUSED,g,4,
14:19,55,BROWSING,f,4,Pants
14:19,56,BROWSING,f,6,Pants
14:19,57,BROWSING,d,3,Stockings
14:19,58,BROWSING,g,10,Tops
14:19,59,ARRIVED_SECTION,f,6,Pants
14:20,60,ENTERED,h,8,gender~male age~adult
14:20,17,PAUSED,c,13,
14:20,18,PAUSED,b,8,
14:20,20,BROWSING,f,13,Skirts & Dresses
14:20,26,BROWSING,d,13,Hats & Handbags
14:20,27,MOVING,a,6,
14:20,28,PAUSED,e,9,
14:20,30,MOVING,d,13,
14:20,31,MOVING,b,13,
14:20,36,ARRIVED_SECTION,c,10,Tops
14:20,37,AT_CHECKOUT,b,7,
14:20,39,BROWSING,g,3,Jeans
14:20,42,BROWSING,c,3,Stockings
14:20,43,JOINED_QUEUE,b,8,position #2
14:20,44,MOVING,b,5,
14:20,45,MOVING,d,4,
14:20,47,PAUSED,d,3,
14:20,48,BROWSING,c,4,Pants
14:20,49,BROWSING,f,6,Pants
14:20,50,BROWSING,b,3,Underwear
14:20,53,BROWSING,f,13,Skirts & Dresses
14:20,54,PAUSED,g,4,
14:20,55,BROWSING,f,4,Pants
14:20,57,BROWSING,d,3,Stockings
14:20,58,BROWSING,g,10,Tops
14:20,59,BROWSING,f,6,Pants
14:20,60,MOVING,g,8,
14:21,17,PAUSED,c,13,
14:21,18,MOVING,b,9,
14:21,20,BROWSING,f,13,Skirts & Dresses
14:21,26,BROWSING,d,13,Hats & Handbags
14:21,27,MOVING,a,9,
14:21,28,MOVING,g,9,
14:21,30,MOVING,c,13,
14:21,31,MOVING,b,12,
14:21,32,MOVING,d,13,
14:21,36,BROWSING,c,10,Tops
14:21,37,AT_CHECKOUT,b,7,
14:21,39,BROWSING,g,3,Jeans
14:21,41,MOVING,b,4,
14:21,42,BROWSING,c,3,Stockings
14:21,43,IN_QUEUE,b,8,position #2
14:21,44,MOVING,b,4,
14:21,45,ARRIVED_SECTION,d,3,Stockings
14:21,47,PAUSED,d,3,
14:21,48,BROWSING,c,4,Pants
14:21,49,BROWSING,f,6,Pants
14:21,50,BROWSING,b,3,Underwear
14:21,54,MOVING,f,4,
14:21,55,BROWSING,f,4,Pants
14:21,56,MOVING,e,6,
14:21,57,BROWSING,d,3,Stockings
14:21,58,BROWSING,g,10,Tops
14:21,59,BROWSING,f,6,Pants
14:21,60,MOVING,f,8,
14:22,17,MOVING,b,13,
14:22,18,MOVING,c,9,
14:22,20,BROWSING,f,13,Skirts & Dresses
14:22,26,BROWSING,d,13,Hats & Handbags
14:22,27,ARRIVED_FITTING_AREA,a,12,
14:22,28,EXITED,h,8,
14:22,30,MOVING,b,13,
14:22,31,MOVING,b,11,
14:22,32,MOVING,b,13,
14:22,36,BROWSING,c,10,Tops
14:22,37,AT_CHECKOUT,b,7,
14:22,39,BROWSING,g,3,Jeans
14:22,41,MOVING,b,5,
14:22,42,BROWSING,c,3,Stockings
14:22,43,ABANDONED_QUEUE,b,8,position #2
14:22,44,ARRIVED_SECTION,b,3,Underwear
14:22,45,BROWSING,d,3,Stockings
14:22,47,ARRIVED_SECTION,b,3,Underwear
14:22,48,BROWSING,c,4,Pants
14:22,49,BROWSING,f,6,Pants
14:22,53,MOVING,e,10,
14:22,54,MOVING,e,4,
14:22,55,BROWSING,f,4,Pants
14:22,56,MOVING,d,6,
14:22,57,BROWSING,d,3,Stockings
14:22,58,BROWSING,g,10,Tops
14:22,59,BROWSING,f,6,Pants
14:22,60,MOVING,e,8,
14:23,17,ARRIVED_FITTING_AREA,a,13,
14:23,18,MOVING,d,9,
14:23,20,BROWSING,f,13,Skirts & Dresses
14:23,26,BROWSING,d,13,Hats & Handbags
14:23,27,ENTERED_FITTING,a,12,waited 0 ticks
14:23,30,ARRIVED_FITTING_AREA,a,13,
14:23,31,MOVING,b,10,
14:23,32,MOVING,b,11,
14:23,36,BROWSING,c,10,Tops
14:23,37,AT_CHECKOUT,b,7,
14:23,39,BROWSING,g,3,Jeans
14:23,41,MOVING,b,6,
14:23,42,BROWSING,c,3,Stockings
14:23,43,MOVING,b,9,
14:23,44,BROWSING,b,3,Underwear
14:23,45,BROWSING,d,3,Stockings
14:23,47,BROWSING,b,3,Underwear
14:23,48,BROWSING,c,4,Pants
14:23,49,BROWSING,f,6,Pants
14:23,50,MOVING,c,3,
14:23,53,ARRIVED_SECTION,e,6,Pants
14:23,54,MOVING,d,4,
14:23,55,BROWSING,f,4,Pants
14:23,56,MOVING,c,6,
14:23,57,BROWSING,d,3,Stockings
14:23,58,BROWSING,g,10,Tops
14:23,59,BROWSING,f,6,Pants
14:23,60,MOVING,d,8,
14:24,17,ENTERED_FITTING,a,14,waited 0 ticks
14:24,18,PAUSED,d,9,
14:24,20,BROWSING,f,13,Skirts & Dresses
14:24,26,BROWSING,d,13,Hats & Handbags
14:24,30,GAVE_UP_FITTING,a,13,waited 0 ticks
14:24,31,MOVING,b,9,
14:24,32,MOVING,b,9,
14:24,36,BROWSING,c,10,Tops
14:24,37,AT_CHECKOUT,b,7,
14:24,41,MOVING,b,7,
14:24,42,BROWSING,c,3,Stockings
14:24,43,MOVING,c,9,
14:24,44,BROWSING,b,3,Underwear
14:24,45,BROWSING,d,3,Stockings
14:24,47,BROWSING,b,3,Underwear
14:24,48,BROWSING,c,4,Pants
14:24,49,BROWSING,f,6,Pants
14:24,50,MOVING,d,3,
14:24,53,BROWSING,e,6,Pants
14:24,54,ARRIVED_SECTION,d,3,Stockings
14:24,55,BROWSING,f,4,Pants
14:24,56,MOVING,b,6,
14:24,57,BROWSING,d,3,Stockings
14:24,58,BROWSING,g,10,Tops
14:24,59,BROWSING,f,6,Pants
14:24,60,MOVING,d,7,
14:25,18,PAUSED,d,9,
14:25,20,BROWSING,f,13,Skirts & Dresses
14:25,26,BROWSING,d,13,Hats & Handbags
14:25,30,MOVING,b,13,
14:25,31,JOINED_QUEUE,b,8,position #2
14:25,32,MOVING,b,7,
14:25,36,BROWSING,c,10,Tops
14:25,37,AT_CHECKOUT,b,7,
14:25,39,MOVING,g,4,
14:25,41,MOVING,b,8,
14:25,42,BROWSING,c,3,Stockings
14:25,43,MOVING,d,9,
14:25,44,BROWSING,b,3,Underwear
14:25,45,BROWSING,d,3,Stockings
14:25,47,BROWSING,b,3,Underwear
14:25,48,BROWSING,c,4,Pants
14:25,49,BROWSING,f,6,Pants
14:25,50,MOVING,e,3,
14:25,53,BROWSING,e,6,Pants
14:25,54,BROWSING,d,3,Stockings
14:25,56,MOVING,b,5,
14:25,57,BROWSING,d,3,Stockings
14:25,58,BROWSING,g,10,Tops
14:25,59,BROWSING,f,6,Pants
14:25,60,MOVING,d,6,
14:26,18,PAUSED,d,9,
14:26,20,BROWSING,f,13,Skirts & Dresses
14:26,30,PAUSED,b,13,
14:26,31,IN_QUEUE,b,8,position #2
14:26,32,MOVING,b,5,
14:26,36,BROWSING,c,10,Tops
14:26,37,AT_CHECKOUT,b,7,
14:26,39,MOVING,g,5,
14:26,41,MOVING,b,9,
14:26,43,MOVING,e,9,
14:26,44,BROWSING,b,3,Underwear
14:26,45,BROWSING,d,3,Stockings
14:26,50,MOVING,f,3,
14:26,53,BROWSING,e,6,Pants
14:26,54,BROWSING,d,3,Stockings
14:26,55,PAUSED,f,4,
14:26,56,MOVING,b,4,
14:26,57,BROWSING,d,3,Stockings
14:26,58,BROWSING,g,10,Tops
14:26,59,BROWSING,f,6,Pants
14:26,60,MOVING,c,6,
14:27,61,ENTERED,h,8,gender~female age~senior
14:27,18,MOVING,e,9,
14:27,20,BROWSING,f,13,Skirts & Dresses
14:27,26,MOVING,e,12,
14:27,30,PAUSED,b,13,
14:27,31,IN_QUEUE,b,8,position #2
14:27,32,MOVING,c,4,
14:27,36,BROWSING,c,10,Tops
14:27,37,AT_CHECKOUT,b,7,
14:27,39,MOVING,g,6,
14:27,41,MOVING,c,9,
14:27,42,MOVING,e,3,
14:27,43,MOVING,f,9,
14:27,44,BROWSING,b,3,Underwear
14:27,45,BROWSING,d,3,Stockings
14:27,47,MOVING,b,5,
14:27,48,MOVING,e,4,
14:27,49,MOVING,g,6,
14:27,50,ARRIVED_SECTION,g,3,Jeans
14:27,52,LEFT_FITTING,a,13,
14:27,53,BROWSING,e,6,Pants
14:27,54,BROWSING,d,3,Stockings
14:27,55,PAUSED,f,4,
14:27,56,ARRIVED_SECTION,b,3,Underwear
14:27,57,BROWSING,d,3,Stockings
14:27,59,BROWSING,f,6,Pants
14:27,60,MOVING,b,6,
14:27,61,MOVING,g,9,
14:28,62,ENTERED,h,8,gender~female age~adult
14:28,18,MOVING,f,9,
14:28,20,BROWSING,f,13,Skirts & Dresses
14:28,26,MOVING,e,10,
14:28,30,PAUSED,b,13,
14:28,31,IN_QUEUE,b,8,position #2
14:28,32,ARRIVED_SECTION,c,3,Stockings
14:28,36,BROWSING,c,10,Tops
14:28,37,CHECKOUT_COMPLETED,b,7,
14:28,39,MOVING,g,7,
14:28,41,ARRIVED_SECTION,c,10,Tops
14:28,42,MOVING,g,3,
14:28,43,MOVING,g,9,
14:28,44,BROWSING,b,3,Underwear
14:28,45,BROWSING,d,3,Stockings
14:28,47,MOVING,b,7,
14:28,48,MOVING,g,4,
14:28,49,MOVING,g,5,
14:28,50,BROWSING,g,3,Jeans
14:28,52,MOVING,b,12,
14:28,54,BROWSING,d,3,Stockings
14:28,55,PAUSED,f,4,
14:28,56,BROWSING,b,3,Underwear
14:28,57,BROWSING,d,3,Stockings
14:28,58,MOVING,g,9,
14:28,59,BROWSING,f,6,Pants
14:28,60,MOVING,b,5,
14:28,61,ARRIVED_SECTION,g,10,Tops
14:28,62,MOVING,f,8,
14:29,31,REACHED_COUNTER,b,7,
14:29,18,MOVING,g,9,
14:29,20,BROWSING,f,13,Skirts & Dresses
14:29,26,MOVING,e,8,
14:29,30,PAUSED,b,13,
14:29,31,AT_CHECKOUT,b,7,
14:29,32,BROWSING,c,3,Stockings
14:29,37,MOVING,b,9,
14:29,39,MOVING,g,8,
14:29,41,BROWSING,c,10,Tops
14:29,42,MOVING,h,4,
14:29,43,MOVING,h,9,
14:29,44,BROWSING,b,3,Underwear
14:29,45,BROWSING,d,3,Stockings
14:29,47,MOVING,b,9,
14:29,48,ARRIVED_SECTION,g,3,Jeans
14:29,49,MOVING,g,4,
14:29,50,BROWSING,g,3,Jeans
14:29,52,PAUSED,b,12,
14:29,53,MOVING,b,7,
14:29,54,BROWSING,d,3,Stockings
14:29,55,PAUSED,f,4,
14:29,56,BROWSING,b,3,Underwear
14:29,58,MOVING,g,8,
14:29,59,BROWSING,f,6,Pants
14:29,60,MOVING,b,4,
14:29,61,BROWSING,g,10,Tops
14:29,62,MOVING,e,9,
14:30,18,MOVING,h,9,
14:30,26,PAUSED,e,8,
14:30,30,MOVING,b,12,
14:30,31,AT_CHECKOUT,b,7,
14:30,32,BROWSING,c,3,Stockings
14:30,36,MOVING,d,8,
14:30,37,MOVING,d,9,
14:30,39,MOVING,g,9,
14:30,41,BROWSING,c,10,Tops
14:30,42,MOVING,h,6,
14:30,43,EXITED,h,8,
14:30,44,BROWSING,b,3,Underwear
14:30,45,BROWSING,d,3,Stockings
14:30,47,MOVING,b,11,
14:30,48,BROWSING,g,3,Jeans
14:30,49,MOVING,f,4,
14:30,50,BROWSING,g,3,Jeans
14:30,52,PAUSED,b,12,
14:30,53,JOINED_QUEUE,b,8,position #2
14:30,54,BROWSING,d,3,Stockings
14:30,55,MOVING,g,6,
14:30,56,BROWSING,b,3,Underwear
14:30,57,MOVING,c,3,
14:30,58,MOVING,g,7,
14:30,59,BROWSING,f,6,Pants
14:30,60,ARRIVED_SECTION,b,3,Underwear
14:30,61,BROWSING,g,10,Tops
14:30,62,MOVING,e,11,
14:31,63,ENTERED,h,8,gender~female age~adult
14:31,18,EXITED,h,8,
14:31,20,MOVING,c,13,
14:31,26,PAUSED,e,8,
14:31,30,MOVING,b,11,
14:31,31,AT_CHECKOUT,b,7,
14:31,32,BROWSING,c,3,Stockings
14:31,36,ARRIVED_SECTION,d,6,Pants
14:31,37,MOVING,f,9,
14:31,39,ARRIVED_SECTION,g,10,Tops
14:31,41,BROWSING,c,10,Tops
14:31,42,EXITED,h,8,
14:31,44,BROWSING,b,3,Underwear
14:31,45,BROWSING,d,3,Stockings
14:31,47,MOVING,b,13,
14:31,48,BROWSING,g,3,Jeans
14:31,49,MOVING,e,4,
14:31,50,BROWSING,g,3,Jeans
14:31,52,PAUSED,b,12,
14:31,53,IN_QUEUE,b,8,position #2
14:31,54,BROWSING,d,3,Stockings
14:31,55,MOVING,e,7,
14:31,56,BROWSING,b,3,Underwear
14:31,57,ARRIVED_SECTION,b,3,Underwear
14:31,58,MOVING,g,6,
14:31,59,BROWSING,f,6,Pants
14:31,60,BROWSING,b,3,Underwear
14:31,61,BROWSING,g,10,Tops
14:31,62,MOVING,e,13,
14:31,63,MOVING,h,10,
14:32,20,PAUSED,c,13,
14:32,26,PAUSED,e,8,
14:32,30,MOVING,b,10,
14:32,31,CHECKOUT_COMPLETED,b,7,
14:32,32,BROWSING,c,3,Stockings
14:32,36,BROWSING,d,6,Pants
14:32,37,PAUSED,f,9,
14:32,39,BROWSING,g,10,Tops
14:32,41,BROWSING,c,10,Tops
14:32,44,BROWSING,b,3,Underwear
14:32,45,BROWSING,d,3,Stockings
14:32,47,ARRIVED_SECTION,c,13,Hats & Handbags
14:32,48,BROWSING,g,3,Jeans
14:32,49,MOVING,d,4,
14:32,50,BROWSING,g,3,Jeans
14:32,52,PAUSED,b,12,
14:32,53,IN_QUEUE,b,8,position #1
14:32,55,MOVING,e,10,
14:32,57,BROWSING,b,3,Underwear
14:32,58,MOVING,g,5,
14:32,59,BROWSING,f,6,Pants
14:32,60,BROWSING,b,3,Underwear
14:32,61,BROWSING,g,10,Tops
14:32,62,ARRIVED_SECTION,d,13,Hats & Handbags
14:32,63,MOVING,h,12,
14:33,53,REACHED_COUNTER,b,7,
14:33,20,PAUSED,c,13,
14:33,26,ARRIVED_SECTION,e,6,Pants
14:33,30,MOVING,b,9,
14:33,31,MOVING,b,8,
14:33,32,BROWSING,c,3,Stockings
14:33,36,BROWSING,d,6,Pants
14:33,37,PAUSED,f,9,
14:33,39,BROWSING,g,10,Tops
14:33,45,BROWSING,d,3,Stockings
14:33,47,BROWSING,c,13,Hats & Handbags
14:33,48,BROWSING,g,3,Jeans
14:33,49,ARRIVED_SECTION,d,3,Stockings
14:33,50,BROWSING,g,3,Jeans
14:33,52,MOVING,b,10,
14:33,53,AT_CHECKOUT,b,7,
14:33,54,MOVING,e,3,
14:33,55,MOVING,e,13,
14:33,56,MOVING,b,4,
14:33,57,BROWSING,b,3,Underwear
14:33,58,MOVING,g,4,
14:33,59,BROWSING,f,6,Pants
14:33,60,BROWSING,b,3,Underwear
14:33,61,BROWSING,g,10,Tops
14:33,62,BROWSING,d,13,Hats & Handbags
14:33,63,ARRIVED_SECTION,h,13,Skirts & Dresses
14:34,20,PAUSED,c,13,
14:34,26,BROWSING,e,6,Pants
14:34,30,JOINED_QUEUE,b,8,position #2
14:34,31,MOVING,b,9,
14:34,32,BROWSING,c,3,Stockings
14:34,36,BROWSING,d,6,Pants
14:34,37,MOVING,h,9,
14:34,39,BROWSING,g,10,Tops
14:34,41,MOVING,d,10,
14:34,44,MOVING,c,3,
14:34,45,BROWSING,d,3,Stockings
14:34,47,BROWSING,c,13,Hats & Handbags
14:34,48,BROWSING,g,3,Jeans
14:34,49,BROWSING,d,3,Stockings
14:34,50,BROWSING,g,3,Jeans
14:34,52,JOINED_QUEUE,b,8,position #3
14:34,53,AT_CHECKOUT,b,7,
14:34,54,MOVING,f,3,
14:34,55,ARRIVED_SECTION,d,13,Hats & Handbags
14:34,56,MOVING,b,5,
14:34,57,BROWSING,b,3,Underwear
14:34,58,PAUSED,g,4,
14:34,59,BROWSING,f,6,Pants
14:34,60,BROWSING,b,3,Underwear
14:34,62,BROWSING,d,13,Hats & Handbags
14:34,63,BROWSING,h,13,Skirts & Dresses
14:35,20,PAUSED,c,13,
14:35,26,BROWSING,e,6,Pants
14:35,30,IN_QUEUE,b,8,position #2
14:35,31,MOVING,c,9,
14:35,32,BROWSING,c,3,Stockings
14:35,36,BROWSING,d,6,Pants
14:35,37,EXITED,h,8,
14:35,39,BROWSING,g,10,Tops
14:35,41,MOVING,e,10,
14:35,44,MOVING,d,3,
14:35,45,BROWSING,d,3,Stockings
14:35,47,BROWSING,c,13,Hats & Handbags
14:35,48,BROWSING,g,3,Jeans
14:35,49,BROWSING,d,3,Stockings
14:35,50,BROWSING,g,3,Jeans
14:35,52,IN_QUEUE,b,8,position #3
14:35,53,AT_CHECKOUT,b,7,
14:35,54,MOVING,g,3,
14:35,55,BROWSING,d,13,Hats & Handbags
14:35,56,MOVING,b,6,
14:35,57,BROWSING,b,3,Underwear
14:35,58,PAUSED,g,4,
14:35,61,MOVING,g,8,
14:35,62,BROWSING,d,13,Hats & Handbags
14:35,63,BROWSING,h,13,Skirts & Dresses
14:36,20,ARRIVED_FITTING_AREA,a,13,
14:36,26,BROWSING,e,6,Pants
14:36,27,LEFT_FITTING,a,12,
14:36,30,IN_QUEUE,b,8,position #2
14:36,31,MOVING,d,9,
14:36,32,BROWSING,c,3,Stockings
14:36,36,BROWSING,d,6,Pants
14:36,39,BROWSING,g,10,Tops
14:36,41,MOVING,f,10,
14:36,44,MOVING,e,3,
14:36,45,BROWSING,d,3,Stockings
14:36,47,BROWSING,c,13,Hats & Handbags
14:36,48,BROWSING,g,3,Jeans
14:36,49,BROWSING,d,3,Stockings
14:36,50,BROWSING,g,3,Jeans
14:36,52,IN_QUEUE,b,8,position #3
14:36,53,AT_CHECKOUT,b,7,
14:36,54,MOVING,h,3,
14:36,55,BROWSING,d,13,Hats & Handbags
14:36,56,MOVING,b,7,
14:36,58,PAUSED,g,4,
14:36,59,MOVING,g,5,
14:36,60,MOVING,b,4,
14:36,61,MOVING,g,6,
14:36,62,BROWSING,d,13,Hats & Handbags
14:36,63,BROWSING,h,13,Skirts & Dresses
14:37,20,ENTERED_FITTING,a,13,waited 0 ticks
14:37,26,BROWSING,e,6,Pants
14:37,27,MOVING,b,10,
14:37,30,IN_QUEUE,b,8,position #2
14:37,31,MOVING,e,9,
14:37,32,BROWSING,c,3,Stockings
14:37,36,BROWSING,d,6,Pants
14:37,39,BROWSING,g,10,Tops
14:37,41,PAUSED,f,10,
14:37,44,MOVING,f,3,
14:37,45,BROWSING,d,3,Stockings
14:37,47,BROWSING,c,13,Hats & Handbags
14:37,48,BROWSING,g,3,Jeans
14:37,49,BROWSING,d,3,Stockings
14:37,50,BROWSING,g,3,Jeans
14:37,52,IN_QUEUE,b,8,position #3
14:37,53,AT_CHECKOUT,b,7,
14:37,54,MOVING,h,4,
14:37,55,BROWSING,d,13,Hats & Handbags
14:37,56,MOVING,b,8,
14:37,57,PAUSED,b,3,
14:37,58,MOVING,f,4,
14:37,59,MOVING,f,4,
14:37,60,MOVING,b,5,
14:37,61,MOVING,g,4,
14:37,62,BROWSING,d,13,Hats & Handbags
14:37,63,BROWSING,h,13,Skirts & Dresses
14:38,26,BROWSING,e,6,Pants
14:38,27,JOINED_QUEUE,b,8,position #4
14:38,30,IN_QUEUE,b,8,position #2
14:38,31,MOVING,f,9,
14:38,36,BROWSING,d,6,Pants
14:38,39,BROWSING,g,10,Tops
14:38,41,PAUSED,f,10,
14:38,44,MOVING,g,3,
14:38,45,BROWSING,d,3,Stockings
14:38,47,BROWSING,c,13,Hats & Handbags
14:38,48,BROWSING,g,3,Jeans
14:38,49,BROWSING,d,3,Stockings
14:38,50,BROWSING,g,3,Jeans
14:38,52,IN_QUEUE,b,8,position #3
14:38,53,AT_CHECKOUT,b,7,
14:38,54,MOVING,h,5,
14:38,55,BROWSING,d,13,Hats & Handbags
14:38,56,MOVING,b,9,
14:38,57,PAUSED,b,3,
14:38,58,MOVING,e,4,
14:38,59,MOVING,d,4,
14:38,60,MOVING,b,6,
14:38,61,ARRIVED_SECTION,g,3,Jeans
14:38,63,BROWSING,h,13,Skirts & Dresses
14:39,26,BROWSING,e,6,Pants
14:39,27,IN_QUEUE,b,8,position #4
14:39,30,IN_QUEUE,b,8,position #2
14:39,31,MOVING,g,9,
14:39,32,MOVING,a,3,
14:39,36,BROWSING,d,6,Pants
14:39,41,PAUSED,f,10,
14:39,44,MOVING,h,3,
14:39,45,BROWSING,d,3,Stockings
14:39,48,BROWSING,g,3,Jeans
14:39,52,IN_QUEUE,b,8,position #3
14:39,53,AT_CHECKOUT,b,7,
14:39,54,MOVING,h,6,
14:39,55,BROWSING,d,13,Hats & Handbags
14:39,56,MOVING,c,9,
14:39,57,PAUSED,b,3,
14:39,58,MOVING,d,4,
14:39,59,ARRIVED_SECTION,d,3,Stockings
14:39,60,MOVING,c,6,
14:39,61,BROWSING,g,3,Jeans
14:39,62,MOVING,b,13,
14:39,63,BROWSING,h,13,Skirts & Dresses
14:40,26,BROWSING,e,6,Pants
14:40,27,ABANDONED_QUEUE,b,8,position #4
14:40,30,IN_QUEUE,b,8,position #2
14:40,31,MOVING,h,9,
14:40,32,MOVING,a,5,
14:40,36,BROWSING,d,6,Pants
14:40,39,MOVING,f,10,
14:40,41,MOVING,g,10,
14:40,44,MOVING,h,4,
14:40,45,BROWSING,d,3,Stockings
14:40,47,MOVING,e,13,
14:40,48,BROWSING,g,3,Jeans
14:40,49,MOVING,c,3,
14:40,50,MOVING,g,4,
14:40,52,IN_QUEUE,b,8,position #3
14:40,53,AT_CHECKOUT,b,7,
14:40,54,MOVING,h,7,
14:40,56,ARRIVED_SECTION,c,10,Tops
14:40,57,PAUSED,b,3,
14:40,58,ARRIVED_SECTION,d,3,Stockings
14:40,59,BROWSING,d,3,Stockings
14:40,60,MOVING,d,6,
14:40,61,BROWSING,g,3,Jeans
14:40,62,MOVING,b,11,
14:40,63,BROWSING,h,13,Skirts & Dresses
14:41,26,BROWSING,e,6,Pants
14:41,27,PAUSED,b,8,
14:41,30,IN_QUEUE,b,8,position #2
14:41,31,EXITED,h,8,
14:41,32,MOVING,a,7,
14:41,36,BROWSING,d,6,Pants
14:41,39,MOVING,e,10,
14:41,41,PAUSED,g,10,
14:41,44,MOVING,h,5,
14:41,45,BROWSING,d,3,Stockings
14:41,47,MOVING,g,13,
14:41,48,BROWSING,g,3,Jeans
14:41,49,PAUSED,c,3,
14:41,50,MOVING,g,5,
14:41,52,IN_QUEUE,b,8,position #3
14:41,53,AT_CHECKOUT,b,7,
14:41,54,PAUSED,h,7,
14:41,55,ARRIVED_FITTING_AREA,a,13,
14:41,56,BROWSING,c,10,Tops
14:41,57,MOVING,b,4,
14:41,58,BROWSING,d,3,Stockings
14:41,59,BROWSING,d,3,Stockings
14:41,60,MOVING,e,6,
14:41,61,BROWSING,g,3,Jeans
14:41,62,MOVING,b,9,
14:41,63,BROWSING,h,13,Skirts & Dresses
14:42,64,ENTERED,h,8,gender~male age~young
14:42,17,LEFT_FITTING,a,14,
14:42,26,BROWSING,e,6,Pants
14:42,27,PAUSED,b,8,
14:42,30,IN_QUEUE,b,8,position #2
14:42,32,MOVING,a,9,
14:42,39,MOVING,d,10,
14:42,41,PAUSED,g,10,
14:42,44,MOVING,h,6,
14:42,45,BROWSING,d,3,Stockings
14:42,47,PAUSED,g,13,
14:42,48,BROWSING,g,3,Jeans
14:42,49,PAUSED,c,3,
14:42,50,MOVING,g,6,
14:42,52,IN_QUEUE,b,8,position #3
14:42,53,AT_CHECKOUT,b,7,
14:42,54,PAUSED,h,7,
14:42,55,ENTERED_FITTING,a,14,waited 0 ticks
14:42,56,BROWSING,c,10,Tops
14:42,57,MOVING,b,5,
14:42,58,BROWSING,d,3,Stockings
14:42,59,BROWSING,d,3,Stockings
14:42,60,MOVING,e,7,
14:42,61,BROWSING,g,3,Jeans
14:42,62,MOVING,b,7,
14:42,63,BROWSING,h,13,Skirts & Dresses
14:42,64,MOVING,h,10,
14:43,17,PAUSED,a,14,
14:43,26,BROWSING,e,6,Pants
14:43,27,PAUSED,b,8,
14:43,30,IN_QUEUE,b,8,position #2
14:43,32,PAUSED,a,9,
14:43,36,PAUSED,d,6,
14:43,39,MOVING,c,10,
14:43,41,PAUSED,g,10,
14:43,44,MOVING,h,7,
14:43,47,PAUSED,g,13,
14:43,49,PAUSED,c,3,
14:43,50,MOVING,g,7,
14:43,52,IN_QUEUE,b,8,position #3
14:43,53,CHECKOUT_COMPLETED,b,7,
14:43,54,MOVING,h,8,
14:43,56,BROWSING,c,10,Tops
14:43,57,MOVING,b,6,
14:43,58,BROWSING,d,3,Stockings
14:43,59,BROWSING,d,3,Stockings
14:43,60,MOVING,e,8,
14:43,61,BROWSING,g,3,Jeans
14:43,62,MOVING,b,5,
14:43,63,BROWSING,h,13,Skirts & Dresses
14:43,64,PAUSED,h,10,
14:44,30,REACHED_COUNTER,b,7,
14:44,17,PAUSED,a,14,
14:44,26,BROWSING,e,6,Pants
14:44,27,PAUSED,b,8,
14:44,30,AT_CHECKOUT,b,7,
14:44,32,PAUSED,a,9,
14:44,36,PAUSED,d,6,
14:44,39,MOVING,b,10,
14:44,41,PAUSED,g,10,
14:44,44,EXITED,h,8,
14:44,45,MOVING,f,3,
14:44,47,PAUSED,g,13,
14:44,48,MOVING,e,3,
14:44,49,MOVING,b,3,
14:44,50,MOVING,g,8,
14:44,52,IN_QUEUE,b,8,position #2
14:44,53,MOVING,d,9,
14:44,54,MOVING,h,9,
14:44,56,BROWSING,c,10,Tops
14:44,57,MOVING,b,7,
14:44,58,BROWSING,d,3,Stockings
14:44,59,BROWSING,d,3,Stockings
14:44,60,MOVING,e,9,
14:44,61,BROWSING,g,3,Jeans
14:44,62,ARRIVED_SECTION,b,3,Underwear
14:44,63,BROWSING,h,13,Skirts & Dresses
14:44,64,PAUSED,h,10,
14:45,17,PAUSED,a,14,
14:45,26,BROWSING,e,6,Pants
14:45,27,PAUSED,b,8,
14:45,30,AT_CHECKOUT,b,7,
14:45,32,PAUSED,a,9,
14:45,36,PAUSED,d,6,
14:45,39,MOVING,a,10,
14:45,41,MOVING,h,10,
14:45,45,PAUSED,f,3,
14:45,47,PAUSED,g,13,
14:45,48,ARRIVED_SECTION,d,3,Stockings
14:45,49,MOVING,b,4,
14:45,50,MOVING,g,9,
14:45,52,IN_QUEUE,b,8,position #2
14:45,53,MOVING,h,9,
14:45,54,MOVING,h,10,
14:45,56,BROWSING,c,10,Tops
14:45,57,MOVING,b,8,
14:45,58,BROWSING,d,3,Stockings
14:45,59,BROWSING,d,3,Stockings
14:45,60,MOVING,e,10,
14:45,61,BROWSING,g,3,Jeans
14:45,62,BROWSING,b,3,Underwear
14:45,63,BROWSING,h,13,Skirts & Dresses
14:45,64,PAUSED,h,10,
14:46,17,PAUSED,a,14,
14:46,20,LEFT_FITTING,a,13,
14:46,26,BROWSING,e,6,Pants
14:46,27,PAUSED,b,8,
14:46,30,AT_CHECKOUT,b,7,
14:46,32,PAUSED,a,9,
14:46,36,MOVING,b,5,
14:46,39,MOVING,a,11,
14:46,41,MOVING,h,9,
14:46,45,PAUSED,f,3,
14:46,47,MOVING,h,12,
14:46,48,BROWSING,d,3,Stockings
14:46,49,MOVING,b,5,
14:46,50,PAUSED,g,9,
14:46,52,IN_QUEUE,b,8,position #2
14:46,53,EXITED,h,8,
14:46,54,MOVING,h,11,
14:46,56,BROWSING,c,10,Tops
14:46,57,MOVING,b,9,
14:46,58,BROWSING,d,3,Stockings
14:46,59,BROWSING,d,3,Stockings
14:46,60,MOVING,e,11,
14:46,62,BROWSING,b,3,Underwear
14:46,63,BROWSING,h,13,Skirts & Dresses
14:46,64,PAUSED,h,10,
14:47,17,PAUSED,a,14,
14:47,20,MOVING,d,13,
14:47,26,BROWSING,e,6,Pants
14:47,27,MOVING,d,9,
14:47,30,AT_CHECKOUT,b,7,
14:47,32,MOVING,a,11,
14:47,36,ARRIVED_SECTION,c,3,Stockings
14:47,39,ARRIVED_FITTING_AREA,a,12,
14:47,41,EXITED,h,8,
14:47,45,MOVING,h,3,
14:47,47,MOVING,h,10,
14:47,48,BROWSING,d,3,Stockings
14:47,49,MOVING,b,6,
14:47,50,PAUSED,g,9,
14:47,52,ABANDONED_QUEUE,b,8,position #2
14:47,54,MOVING,h,12,
14:47,56,BROWSING,c,10,Tops
14:47,57,MOVING,c,9,
14:47,58,BROWSING,d,3,Stockings
14:47,59,BROWSING,d,3,Stockings
14:47,60,MOVING,e,12,
14:47,61,MOVING,e,3,
14:47,62,BROWSING,b,3,Underwear
14:47,63,BROWSING,h,13,Skirts & Dresses
14:47,64,MOVING,h,12,
14:48,17,PAUSED,a,14,
14:48,20,MOVING,g,13,
14:48,26,BROWSING,e,6,Pants
14:48,27,MOVING,g,9,
14:48,30,AT_CHECKOUT,b,7,
14:48,32,ARRIVED_FITTING_AREA,a,12,
14:48,36,BROWSING,c,3,Stockings
14:48,39,ENTERED_FITTING,a,12,waited 0 ticks
14:48,45,MOVING,h,5,
14:48,47,EXITED,h,8,
14:48,48,BROWSING,d,3,Stockings
14:48,49,MOVING,b,7,
14:48,50,ARRIVED_SECTION,g,10,Tops
14:48,52,MOVING,c,9,
14:48,54,ARRIVED_SECTION,h,13,Skirts & Dresses
14:48,56,BROWSING,c,10,Tops
14:48,57,ARRIVED_SECTION,c,10,Tops
14:48,58,BROWSING,d,3,Stockings
14:48,59,BROWSING,d,3,Stockings
14:48,60,PAUSED,e,12,
14:48,61,MOVING,c,3,
14:48,62,BROWSING,b,3,Underwear
14:48,63,BROWSING,h,13,Skirts & Dresses
14:48,64,ARRIVED_SECTION,h,13,Skirts & Dresses
14:49,17,MOVING,b,14,
14:49,20,MOVING,h,11,
14:49,26,BROWSING,e,6,Pants
14:49,27,EXITED,h,8,
14:49,30,AT_CHECKOUT,b,7,
14:49,32,ENTERED_FITTING,a,13,waited 0 ticks
14:49,36,BROWSING,c,3,Stockings
14:49,45,PAUSED,h,5,
14:49,48,BROWSING,d,3,Stockings
14:49,49,MOVING,b,8,
14:49,50,BROWSING,g,10,Tops
14:49,52,MOVING,e,9,
14:49,54,BROWSING,h,13,Skirts & Dresses
14:49,57,BROWSING,c,10,Tops
14:49,58,BROWSING,d,3,Stockings
14:49,59,BROWSING,d,3,Stockings
14:49,60,PAUSED,e,12,
14:49,61,MOVING,b,4,
14:49,62,BROWSING,b,3,Underwear
14:49,63,BROWSING,h,13,Skirts & Dresses
14:49,64,BROWSING,h,13,Skirts & Dresses
14:50,17,MOVING,b,13,
14:50,20,PAUSED,h,11,
14:50,30,AT_CHECKOUT,b,7,
14:50,36,BROWSING,c,3,Stockings
14:50,45,PAUSED,h,5,
14:50,48,BROWSING,d,3,Stockings
14:50,49,MOVING,b,9,
14:50,50,BROWSING,g,10,Tops
14:50,52,MOVING,g,9,
14:50,54,BROWSING,h,13,Skirts & Dresses
14:50,56,MOVING,b,10,
14:50,57,BROWSING,c,10,Tops
14:50,58,BROWSING,d,3,Stockings
14:50,59,BROWSING,d,3,Stockings
14:50,60,PAUSED,e,12,
14:50,61,MOVING,b,6,
14:50,62,BROWSING,b,3,Underwear
14:50,63,BROWSING,h,13,Skirts & Dresses
14:50,64,BROWSING,h,13,Skirts & Dresses
14:51,17,MOVING,b,12,
14:51,20,PAUSED,h,11,
14:51,26,MOVING,g,6,
14:51,30,AT_CHECKOUT,b,7,
14:51,36,BROWSING,c,3,Stockings
14:51,45,PAUSED,h,5,
14:51,48,BROWSING,d,3,Stockings
14:51,49,MOVING,b,10,
14:51,50,BROWSING,g,10,Tops
14:51,52,EXITED,h,8,
14:51,54,BROWSING,h,13,Skirts & Dresses
14:51,56,MOVING,a,10,
14:51,57,BROWSING,c,10,Tops
14:51,58,BROWSING,d,3,Stockings
14:51,59,BROWSING,d,3,Stockings
14:51,60,PAUSED,e,12,
14:51,61,JOINED_QUEUE,b,8,position #2
14:51,62,BROWSING,b,3,Underwear
14:51,63,BROWSING,h,13,Skirts & Dresses
14:51,64,BROWSING,h,13,Skirts & Dresses
14:52,17,MOVING,b,11,
14:52,20,PAUSED,h,11,
14:52,26,MOVING,g,4,
14:52,30,CHECKOUT_COMPLETED,b,7,
14:52,36,BROWSING,c,3,Stockings
14:52,45,PAUSED,h,5,
14:52,48,BROWSING,d,3,Stockings
14:52,49,MOVING,b,11,
14:52,50,BROWSING,g,10,Tops
14:52,54,BROWSING,h,13,Skirts & Dresses
14:52,56,MOVING,a,11,
14:52,57,BROWSING,c,10,Tops
14:52,58,BROWSING,d,3,Stockings
14:52,59,BROWSING,d,3,Stockings
14:52,60,MOVING,e,13,
14:52,61,IN_QUEUE,b,8,position #1
14:52,62,BROWSING,b,3,Underwear
14:52,63,BROWSING,h,13,Skirts & Dresses
14:52,64,BROWSING,h,13,Skirts & Dresses
14:53,61,REACHED_COUNTER,b,7,
14:53,17,MOVING,b,10,
14:53,20,PAUSED,h,11,
14:53,26,ARRIVED_SECTION,g,3,Jeans
14:53,30,MOVING,b,8,
14:53,36,BROWSING,c,3,Stockings
14:53,45,MOVING,h,7,
14:53,49,MOVING,b,12,
14:53,50,BROWSING,g,10,Tops
14:53,56,ARRIVED_FITTING_AREA,a,12,
14:53,57,BROWSING,c,10,Tops
14:53,58,BROWSING,d,3,Stockings
14:53,59,BROWSING,d,3,Stockings
14:53,60,ARRIVED_SECTION,f,13,Skirts & Dresses
14:53,61,AT_CHECKOUT,b,7,
14:53,62,BROWSING,b,3,Underwear
14:53,64,BROWSING,h,13,Skirts & Dresses
14:54,17,MOVING,b,9,
14:54,20,PAUSED,h,11,
14:54,26,BROWSING,g,3,Jeans
14:54,30,MOVING,b,9,
14:54,36,BROWSING,c,3,Stockings
14:54,45,MOVING,h,9,
14:54,48,MOVING,f,3,
14:54,49,MOVING,b,13,
14:54,50,BROWSING,g,10,Tops
14:54,54,PAUSED,h,13,
14:54,55,LEFT_FITTING,a,14,
14:54,56,ENTERED_FITTING,a,14,waited 0 ticks
14:54,57,BROWSING,c,10,Tops
14:54,58,BROWSING,d,3,Stockings
14:54,60,BROWSING,f,13,Skirts & Dresses
14:54,61,AT_CHECKOUT,b,7,
14:54,62,BROWSING,b,3,Underwear
14:54,63,MOVING,h,11,
14:54,64,BROWSING,h,13,Skirts & Dresses
14:55,65,ENTERED,h,8,gender~female age~adult
14:55,17,JOINED_QUEUE,b,8,position #2
14:55,20,EXITED,h,8,
14:55,26,BROWSING,g,3,Jeans
14:55,30,MOVING,c,9,
14:55,36,BROWSING,c,3,Stockings
14:55,45,MOVING,h,11,
14:55,48,MOVING,h,3,
14:55,49,ARRIVED_SECTION,c,13,Hats & Handbags
14:55,50,BROWSING,g,10,Tops
14:55,54,PAUSED,h,13,
14:55,55,PAUSED,a,14,
14:55,57,BROWSING,c,10,Tops
14:55,58,BROWSING,d,3,Stockings
14:55,59,MOVING,f,3,
14:55,60,BROWSING,f,13,Skirts & Dresses
14:55,61,AT_CHECKOUT,b,7,
14:55,62,BROWSING,b,3,Underwear
14:55,63,MOVING,h,9,
14:55,64,BROWSING,h,13,Skirts & Dresses
14:55,65,MOVING,h,10,
14:56,17,IN_QUEUE,b,8,position #2
14:56,26,BROWSING,g,3,Jeans
14:56,30,MOVING,d,9,
14:56,36,BROWSING,c,3,Stockings
14:56,45,PAUSED,h,11,
14:56,48,PAUSED,h,3,
14:56,49,BROWSING,c,13,Hats & Handbags
14:56,50,BROWSING,g,10,Tops
14:56,54,PAUSED,h,13,
14:56,55,PAUSED,a,14,
14:56,57,BROWSING,c,10,Tops
14:56,58,BROWSING,d,3,Stockings
14:56,59,PAUSED,f,3,
14:56,60,BROWSING,f,13,Skirts & Dresses
14:56,61,CHECKOUT_COMPLETED,b,7,
14:56,63,MOVING,h,7,
14:56,64,BROWSING,h,13,Skirts & Dresses
14:56,65,MOVING,h,12,
14:57,17,REACHED_COUNTER,b,7,
14:57,17,AT_CHECKOUT,b,7,
14:57,26,BROWSING,g,3,Jeans
14:57,30,MOVING,e,9,
14:57,36,BROWSING,c,3,Stockings
14:57,39,LEFT_FITTING,a,12,
14:57,45,PAUSED,h,11,
14:57,48,PAUSED,h,3,
14:57,49,BROWSING,c,13,Hats & Handbags
14:57,50,BROWSING,g,10,Tops
14:57,54,MOVING,g,13,
14:57,55,PAUSED,a,14,
14:57,57,BROWSING,c,10,Tops
14:57,58,BROWSING,d,3,Stockings
14:57,59,PAUSED,f,3,
14:57,60,BROWSING,f,13,Skirts & Dresses
14:57,61,MOVING,b,9,
14:57,62,MOVING,b,5,
14:57,63,MOVING,h,5,
14:57,65,ARRIVED_SECTION,h,13,Skirts & Dresses
14:58,17,AT_CHECKOUT,b,7,
14:58,26,BROWSING,g,3,Jeans
14:58,30,MOVING,f,9,
14:58,36,BROWSING,c,3,Stockings
14:58,39,MOVING,b,12,
14:58,45,PAUSED,h,11,
14:58,48,PAUSED,h,3,
14:58,49,BROWSING,c,13,Hats & Handbags
14:58,50,BROWSING,g,10,Tops
14:58,54,MOVING,f,13,
14:58,55,PAUSED,a,14,
14:58,58,BROWSING,d,3,Stockings
14:58,59,PAUSED,f,3,
14:58,60,BROWSING,f,13,Skirts & Dresses
14:58,61,MOVING,d,9,
14:58,62,MOVING,b,7,
14:58,63,ARRIVED_SECTION,h,3,Jeans
14:58,64,MOVING,h,11,
14:58,65,BROWSING,h,13,Skirts & Dresses
14:59,17,AT_CHECKOUT,b,7,
14:59,26,BROWSING,g,3,Jeans
14:59,30,MOVING,g,9,
14:59,36,BROWSING,c,3,Stockings
14:59,39,MOVING,b,11,
14:59,45,ARRIVED_SECTION,h,13,Skirts & Dresses
14:59,48,PAUSED,h,3,
14:59,49,BROWSING,c,13,Hats & Handbags
14:59,50,BROWSING,g,10,Tops
14:59,54,MOVING,e,13,
14:59,55,MOVING,c,13,
14:59,57,MOVING,d,10,
14:59,59,MOVING,h,3,
14:59,60,BROWSING,f,13,Skirts & Dresses
14:59,61,MOVING,f,9,
14:59,62,MOVING,b,9,
14:59,63,BROWSING,h,3,Jeans
14:59,64,MOVING,g,10,
14:59,65,BROWSING,h,13,Skirts & Dresses
15:00,17,CHECKOUT_COMPLETED,b,7,
15:00,26,BROWSING,g,3,Jeans
15:00,30,MOVING,h,9,
15:00,36,BROWSING,c,3,Stockings
15:00,39,MOVING,b,10,
15:00,45,BROWSING,h,13,Skirts & Dresses
15:00,48,MOVING,h,5,
15:00,49,BROWSING,c,13,Hats & Handbags
15:00,50,BROWSING,g,10,Tops
15:00,54,MOVING,d,13,
15:00,55,MOVING,f,13,
15:00,57,MOVING,d,9,
15:00,58,ARRIVED_SECTION,d,4,Pants
15:00,59,MOVING,h,5,
15:00,61,MOVING,h,9,
15:00,62,ARRIVED_SECTION,c,10,Tops
15:00,63,BROWSING,h,3,Jeans
15:00,64,MOVING,f,9,
15:00,65,BROWSING,h,13,Skirts & Dresses
15:01,66,ENTERED,h,8,gender~female age~adult
15:01,17,MOVING,b,8,
15:01,26,BROWSING,g,3,Jeans
15:01,30,EXITED,h,8,
15:01,39,MOVING,b,9,
15:01,45,BROWSING,h,13,Skirts & Dresses
15:01,48,MOVING,h,7,
15:01,49,BROWSING,c,13,Hats & Handbags
15:01,54,MOVING,c,13,
15:01,55,MOVING,h,12,
15:01,57,MOVING,d,8,
15:01,58,BROWSING,d,4,Pants
15:01,59,MOVING,h,7,
15:01,60,MOVING,e,13,
15:01,61,EXITED,h,8,
15:01,62,BROWSING,c,10,Tops
15:01,63,BROWSING,h,3,Jeans
15:01,64,MOVING,f,7,
15:01,65,BROWSING,h,13,Skirts & Dresses
15:01,66,MOVING,e,8,
15:02,17,MOVING,b,9,
15:02,26,BROWSING,g,3,Jeans
15:02,36,MOVING,a,4,
15:02,39,PAUSED,b,9,
15:02,45,BROWSING,h,13,Skirts & Dresses
15:02,48,MOVING,h,9,
15:02,49,BROWSING,c,13,Hats & Handbags
15:02,50,MOVING,f,10,
15:02,54,MOVING,b,13,
15:02,55,MOVING,h,9,
15:02,57,MOVING,d,7,
15:02,58,BROWSING,d,4,Pants
15:02,59,MOVING,h,9,
15:02,60,ARRIVED_SECTION,d,13,Hats & Handbags
15:02,62,BROWSING,c,10,Tops
15:02,63,BROWSING,h,3,Jeans
15:02,64,ARRIVED_SECTION,f,6,Pants
15:02,65,BROWSING,h,13,Skirts & Dresses
15:02,66,MOVING,e,11,
15:03,17,MOVING,c,9,
15:03,26,BROWSING,g,3,Jeans
15:03,36,MOVING,a,7,
15:03,39,PAUSED,b,9,
15:03,45,BROWSING,h,13,Skirts & Dresses
15:03,48,MOVING,h,11,
15:03,49,BROWSING,c,13,Hats & Handbags
15:03,50,MOVING,e,10,
15:03,54,MOVING,b,12,
15:03,55,EXITED,h,8,
15:03,57,ARRIVED_SECTION,d,6,Pants
15:03,58,BROWSING,d,4,Pants
15:03,59,MOVING,h,11,
15:03,60,BROWSING,d,13,Hats & Handbags
15:03,62,BROWSING,c,10,Tops
15:03,63,BROWSING,h,3,Jeans
15:03,64,BROWSING,f,6,Pants
15:03,65,BROWSING,h,13,Skirts & Dresses
15:03,66,ARRIVED_SECTION,d,13,Hats & Handbags
15:04,17,MOVING,d,9,
15:04,26,BROWSING,g,3,Jeans
15:04,36,MOVING,a,10,
15:04,39,PAUSED,b,9,
15:04,45,BROWSING,h,13,Skirts & Dresses
15:04,48,PAUSED,h,11,
15:04,49,BROWSING,c,13,Hats & Handbags
15:04,50,MOVING,e,11,
15:04,54,MOVING,b,11,
15:04,57,BROWSING,d,6,Pants
15:04,58,BROWSING,d,4,Pants
15:04,59,ARRIVED_SECTION,h,13,Skirts & Dresses
15:04,60,BROWSING,d,13,Hats & Handbags
15:04,62,BROWSING,c,10,Tops
15:04,63,BROWSING,h,3,Jeans
15:04,64,BROWSING,f,6,Pants
15:04,65,BROWSING,h,13,Skirts & Dresses
15:04,66,BROWSING,d,13,Hats & Handbags
15:05,17,MOVING,e,9,
15:05,26,BROWSING,g,3,Jeans
15:05,36,ARRIVED_FITTING_AREA,a,12,
15:05,39,PAUSED,b,9,
15:05,45,BROWSING,h,13,Skirts & Dresses
15:05,48,PAUSED,h,11,
15:05,49,BROWSING,c,13,Hats & Handbags
15:05,50,MOVING,e,12,
15:05,54,MOVING,b,10,
15:05,57,BROWSING,d,6,Pants
15:05,58,BROWSING,d,4,Pants
15:05,59,BROWSING,h,13,Skirts & Dresses
15:05,60,BROWSING,d,13,Hats & Handbags
15:05,63,BROWSING,h,3,Jeans
15:05,64,BROWSING,f,6,Pants
15:05,65,BROWSING,h,13,Skirts & Dresses
15:05,66,BROWSING,d,13,Hats & Handbags
15:06,17,MOVING,f,9,
15:06,26,BROWSING,g,3,Jeans
15:06,36,ENTERED_FITTING,a,12,waited 0 ticks
15:06,39,JOINED_QUEUE,b,8,position #1
15:06,45,BROWSING,h,13,Skirts & Dresses
15:06,48,PAUSED,h,11,
15:06,50,MOVING,e,13,
15:06,54,MOVING,b,9,
15:06,57,BROWSING,d,6,Pants
15:06,58,BROWSING,d,4,Pants
15:06,59,BROWSING,h,13,Skirts & Dresses
15:06,60,BROWSING,d,13,Hats & Handbags
15:06,62,MOVING,d,9,
15:06,63,BROWSING,h,3,Jeans
15:06,64,BROWSING,f,6,Pants
15:06,65,BROWSING,h,13,Skirts & Dresses
15:06,66,BROWSING,d,13,Hats & Handbags
15:07,39,REACHED_COUNTER,b,7,
15:07,17,MOVING,g,9,
15:07,26,BROWSING,g,3,Jeans
15:07,32,LEFT_FITTING,a,13,
15:07,39,AT_CHECKOUT,b,7,
15:07,45,BROWSING,h,13,Skirts & Dresses
15:07,48,ARRIVED_SECTION,h,13,Skirts & Dresses
15:07,49,MOVING,b,13,
15:07,50,ARRIVED_SECTION,d,13,Hats & Handbags
15:07,54,MOVING,b,8,
15:07,57,BROWSING,d,6,Pants
15:07,58,BROWSING,d,4,Pants
15:07,59,BROWSING,h,13,Skirts & Dresses
15:07,60,BROWSING,d,13,Hats & Handbags
15:07,62,MOVING,d,7,
15:07,63,BROWSING,h,3,Jeans
15:07,64,BROWSING,f,6,Pants
15:07,66,BROWSING,d,13,Hats & Handbags
15:08,17,MOVING,h,9,
15:08,26,BROWSING,g,3,Jeans
15:08,32,PAUSED,a,13,
15:08,39,AT_CHECKOUT,b,7,
15:08,45,BROWSING,h,13,Skirts & Dresses
15:08,48,BROWSING,h,13,Skirts & Dresses
15:08,49,MOVING,b,12,
15:08,50,BROWSING,d,13,Hats & Handbags
15:08,54,MOVING,b,7,
15:08,57,BROWSING,d,6,Pants
15:08,58,BROWSING,d,4,Pants
15:08,59,BROWSING,h,13,Skirts & Dresses
15:08,60,BROWSING,d,13,Hats & Handbags
15:08,62,ARRIVED_SECTION,d,6,Pants
15:08,63,BROWSING,h,3,Jeans
15:08,64,BROWSING,f,6,Pants
15:08,65,MOVING,f,13,
15:08,66,BROWSING,d,13,Hats & Handbags
15:09,17,EXITED,h,8,
15:09,26,BROWSING,g,3,Jeans
15:09,32,PAUSED,a,13,
15:09,39,AT_CHECKOUT,b,7,
15:09,45,BROWSING,h,13,Skirts & Dresses
15:09,48,BROWSING,h,13,Skirts & Dresses
15:09,49,MOVING,b,11,
15:09,50,BROWSING,d,13,Hats & Handbags
15:09,54,MOVING,b,6,
15:09,58,BROWSING,d,4,Pants
15:09,59,BROWSING,h,13,Skirts & Dresses
15:09,60,BROWSING,d,13,Hats & Handbags
15:09,62,BROWSING,d,6,Pants
15:09,63,BROWSING,h,3,Jeans
15:09,64,BROWSING,f,6,Pants
15:09,65,PAUSED,f,13,
15:09,66,BROWSING,d,13,Hats & Handbags
15:10,26,BROWSING,g,3,Jeans
15:10,32,PAUSED,a,13,
15:10,39,AT_CHECKOUT,b,7,
15:10,45,BROWSING,h,13,Skirts & Dresses
15:10,48,BROWSING,h,13,Skirts & Dresses
15:10,49,MOVING,b,10,
15:10,50,BROWSING,d,13,Hats & Handbags
15:10,54,MOVING,b,5,
15:10,57,MOVING,c,6,
15:10,58,BROWSING,d,4,Pants
15:10,59,BROWSING,h,13,Skirts & Dresses
15:10,62,BROWSING,d,6,Pants
15:10,63,BROWSING,h,3,Jeans
15:10,64,BROWSING,f,6,Pants
15:10,65,PAUSED,f,13,
15:11,67,ENTERED,h,8,gender~male age~senior
15:11,26,BROWSING,g,3,Jeans
15:11,32,MOVING,b,12,
15:11,39,AT_CHECKOUT,b,7,
15:11,45,BROWSING,h,13,Skirts & Dresses
15:11,48,BROWSING,h,13,Skirts & Dresses
15:11,49,MOVING,b,9,
15:11,50,BROWSING,d,13,Hats & Handbags
15:11,54,MOVING,b,4,
15:11,57,MOVING,b,6,
15:11,58,BROWSING,d,4,Pants
15:11,59,BROWSING,h,13,Skirts & Dresses
15:11,60,MOVING,e,13,
15:11,62,BROWSING,d,6,Pants
15:11,63,BROWSING,h,3,Jeans
15:11,64,BROWSING,f,6,Pants
15:11,65,PAUSED,f,13,
15:11,66,ARRIVED_SECTION,d,13,Tops
15:11,67,MOVING,g,8,
15:12,68,ENTERED,h,8,gender~female age~young
15:12,26,BROWSING,g,3,Jeans
15:12,32,MOVING,b,10,
15:12,39,CHECKOUT_COMPLETED,b,7,
15:12,48,BROWSING,h,13,Skirts & Dresses
15:12,49,MOVING,b,8,
15:12,50,BROWSING,d,13,Hats & Handbags
15:12,54,ARRIVED_SECTION,b,3,Underwear
15:12,57,MOVING,a,6,
15:12,58,BROWSING,d,4,Pants
15:12,59,BROWSING,h,13,Skirts & Dresses
15:12,60,MOVING,e,12,
15:12,62,BROWSING,d,6,Pants
15:12,63,BROWSING,h,3,Jeans
15:12,64,BROWSING,f,6,Pants
15:12,65,PAUSED,f,13,
15:12,66,BROWSING,d,13,Tops
15:12,67,MOVING,f,8,
15:12,68,PAUSED,h,8,
15:13,32,JOINED_QUEUE,b,8,position #1
15:13,39,MOVING,b,8,
15:13,45,MOVING,h,11,
15:13,48,BROWSING,h,13,Skirts & Dresses
15:13,49,MOVING,b,7,
15:13,54,BROWSING,b,3,Underwear
15:13,56,LEFT_FITTING,a,14,
15:13,57,MOVING,a,7,
15:13,58,BROWSING,d,4,Pants
15:13,59,BROWSING,h,13,Skirts & Dresses
15:13,60,MOVING,e,11,
15:13,62,BROWSING,d,6,Pants
15:13,63,BROWSING,h,3,Jeans
15:13,64,BROWSING,f,6,Pants
15:13,65,MOVING,d,13,
15:13,66,BROWSING,d,13,Tops
15:13,67,MOVING,e,8,
15:13,68,PAUSED,h,8,
15:14,32,REACHED_COUNTER,b,7,
15:14,26,MOVING,e,3,
15:14,32,AT_CHECKOUT,b,7,
15:14,39,MOVING,b,9,
15:14,45,MOVING,h,9,
15:14,48,BROWSING,h,13,Skirts & Dresses
15:14,49,MOVING,b,6,
15:14,50,MOVING,e,13,
15:14,54,BROWSING,b,3,Underwear
15:14,56,MOVING,b,14,
15:14,57,MOVING,a,8,
15:14,58,BROWSING,d,4,Pants
15:14,59,BROWSING,h,13,Skirts & Dresses
15:14,60,MOVING,e,10,
15:14,62,BROWSING,d,6,Pants
15:14,63,BROWSING,h,3,Jeans
15:14,64,BROWSING,f,6,Pants
15:14,65,MOVING,b,13,
15:14,67,MOVING,e,9,
15:14,68,PAUSED,h,8,
15:15,69,ENTERED,h,8,gender~female age~adult
15:15,26,MOVING,c,3,
15:15,32,AT_CHECKOUT,b,7,
15:15,39,MOVING,c,9,
15:15,45,EXITED,h,8,
15:15,48,BROWSING,h,13,Skirts & Dresses
15:15,49,MOVING,b,5,
15:15,50,ARRIVED_SECTION,f,13,Skirts & Dresses
15:15,54,BROWSING,b,3,Underwear
15:15,56,MOVING,b,13,
15:15,57,MOVING,a,9,
15:15,58,BROWSING,d,4,Pants
15:15,59,BROWSING,h,13,Skirts & Dresses
15:15,60,MOVING,e,9,
15:15,62,BROWSING,d,6,Pants
15:15,63,BROWSING,h,3,Jeans
15:15,64,BROWSING,f,6,Pants
15:15,65,MOVING,b,11,
15:15,66,ARRIVED_SECTION,f,13,Skirts & Dresses
15:15,67,MOVING,e,10,
15:15,68,PAUSED,h,8,
15:15,69,MOVING,f,8,
15:16,26,PAUSED,c,3,
15:16,32,AT_CHECKOUT,b,7,
15:16,39,MOVING,d,9,
15:16,48,BROWSING,h,13,Skirts & Dresses
15:16,49,MOVING,b,4,
15:16,50,BROWSING,f,13,Skirts & Dresses
15:16,54,BROWSING,b,3,Underwear
15:16,56,MOVING,b,12,
15:16,57,MOVING,a,10,
15:16,58,BROWSING,d,4,Pants
15:16,60,MOVING,e,8,
15:16,62,BROWSING,d,6,Pants
15:16,63,BROWSING,h,3,Jeans
15:16,65,MOVING,b,9,
15:16,66,BROWSING,f,13,Skirts & Dresses
15:16,67,MOVING,e,11,
15:16,68,MOVING,h,6,
15:16,69,MOVING,e,9,
15:17,26,PAUSED,c,3,
15:17,32,AT_CHECKOUT,b,7,
15:17,39,MOVING,e,9,
15:17,48,BROWSING,h,13,Skirts & Dresses
15:17,49,ARRIVED_SECTION,b,3,Underwear
15:17,50,BROWSING,f,13,Skirts & Dresses
15:17,54,BROWSING,b,3,Underwear
15:17,56,MOVING,b,11,
15:17,57,MOVING,a,11,
15:17,58,BROWSING,d,4,Pants
15:17,59,MOVING,h,11,
15:17,60,MOVING,e,7,
15:17,63,BROWSING,h,3,Jeans
15:17,64,MOVING,d,6,
15:17,65,MOVING,b,7,
15:17,66,BROWSING,f,13,Skirts & Dresses
15:17,67,MOVING,e,12,
15:17,68,MOVING,h,4,
15:17,69,MOVING,e,11,
15:18,26,MOVING,a,3,
15:18,32,CHECKOUT_COMPLETED,b,7,
15:18,39,MOVING,f,9,
15:18,48,BROWSING,h,13,Skirts & Dresses
15:18,49,BROWSING,b,3,Underwear
15:18,50,BROWSING,f,13,Skirts & Dresses
15:18,54,BROWSING,b,3,Underwear
15:18,56,MOVING,b,10,
15:18,57,ARRIVED_FITTING_AREA,a,12,
15:18,59,MOVING,h,9,
15:18,60,ARRIVED_SECTION,e,6,Pants
15:18,62,MOVING,e,7,
15:18,63,BROWSING,h,3,Jeans
15:18,64,MOVING,b,6,
15:18,65,MOVING,b,5,
15:18,66,BROWSING,f,13,Skirts & Dresses
15:18,67,MOVING,e,13,
15:18,68,PAUSED,h,4,
15:18,69,MOVING,e,13,
15:19,26,MOVING,a,5,
15:19,32,MOVING,b,9,
15:19,36,LEFT_FITTING,a,12,
15:19,39,PAUSED,f,9,
15:19,48,BROWSING,h,13,Skirts & Dresses
15:19,49,BROWSING,b,3,Underwear
15:19,50,BROWSING,f,13,Skirts & Dresses
15:19,54,BROWSING,b,3,Underwear
15:19,56,MOVING,b,9,
15:19,57,ENTERED_FITTING,a,12,waited 0 ticks
15:19,58,MOVING,e,4,
15:19,59,MOVING,h,7,
15:19,60,BROWSING,e,6,Pants
15:19,62,MOVING,e,9,
15:19,64,MOVING,b,4,
15:19,65,ARRIVED_SECTION,b,3,Underwear
15:19,66,BROWSING,f,13,Skirts & Dresses
15:19,67,ARRIVED_SECTION,d,13,Hats & Handbags
15:19,68,PAUSED,h,4,
15:19,69,ARRIVED_SECTION,d,13,Hats & Handbags
15:20,26,MOVING,a,7,
15:20,32,MOVING,d,9,
15:20,36,MOVING,b,10,
15:20,39,PAUSED,f,9,
15:20,48,BROWSING,h,13,Skirts & Dresses
15:20,49,BROWSING,b,3,Underwear
15:20,50,BROWSING,f,13,Skirts & Dresses
15:20,54,BROWSING,b,3,Underwear
15:20,56,JOINED_QUEUE,b,8,position #1
15:20,58,MOVING,f,4,
15:20,59,MOVING,h,5,
15:20,60,BROWSING,e,6,Pants
15:20,62,MOVING,e,11,
15:20,63,MOVING,f,3,
15:20,64,ARRIVED_SECTION,b,3,Underwear
15:20,65,BROWSING,b,3,Underwear
15:20,66,BROWSING,f,13,Skirts & Dresses
15:20,67,BROWSING,d,13,Hats & Handbags
15:20,68,PAUSED,h,4,
15:20,69,BROWSING,d,13,Hats & Handbags
15:21,56,REACHED_COUNTER,b,7,
15:21,26,PAUSED,a,7,
15:21,32,MOVING,f,9,
15:21,36,JOINED_QUEUE,b,8,position #2
15:21,39,PAUSED,f,9,
15:21,48,BROWSING,h,13,Skirts & Dresses
15:21,49,BROWSING,b,3,Underwear
15:21,50,BROWSING,f,13,Skirts & Dresses
15:21,54,BROWSING,b,3,Underwear
15:21,56,AT_CHECKOUT,b,7,
15:21,58,MOVING,g,4,
15:21,59,ARRIVED_SECTION,h,3,Jeans
15:21,60,BROWSING,e,6,Pants
15:21,62,MOVING,e,13,
15:21,63,ARRIVED_SECTION,f,4,Pants
15:21,64,BROWSING,b,3,Underwear
15:21,65,BROWSING,b,3,Underwear
15:21,66,BROWSING,f,13,Skirts & Dresses
15:21,67,BROWSING,d,13,Hats & Handbags
15:21,68,PAUSED,h,4,
15:21,69,BROWSING,d,13,Hats & Handbags
15:22,26,PAUSED,a,7,
15:22,32,MOVING,h,9,
15:22,36,ABANDONED_QUEUE,b,8,position #2
15:22,39,MOVING,g,9,
15:22,48,BROWSING,h,13,Skirts & Dresses
15:22,49,BROWSING,b,3,Underwear
15:22,50,BROWSING,f,13,Skirts & Dresses
15:22,54,BROWSING,b,3,Underwear
15:22,56,AT_CHECKOUT,b,7,
15:22,58,MOVING,h,4,
15:22,59,BROWSING,h,3,Jeans
15:22,62,ARRIVED_SECTION,f,13,Skirts & Dresses
15:22,63,BROWSING,f,4,Pants
15:22,64,BROWSING,b,3,Underwear
15:22,65,BROWSING,b,3,Underwear
15:22,67,BROWSING,d,13,Hats & Handbags
15:22,68,ARRIVED_SECTION,h,3,Jeans
15:22,69,BROWSING,d,13,Hats & Handbags
15:23,26,PAUSED,a,7,
15:23,32,EXITED,h,8,
15:23,36,MOVING,d,9,
15:23,39,MOVING,h,9,
15:23,49,BROWSING,b,3,Underwear
15:23,50,BROWSING,f,13,Skirts & Dresses
15:23,56,AT_CHECKOUT,b,7,
15:23,58,MOVING,h,5,
15:23,59,BROWSING,h,3,Jeans
15:23,60,MOVING,f,6,
15:23,62,BROWSING,f,13,Skirts & Dresses
15:23,63,BROWSING,f,4,Pants
15:23,64,BROWSING,b,3,Underwear
15:23,65,BROWSING,b,3,Underwear
15:23,66,MOVING,c,13,
15:23,67,BROWSING,d,13,Hats & Handbags
15:23,68,BROWSING,h,3,Jeans
15:23,69,BROWSING,d,13,Hats & Handbags
15:24,70,ENTERED,h,8,gender~female age~young
15:24,26,MOVING,a,9,
15:24,36,MOVING,g,9,
15:24,39,EXITED,h,8,
15:24,48,ARRIVED_SECTION,g,13,Tops
15:24,49,BROWSING,b,3,Underwear
15:24,50,BROWSING,f,13,Skirts & Dresses
15:24,54,MOVING,b,4,
15:24,56,AT_CHECKOUT,b,7,
15:24,58,MOVING,h,6,
15:24,59,BROWSING,h,3,Jeans
15:24,60,MOVING,g,6,
15:24,62,BROWSING,f,13,Skirts & Dresses
15:24,63,BROWSING,f,4,Pants
15:24,64,BROWSING,b,3,Underwear
15:24,65,BROWSING,b,3,Underwear
15:24,66,MOVING,b,11,
15:24,67,BROWSING,d,13,Hats & Handbags
15:24,68,BROWSING,h,3,Jeans
15:24,70,PAUSED,h,8,
15:25,71,ENTERED,h,8,gender~female age~adult
15:25,26,MOVING,a,11,
15:25,36,EXITED,h,8,
15:25,48,BROWSING,g,13,Tops
15:25,49,BROWSING,b,3,Underwear
15:25,54,MOVING,b,5,
15:25,56,AT_CHECKOUT,b,7,
15:25,58,MOVING,h,7,
15:25,59,BROWSING,h,3,Jeans
15:25,60,MOVING,h,6,
15:25,62,BROWSING,f,13,Skirts & Dresses
15:25,63,BROWSING,f,4,Pants
15:25,64,BROWSING,b,3,Underwear
15:25,65,BROWSING,b,3,Underwear
15:25,66,JOINED_QUEUE,b,8,position #2
15:25,67,BROWSING,d,13,Hats & Handbags
15:25,68,BROWSING,h,3,Jeans
15:25,69,MOVING,b,13,
15:25,70,PAUSED,h,8,
15:25,71,MOVING,g,8,
15:26,26,ARRIVED_FITTING_AREA,a,12,
15:26,48,BROWSING,g,13,Tops
15:26,49,BROWSING,b,3,Underwear
15:26,50,MOVING,e,13,
15:26,54,MOVING,b,6,
15:26,56,AT_CHECKOUT,b,7,
15:26,58,MOVING,h,8,
15:26,59,BROWSING,h,3,Jeans
15:26,60,MOVING,h,7,
15:26,62,BROWSING,f,13,Skirts & Dresses
15:26,63,BROWSING,f,4,Pants
15:26,64,BROWSING,b,3,Underwear
15:26,65,BROWSING,b,3,Underwear
15:26,66,IN_QUEUE,b,8,position #2
15:26,68,BROWSING,h,3,Jeans
15:26,69,MOVING,b,11,
15:26,70,MOVING,e,8,
15:26,71,MOVING,f,8,
15:27,26,ENTERED_FITTING,a,13,waited 0 ticks
15:27,48,BROWSING,g,13,Tops
15:27,50,PAUSED,e,13,
15:27,54,MOVING,b,7,
15:27,56,AT_CHECKOUT,b,7,
15:27,58,MOVING,h,9,
15:27,59,BROWSING,h,3,Jeans
15:27,60,EXITED,h,8,
15:27,62,BROWSING,f,13,Skirts & Dresses
15:27,63,BROWSING,f,4,Pants
15:27,64,BROWSING,b,3,Underwear
15:27,65,BROWSING,b,3,Underwear
15:27,66,IN_QUEUE,b,8,position #2
15:27,67,MOVING,e,13,
15:27,68,BROWSING,h,3,Jeans
15:27,69,MOVING,b,9,
15:27,70,MOVING,e,11,
15:27,71,PAUSED,f,8,
15:28,48,BROWSING,g,13,Tops
15:28,49,MOVING,a,3,
15:28,50,PAUSED,e,13,
15:28,54,JOINED_QUEUE,b,8,position #3
15:28,56,AT_CHECKOUT,b,7,
15:28,58,MOVING,h,10,
15:28,59,BROWSING,h,3,Jeans
15:28,62,BROWSING,f,13,Skirts & Dresses
15:28,63,BROWSING,f,4,Pants
15:28,66,IN_QUEUE,b,8,position #2
15:28,67,MOVING,f,13,
15:28,68,BROWSING,h,3,Jeans
15:28,69,MOVING,b,7,
15:28,70,ARRIVED_SECTION,d,13,Hats & Handbags
15:28,71,PAUSED,f,8,
15:29,48,BROWSING,g,13,Tops
15:29,49,MOVING,a,4,
15:29,50,PAUSED,e,13,
15:29,54,IN_QUEUE,b,8,position #3
15:29,56,AT_CHECKOUT,b,7,
15:29,58,MOVING,h,11,
15:29,59,BROWSING,h,3,Jeans
15:29,62,BROWSING,f,13,Skirts & Dresses
15:29,63,BROWSING,f,4,Pants
15:29,64,MOVING,d,3,
15:29,65,MOVING,b,5,
15:29,66,IN_QUEUE,b,8,position #2
15:29,67,MOVING,g,13,
15:29,68,BROWSING,h,3,Jeans
15:29,69,MOVING,b,5,
15:29,70,BROWSING,d,13,Hats & Handbags
15:29,71,PAUSED,f,8,
15:30,48,BROWSING,g,13,Tops
15:30,49,MOVING,a,5,
15:30,50,PAUSED,e,13,
15:30,54,IN_QUEUE,b,8,position #3
15:30,56,AT_CHECKOUT,b,7,
15:30,58,MOVING,h,12,
15:30,59,BROWSING,h,3,Jeans
15:30,62,BROWSING,f,13,Skirts & Dresses
15:30,63,BROWSING,f,4,Pants
15:30,64,MOVING,f,3,
15:30,65,MOVING,b,7,
15:30,66,IN_QUEUE,b,8,position #2
15:30,67,MOVING,h,13,
15:30,68,BROWSING,h,3,Jeans
15:30,69,MOVING,c,4,
15:30,70,BROWSING,d,13,Hats & Handbags
15:30,71,PAUSED,f,8,
15:31,72,ENTERED,h,8,gender~female age~adult
15:31,48,BROWSING,g,13,Tops
15:31,49,MOVING,a,6,
15:31,50,MOVING,d,13,
15:31,54,IN_QUEUE,b,8,position #3
15:31,56,CHECKOUT_COMPLETED,b,7,
15:31,58,ARRIVED_SECTION,h,13,Skirts & Dresses
15:31,59,BROWSING,h,3,Jeans
15:31,63,BROWSING,f,4,Pants
15:31,64,ARRIVED_SECTION,g,3,Jeans
15:31,65,MOVING,b,9,
15:31,66,IN_QUEUE,b,8,position #1
15:31,67,MOVING,h,12,
15:31,68,BROWSING,h,3,Jeans
15:31,69,ARRIVED_SECTION,c,3,Stockings
15:31,70,BROWSING,d,13,Hats & Handbags
15:31,71,MOVING,e,8,
15:31,72,MOVING,g,8,
15:32,66,REACHED_COUNTER,b,7,
15:32,48,BROWSING,g,13,Tops
15:32,49,MOVING,a,7,
15:32,50,MOVING,c,13,
15:32,54,IN_QUEUE,b,8,position #2
15:32,56,MOVING,b,8,
15:32,58,BROWSING,h,13,Skirts & Dresses
15:32,59,BROWSING,h,3,Jeans
15:32,62,MOVING,h,13,
15:32,63,BROWSING,f,4,Pants
15:32,64,BROWSING,g,3,Jeans
15:32,65,MOVING,b,11,
15:32,66,AT_CHECKOUT,b,7,
15:32,67,MOVING,h,11,
15:32,68,BROWSING,h,3,Jeans
15:32,69,BROWSING,c,3,Stockings
15:32,70,BROWSING,d,13,Hats & Handbags
15:32,71,MOVING,e,9,
15:32,72,MOVING,g,7,
15:33,48,BROWSING,g,13,Tops
15:33,49,MOVING,a,8,
15:33,50,MOVING,b,13,
15:33,54,IN_QUEUE,b,8,position #2
15:33,56,MOVING,b,9,
15:33,58,BROWSING,h,13,Skirts & Dresses
15:33,59,BROWSING,h,3,Jeans
15:33,62,MOVING,h,11,
15:33,63,BROWSING,f,4,Pants
15:33,64,BROWSING,g,3,Jeans
15:33,65,MOVING,b,13,
15:33,66,AT_CHECKOUT,b,7,
15:33,67,MOVING,h,10,
15:33,68,BROWSING,h,3,Jeans
15:33,69,BROWSING,c,3,Stockings
15:33,71,MOVING,e,10,
15:33,72,MOVING,g,6,
15:34,48,BROWSING,g,13,Tops
15:34,49,MOVING,a,9,
15:34,50,ARRIVED_FITTING_AREA,a,13,
15:34,54,IN_QUEUE,b,8,position #2
15:34,56,MOVING,c,9,
15:34,57,LEFT_FITTING,a,12,
15:34,58,BROWSING,h,13,Skirts & Dresses
15:34,59,BROWSING,h,3,Jeans
15:34,62,MOVING,h,9,
15:34,63,BROWSING,f,4,Pants
15:34,64,BROWSING,g,3,Jeans
15:34,65,ARRIVED_SECTION,c,13,Hats & Handbags
15:34,66,AT_CHECKOUT,b,7,
15:34,67,MOVING,h,9,
15:34,68,BROWSING,h,3,Jeans
15:34,69,BROWSING,c,3,Stockings
15:34,70,MOVING,e,11,
15:34,71,MOVING,e,11,
15:34,72,MOVING,g,5,
15:35,73,ENTERED,h,8,gender~male age~adult
15:35,48,BROWSING,g,13,Tops
15:35,49,MOVING,a,10,
15:35,50,ENTERED_FITTING,a,14,waited 0 ticks
15:35,54,IN_QUEUE,b,8,position #2
15:35,56,MOVING,d,9,
15:35,57,PAUSED,a,12,
15:35,58,BROWSING,h,13,Skirts & Dresses
15:35,59,BROWSING,h,3,Jeans
15:35,62,MOVING,h,7,
15:35,63,BROWSING,f,4,Pants
15:35,64,BROWSING,g,3,Jeans
15:35,65,BROWSING,c,13,Hats & Handbags
15:35,66,AT_CHECKOUT,b,7,
15:35,67,EXITED,h,8,
15:35,68,BROWSING,h,3,Jeans
15:35,69,BROWSING,c,3,Stockings
15:35,70,MOVING,g,10,
15:35,71,MOVING,e,12,
15:35,72,MOVING,g,4,
15:35,73,MOVING,h,7,
15:36,49,MOVING,a,11,
15:36,54,IN_QUEUE,b,8,position #2
15:36,56,MOVING,e,9,
15:36,57,PAUSED,a,12,
15:36,58,BROWSING,h,13,Skirts & Dresses
15:36,62,MOVING,h,5,
15:36,63,BROWSING,f,4,Pants
15:36,64,BROWSING,g,3,Jeans
15:36,65,BROWSING,c,13,Hats & Handbags
15:36,66,AT_CHECKOUT,b,7,
15:36,68,BROWSING,h,3,Jeans
15:36,70,MOVING,g,7,
15:36,71,MOVING,e,13,
15:36,72,MOVING,f,4,
15:36,73,MOVING,h,6,
15:37,48,PAUSED,g,13,
15:37,49,ARRIVED_FITTING_AREA,a,12,
15:37,54,IN_QUEUE,b,8,position #2
15:37,56,MOVING,f,9,
15:37,57,MOVING,b,12,
15:37,58,BROWSING,h,13,Skirts & Dresses
15:37,59,MOVING,h,5,
15:37,62,ARRIVED_SECTION,h,3,Jeans
15:37,63,BROWSING,f,4,Pants
15:37,64,BROWSING,g,3,Jeans
15:37,65,BROWSING,c,13,Hats & Handbags
15:37,66,CHECKOUT_COMPLETED,b,7,
15:37,68,BROWSING,h,3,Jeans
15:37,69,MOVING,b,4,
15:37,70,MOVING,g,4,
15:37,71,ARRIVED_SECTION,d,13,Hats & Handbags
15:37,72,MOVING,e,4,
15:37,73,MOVING,h,5,
15:38,54,REACHED_COUNTER,b,7,
15:38,48,PAUSED,g,13,
15:38,49,ENTERED_FITTING,a,12,waited 0 ticks
15:38,54,AT_CHECKOUT,b,7,
15:38,56,MOVING,g,9,
15:38,57,MOVING,b,11,
15:38,58,BROWSING,h,13,Skirts & Dresses
15:38,59,MOVING,h,7,
15:38,62,BROWSING,h,3,Jeans
15:38,64,BROWSING,g,3,Jeans
15:38,65,BROWSING,c,13,Hats & Handbags
15:38,66,MOVING,c,9,
15:38,68,BROWSING,h,3,Jeans
15:38,69,MOVING,b,6,
15:38,70,ARRIVED_SECTION,g,3,Jeans
15:38,71,BROWSING,d,13,Hats & Handbags
15:38,72,MOVING,d,4,
15:38,73,MOVING,h,4,
15:39,48,MOVING,e,13,
15:39,54,AT_CHECKOUT,b,7,
15:39,56,MOVING,h,9,
15:39,57,MOVING,b,10,
15:39,58,BROWSING,h,13,Skirts & Dresses
15:39,59,EXITED,h,8,
15:39,62,BROWSING,h,3,Jeans
15:39,63,MOVING,g,5,
15:39,64,BROWSING,g,3,Jeans
15:39,65,BROWSING,c,13,Hats & Handbags
15:39,66,MOVING,f,9,
15:39,68,BROWSING,h,3,Jeans
15:39,69,MOVING,d,6,
15:39,70,BROWSING,g,3,Jeans
15:39,71,BROWSING,d,13,Hats & Handbags
15:39,72,ARRIVED_SECTION,d,3,Stockings
15:39,73,ARRIVED_SECTION,h,3,Jeans
15:40,26,LEFT_FITTING,a,13,
15:40,48,ARRIVED_SECTION,d,13,Hats & Handbags
15:40,54,AT_CHECKOUT,b,7,
15:40,56,EXITED,h,8,
15:40,57,MOVING,b,9,
15:40,58,BROWSING,h,13,Skirts & Dresses
15:40,62,BROWSING,h,3,Jeans
15:40,63,MOVING,g,7,
15:40,64,BROWSING,g,3,Jeans
15:40,65,BROWSING,c,13,Hats & Handbags
15:40,66,EXITED,h,8,
15:40,68,BROWSING,h,3,Jeans
15:40,69,MOVING,e,7,
15:40,70,BROWSING,g,3,Jeans
15:40,71,BROWSING,d,13,Hats & Handbags
15:40,72,BROWSING,d,3,Stockings
15:40,73,BROWSING,h,3,Jeans
15:41,26,MOVING,c,13,
15:41,48,BROWSING,d,13,Hats & Handbags
15:41,54,AT_CHECKOUT,b,7,
15:41,57,JOINED_QUEUE,b,8,position #2
15:41,58,BROWSING,h,13,Skirts & Dresses
15:41,62,BROWSING,h,3,Jeans
15:41,63,MOVING,g,9,
15:41,64,BROWSING,g,3,Jeans
15:41,65,BROWSING,c,13,Hats & Handbags
15:41,68,BROWSING,h,3,Jeans
15:41,69,MOVING,e,9,
15:41,70,BROWSING,g,3,Jeans
15:41,71,BROWSING,d,13,Hats & Handbags
15:41,72,BROWSING,d,3,Stockings
15:41,73,BROWSING,h,3,Jeans
15:42,74,ENTERED,h,8,gender~female age~young
15:42,26,MOVING,e,13,
15:42,48,BROWSING,d,13,Hats & Handbags
15:42,54,AT_CHECKOUT,b,7,
15:42,57,IN_QUEUE,b,8,position #2
15:42,58,BROWSING,h,13,Skirts & Dresses
15:42,62,BROWSING,h,3,Jeans
15:42,63,ARRIVED_SECTION,g,10,Tops
15:42,64,BROWSING,g,3,Jeans
15:42,65,BROWSING,c,13,Hats & Handbags
15:42,69,MOVING,e,11,
15:42,70,BROWSING,g,3,Jeans
15:42,71,BROWSING,d,13,Hats & Handbags
15:42,72,BROWSING,d,3,Stockings
15:42,73,BROWSING,h,3,Jeans
15:42,74,PAUSED,h,8,
15:43,26,MOVING,g,13,
15:43,48,BROWSING,d,13,Hats & Handbags
15:43,54,AT_CHECKOUT,b,7,
15:43,57,IN_QUEUE,b,8,position #2
15:43,58,BROWSING,h,13,Skirts & Dresses
15:43,62,BROWSING,h,3,Jeans
15:43,63,BROWSING,g,10,Tops
15:43,65,BROWSING,c,13,Hats & Handbags
15:43,68,MOVING,h,5,
15:43,69,MOVING,e,13,
15:43,70,BROWSING,g,3,Jeans
15:43,71,BROWSING,d,13,Hats & Handbags
15:43,72,BROWSING,d,3,Stockings
15:43,73,BROWSING,h,3,Jeans
15:43,74,PAUSED,h,8,
15:44,26,MOVING,h,12,
15:44,48,BROWSING,d,13,Hats & Handbags
15:44,54,AT_CHECKOUT,b,7,
15:44,57,ABANDONED_QUEUE,b,8,position #2
15:44,58,BROWSING,h,13,Skirts & Dresses
15:44,62,BROWSING,h,3,Jeans
15:44,63,BROWSING,g,10,Tops
15:44,64,MOVING,e,3,
15:44,65,BROWSING,c,13,Hats & Handbags
15:44,68,MOVING,h,7,
15:44,69,ARRIVED_SECTION,f,13,Skirts & Dresses
15:44,70,BROWSING,g,3,Jeans
15:44,71,BROWSING,d,13,Hats & Handbags
15:44,72,BROWSING,d,3,Stockings
15:44,73,BROWSING,h,3,Jeans
15:44,74,PAUSED,h,8,
15:45,26,MOVING,h,10,
15:45,48,BROWSING,d,13,Hats & Handbags
15:45,54,AT_CHECKOUT,b,7,
15:45,57,MOVING,b,9,
15:45,58,BROWSING,h,13,Skirts & Dresses
15:45,62,BROWSING,h,3,Jeans
15:45,63,BROWSING,g,10,Tops
15:45,64,MOVING,c,3,
15:45,65,BROWSING,c,13,Hats & Handbags
15:45,68,MOVING,h,9,
15:45,69,BROWSING,f,13,Skirts & Dresses
15:45,70,BROWSING,g,3,Jeans
15:45,71,BROWSING,d,13,Hats & Handbags
15:45,72,BROWSING,d,3,Stockings
15:45,73,BROWSING,h,3,Jeans
15:45,74,MOVING,h,10,
15:46,75,ENTERED,h,8,gender~female age~adult
15:46,26,EXITED,h,8,
15:46,48,BROWSING,d,13,Hats & Handbags
15:46,54,AT_CHECKOUT,b,7,
15:46,57,MOVING,c,9,
15:46,58,BROWSING,h,13,Skirts & Dresses
15:46,63,BROWSING,g,10,Tops
15:46,64,MOVING,a,3,
15:46,65,BROWSING,c,13,Hats & Handbags
15:46,68,MOVING,h,11,
15:46,69,BROWSING,f,13,Skirts & Dresses
15:46,70,BROWSING,g,3,Jeans
15:46,71,BROWSING,d,13,Hats & Handbags
15:46,72,BROWSING,d,3,Stockings
15:46,74,MOVING,h,12,
15:46,75,MOVING,h,10,
15:47,76,ENTERED,h,8,gender~female age~senior
15:47,48,BROWSING,d,13,Hats & Handbags
15:47,54,CHECKOUT_COMPLETED,b,7,
15:47,57,MOVING,d,9,
15:47,58,BROWSING,h,13,Skirts & Dresses
15:47,62,MOVING,f,3,
15:47,63,BROWSING,g,10,Tops
15:47,64,MOVING,a,5,
15:47,65,BROWSING,c,13,Hats & Handbags
15:47,68,ARRIVED_SECTION,h,13,Skirts & Dresses
15:47,69,BROWSING,f,13,Skirts & Dresses
15:47,70,BROWSING,g,3,Jeans
15:47,71,BROWSING,d,13,Hats & Handbags
15:47,72,BROWSING,d,3,Stockings
15:47,73,MOVING,h,4,
15:47,74,ARRIVED_SECTION,h,13,Skirts & Dresses
15:47,75,MOVING,h,12,
15:47,76,MOVING,h,9,
15:48,48,BROWSING,d,13,Hats & Handbags
15:48,54,MOVING,b,8,
15:48,57,PAUSED,d,9,
15:48,58,BROWSING,h,13,Skirts & Dresses
15:48,62,MOVING,d,3,
15:48,63,BROWSING,g,10,Tops
15:48,64,MOVING,a,7,
15:48,65,BROWSING,c,13,Hats & Handbags
15:48,68,BROWSING,h,13,Skirts & Dresses
15:48,69,BROWSING,f,13,Skirts & Dresses
15:48,71,BROWSING,d,13,Hats & Handbags
15:48,72,BROWSING,d,3,Stockings
15:48,73,MOVING,h,5,
15:48,74,BROWSING,h,13,Skirts & Dresses
15:48,75,ARRIVED_SECTION,h,13,Skirts & Dresses
15:48,76,MOVING,h,10,
15:49,48,BROWSING,d,13,Hats & Handbags
15:49,54,MOVING,b,9,
15:49,57,PAUSED,d,9,
15:49,62,MOVING,b,3,
15:49,63,BROWSING,g,10,Tops
15:49,64,PAUSED,a,7,
15:49,65,BROWSING,c,13,Hats & Handbags
15:49,68,BROWSING,h,13,Skirts & Dresses
15:49,69,BROWSING,f,13,Skirts & Dresses
15:49,70,ARRIVED_SECTION,d,3,Stockings
15:49,73,MOVING,h,6,
15:49,74,BROWSING,h,13,Skirts & Dresses
15:49,75,BROWSING,h,13,Skirts & Dresses
15:49,76,MOVING,h,11,
15:50,48,BROWSING,d,13,Hats & Handbags
15:50,54,MOVING,c,9,
15:50,57,MOVING,e,9,
15:50,58,MOVING,h,12,
15:50,62,MOVING,a,4,
15:50,63,BROWSING,g,10,Tops
15:50,64,PAUSED,a,7,
15:50,68,BROWSING,h,13,Skirts & Dresses
15:50,69,BROWSING,f,13,Skirts & Dresses
15:50,70,BROWSING,d,3,Stockings
15:50,71,MOVING,e,13,
15:50,72,MOVING,c,3,
15:50,73,MOVING,h,7,
15:50,74,BROWSING,h,13,Skirts & Dresses
15:50,75,BROWSING,h,13,Skirts & Dresses
15:50,76,MOVING,h,12,
15:51,48,BROWSING,d,13,Hats & Handbags
15:51,54,MOVING,d,9,
15:51,57,MOVING,f,9,
15:51,58,MOVING,h,11,
15:51,62,MOVING,a,6,
15:51,63,BROWSING,g,10,Tops
15:51,64,PAUSED,a,7,
15:51,65,MOVING,b,12,
15:51,68,BROWSING,h,13,Skirts & Dresses
15:51,70,BROWSING,d,3,Stockings
15:51,71,ARRIVED_SECTION,f,13,Skirts & Dresses
15:51,72,MOVING,b,3,
15:51,73,EXITED,h,8,
15:51,74,BROWSING,h,13,Skirts & Dresses
15:51,75,BROWSING,h,13,Skirts & Dresses
15:51,76,ARRIVED_SECTION,h,13,Skirts & Dresses
15:52,48,BROWSING,d,13,Hats & Handbags
15:52,54,MOVING,e,9,
15:52,57,PAUSED,f,9,
15:52,58,MOVING,h,10,
15:52,62,MOVING,a,8,
15:52,63,BROWSING,g,10,Tops
15:52,64,PAUSED,a,7,
15:52,65,MOVING,b,10,
15:52,68,BROWSING,h,13,Skirts & Dresses
15:52,69,MOVING,d,13,
15:52,70,BROWSING,d,3,Stockings
15:52,71,BROWSING,f,13,Skirts & Dresses
15:52,72,MOVING,b,4,
15:52,74,BROWSING,h,13,Skirts & Dresses
15:52,75,BROWSING,h,13,Skirts & Dresses
15:52,76,BROWSING,h,13,Skirts & Dresses
15:53,48,BROWSING,d,13,Hats & Handbags
15:53,54,MOVING,f,9,
15:53,57,PAUSED,f,9,
15:53,58,MOVING,h,9,
15:53,62,MOVING,a,10,
15:53,63,BROWSING,g,10,Tops
15:53,64,MOVING,a,9,
15:53,65,MOVING,b,8,
15:53,68,BROWSING,h,13,Skirts & Dresses
15:53,69,MOVING,b,13,
15:53,70,BROWSING,d,3,Stockings
15:53,71,BROWSING,f,13,Skirts & Dresses
15:53,72,MOVING,b,5,
15:53,74,BROWSING,h,13,Skirts & Dresses
15:53,75,BROWSING,h,13,Skirts & Dresses
15:53,76,BROWSING,h,13,Skirts & Dresses
15:54,77,ENTERED,h,8,gender~male age~senior
15:54,49,LEFT_FITTING,a,12,
15:54,54,MOVING,g,9,
15:54,57,PAUSED,f,9,
15:54,58,MOVING,h,8,
15:54,62,ARRIVED_FITTING_AREA,a,12,
15:54,63,BROWSING,g,10,Tops
15:54,64,MOVING,a,11,
15:54,65,MOVING,b,6,
15:54,68,BROWSING,h,13,Skirts & Dresses
15:54,69,ARRIVED_FITTING_AREA,a,13,
15:54,70,BROWSING,d,3,Stockings
15:54,71,BROWSING,f,13,Skirts & Dresses
15:54,72,MOVING,b,6,
15:54,74,BROWSING,h,13,Skirts & Dresses
15:54,75,BROWSING,h,13,Skirts & Dresses
15:54,76,BROWSING,h,13,Skirts & Dresses
15:54,77,MOVING,g,8,
15:55,78,ENTERED,h,8,gender~female age~adult
15:55,48,PAUSED,d,13,
15:55,49,MOVING,b,12,
15:55,54,MOVING,h,9,
15:55,57,PAUSED,f,9,
15:55,58,MOVING,h,7,
15:55,62,ENTERED_FITTING,a,12,waited 0 ticks
15:55,63,BROWSING,g,10,Tops
15:55,64,ARRIVED_FITTING_AREA,a,12,
15:55,65,MOVING,b,4,
15:55,68,BROWSING,h,13,Skirts & Dresses
15:55,69,ENTERED_FITTING,a,13,waited 0 ticks
15:55,70,BROWSING,d,3,Stockings
15:55,71,BROWSING,f,13,Skirts & Dresses
15:55,72,MOVING,b,7,
15:55,74,BROWSING,h,13,Skirts & Dresses
15:55,75,BROWSING,h,13,Skirts & Dresses
15:55,76,BROWSING,h,13,Skirts & Dresses
15:55,77,MOVING,f,8,
15:55,78,MOVING,h,10,
15:56,48,PAUSED,d,13,
15:56,49,MOVING,b,11,
15:56,54,EXITED,h,8,
15:56,57,PAUSED,f,9,
15:56,58,MOVING,h,6,
15:56,63,BROWSING,g,10,Tops
15:56,64,GAVE_UP_FITTING,a,12,waited 0 ticks
15:56,65,ARRIVED_SECTION,c,3,Stockings
15:56,68,BROWSING,h,13,Skirts & Dresses
15:56,71,BROWSING,f,13,Skirts & Dresses
15:56,72,MOVING,b,8,
15:56,75,BROWSING,h,13,Skirts & Dresses
15:56,76,BROWSING,h,13,Skirts & Dresses
15:56,77,MOVING,e,8,
15:56,78,MOVING,h,12,
15:57,48,PAUSED,d,13,
15:57,49,MOVING,b,10,
15:57,57,PAUSED,f,9,
15:57,58,MOVING,h,5,
15:57,63,BROWSING,g,10,Tops
15:57,64,MOVING,b,11,
15:57,65,BROWSING,c,3,Stockings
15:57,68,BROWSING,h,13,Skirts & Dresses
15:57,70,MOVING,b,4,
15:57,72,MOVING,b,9,
15:57,74,MOVING,f,13,
15:57,75,BROWSING,h,13,Skirts & Dresses
15:57,76,BROWSING,h,13,Skirts & Dresses
15:57,77,MOVING,d,8,
15:57,78,ARRIVED_SECTION,h,13,Skirts & Dresses
15:58,48,PAUSED,d,13,
15:58,49,MOVING,b,9,
15:58,57,MOVING,g,9,
15:58,58,MOVING,h,4,
15:58,63,BROWSING,g,10,Tops
15:58,64,PAUSED,b,11,
15:58,65,BROWSING,c,3,Stockings
15:58,68,BROWSING,h,13,Skirts & Dresses
15:58,70,MOVING,b,7,
15:58,71,MOVING,g,13,
15:58,72,MOVING,b,10,
15:58,74,MOVING,d,13,
15:58,75,BROWSING,h,13,Skirts & Dresses
15:58,76,BROWSING,h,13,Skirts & Dresses
15:58,77,MOVING,d,7,
15:58,78,BROWSING,h,13,Skirts & Dresses
15:59,48,PAUSED,d,13,
15:59,49,JOINED_QUEUE,b,8,position #1
15:59,57,MOVING,h,9,
15:59,58,ARRIVED_SECTION,h,3,Jeans
15:59,63,BROWSING,g,10,Tops
15:59,64,PAUSED,b,11,
15:59,65,BROWSING,c,3,Stockings
15:59,68,BROWSING,h,13,Skirts & Dresses
15:59,70,JOINED_QUEUE,b,8,position #2
15:59,71,PAUSED,g,13,
15:59,72,MOVING,b,11,
15:59,74,MOVING,b,13,
15:59,75,BROWSING,h,13,Skirts & Dresses
15:59,76,BROWSING,h,13,Skirts & Dresses
15:59,77,MOVING,d,6,
15:59,78,BROWSING,h,13,Skirts & Dresses
16:00,49,REACHED_COUNTER,b,7,
16:00,48,MOVING,b,13,
16:00,49,AT_CHECKOUT,b,7,
16:00,50,LEFT_FITTING,a,14,
16:00,57,EXITED,h,8,
16:00,58,BROWSING,h,3,Jeans
16:00,64,MOVING,b,9,
16:00,65,BROWSING,c,3,Stockings
16:00,68,BROWSING,h,13,Skirts & Dresses
16:00,70,IN_QUEUE,b,8,position #2
16:00,71,PAUSED,g,13,
16:00,72,MOVING,b,12,
16:00,74,MOVING,b,11,
16:00,75,BROWSING,h,13,Skirts & Dresses
16:00,76,BROWSING,h,13,Skirts & Dresses
16:00,77,MOVING,c,6,
16:01,79,ENTERED,h,8,gender~female age~young
16:01,48,ARRIVED_FITTING_AREA,a,13,
16:01,49,AT_CHECKOUT,b,7,
16:01,50,MOVING,b,14,
16:01,58,BROWSING,h,3,Jeans
16:01,63,MOVING,e,10,
16:01,64,PAUSED,b,9,
16:01,65,BROWSING,c,3,Stockings
16:01,68,BROWSING,h,13,Skirts & Dresses
16:01,70,IN_QUEUE,b,8,position #2
16:01,71,PAUSED,g,13,
16:01,72,MOVING,b,13,
16:01,74,MOVING,b,9,
16:01,75,BROWSING,h,13,Skirts & Dresses
16:01,76,BROWSING,h,13,Skirts & Dresses
16:01,77,MOVING,b,6,
16:01,78,MOVING,h,11,
16:01,79,MOVING,h,11,
16:02,48,ENTERED_FITTING,a,14,waited 0 ticks
16:02,49,AT_CHECKOUT,b,7,
16:02,50,MOVING,b,13,
16:02,58,BROWSING,h,3,Jeans
16:02,63,MOVING,c,10,
16:02,64,PAUSED,b,9,
16:02,65,BROWSING,c,3,Stockings
16:02,68,BROWSING,h,13,Skirts & Dresses
16:02,70,IN_QUEUE,b,8,position #2
16:02,71,MOVING,h,13,
16:02,72,ARRIVED_SECTION,c,13,Hats & Handbags
16:02,74,PAUSED,b,9,
16:02,75,BROWSING,h,13,Skirts & Dresses
16:02,76,BROWSING,h,13,Skirts & Dresses
16:02,77,MOVING,b,5,
16:02,78,MOVING,g,10,
16:02,79,ARRIVED_SECTION,h,13,Skirts & Dresses
16:03,80,ENTERED,h,8,gender~male age~adult
16:03,49,AT_CHECKOUT,b,7,
16:03,50,MOVING,b,12,
16:03,58,BROWSING,h,3,Jeans
16:03,63,MOVING,b,9,
16:03,64,PAUSED,b,9,
16:03,65,BROWSING,c,3,Stockings
16:03,68,BROWSING,h,13,Skirts & Dresses
16:03,70,IN_QUEUE,b,8,position #2
16:03,71,PAUSED,h,13,
16:03,72,BROWSING,c,13,Hats & Handbags
16:03,74,PAUSED,b,9,
16:03,75,BROWSING,h,13,Skirts & Dresses
16:03,76,BROWSING,h,13,Skirts & Dresses
16:03,77,MOVING,b,4,
16:03,78,MOVING,f,9,
16:03,79,BROWSING,h,13,Skirts & Dresses
16:03,80,MOVING,g,9,
16:04,81,ENTERED,h,8,gender~female age~adult
16:04,49,AT_CHECKOUT,b,7,
16:04,50,MOVING,b,11,
16:04,58,BROWSING,h,3,Jeans
16:04,63,MOVING,b,7,
16:04,64,JOINED_QUEUE,b,8,position #3
16:04,65,BROWSING,c,3,Stockings
16:04,68,BROWSING,h,13,Skirts & Dresses
16:04,70,IN_QUEUE,b,8,position #2
16:04,71,PAUSED,h,13,
16:04,72,BROWSING,c,13,Hats & Handbags
16:04,74,PAUSED,b,9,
16:04,75,BROWSING,h,13,Skirts & Dresses
16:04,76,BROWSING,h,13,Skirts & Dresses
16:04,77,ARRIVED_SECTION,b,3,Underwear
16:04,78,MOVING,f,7,
16:04,79,BROWSING,h,13,Skirts & Dresses
16:04,80,ARRIVED_SECTION,g,10,Tops
16:04,81,MOVING,g,9,
16:05,82,ENTERED,h,8,gender~male age~adult
16:05,49,CHECKOUT_COMPLETED,b,7,
16:05,50,MOVING,b,10,
16:05,58,BROWSING,h,3,Jeans
16:05,63,MOVING,b,5,
16:05,64,IN_QUEUE,b,8,position #2
16:05,65,BROWSING,c,3,Stockings
16:05,68,BROWSING,h,13,Skirts & Dresses
16:05,70,IN_QUEUE,b,8,position #1
16:05,71,PAUSED,h,13,
16:05,72,BROWSING,c,13,Hats & Handbags
16:05,74,PAUSED,b,9,
16:05,75,BROWSING,h,13,Skirts & Dresses
16:05,76,BROWSING,h,13,Skirts & Dresses
16:05,77,BROWSING,b,3,Underwear
16:05,78,ARRIVED_SECTION,f,6,Pants
16:05,79,BROWSING,h,13,Skirts & Dresses
16:05,80,BROWSING,g,10,Tops
16:05,81,ARRIVED_SECTION,g,10,Tops
16:05,82,MOVING,f,8,
16:06,70,REACHED_COUNTER,b,7,
16:06,49,MOVING,b,8,
16:06,50,MOVING,b,9,
16:06,58,BROWSING,h,3,Jeans
16:06,63,ARRIVED_SECTION,b,3,Underwear
16:06,64,ABANDONED_QUEUE,b,8,position #2
16:06,65,BROWSING,c,3,Stockings
16:06,68,BROWSING,h,13,Skirts & Dresses
16:06,70,AT_CHECKOUT,b,7,
16:06,71,PAUSED,h,13,
16:06,72,BROWSING,c,13,Hats & Handbags
16:06,74,MOVING,b,7,
16:06,75,BROWSING,h,13,Skirts & Dresses
16:06,76,BROWSING,h,13,Skirts & Dresses
16:06,77,BROWSING,b,3,Underwear
16:06,78,BROWSING,f,6,Pants
16:06,79,BROWSING,h,13,Skirts & Dresses
16:06,80,BROWSING,g,10,Tops
16:06,81,BROWSING,g,10,Tops
16:06,82,MOVING,d,8,
16:07,49,MOVING,b,9,
16:07,50,JOINED_QUEUE,b,8,position #2
16:07,58,BROWSING,h,3,Jeans
16:07,63,BROWSING,b,3,Underwear
16:07,64,PAUSED,b,8,
16:07,65,BROWSING,c,3,Stockings
16:07,70,AT_CHECKOUT,b,7,
16:07,71,MOVING,h,12,
16:07,74,MOVING,b,5,
16:07,75,BROWSING,h,13,Skirts & Dresses
16:07,76,BROWSING,h,13,Skirts & Dresses
16:07,77,BROWSING,b,3,Underwear
16:07,78,BROWSING,f,6,Pants
16:07,79,BROWSING,h,13,Skirts & Dresses
16:07,80,BROWSING,g,10,Tops
16:07,81,BROWSING,g,10,Tops
16:07,82,MOVING,d,6,
16:08,49,MOVING,c,9,
16:08,50,IN_QUEUE,b,8,position #2
16:08,58,BROWSING,h,3,Jeans
16:08,62,LEFT_FITTING,a,12,
16:08,63,BROWSING,b,3,Underwear
16:08,64,PAUSED,b,8,
16:08,65,BROWSING,c,3,Stockings
16:08,68,MOVING,f,13,
16:08,70,AT_CHECKOUT,b,7,
16:08,71,MOVING,h,11,
16:08,72,MOVING,d,13,
16:08,74,PAUSED,b,5,
16:08,75,BROWSING,h,13,Skirts & Dresses
16:08,76,BROWSING,h,13,Skirts & Dresses
16:08,77,BROWSING,b,3,Underwear
16:08,79,BROWSING,h,13,Skirts & Dresses
16:08,80,BROWSING,g,10,Tops
16:08,81,BROWSING,g,10,Tops
16:08,82,MOVING,b,6,
16:09,49,MOVING,d,9,
16:09,50,IN_QUEUE,b,8,position #2
16:09,58,BROWSING,h,3,Jeans
16:09,62,MOVING,b,11,
16:09,63,BROWSING,b,3,Underwear
16:09,64,MOVING,c,9,
16:09,65,BROWSING,c,3,Stockings
16:09,68,MOVING,d,13,
16:09,70,CHECKOUT_COMPLETED,b,7,
16:09,71,MOVING,h,10,
16:09,72,MOVING,e,13,
16:09,74,PAUSED,b,5,
16:09,75,BROWSING,h,13,Skirts & Dresses
16:09,76,BROWSING,h,13,Skirts & Dresses
16:09,77,BROWSING,b,3,Underwear
16:09,78,MOVING,d,6,
16:09,79,BROWSING,h,13,Skirts & Dresses
16:09,81,BROWSING,g,10,Tops
16:09,82,MOVING,b,4,
16:10,50,REACHED_COUNTER,b,7,
16:10,49,MOVING,e,9,
16:10,50,AT_CHECKOUT,b,7,
16:10,58,BROWSING,h,3,Jeans
16:10,62,MOVING,b,9,
16:10,63,BROWSING,b,3,Underwear
16:10,64,PAUSED,c,9,
16:10,65,BROWSING,c,3,Stockings
16:10,68,MOVING,b,13,
16:10,69,LEFT_FITTING,a,13,
16:10,70,MOVING,c,9,
16:10,71,MOVING,h,9,
16:10,72,ARRIVED_SECTION,f,13,Skirts & Dresses
16:10,74,ARRIVED_SECTION,b,3,Underwear
16:10,76,BROWSING,h,13,Skirts & Dresses
16:10,77,BROWSING,b,3,Underwear
16:10,78,MOVING,b,6,
16:10,79,BROWSING,h,13,Skirts & Dresses
16:10,80,MOVING,g,8,
16:10,81,BROWSING,g,10,Tops
16:10,82,ARRIVED_SECTION,b,3,Underwear
16:11,49,MOVING,f,9,
16:11,50,AT_CHECKOUT,b,7,
16:11,58,BROWSING,h,3,Jeans
16:11,62,JOINED_QUEUE,b,8,position #2
16:11,63,BROWSING,b,3,Underwear
16:11,64,PAUSED,c,9,
16:11,68,MOVING,b,11,
16:11,69,MOVING,b,12,
16:11,70,PAUSED,c,9,
16:11,71,MOVING,h,8,
16:11,72,BROWSING,f,13,Skirts & Dresses
16:11,74,BROWSING,b,3,Underwear
16:11,75,MOVING,h,11,
16:11,76,BROWSING,h,13,Skirts & Dresses
16:11,77,BROWSING,b,3,Underwear
16:11,78,MOVING,b,4,
16:11,79,BROWSING,h,13,Skirts & Dresses
16:11,80,MOVING,g,6,
16:11,81,BROWSING,g,10,Tops
16:11,82,BROWSING,b,3,Underwear
16:12,49,MOVING,g,9,
16:12,50,AT_CHECKOUT,b,7,
16:12,58,BROWSING,h,3,Jeans
16:12,62,IN_QUEUE,b,8,position #2
16:12,63,BROWSING,b,3,Underwear
16:12,64,MOVING,e,9,
16:12,65,PAUSED,c,3,
16:12,68,MOVING,b,9,
16:12,69,MOVING,b,10,
16:12,70,PAUSED,c,9,
16:12,71,MOVING,h,7,
16:12,72,BROWSING,f,13,Skirts & Dresses
16:12,74,BROWSING,b,3,Underwear
16:12,75,MOVING,g,10,
16:12,76,BROWSING,h,13,Skirts & Dresses
16:12,77,BROWSING,b,3,Underwear
16:12,78,ARRIVED_SECTION,b,3,Underwear
16:12,79,BROWSING,h,13,Skirts & Dresses
16:12,80,PAUSED,g,6,
16:12,81,BROWSING,g,10,Tops
16:12,82,BROWSING,b,3,Underwear
16:13,83,ENTERED,h,8,gender~male age~young
16:13,49,MOVING,h,9,
16:13,50,AT_CHECKOUT,b,7,
16:13,58,BROWSING,h,3,Jeans
16:13,62,IN_QUEUE,b,8,position #2
16:13,63,BROWSING,b,3,Underwear
16:13,64,MOVING,g,9,
16:13,65,PAUSED,c,3,
16:13,68,MOVING,b,7,
16:13,69,JOINED_QUEUE,b,8,position #3
16:13,70,MOVING,f,9,
16:13,71,MOVING,h,6,
16:13,72,BROWSING,f,13,Skirts & Dresses
16:13,74,BROWSING,b,3,Underwear
16:13,75,MOVING,f,9,
16:13,76,BROWSING,h,13,Skirts & Dresses
16:13,78,BROWSING,b,3,Underwear
16:13,79,BROWSING,h,13,Skirts & Dresses
16:13,80,PAUSED,g,6,
16:13,81,BROWSING,g,10,Tops
16:13,82,BROWSING,b,3,Underwear
16:13,83,ARRIVED_SECTION,g,10,Tops
16:14,84,ENTERED,h,8,gender~male age~adult
16:14,49,EXITED,h,8,
16:14,50,AT_CHECKOUT,b,7,
16:14,58,BROWSING,h,3,Jeans
16:14,62,IN_QUEUE,b,8,position #2
16:14,63,BROWSING,b,3,Underwear
16:14,64,EXITED,h,8,
16:14,65,PAUSED,c,3,
16:14,68,MOVING,b,5,
16:14,69,ABANDONED_QUEUE,b,8,position #3
16:14,70,EXITED,h,8,
16:14,71,MOVING,h,5,
16:14,72,BROWSING,f,13,Skirts & Dresses
16:14,74,BROWSING,b,3,Underwear
16:14,75,MOVING,f,7,
16:14,76,BROWSING,h,13,Skirts & Dresses
16:14,77,PAUSED,b,3,
16:14,78,BROWSING,b,3,Underwear
16:14,80,PAUSED,g,6,
16:14,81,BROWSING,g,10,Tops
16:14,82,BROWSING,b,3,Underwear
16:14,83,BROWSING,g,10,Tops
16:14,84,MOVING,h,5,
16:15,85,ENTERED,h,8,gender~male age~senior
16:15,50,AT_CHECKOUT,b,7,
16:15,58,BROWSING,h,3,Jeans
16:15,62,IN_QUEUE,b,8,position #2
16:15,63,BROWSING,b,3,Underwear
16:15,65,PAUSED,c,3,
16:15,68,PAUSED,b,5,
16:15,69,MOVING,c,9,
16:15,71,MOVING,h,4,
16:15,72,BROWSING,f,13,Skirts & Dresses
16:15,74,BROWSING,b,3,Underwear
16:15,75,PAUSED,f,7,
16:15,76,BROWSING,h,13,Skirts & Dresses
16:15,77,PAUSED,b,3,
16:15,79,ARRIVED_SECTION,g,13,Tops
16:15,80,MOVING,g,4,
16:15,81,BROWSING,g,10,Tops
16:15,82,BROWSING,b,3,Underwear
16:15,83,BROWSING,g,10,Tops
16:15,84,ARRIVED_SECTION,h,3,Jeans
16:15,85,MOVING,g,8,
16:16,86,ENTERED,h,8,gender~male age~young
16:16,50,AT_CHECKOUT,b,7,
16:16,58,BROWSING,h,3,Jeans
16:16,62,IN_QUEUE,b,8,position #2
16:16,63,BROWSING,b,3,Underwear
16:16,65,MOVING,a,3,
16:16,68,PAUSED,b,5,
16:16,69,MOVING,e,9,
16:16,71,ARRIVED_SECTION,h,3,Jeans
16:16,72,BROWSING,f,13,Skirts & Dresses
16:16,74,BROWSING,b,3,Underwear
16:16,75,PAUSED,f,7,
16:16,76,BROWSING,h,13,Skirts & Dresses
16:16,77,PAUSED,b,3,
16:16,78,MOVING,b,5,
16:16,79,BROWSING,g,13,Tops
16:16,80,MOVING,e,4,
16:16,81,BROWSING,g,10,Tops
16:16,82,BROWSING,b,3,Underwear
16:16,83,BROWSING,g,10,Tops
16:16,84,BROWSING,h,3,Jeans
16:16,85,MOVING,f,8,
16:16,86,PAUSED,h,8,
16:17,87,ENTERED,h,8,gender~male age~senior
16:17,48,LEFT_FITTING,a,14,
16:17,50,AT_CHECKOUT,b,7,
16:17,58,BROWSING,h,3,Jeans
16:17,62,IN_QUEUE,b,8,position #2
16:17,65,PAUSED,a,3,
16:17,68,PAUSED,b,5,
16:17,69,MOVING,g,9,
16:17,71,BROWSING,h,3,Jeans
16:17,72,BROWSING,f,13,Skirts & Dresses
16:17,74,BROWSING,b,3,Underwear
16:17,75,PAUSED,f,7,
16:17,77,PAUSED,b,3,
16:17,78,MOVING,b,7,
16:17,79,BROWSING,g,13,Tops
16:17,80,ARRIVED_SECTION,d,3,Stockings
16:17,81,BROWSING,g,10,Tops
16:17,83,BROWSING,g,10,Tops
16:17,84,BROWSING,h,3,Jeans
16:17,85,MOVING,f,7,
16:17,86,PAUSED,h,8,
16:17,87,MOVING,g,8,
16:18,48,MOVING,b,13,
16:18,50,AT_CHECKOUT,b,7,
16:18,58,BROWSING,h,3,Jeans
16:18,62,IN_QUEUE,b,8,position #2
16:18,63,PAUSED,b,3,
16:18,65,PAUSED,a,3,
16:18,68,ARRIVED_SECTION,b,3,Underwear
16:18,69,EXITED,h,8,
16:18,71,BROWSING,h,3,Jeans
16:18,72,BROWSING,f,13,Skirts & Dresses
16:18,74,BROWSING,b,3,Underwear
16:18,75,ARRIVED_SECTION,f,6,Pants
16:18,76,MOVING,h,12,
16:18,77,MOVING,c,3,
16:18,78,JOINED_QUEUE,b,8,position #3
16:18,79,BROWSING,g,13,Tops
16:18,80,BROWSING,d,3,Stockings
16:18,81,BROWSING,g,10,Tops
16:18,82,ARRIVED_SECTION,c,3,Stockings
16:18,83,BROWSING,g,10,Tops
16:18,84,BROWSING,h,3,Jeans
16:18,85,ARRIVED_SECTION,f,6,Pants
16:18,86,PAUSED,h,8,
16:18,87,MOVING,g,9,
16:19,48,MOVING,b,11,
16:19,50,AT_CHECKOUT,b,7,
16:19,58,BROWSING,h,3,Jeans
16:19,62,IN_QUEUE,b,8,position #2
16:19,63,PAUSED,b,3,
16:19,65,PAUSED,a,3,
16:19,68,BROWSING,b,3,Underwear
16:19,71,BROWSING,h,3,Jeans
16:19,72,BROWSING,f,13,Skirts & Dresses
16:19,74,BROWSING,b,3,Underwear
16:19,75,BROWSING,f,6,Pants
16:19,76,PAUSED,h,12,
16:19,77,ARRIVED_SECTION,c,4,Pants
16:19,78,IN_QUEUE,b,8,position #3
16:19,79,BROWSING,g,13,Tops
16:19,80,BROWSING,d,3,Stockings
16:19,81,BROWSING,g,10,Tops
16:19,82,BROWSING,c,3,Stockings
16:19,83,BROWSING,g,10,Tops
16:19,84,BROWSING,h,3,Jeans
16:19,85,BROWSING,f,6,Pants
16:19,86,MOVING,h,6,
16:19,87,ARRIVED_SECTION,g,10,Tops
16:20,48,MOVING,b,9,
16:20,50,CHECKOUT_COMPLETED,b,7,
16:20,58,BROWSING,h,3,Jeans
16:20,62,IN_QUEUE,b,8,position #1
16:20,63,PAUSED,b,3,
16:20,65,PAUSED,a,3,
16:20,68,BROWSING,b,3,Underwear
16:20,71,BROWSING,h,3,Jeans
16:20,74,BROWSING,b,3,Underwear
16:20,75,BROWSING,f,6,Pants
16:20,76,PAUSED,h,12,
16:20,77,BROWSING,c,4,Pants
16:20,78,IN_QUEUE,b,8,position #2
16:20,79,BROWSING,g,13,Tops
16:20,80,BROWSING,d,3,Stockings
16:20,81,BROWSING,g,10,Tops
16:20,82,BROWSING,c,3,Stockings
16:20,83,BROWSING,g,10,Tops
16:20,85,BROWSING,f,6,Pants
16:20,86,MOVING,h,4,
16:20,87,BROWSING,g,10,Tops
16:21,62,REACHED_COUNTER,b,7,
16:21,48,PAUSED,b,9,
16:21,50,MOVING,b,8,
16:21,62,AT_CHECKOUT,b,7,
16:21,63,PAUSED,b,3,
16:21,65,MOVING,a,5,
16:21,68,BROWSING,b,3,Underwear
16:21,71,BROWSING,h,3,Jeans
16:21,72,MOVING,e,13,
16:21,75,BROWSING,f,6,Pants
16:21,76,PAUSED,h,12,
16:21,77,BROWSING,c,4,Pants
16:21,78,IN_QUEUE,b,8,position #2
16:21,79,BROWSING,g,13,Tops
16:21,81,BROWSING,g,10,Tops
16:21,83,BROWSING,g,10,Tops
16:21,84,MOVING,g,5,
16:21,85,BROWSING,f,6,Pants
16:21,86,ARRIVED_SECTION,h,3,Jeans
16:21,87,BROWSING,g,10,Tops
16:22,48,PAUSED,b,9,
16:22,50,MOVING,b,9,
16:22,58,MOVING,g,3,
16:22,62,AT_CHECKOUT,b,7,
16:22,63,MOVING,d,3,
16:22,65,MOVING,a,7,
16:22,68,BROWSING,b,3,Underwear
16:22,71,BROWSING,h,3,Jeans
16:22,72,MOVING,e,12,
16:22,74,MOVING,d,3,
16:22,75,BROWSING,f,6,Pants
16:22,76,PAUSED,h,12,
16:22,77,BROWSING,c,4,Pants
16:22,78,IN_QUEUE,b,8,position #2
16:22,80,MOVING,b,3,
16:22,82,MOVING,a,3,
16:22,83,BROWSING,g,10,Tops
16:22,84,MOVING,g,8,
16:22,85,BROWSING,f,6,Pants
16:22,86,BROWSING,h,3,Jeans
16:22,87,BROWSING,g,10,Tops
16:23,88,ENTERED,h,8,gender~male age~senior
16:23,48,PAUSED,b,9,
16:23,50,MOVING,c,9,
16:23,58,MOVING,f,3,
16:23,62,AT_CHECKOUT,b,7,
16:23,63,MOVING,f,3,
16:23,65,MOVING,a,9,
16:23,68,BROWSING,b,3,Underwear
16:23,71,BROWSING,h,3,Jeans
16:23,72,MOVING,e,11,
16:23,74,MOVING,f,3,
16:23,75,BROWSING,f,6,Pants
16:23,76,MOVING,h,11,
16:23,77,BROWSING,c,4,Pants
16:23,78,IN_QUEUE,b,8,position #2
16:23,79,ARRIVED_SECTION,d,13,Hats & Handbags
16:23,80,MOVING,a,4,
16:23,81,MOVING,e,10,
16:23,82,MOVING,a,5,
16:23,84,ARRIVED_SECTION,g,10,Tops
16:23,85,BROWSING,f,6,Pants
16:23,86,BROWSING,h,3,Jeans
16:23,87,BROWSING,g,10,Tops
16:23,88,MOVING,h,7,
16:24,89,ENTERED,h,8,gender~female age~senior
16:24,48,PAUSED,b,9,
16:24,50,MOVING,d,9,
16:24,58,PAUSED,f,3,
16:24,62,AT_CHECKOUT,b,7,
16:24,63,MOVING,h,3,
16:24,65,MOVING,a,11,
16:24,68,BROWSING,b,3,Underwear
16:24,71,BROWSING,h,3,Jeans
16:24,72,MOVING,e,10,
16:24,74,ARRIVED_SECTION,g,3,Jeans
16:24,75,BROWSING,f,6,Pants
16:24,76,MOVING,h,10,
16:24,77,BROWSING,c,4,Pants
16:24,78,IN_QUEUE,b,8,position #2
16:24,79,BROWSING,d,13,Hats & Handbags
16:24,80,MOVING,a,6,
16:24,81,MOVING,c,10,
16:24,82,MOVING,a,7,
16:24,83,MOVING,d,10,
16:24,84,BROWSING,g,10,Tops
16:24,85,BROWSING,f,6,Pants
16:24,87,BROWSING,g,10,Tops
16:24,88,MOVING,h,6,
16:24,89,MOVING,f,8,
16:25,90,ENTERED,h,8,gender~female age~young
16:25,48,JOINED_QUEUE,b,8,position #3
16:25,50,MOVING,e,9,
16:25,58,PAUSED,f,3,
16:25,62,AT_CHECKOUT,b,7,
16:25,63,MOVING,h,5,
16:25,65,ARRIVED_FITTING_AREA,a,12,
16:25,68,BROWSING,b,3,Underwear
16:25,71,BROWSING,h,3,Jeans
16:25,72,MOVING,e,9,
16:25,74,BROWSING,g,3,Jeans
16:25,75,BROWSING,f,6,Pants
16:25,76,MOVING,h,9,
16:25,77,BROWSING,c,4,Pants
16:25,78,IN_QUEUE,b,8,position #2
16:25,79,BROWSING,d,13,Hats & Handbags
16:25,80,MOVING,a,8,
16:25,81,MOVING,b,9,
16:25,82,MOVING,a,9,
16:25,83,MOVING,b,9,
16:25,84,BROWSING,g,10,Tops
16:25,85,BROWSING,f,6,Pants
16:25,86,MOVING,f,3,
16:25,87,BROWSING,g,10,Tops
16:25,88,MOVING,h,5,
16:25,89,MOVING,d,8,
16:25,90,MOVING,h,6,
16:26,48,IN_QUEUE,b,8,position #3
16:26,50,MOVING,f,9,
16:26,58,MOVING,e,3,
16:26,62,CHECKOUT_COMPLETED,b,7,
16:26,63,MOVING,h,7,
16:26,65,ENTERED_FITTING,a,12,waited 0 ticks
16:26,68,BROWSING,b,3,Underwear
16:26,72,MOVING,e,8,
16:26,74,BROWSING,g,3,Jeans
16:26,75,BROWSING,f,6,Pants
16:26,76,MOVING,h,8,
16:26,77,BROWSING,c,4,Pants
16:26,78,IN_QUEUE,b,8,position #1
16:26,79,BROWSING,d,13,Hats & Handbags
16:26,80,MOVING,a,10,
16:26,81,MOVING,b,7,
16:26,82,MOVING,a,11,
16:26,83,MOVING,b,6,
16:26,84,BROWSING,g,10,Tops
16:26,86,ARRIVED_SECTION,f,4,Pants
16:26,87,BROWSING,g,10,Tops
16:26,88,MOVING,h,4,
16:26,89,MOVING,d,6,
16:26,90,MOVING,h,4,
16:27,78,REACHED_COUNTER,b,7,
16:27,48,IN_QUEUE,b,8,position #2
16:27,50,MOVING,g,9,
16:27,58,MOVING,d,3,
16:27,62,MOVING,b,9,
16:27,63,EXITED,h,8,
16:27,68,BROWSING,b,3,Underwear
16:27,71,MOVING,h,4,
16:27,72,PAUSED,e,8,
16:27,74,BROWSING,g,3,Jeans
16:27,75,BROWSING,f,6,Pants
16:27,76,MOVING,h,7,
16:27,77,BROWSING,c,4,Pants
16:27,78,AT_CHECKOUT,b,7,
16:27,79,BROWSING,d,13,Hats & Handbags
16:27,80,ARRIVED_FITTING_AREA,a,12,
16:27,81,MOVING,b,5,
16:27,82,ARRIVED_FITTING_AREA,a,12,
16:27,83,ARRIVED_SECTION,b,3,Underwear
16:27,85,MOVING,e,6,
16:27,86,BROWSING,f,4,Pants
16:27,87,BROWSING,g,10,Tops
16:27,88,ARRIVED_SECTION,h,3,Jeans
16:27,89,MOVING,b,6,
16:27,90,ARRIVED_SECTION,h,3,Jeans
16:28,48,IN_QUEUE,b,8,position #2
16:28,50,MOVING,h,9,
16:28,58,MOVING,c,3,
16:28,62,MOVING,d,9,
16:28,68,BROWSING,b,3,Underwear
16:28,71,MOVING,h,5,
16:28,72,PAUSED,e,8,
16:28,74,BROWSING,g,3,Jeans
16:28,75,BROWSING,f,6,Pants
16:28,76,MOVING,h,6,
16:28,77,BROWSING,c,4,Pants
16:28,78,AT_CHECKOUT,b,7,
16:28,80,ENTERED_FITTING,a,13,waited 0 ticks
16:28,81,ARRIVED_SECTION,b,3,Underwear
16:28,82,ENTERED_FITTING,a,14,waited 0 ticks
16:28,83,BROWSING,b,3,Underwear
16:28,84,MOVING,d,10,
16:28,85,MOVING,e,7,
16:28,86,BROWSING,f,4,Pants
16:28,87,BROWSING,g,10,Tops
16:28,88,BROWSING,h,3,Jeans
16:28,89,MOVING,b,4,
16:28,90,BROWSING,h,3,Jeans
16:29,48,ABANDONED_QUEUE,b,8,position #2
16:29,50,EXITED,h,8,
16:29,58,PAUSED,c,3,
16:29,62,MOVING,f,9,
16:29,68,BROWSING,b,3,Underwear
16:29,71,MOVING,h,6,
16:29,72,PAUSED,e,8,
16:29,74,BROWSING,g,3,Jeans
16:29,75,BROWSING,f,6,Pants
16:29,76,PAUSED,h,6,
16:29,77,BROWSING,c,4,Pants
16:29,78,AT_CHECKOUT,b,7,
16:29,79,ARRIVED_FITTING_AREA,a,13,
16:29,81,BROWSING,b,3,Underwear
16:29,83,BROWSING,b,3,Underwear
16:29,84,MOVING,a,10,
16:29,85,MOVING,e,8,
16:29,86,BROWSING,f,4,Pants
16:29,87,BROWSING,g,10,Tops
16:29,88,BROWSING,h,3,Jeans
16:29,89,ARRIVED_SECTION,b,3,Underwear
16:29,90,BROWSING,h,3,Jeans
16:30,48,PAUSED,b,8,
16:30,58,PAUSED,c,3,
16:30,62,MOVING,h,9,
16:30,68,BROWSING,b,3,Underwear
16:30,71,MOVING,h,7,
16:30,72,MOVING,e,7,
16:30,74,BROWSING,g,3,Jeans
16:30,75,BROWSING,f,6,Pants
16:30,76,PAUSED,h,6,
16:30,77,BROWSING,c,4,Pants
16:30,78,AT_CHECKOUT,b,7,
16:30,79,GAVE_UP_FITTING,a,13,waited 0 ticks
16:30,81,BROWSING,b,3,Underwear
16:30,83,BROWSING,b,3,Underwear
16:30,84,ARRIVED_FITTING_AREA,a,12,
16:30,85,MOVING,e,9,
16:30,86,BROWSING,f,4,Pants
16:30,88,BROWSING,h,3,Jeans
16:30,89,BROWSING,b,3,Underwear
16:30,90,BROWSING,h,3,Jeans
16:31,91,ENTERED,h,8,gender~male age~adult
16:31,48,PAUSED,b,8,
16:31,58,PAUSED,c,3,
16:31,62,EXITED,h,8,
16:31,68,BROWSING,b,3,Underwear
16:31,71,EXITED,h,8,
16:31,72,ARRIVED_SECTION,e,6,Pants
16:31,74,BROWSING,g,3,Jeans
16:31,75,BROWSING,f,6,Pants
16:31,76,PAUSED,h,6,
16:31,77,BROWSING,c,4,Pants
16:31,78,AT_CHECKOUT,b,7,
16:31,79,MOVING,b,11,
16:31,81,BROWSING,b,3,Underwear
16:31,83,BROWSING,b,3,Underwear
16:31,84,GAVE_UP_FITTING,a,12,waited 0 ticks
16:31,85,MOVING,e,10,
16:31,86,BROWSING,f,4,Pants
16:31,87,PAUSED,g,10,
16:31,88,BROWSING,h,3,Jeans
16:31,89,BROWSING,b,3,Underwear
16:31,90,BROWSING,h,3,Jeans
16:31,91,MOVING,g,8,
16:32,48,PAUSED,b,8,
16:32,58,MOVING,b,3,
16:32,68,BROWSING,b,3,Underwear
16:32,72,BROWSING,e,6,Pants
16:32,74,BROWSING,g,3,Jeans
16:32,76,MOVING,h,5,
16:32,78,AT_CHECKOUT,b,7,
16:32,79,JOINED_QUEUE,b,8,position #2
16:32,81,BROWSING,b,3,Underwear
16:32,83,BROWSING,b,3,Underwear
16:32,84,MOVING,b,10,
16:32,85,MOVING,e,11,
16:32,86,BROWSING,f,4,Pants
16:32,87,PAUSED,g,10,
16:32,88,BROWSING,h,3,Jeans
16:32,90,BROWSING,h,3,Jeans
16:32,91,MOVING,g,9,
16:33,92,ENTERED,h,8,gender~male age~adult
16:33,48,PAUSED,b,8,
16:33,58,MOVING,a,3,
16:33,68,BROWSING,b,3,Underwear
16:33,72,BROWSING,e,6,Pants
16:33,74,BROWSING,g,3,Jeans
16:33,75,MOVING,e,7,
16:33,76,MOVING,h,4,
16:33,77,MOVING,b,4,
16:33,78,CHECKOUT_COMPLETED,b,7,
16:33,79,IN_QUEUE,b,8,position #1
16:33,81,BROWSING,b,3,Underwear
16:33,84,JOINED_QUEUE,b,8,position #2
16:33,85,MOVING,e,12,
16:33,86,BROWSING,f,4,Pants
16:33,87,PAUSED,g,10,
16:33,89,MOVING,b,5,
16:33,90,BROWSING,h,3,Jeans
16:33,91,ARRIVED_SECTION,g,10,Tops
16:33,92,PAUSED,h,8,
16:34,79,REACHED_COUNTER,b,7,
16:34,48,MOVING,c,9,
16:34,58,MOVING,a,4,
16:34,68,BROWSING,b,3,Underwear
16:34,72,BROWSING,e,6,Pants
16:34,75,MOVING,e,9,
16:34,76,ARRIVED_SECTION,h,3,Jeans
16:34,77,MOVING,b,5,
16:34,78,MOVING,b,9,
16:34,79,AT_CHECKOUT,b,7,
16:34,81,BROWSING,b,3,Underwear
16:34,83,ARRIVED_SECTION,c,4,Pants
16:34,84,IN_QUEUE,b,8,position #2
16:34,85,MOVING,e,13,
16:34,87,MOVING,f,10,
16:34,88,MOVING,g,3,
16:34,89,MOVING,b,7,
16:34,91,BROWSING,g,10,Tops
16:34,92,PAUSED,h,8,
16:35,93,ENTERED,h,8,gender~female age~adult
16:35,48,MOVING,e,9,
16:35,58,MOVING,a,5,
16:35,65,LEFT_FITTING,a,12,
16:35,68,BROWSING,b,3,Underwear
16:35,72,BROWSING,e,6,Pants
16:35,74,ARRIVED_SECTION,f,4,Pants
16:35,75,MOVING,e,11,
16:35,76,BROWSING,h,3,Jeans
16:35,77,PAUSED,b,5,
16:35,78,MOVING,d,9,
16:35,79,AT_CHECKOUT,b,7,
16:35,81,BROWSING,b,3,Underwear
16:35,83,BROWSING,c,4,Pants
16:35,84,IN_QUEUE,b,8,position #2
16:35,85,ARRIVED_SECTION,f,13,Skirts & Dresses
16:35,86,PAUSED,f,4,
16:35,87,MOVING,e,10,
16:35,88,MOVING,g,4,
16:35,89,MOVING,b,9,
16:35,90,MOVING,f,3,
16:35,91,BROWSING,g,10,Tops
16:35,92,MOVING,g,8,
16:35,93,MOVING,g,7,
16:36,94,ENTERED,h,8,gender~male age~senior
16:36,48,MOVING,g,9,
16:36,58,MOVING,a,6,
16:36,65,MOVING,b,11,
16:36,72,BROWSING,e,6,Pants
16:36,74,BROWSING,f,4,Pants
16:36,75,MOVING,e,13,
16:36,76,BROWSING,h,3,Jeans
16:36,77,PAUSED,b,5,
16:36,78,MOVING,f,9,
16:36,79,AT_CHECKOUT,b,7,
16:36,81,BROWSING,b,3,Underwear
16:36,83,BROWSING,c,4,Pants
16:36,84,IN_QUEUE,b,8,position #2
16:36,85,BROWSING,f,13,Skirts & Dresses
16:36,86,PAUSED,f,4,
16:36,87,MOVING,e,11,
16:36,88,MOVING,g,5,
16:36,89,MOVING,b,11,
16:36,90,MOVING,d,3,
16:36,91,BROWSING,g,10,Tops
16:36,92,MOVING,g,7,
16:36,93,MOVING,g,5,
16:36,94,MOVING,g,8,
16:37,48,EXITED,h,8,
16:37,58,PAUSED,a,6,
16:37,65,MOVING,b,9,
16:37,68,PAUSED,b,3,
16:37,72,BROWSING,e,6,Pants
16:37,74,BROWSING,f,4,Pants
16:37,75,ARRIVED_SECTION,d,13,Hats & Handbags
16:37,76,BROWSING,h,3,Jeans
16:37,77,PAUSED,b,5,
16:37,78,MOVING,h,9,
16:37,79,CHECKOUT_COMPLETED,b,7,
16:37,81,BROWSING,b,3,Underwear
16:37,83,BROWSING,c,4,Pants
16:37,84,IN_QUEUE,b,8,position #1
16:37,85,BROWSING,f,13,Skirts & Dresses
16:37,86,PAUSED,f,4,
16:37,87,MOVING,e,12,
16:37,88,MOVING,g,6,
16:37,89,MOVING,b,13,
16:37,90,ARRIVED_SECTION,b,3,Underwear
16:37,92,PAUSED,g,7,
16:37,93,MOVING,f,4,
16:37,94,MOVING,f,8,
16:38,95,ENTERED,h,8,gender~male age~adult
16:38,84,REACHED_COUNTER,b,7,
16:38,58,PAUSED,a,6,
16:38,65,PAUSED,b,9,
16:38,68,PAUSED,b,3,
16:38,74,BROWSING,f,4,Pants
16:38,75,BROWSING,d,13,Hats & Handbags
16:38,76,BROWSING,h,3,Jeans
16:38,77,PAUSED,b,5,
16:38,78,EXITED,h,8,
16:38,79,MOVING,c,9,
16:38,81,BROWSING,b,3,Underwear
16:38,83,BROWSING,c,4,Pants
16:38,84,AT_CHECKOUT,b,7,
16:38,85,BROWSING,f,13,Skirts & Dresses
16:38,86,PAUSED,f,4,
16:38,87,MOVING,e,13,
16:38,88,MOVING,f,6,
16:38,89,ARRIVED_SECTION,c,13,Hats & Handbags
16:38,90,BROWSING,b,3,Underwear
16:38,91,MOVING,f,10,
16:38,92,PAUSED,g,7,
16:38,93,MOVING,d,4,
16:38,94,PAUSED,f,8,
16:38,95,MOVING,g,8,
16:39,96,ENTERED,h,8,gender~female age~young
16:39,58,PAUSED,a,6,
16:39,65,PAUSED,b,9,
16:39,68,PAUSED,b,3,
16:39,72,MOVING,f,6,
16:39,74,BROWSING,f,4,Pants
16:39,75,BROWSING,d,13,Hats & Handbags
16:39,76,BROWSING,h,3,Jeans
16:39,77,PAUSED,b,5,
16:39,79,PAUSED,c,9,
16:39,84,AT_CHECKOUT,b,7,
16:39,85,BROWSING,f,13,Skirts & Dresses
16:39,86,MOVING,h,4,
16:39,87,ARRIVED_SECTION,d,13,Hats & Handbags
16:39,88,MOVING,e,6,
16:39,89,BROWSING,c,13,Hats & Handbags
16:39,90,BROWSING,b,3,Underwear
16:39,91,MOVING,f,9,
16:39,92,PAUSED,g,7,
16:39,93,ARRIVED_SECTION,d,3,Stockings
16:39,94,PAUSED,f,8,
16:39,95,MOVING,f,8,
16:39,96,MOVING,e,8,
16:40,97,ENTERED,h,8,gender~male age~adult
16:40,58,MOVING,a,7,
16:40,65,PAUSED,b,9,
16:40,68,MOVING,b,5,
16:40,72,MOVING,g,6,
16:40,74,BROWSING,f,4,Pants
16:40,75,BROWSING,d,13,Hats & Handbags
16:40,76,BROWSING,h,3,Jeans
16:40,77,PAUSED,b,5,
16:40,79,PAUSED,c,9,
16:40,80,LEFT_FITTING,a,13,
16:40,81,MOVING,b,5,
16:40,83,MOVING,b,6,
16:40,84,AT_CHECKOUT,b,7,
16:40,85,BROWSING,f,13,Skirts & Dresses
16:40,86,MOVING,h,6,
16:40,87,BROWSING,d,13,Hats & Handbags
16:40,88,MOVING,e,7,
16:40,89,BROWSING,c,13,Hats & Handbags
16:40,90,BROWSING,b,3,Underwear
16:40,91,MOVING,f,8,
16:40,92,MOVING,g,6,
16:40,93,BROWSING,d,3,Stockings
16:40,94,PAUSED,f,8,
16:40,95,MOVING,f,7,
16:40,96,PAUSED,e,8,
16:40,97,MOVING,g,8,
16:41,58,MOVING,a,8,
16:41,65,JOINED_QUEUE,b,8,position #2
16:41,68,MOVING,b,7,
16:41,72,MOVING,g,5,
16:41,74,BROWSING,f,4,Pants
16:41,75,BROWSING,d,13,Hats & Handbags
16:41,76,BROWSING,h,3,Jeans
16:41,77,PAUSED,b,5,
16:41,79,PAUSED,c,9,
16:41,80,MOVING,c,13,
16:41,81,MOVING,b,7,
16:41,83,MOVING,b,9,
16:41,84,AT_CHECKOUT,b,7,
16:41,85,BROWSING,f,13,Skirts & Dresses
16:41,86,MOVING,h,8,
16:41,87,BROWSING,d,13,Hats & Handbags
16:41,88,MOVING,e,8,
16:41,89,BROWSING,c,13,Hats & Handbags
16:41,90,BROWSING,b,3,Underwear
16:41,91,MOVING,f,7,
16:41,92,MOVING,g,5,
16:41,93,BROWSING,d,3,Stockings
16:41,94,PAUSED,f,8,
16:41,95,ARRIVED_SECTION,f,6,Pants
16:41,96,PAUSED,e,8,
16:41,97,MOVING,g,9,
16:42,98,ENTERED,h,8,gender~female age~young
16:42,58,MOVING,a,9,
16:42,65,ABANDONED_QUEUE,b,8,position #2
16:42,68,MOVING,b,9,
16:42,72,MOVING,g,4,
16:42,74,BROWSING,f,4,Pants
16:42,75,BROWSING,d,13,Hats & Handbags
16:42,76,BROWSING,h,3,Jeans
16:42,77,PAUSED,b,5,
16:42,79,MOVING,f,9,
16:42,80,MOVING,e,13,
16:42,81,MOVING,b,9,
16:42,83,MOVING,b,12,
16:42,84,AT_CHECKOUT,b,7,
16:42,86,MOVING,h,10,
16:42,87,BROWSING,d,13,Hats & Handbags
16:42,88,MOVING,e,9,
16:42,89,BROWSING,c,13,Hats & Handbags
16:42,90,BROWSING,b,3,Underwear
16:42,91,ARRIVED_SECTION,f,6,Pants
16:42,92,MOVING,g,4,
16:42,93,BROWSING,d,3,Stockings
16:42,94,MOVING,e,8,
16:42,95,BROWSING,f,6,Pants
16:42,96,MOVING,e,11,
16:42,97,ARRIVED_SECTION,g,10,Tops
16:42,98,MOVING,h,6,
16:43,99,ENTERED,h,8,gender~male age~senior
16:43,58,MOVING,a,10,
16:43,65,MOVING,c,9,
16:43,68,ARRIVED_SECTION,c,10,Tops
16:43,72,ARRIVED_SECTION,g,3,Jeans
16:43,74,BROWSING,f,4,Pants
16:43,75,BROWSING,d,13,Hats & Handbags
16:43,76,BROWSING,h,3,Jeans
16:43,77,MOVING,b,6,
16:43,79,EXITED,h,8,
16:43,80,MOVING,g,13,
16:43,81,MOVING,b,11,
16:43,83,ARRIVED_SECTION,c,13,Hats & Handbags
16:43,84,AT_CHECKOUT,b,7,
16:43,85,MOVING,e,13,
16:43,86,MOVING,h,12,
16:43,87,BROWSING,d,13,Hats & Handbags
16:43,88,MOVING,e,10,
16:43,90,BROWSING,b,3,Underwear
16:43,91,BROWSING,f,6,Pants
16:43,92,PAUSED,g,4,
16:43,93,BROWSING,d,3,Stockings
16:43,94,MOVING,d,8,
16:43,95,BROWSING,f,6,Pants
16:43,96,PAUSED,e,11,
16:43,97,BROWSING,g,10,Tops
16:43,98,MOVING,h,4,
16:43,99,MOVING,g,8,
16:44,58,MOVING,a,11,
16:44,65,MOVING,e,9,
16:44,68,BROWSING,c,10,Tops
16:44,72,BROWSING,g,3,Jeans
16:44,74,BROWSING,f,4,Pants
16:44,75,BROWSING,d,13,Hats & Handbags
16:44,76,BROWSING,h,3,Jeans
16:44,77,MOVING,b,7,
16:44,80,MOVING,h,12,
16:44,81,MOVING,b,13,
16:44,82,LEFT_FITTING,a,14,
16:44,83,BROWSING,c,13,Hats & Handbags
16:44,84,AT_CHECKOUT,b,7,
16:44,85,MOVING,d,13,
16:44,86,ARRIVED_SECTION,h,13,Skirts & Dresses
16:44,87,BROWSING,d,13,Hats & Handbags
16:44,88,MOVING,e,11,
16:44,89,MOVING,b,12,
16:44,91,BROWSING,f,6,Pants
16:44,92,PAUSED,g,4,
16:44,93,BROWSING,d,3,Stockings
16:44,94,MOVING,d,7,
16:44,95,BROWSING,f,6,Pants
16:44,96,PAUSED,e,11,
16:44,97,BROWSING,g,10,Tops
16:44,98,ARRIVED_SECTION,h,3,Jeans
16:44,99,MOVING,f,8,
16:45,58,ARRIVED_FITTING_AREA,a,12,
16:45,65,MOVING,g,9,
16:45,68,BROWSING,c,10,Tops
16:45,72,BROWSING,g,3,Jeans
16:45,74,BROWSING,f,4,Pants
16:45,75,BROWSING,d,13,Hats & Handbags
16:45,76,BROWSING,h,3,Jeans
16:45,77,PAUSED,b,7,
16:45,80,MOVING,h,10,
16:45,81,ARRIVED_SECTION,c,13,Hats & Handbags
16:45,82,MOVING,b,13,
16:45,83,BROWSING,c,13,Hats & Handbags
16:45,84,CHECKOUT_COMPLETED,b,7,
16:45,85,MOVING,c,13,
16:45,86,BROWSING,h,13,Skirts & Dresses
16:45,87,BROWSING,d,13,Hats & Handbags
16:45,88,MOVING,e,12,
16:45,89,MOVING,b,10,
16:45,90,ARRIVED_SECTION,c,4,Pants
16:45,91,BROWSING,f,6,Pants
16:45,92,PAUSED,g,4,
16:45,93,BROWSING,d,3,Stockings
16:45,94,MOVING,d,6,
16:45,95,BROWSING,f,6,Pants
16:45,96,PAUSED,e,11,
16:45,98,BROWSING,h,3,Jeans
16:45,99,MOVING,f,7,
16:46,58,ENTERED_FITTING,a,12,waited 0 ticks
16:46,65,EXITED,h,8,
16:46,68,BROWSING,c,10,Tops
16:46,72,BROWSING,g,3,Jeans
16:46,75,BROWSING,d,13,Hats & Handbags
16:46,77,PAUSED,b,7,
16:46,80,EXITED,h,8,
16:46,81,BROWSING,c,13,Hats & Handbags
16:46,82,MOVING,b,11,
16:46,83,BROWSING,c,13,Hats & Handbags
16:46,84,MOVING,c,9,
16:46,85,PAUSED,c,13,
16:46,86,BROWSING,h,13,Skirts & Dresses
16:46,87,BROWSING,d,13,Hats & Handbags
16:46,88,MOVING,e,13,
16:46,89,JOINED_QUEUE,b,8,position #1
16:46,90,BROWSING,c,4,Pants
16:46,91,BROWSING,f,6,Pants
16:46,92,PAUSED,g,4,
16:46,93,BROWSING,d,3,Stockings
16:46,94,MOVING,c,6,
16:46,95,BROWSING,f,6,Pants
16:46,96,PAUSED,e,11,
16:46,97,MOVING,f,10,
16:46,98,BROWSING,h,3,Jeans
16:46,99,ARRIVED_SECTION,f,6,Pants
16:47,89,REACHED_COUNTER,b,7,
16:47,68,BROWSING,c,10,Tops
16:47,72,BROWSING,g,3,Jeans
16:47,74,MOVING,d,4,
16:47,75,BROWSING,d,13,Hats & Handbags
16:47,76,MOVING,g,3,
16:47,77,PAUSED,b,7,
16:47,81,BROWSING,c,13,Hats & Handbags
16:47,82,MOVING,b,9,
16:47,83,BROWSING,c,13,Hats & Handbags
16:47,84,MOVING,f,9,
16:47,85,PAUSED,c,13,
16:47,86,BROWSING,h,13,Skirts & Dresses
16:47,87,BROWSING,d,13,Hats & Handbags
16:47,88,ARRIVED_SECTION,d,13,Hats & Handbags
16:47,89,AT_CHECKOUT,b,7,
16:47,90,BROWSING,c,4,Pants
16:47,91,BROWSING,f,6,Pants
16:47,92,MOVING,f,4,
16:47,93,BROWSING,d,3,Stockings
16:47,94,MOVING,b,6,
16:47,96,ARRIVED_SECTION,d,13,Hats & Handbags
16:47,97,MOVING,f,9,
16:47,98,BROWSING,h,3,Jeans
16:47,99,BROWSING,f,6,Pants
16:48,68,BROWSING,c,10,Tops
16:48,72,BROWSING,g,3,Jeans
16:48,74,ARRIVED_SECTION,d,3,Stockings
16:48,75,BROWSING,d,13,Hats & Handbags
16:48,76,MOVING,f,3,
16:48,77,PAUSED,b,7,
16:48,81,BROWSING,c,13,Hats & Handbags
16:48,82,JOINED_QUEUE,b,8,position #2
16:48,83,BROWSING,c,13,Hats & Handbags
16:48,84,EXITED,h,8,
16:48,85,MOVING,b,13,
16:48,86,BROWSING,h,13,Skirts & Dresses
16:48,87,BROWSING,d,13,Hats & Handbags
16:48,88,BROWSING,d,13,Hats & Handbags
16:48,89,AT_CHECKOUT,b,7,
16:48,90,BROWSING,c,4,Pants
16:48,91,BROWSING,f,6,Pants
16:48,92,PAUSED,f,4,
16:48,93,BROWSING,d,3,Stockings
16:48,94,MOVING,b,5,
16:48,95,MOVING,f,7,
16:48,96,BROWSING,d,13,Hats & Handbags
16:48,97,MOVING,f,8,
16:48,98,BROWSING,h,3,Jeans
16:48,99,BROWSING,f,6,Pants
16:49,100,ENTERED,h,8,gender~female age~young
16:49,68,BROWSING,c,10,Tops
16:49,72,BROWSING,g,3,Jeans
16:49,74,BROWSING,d,3,Stockings
16:49,75,BROWSING,d,13,Hats & Handbags
16:49,76,MOVING,e,3,
16:49,77,MOVING,b,8,
16:49,81,BROWSING,c,13,Hats & Handbags
16:49,82,IN_QUEUE,b,8,position #2
16:49,83,BROWSING,c,13,Hats & Handbags
16:49,85,ARRIVED_FITTING_AREA,a,13,
16:49,86,BROWSING,h,13,Skirts & Dresses
16:49,87,BROWSING,d,13,Hats & Handbags
16:49,89,AT_CHECKOUT,b,7,
16:49,90,BROWSING,c,4,Pants
16:49,92,PAUSED,f,4,
16:49,93,BROWSING,d,3,Stockings
16:49,94,MOVING,b,4,
16:49,95,MOVING,f,8,
16:49,96,BROWSING,d,13,Hats & Handbags
16:49,97,MOVING,f,7,
16:49,98,BROWSING,h,3,Jeans
16:49,99,BROWSING,f,6,Pants
16:49,100,ARRIVED_SECTION,g,10,Tops
16:50,68,BROWSING,c,10,Tops
16:50,72,BROWSING,g,3,Jeans
16:50,74,BROWSING,d,3,Stockings
16:50,75,BROWSING,d,13,Hats & Handbags
16:50,76,MOVING,d,3,
16:50,77,MOVING,b,9,
16:50,81,BROWSING,c,13,Hats & Handbags
16:50,82,IN_QUEUE,b,8,position #2
16:50,83,BROWSING,c,13,Hats & Handbags
16:50,85,ENTERED_FITTING,a,13,waited 0 ticks
16:50,88,MOVING,c,13,
16:50,89,AT_CHECKOUT,b,7,
16:50,90,BROWSING,c,4,Pants
16:50,91,MOVING,g,6,
16:50,92,PAUSED,f,4,
16:50,93,BROWSING,d,3,Stockings
16:50,94,ARRIVED_SECTION,b,3,Underwear
16:50,95,MOVING,f,9,
16:50,96,BROWSING,d,13,Hats & Handbags
16:50,97,ARRIVED_SECTION,f,6,Pants
16:50,98,BROWSING,h,3,Jeans
16:50,100,BROWSING,g,10,Tops
16:51,101,ENTERED,h,8,gender~male age~young
16:51,68,BROWSING,c,10,Tops
16:51,72,BROWSING,g,3,Jeans
16:51,74,BROWSING,d,3,Stockings
16:51,75,BROWSING,d,13,Hats & Handbags
16:51,76,MOVING,c,3,
16:51,77,MOVING,b,10,
16:51,81,BROWSING,c,13,Hats & Handbags
16:51,82,IN_QUEUE,b,8,position #2
16:51,83,BROWSING,c,13,Hats & Handbags
16:51,86,PAUSED,h,13,
16:51,87,MOVING,c,13,
16:51,88,MOVING,b,13,
16:51,89,AT_CHECKOUT,b,7,
16:51,90,BROWSING,c,4,Pants
16:51,91,MOVING,h,6,
16:51,92,PAUSED,f,4,
16:51,93,BROWSING,d,3,Stockings
16:51,94,BROWSING,b,3,Underwear
16:51,95,ARRIVED_SECTION,f,10,Tops
16:51,96,BROWSING,d,13,Hats & Handbags
16:51,97,BROWSING,f,6,Pants
16:51,98,BROWSING,h,3,Jeans
16:51,99,MOVING,e,6,
16:51,100,BROWSING,g,10,Tops
16:51,101,MOVING,f,7,
16:52,68,BROWSING,c,10,Tops
16:52,74,BROWSING,d,3,Stockings
16:52,75,BROWSING,d,13,Hats & Handbags
16:52,76,ARRIVED_SECTION,b,3,Underwear
16:52,77,MOVING,b,11,
16:52,81,BROWSING,c,13,Hats & Handbags
16:52,82,IN_QUEUE,b,8,position #2
16:52,86,PAUSED,h,13,
16:52,87,MOVING,b,13,
16:52,88,MOVING,b,12,
16:52,89,AT_CHECKOUT,b,7,
16:52,90,BROWSING,c,4,Pants
16:52,91,MOVING,h,7,
16:52,92,MOVING,e,4,
16:52,93,BROWSING,d,3,Stockings
16:52,94,BROWSING,b,3,Underwear
16:52,95,BROWSING,f,10,Tops
16:52,97,BROWSING,f,6,Pants
16:52,98,BROWSING,h,3,Jeans
16:52,99,MOVING,d,6,
16:52,100,BROWSING,g,10,Tops
16:52,101,ARRIVED_SECTION,f,6,Pants
16:53,68,BROWSING,c,10,Tops
16:53,72,PAUSED,g,3,
16:53,74,BROWSING,d,3,Stockings
16:53,75,BROWSING,d,13,Hats & Handbags
16:53,76,BROWSING,b,3,Underwear
16:53,77,MOVING,b,12,
16:53,81,BROWSING,c,13,Hats & Handbags
16:53,82,ABANDONED_QUEUE,b,8,position #2
16:53,83,PAUSED,c,13,
16:53,86,PAUSED,h,13,
16:53,87,MOVING,b,12,
16:53,88,MOVING,b,11,
16:53,89,AT_CHECKOUT,b,7,
16:53,90,BROWSING,c,4,Pants
16:53,91,EXITED,h,8,
16:53,92,MOVING,d,4,
16:53,93,BROWSING,d,3,Stockings
16:53,94,BROWSING,b,3,Underwear
16:53,95,BROWSING,f,10,Tops
16:53,96,PAUSED,d,13,
16:53,97,BROWSING,f,6,Pants
16:53,98,BROWSING,h,3,Jeans
16:53,99,MOVING,c,6,
16:53,100,BROWSING,g,10,Tops
16:53,101,BROWSING,f,6,Pants
16:54,58,LEFT_FITTING,a,12,
16:54,68,BROWSING,c,10,Tops
16:54,72,PAUSED,g,3,
16:54,74,BROWSING,d,3,Stockings
16:54,75,BROWSING,d,13,Hats & Handbags
16:54,76,BROWSING,b,3,Underwear
16:54,77,MOVING,b,13,
16:54,82,MOVING,c,9,
16:54,83,PAUSED,c,13,
16:54,86,MOVING,f,13,
16:54,87,MOVING,b,11,
16:54,88,MOVING,b,10,
16:54,89,CHECKOUT_COMPLETED,b,7,
16:54,90,BROWSING,c,4,Pants
16:54,92,ARRIVED_SECTION,d,3,Stockings
16:54,93,BROWSING,d,3,Stockings
16:54,94,BROWSING,b,3,Underwear
16:54,96,PAUSED,d,13,
16:54,97,BROWSING,f,6,Pants
16:54,98,BROWSING,h,3,Jeans
16:54,99,MOVING,b,6,
16:54,100,BROWSING,g,10,Tops
16:54,101,BROWSING,f,6,Pants
16:55,58,MOVING,b,12,
16:55,68,BROWSING,c,10,Tops
16:55,72,MOVING,f,3,
16:55,74,BROWSING,d,3,Stockings
16:55,75,BROWSING,d,13,Hats & Handbags
16:55,76,BROWSING,b,3,Underwear
16:55,77,ARRIVED_SECTION,c,13,Hats & Handbags
16:55,81,MOVING,b,12,
16:55,82,MOVING,e,9,
16:55,83,ARRIVED_SECTION,f,13,Skirts & Dresses
16:55,86,MOVING,d,13,
16:55,87,MOVING,b,10,
16:55,88,MOVING,b,9,
16:55,89,MOVING,b,9,
16:55,90,BROWSING,c,4,Pants
16:55,92,BROWSING,d,3,Stockings
16:55,93,BROWSING,d,3,Stockings
16:55,94,BROWSING,b,3,Underwear
16:55,95,MOVING,g,10,
16:55,96,PAUSED,d,13,
16:55,97,BROWSING,f,6,Pants
16:55,99,MOVING,b,5,
16:55,100,BROWSING,g,10,Tops
16:55,101,BROWSING,f,6,Pants
16:56,58,MOVING,b,11,
16:56,68,BROWSING,c,10,Tops
16:56,72,MOVING,e,3,
16:56,74,BROWSING,d,3,Stockings
16:56,75,BROWSING,d,13,Hats & Handbags
16:56,76,BROWSING,b,3,Underwear
16:56,77,BROWSING,c,13,Hats & Handbags
16:56,81,MOVING,b,10,
16:56,82,MOVING,g,9,
16:56,83,BROWSING,f,13,Skirts & Dresses
16:56,86,MOVING,b,13,
16:56,87,MOVING,b,9,
16:56,88,JOINED_QUEUE,b,8,position #1
16:56,89,MOVING,d,9,
16:56,92,BROWSING,d,3,Stockings
16:56,93,BROWSING,d,3,Stockings
16:56,94,BROWSING,b,3,Underwear
16:56,95,MOVING,g,9,
16:56,96,PAUSED,d,13,
16:56,97,BROWSING,f,6,Pants
16:56,98,MOVING,f,3,
16:56,99,MOVING,b,4,
16:56,100,BROWSING,g,10,Tops
16:56,101,BROWSING,f,6,Pants
16:57,102,ENTERED,h,8,gender~male age~adult
16:57,88,REACHED_COUNTER,b,7,
16:57,58,MOVING,b,10,
16:57,68,BROWSING,c,10,Tops
16:57,72,MOVING,d,3,
16:57,74,BROWSING,d,3,Stockings
16:57,75,BROWSING,d,13,Hats & Handbags
16:57,76,BROWSING,b,3,Underwear
16:57,77,BROWSING,c,13,Hats & Handbags
16:57,81,MOVING,b,8,
16:57,82,EXITED,h,8,
16:57,83,BROWSING,f,13,Skirts & Dresses
16:57,85,LEFT_FITTING,a,13,
16:57,86,MOVING,b,11,
16:57,87,MOVING,b,8,
16:57,88,AT_CHECKOUT,b,7,
16:57,89,MOVING,f,9,
16:57,90,MOVING,b,5,
16:57,92,BROWSING,d,3,Stockings
16:57,94,BROWSING,b,3,Underwear
16:57,95,MOVING,g,8,
16:57,96,MOVING,e,11,
16:57,97,BROWSING,f,6,Pants
16:57,98,ARRIVED_SECTION,f,4,Pants
16:57,99,ARRIVED_SECTION,b,3,Underwear
16:57,100,BROWSING,g,10,Tops
16:57,101,BROWSING,f,6,Pants
16:57,102,MOVING,f,8,
16:58,58,MOVING,c,10,
16:58,68,BROWSING,c,10,Tops
16:58,72,MOVING,c,3,
16:58,76,BROWSING,b,3,Underwear
16:58,77,BROWSING,c,13,Hats & Handbags
16:58,81,MOVING,b,6,
16:58,83,BROWSING,f,13,Skirts & Dresses
16:58,85,MOVING,b,13,
16:58,86,MOVING,b,9,
16:58,87,MOVING,b,7,
16:58,88,AT_CHECKOUT,b,7,
16:58,89,MOVING,h,9,
16:58,90,MOVING,c,6,
16:58,92,BROWSING,d,3,Stockings
16:58,93,MOVING,b,3,
16:58,95,MOVING,g,7,
16:58,96,MOVING,g,10,
16:58,98,BROWSING,f,4,Pants
16:58,99,BROWSING,b,3,Underwear
16:58,100,BROWSING,g,10,Tops
16:58,102,MOVING,e,9,
16:59,58,MOVING,d,10,
16:59,68,BROWSING,c,10,Tops
16:59,72,MOVING,b,3,
16:59,74,MOVING,b,3,
16:59,75,MOVING,b,13,
16:59,76,BROWSING,b,3,Underwear
16:59,77,BROWSING,c,13,Hats & Handbags
16:59,81,ARRIVED_SECTION,c,6,Pants
16:59,83,BROWSING,f,13,Skirts & Dresses
16:59,85,MOVING,b,12,
16:59,86,JOINED_QUEUE,b,8,position #2
16:59,87,MOVING,b,6,
16:59,88,AT_CHECKOUT,b,7,
16:59,89,EXITED,h,8,
16:59,90,MOVING,e,6,
16:59,92,BROWSING,d,3,Stockings
16:59,93,MOVING,b,5,
16:59,94,MOVING,b,4,
16:59,95,MOVING,g,6,
16:59,96,MOVING,g,7,
16:59,97,PAUSED,f,6,
16:59,98,BROWSING,f,4,Pants
16:59,99,BROWSING,b,3,Underwear
16:59,100,BROWSING,g,10,Tops
16:59,101,PAUSED,f,6,
16:59,102,MOVING,e,11,
17:00,103,ENTERED,h,8,gender~male age~adult
17:00,58,MOVING,e,10,
17:00,68,BROWSING,c,10,Tops
17:00,72,MOVING,b,4,
17:00,74,PAUSED,b,3,
17:00,75,PAUSED,b,13,
17:00,76,BROWSING,b,3,Underwear
17:00,77,BROWSING,c,13,Hats & Handbags
17:00,81,BROWSING,c,6,Pants
17:00,83,BROWSING,f,13,Skirts & Dresses
17:00,85,MOVING,b,11,
17:00,86,ABANDONED_QUEUE,b,8,position #2
17:00,87,MOVING,b,5,
17:00,88,CHECKOUT_COMPLETED,b,7,
17:00,90,MOVING,e,8,
17:00,92,BROWSING,d,3,Stockings
17:00,93,MOVING,b,7,
17:00,94,MOVING,b,5,
17:00,95,MOVING,g,5,
17:00,96,MOVING,g,4,
17:00,97,PAUSED,f,6,
17:00,98,BROWSING,f,4,Pants
17:00,99,BROWSING,b,3,Underwear
17:00,100,BROWSING,g,10,Tops
17:00,101,PAUSED,f,6,
17:00,102,MOVING,e,13,
17:00,103,MOVING,g,8,
17:01,104,ENTERED,h,8,gender~male age~young
17:01,58,MOVING,f,10,
17:01,68,BROWSING,c,10,Tops
17:01,72,MOVING,b,5,
17:01,74,PAUSED,b,3,
17:01,75,PAUSED,b,13,
17:01,76,BROWSING,b,3,Underwear
17:01,77,BROWSING,c,13,Hats & Handbags
17:01,81,BROWSING,c,6,Pants
17:01,83,BROWSING,f,13,Skirts & Dresses
17:01,85,MOVING,b,10,
17:01,86,MOVING,c,9,
17:01,87,MOVING,b,4,
17:01,88,MOVING,b,8,
17:01,90,MOVING,e,10,
17:01,92,BROWSING,d,3,Stockings
17:01,93,MOVING,b,9,
17:01,94,MOVING,b,6,
17:01,95,MOVING,g,4,
17:01,96,ARRIVED_SECTION,g,3,Jeans
17:01,97,PAUSED,f,6,
17:01,98,BROWSING,f,4,Pants
17:01,99,BROWSING,b,3,Underwear
17:01,100,BROWSING,g,10,Tops
17:01,101,PAUSED,f,6,
17:01,102,ARRIVED_SECTION,d,13,Hats & Handbags
17:01,103,MOVING,g,9,
17:01,104,MOVING,h,10,
17:02,105,ENTERED,h,8,gender~male age~adult
17:02,58,MOVING,g,10,
17:02,68,BROWSING,c,10,Tops
17:02,72,PAUSED,b,5,
17:02,74,PAUSED,b,3,
17:02,75,PAUSED,b,13,
17:02,76,BROWSING,b,3,Underwear
17:02,77,BROWSING,c,13,Hats & Handbags
17:02,81,BROWSING,c,6,Pants
17:02,83,BROWSING,f,13,Skirts & Dresses
17:02,85,MOVING,b,9,
17:02,86,MOVING,e,9,
17:02,87,MOVING,c,4,
17:02,88,MOVING,b,9,
17:02,90,MOVING,e,12,
17:02,93,MOVING,b,11,
17:02,94,MOVING,b,7,
17:02,95,MOVING,f,4,
17:02,96,BROWSING,g,3,Jeans
17:02,97,MOVING,e,6,
17:02,98,BROWSING,f,4,Pants
17:02,99,BROWSING,b,3,Underwear
17:02,101,PAUSED,f,6,
17:02,102,BROWSING,d,13,Hats & Handbags
17:02,103,ARRIVED_SECTION,g,10,Tops
17:02,104,MOVING,h,12,
17:02,105,MOVING,g,8,
17:03,58,MOVING,h,10,
17:03,72,PAUSED,b,5,
17:03,74,PAUSED,b,3,
17:03,75,PAUSED,b,13,
17:03,76,BROWSING,b,3,Underwear
17:03,77,BROWSING,c,13,Hats & Handbags
17:03,81,BROWSING,c,6,Pants
17:03,83,BROWSING,f,13,Skirts & Dresses
17:03,85,JOINED_QUEUE,b,8,position #1
17:03,86,PAUSED,e,9,
17:03,87,ARRIVED_SECTION,c,3,Stockings
17:03,88,MOVING,c,9,
17:03,90,ARRIVED_SECTION,f,13,Skirts & Dresses
17:03,92,MOVING,e,3,
17:03,93,MOVING,b,13,
17:03,94,MOVING,b,8,
17:03,95,MOVING,e,4,
17:03,96,BROWSING,g,3,Jeans
17:03,97,MOVING,e,7,
17:03,98,BROWSING,f,4,Pants
17:03,99,BROWSING,b,3,Underwear
17:03,100,PAUSED,g,10,
17:03,101,MOVING,e,8,
17:03,102,BROWSING,d,13,Hats & Handbags
17:03,103,BROWSING,g,10,Tops
17:03,104,ARRIVED_SECTION,h,13,Skirts & Dresses
17:03,105,MOVING,f,8,
17:04,85,REACHED_COUNTER,b,7,
17:04,58,MOVING,h,9,
17:04,68,MOVING,e,10,
17:04,72,MOVING,b,6,
17:04,74,MOVING,a,4,
17:04,75,MOVING,b,11,
17:04,76,BROWSING,b,3,Underwear
17:04,77,BROWSING,c,13,Hats & Handbags
17:04,81,BROWSING,c,6,Pants
17:04,85,AT_CHECKOUT,b,7,
17:04,86,PAUSED,e,9,
17:04,87,BROWSING,c,3,Stockings
17:04,88,MOVING,d,9,
17:04,90,BROWSING,f,13,Skirts & Dresses
17:04,92,MOVING,f,3,
17:04,93,ARRIVED_SECTION,c,13,Hats & Handbags
17:04,94,MOVING,b,9,
17:04,95,MOVING,d,4,
17:04,96,BROWSING,g,3,Jeans
17:04,97,MOVING,e,8,
17:04,99,BROWSING,b,3,Underwear
17:04,100,PAUSED,g,10,
17:04,101,MOVING,e,11,
17:04,102,BROWSING,d,13,Hats & Handbags
17:04,103,BROWSING,g,10,Tops
17:04,104,BROWSING,h,13,Skirts & Dresses
17:04,105,MOVING,f,7,
17:05,58,EXITED,h,8,
17:05,68,MOVING,g,10,
17:05,72,MOVING,b,7,
17:05,74,MOVING,a,6,
17:05,75,MOVING,b,9,
17:05,76,BROWSING,b,3,Underwear
17:05,77,BROWSING,c,13,Hats & Handbags
17:05,81,BROWSING,c,6,Pants
17:05,83,MOVING,c,13,
17:05,85,AT_CHECKOUT,b,7,
17:05,86,MOVING,g,9,
17:05,87,BROWSING,c,3,Stockings
17:05,88,MOVING,e,9,
17:05,90,BROWSING,f,13,Skirts & Dresses
17:05,92,ARRIVED_SECTION,g,3,Jeans
17:05,93,BROWSING,c,13,Hats & Handbags
17:05,94,MOVING,c,9,
17:05,95,ARRIVED_SECTION,d,3,Stockings
17:05,96,BROWSING,g,3,Jeans
17:05,97,MOVING,e,9,
17:05,98,MOVING,d,4,
17:05,100,PAUSED,g,10,
17:05,101,ARRIVED_SECTION,f,13,Skirts & Dresses
17:05,102,BROWSING,d,13,Hats & Handbags
17:05,103,BROWSING,g,10,Tops
17:05,104,BROWSING,h,13,Skirts & Dresses
17:05,105,ARRIVED_SECTION,f,6,Pants
17:06,68,MOVING,h,9,
17:06,72,JOINED_QUEUE,b,8,position #2
17:06,74,MOVING,a,8,
17:06,75,MOVING,b,7,
17:06,76,BROWSING,b,3,Underwear
17:06,77,BROWSING,c,13,Hats & Handbags
17:06,81,BROWSING,c,6,Pants
17:06,83,ARRIVED_FITTING_AREA,a,13,
17:06,85,AT_CHECKOUT,b,7,
17:06,86,EXITED,h,8,
17:06,87,BROWSING,c,3,Stockings
17:06,88,MOVING,f,9,
17:06,90,BROWSING,f,13,Skirts & Dresses
17:06,92,BROWSING,g,3,Jeans
17:06,93,BROWSING,c,13,Hats & Handbags
17:06,94,ARRIVED_SECTION,c,10,Tops
17:06,95,BROWSING,d,3,Stockings
17:06,96,BROWSING,g,3,Jeans
17:06,97,MOVING,e,10,
17:06,98,MOVING,b,4,
17:06,99,MOVING,b,4,
17:06,100,MOVING,h,12,
17:06,101,BROWSING,f,13,Skirts & Dresses
17:06,103,BROWSING,g,10,Tops
17:06,105,BROWSING,f,6,Pants
17:07,68,EXITED,h,8,
17:07,72,IN_QUEUE,b,8,position #2
17:07,74,MOVING,a,10,
17:07,75,MOVING,b,5,
17:07,76,BROWSING,b,3,Underwear
17:07,77,BROWSING,c,13,Hats & Handbags
17:07,81,BROWSING,c,6,Pants
17:07,83,ENTERED_FITTING,a,13,waited 0 ticks
17:07,85,AT_CHECKOUT,b,7,
17:07,87,BROWSING,c,3,Stockings
17:07,88,MOVING,g,9,
17:07,90,BROWSING,f,13,Skirts & Dresses
17:07,92,BROWSING,g,3,Jeans
17:07,93,BROWSING,c,13,Hats & Handbags
17:07,94,BROWSING,c,10,Tops
17:07,95,BROWSING,d,3,Stockings
17:07,96,BROWSING,g,3,Jeans
17:07,97,MOVING,e,11,
17:07,98,ARRIVED_SECTION,b,3,Underwear
17:07,99,MOVING,b,5,
17:07,100,ARRIVED_SECTION,h,13,Skirts & Dresses
17:07,101,BROWSING,f,13,Skirts & Dresses
17:07,102,MOVING,b,13,
17:07,103,BROWSING,g,10,Tops
17:07,104,MOVING,h,11,
17:07,105,BROWSING,f,6,Pants
17:08,72,ABANDONED_QUEUE,b,8,position #2
17:08,74,ARRIVED_FITTING_AREA,a,12,
17:08,75,ARRIVED_SECTION,b,3,Underwear
17:08,77,BROWSING,c,13,Hats & Handbags
17:08,81,BROWSING,c,6,Pants
17:08,85,CHECKOUT_COMPLETED,b,7,
17:08,87,BROWSING,c,3,Stockings
17:08,88,MOVING,h,9,
17:08,90,BROWSING,f,13,Skirts & Dresses
17:08,92,BROWSING,g,3,Jeans
17:08,93,BROWSING,c,13,Hats & Handbags
17:08,94,BROWSING,c,10,Tops
17:08,95,BROWSING,d,3,Stockings
17:08,96,BROWSING,g,3,Jeans
17:08,97,MOVING,e,12,
17:08,98,BROWSING,b,3,Underwear
17:08,99,MOVING,b,6,
17:08,100,BROWSING,h,13,Skirts & Dresses
17:08,101,BROWSING,f,13,Skirts & Dresses
17:08,102,MOVING,b,11,
17:08,103,BROWSING,g,10,Tops
17:08,104,MOVING,g,10,
17:08,105,BROWSING,f,6,Pants
17:09,72,PAUSED,b,8,
17:09,74,ENTERED_FITTING,a,12,waited 0 ticks
17:09,75,BROWSING,b,3,Underwear
17:09,76,MOVING,b,4,
17:09,81,BROWSING,c,6,Pants
17:09,85,MOVING,b,8,
17:09,87,BROWSING,c,3,Stockings
17:09,88,EXITED,h,8,
17:09,90,BROWSING,f,13,Skirts & Dresses
17:09,92,BROWSING,g,3,Jeans
17:09,93,BROWSING,c,13,Hats & Handbags
17:09,94,BROWSING,c,10,Tops
17:09,96,BROWSING,g,3,Jeans
17:09,97,MOVING,e,13,
17:09,98,BROWSING,b,3,Underwear
17:09,99,PAUSED,b,6,
17:09,100,BROWSING,h,13,Skirts & Dresses
17:09,101,BROWSING,f,13,Skirts & Dresses
17:09,102,MOVING,b,9,
17:09,104,MOVING,g,8,
17:09,105,BROWSING,f,6,Pants
17:10,72,PAUSED,b,8,
17:10,75,BROWSING,b,3,Underwear
17:10,76,MOVING,b,5,
17:10,77,MOVING,d,13,
17:10,81,BROWSING,c,6,Pants
17:10,85,PAUSED,b,8,
17:10,87,BROWSING,c,3,Stockings
17:10,90,BROWSING,f,13,Skirts & Dresses
17:10,92,BROWSING,g,3,Jeans
17:10,93,BROWSING,c,13,Hats & Handbags
17:10,94,BROWSING,c,10,Tops
17:10,95,MOVING,c,3,
17:10,96,BROWSING,g,3,Jeans
17:10,97,ARRIVED_SECTION,f,13,Skirts & Dresses
17:10,98,BROWSING,b,3,Underwear
17:10,99,PAUSED,b,6,
17:10,100,BROWSING,h,13,Skirts & Dresses
17:10,101,BROWSING,f,13,Skirts & Dresses
17:10,102,MOVING,b,7,
17:10,103,MOVING,g,9,
17:10,104,MOVING,g,6,
17:10,105,BROWSING,f,6,Pants
17:11,72,PAUSED,b,8,
17:11,75,BROWSING,b,3,Underwear
17:11,76,MOVING,b,6,
17:11,77,MOVING,e,13,
17:11,81,BROWSING,c,6,Pants
17:11,85,PAUSED,b,8,
17:11,87,BROWSING,c,3,Stockings
17:11,92,BROWSING,g,3,Jeans
17:11,93,BROWSING,c,13,Hats & Handbags
17:11,94,BROWSING,c,10,Tops
17:11,95,MOVING,b,3,
17:11,97,BROWSING,f,13,Skirts & Dresses
17:11,98,BROWSING,b,3,Underwear
17:11,99,PAUSED,b,6,
17:11,100,BROWSING,h,13,Skirts & Dresses
17:11,101,BROWSING,f,13,Skirts & Dresses
17:11,102,MOVING,b,5,
17:11,103,MOVING,g,8,
17:11,104,MOVING,g,4,
17:11,105,BROWSING,f,6,Pants
17:12,72,PAUSED,b,8,
17:12,75,BROWSING,b,3,Underwear
17:12,76,PAUSED,b,6,
17:12,77,MOVING,e,12,
17:12,81,BROWSING,c,6,Pants
17:12,85,PAUSED,b,8,
17:12,87,BROWSING,c,3,Stockings
17:12,90,ARRIVED_SECTION,d,13,Hats & Handbags
17:12,93,BROWSING,c,13,Hats & Handbags
17:12,94,BROWSING,c,10,Tops
17:12,95,MOVING,b,4,
17:12,96,MOVING,g,6,
17:12,97,BROWSING,f,13,Skirts & Dresses
17:12,98,BROWSING,b,3,Underwear
17:12,99,MOVING,c,6,
17:12,100,BROWSING,h,13,Skirts & Dresses
17:12,101,BROWSING,f,13,Skirts & Dresses
17:12,102,MOVING,c,4,
17:12,103,MOVING,g,7,
17:12,104,MOVING,e,4,
17:12,105,BROWSING,f,6,Pants
17:13,72,MOVING,b,9,
17:13,75,BROWSING,b,3,Underwear
17:13,76,PAUSED,b,6,
17:13,77,MOVING,e,11,
17:13,81,BROWSING,c,6,Pants
17:13,85,PAUSED,b,8,
17:13,87,BROWSING,c,3,Stockings
17:13,90,BROWSING,d,13,Hats & Handbags
17:13,92,MOVING,f,3,
17:13,93,BROWSING,c,13,Hats & Handbags
17:13,94,BROWSING,c,10,Tops
17:13,95,MOVING,b,5,
17:13,96,MOVING,g,9,
17:13,97,BROWSING,f,13,Skirts & Dresses
17:13,98,BROWSING,b,3,Underwear
17:13,99,MOVING,d,6,
17:13,100,BROWSING,h,13,Skirts & Dresses
17:13,101,BROWSING,f,13,Skirts & Dresses
17:13,102,ARRIVED_SECTION,c,3,Stockings
17:13,103,MOVING,g,6,
17:13,104,ARRIVED_SECTION,d,3,Stockings
17:14,72,MOVING,c,9,
17:14,75,BROWSING,b,3,Underwear
17:14,76,PAUSED,b,6,
17:14,77,MOVING,e,10,
17:14,81,BROWSING,c,6,Pants
17:14,85,MOVING,b,9,
17:14,87,BROWSING,c,3,Stockings
17:14,90,BROWSING,d,13,Hats & Handbags
17:14,92,MOVING,e,3,
17:14,94,BROWSING,c,10,Tops
17:14,95,MOVING,b,6,
17:14,96,ARRIVED_SECTION,g,10,Tops
17:14,97,BROWSING,f,13,Skirts & Dresses
17:14,98,BROWSING,b,3,Underwear
17:14,99,MOVING,e,6,
17:14,100,BROWSING,h,13,Skirts & Dresses
17:14,102,BROWSING,c,3,Stockings
17:14,103,MOVING,g,5,
17:14,104,BROWSING,d,3,Stockings
17:14,105,MOVING,g,6,
17:15,72,MOVING,d,9,
17:15,75,BROWSING,b,3,Underwear
17:15,76,MOVING,b,7,
17:15,77,MOVING,f,10,
17:15,81,BROWSING,c,6,Pants
17:15,85,MOVING,c,9,
17:15,90,BROWSING,d,13,Hats & Handbags
17:15,92,MOVING,d,3,
17:15,93,MOVING,b,12,
17:15,95,MOVING,b,7,
17:15,96,BROWSING,g,10,Tops
17:15,98,BROWSING,b,3,Underwear
17:15,99,MOVING,e,7,
17:15,100,BROWSING,h,13,Skirts & Dresses
17:15,101,MOVING,h,12,
17:15,102,BROWSING,c,3,Stockings
17:15,103,MOVING,g,4,
17:15,104,BROWSING,d,3,Stockings
17:15,105,MOVING,h,6,
17:16,72,MOVING,e,9,
17:16,75,BROWSING,b,3,Underwear
17:16,76,MOVING,b,8,
17:16,77,MOVING,g,10,
17:16,81,BROWSING,c,6,Pants
17:16,85,MOVING,d,9,
17:16,87,MOVING,b,3,
17:16,90,BROWSING,d,13,Hats & Handbags
17:16,92,PAUSED,d,3,
17:16,93,MOVING,b,10,
17:16,94,MOVING,b,10,
17:16,95,JOINED_QUEUE,b,8,position #1
17:16,96,BROWSING,g,10,Tops
17:16,97,MOVING,e,13,
17:16,98,BROWSING,b,3,Underwear
17:16,99,MOVING,e,8,
17:16,100,BROWSING,h,13,Skirts & Dresses
17:16,101,MOVING,h,9,
17:16,102,BROWSING,c,3,Stockings
17:16,103,ARRIVED_SECTION,g,3,Jeans
17:16,104,BROWSING,d,3,Stockings
17:16,105,MOVING,h,7,
17:17,95,REACHED_COUNTER,b,7,
17:17,72,MOVING,f,9,
17:17,75,BROWSING,b,3,Underwear
17:17,76,MOVING,b,9,
17:17,77,MOVING,g,9,
17:17,85,MOVING,e,9,
17:17,87,MOVING,b,4,
17:17,90,BROWSING,d,13,Hats & Handbags
17:17,92,PAUSED,d,3,
17:17,93,MOVING,b,8,
17:17,94,MOVING,b,9,
17:17,95,AT_CHECKOUT,b,7,
17:17,96,BROWSING,g,10,Tops
17:17,97,MOVING,d,13,
17:17,98,BROWSING,b,3,Underwear
17:17,99,MOVING,e,9,
17:17,100,BROWSING,h,13,Skirts & Dresses
17:17,101,MOVING,h,6,
17:17,103,BROWSING,g,3,Jeans
17:17,104,BROWSING,d,3,Stockings
17:17,105,EXITED,h,8,
17:18,72,MOVING,g,9,
17:18,75,BROWSING,b,3,Underwear
17:18,76,MOVING,c,9,
17:18,77,MOVING,g,8,
17:18,81,MOVING,b,5,
17:18,85,MOVING,f,9,
17:18,87,MOVING,b,5,
17:18,90,BROWSING,d,13,Hats & Handbags
17:18,92,PAUSED,d,3,
17:18,93,MOVING,b,6,
17:18,94,JOINED_QUEUE,b,8,position #2
17:18,95,AT_CHECKOUT,b,7,
17:18,96,BROWSING,g,10,Tops
17:18,97,MOVING,c,13,
17:18,98,BROWSING,b,3,Underwear
17:18,99,MOVING,e,10,
17:18,100,BROWSING,h,13,Skirts & Dresses
17:18,101,ARRIVED_SECTION,h,3,Jeans
17:18,102,MOVING,e,3,
17:18,103,BROWSING,g,3,Jeans
17:18,104,BROWSING,d,3,Stockings
17:19,106,ENTERED,h,8,gender~male age~adult
17:19,72,MOVING,h,9,
17:19,75,BROWSING,b,3,Underwear
17:19,76,ARRIVED_SECTION,c,10,Tops
17:19,77,MOVING,g,7,
17:19,81,PAUSED,b,5,
17:19,85,MOVING,g,9,
17:19,87,MOVING,b,6,
17:19,90,BROWSING,d,13,Hats & Handbags
17:19,92,PAUSED,d,3,
17:19,93,ARRIVED_SECTION,c,6,Pants
17:19,94,IN_QUEUE,b,8,position #2
17:19,95,AT_CHECKOUT,b,7,
17:19,96,BROWSING,g,10,Tops
17:19,97,MOVING,b,13,
17:19,98,BROWSING,b,3,Underwear
17:19,99,MOVING,e,11,
17:19,101,BROWSING,h,3,Jeans
17:19,102,MOVING,g,3,
17:19,103,BROWSING,g,3,Jeans
17:19,104,BROWSING,d,3,Stockings
17:19,106,MOVING,g,8,
17:20,72,EXITED,h,8,
17:20,75,BROWSING,b,3,Underwear
17:20,76,BROWSING,c,10,Tops
17:20,77,MOVING,g,6,
17:20,81,PAUSED,b,5,
17:20,85,MOVING,h,9,
17:20,87,MOVING,c,6,
17:20,90,BROWSING,d,13,Hats & Handbags
17:20,92,PAUSED,d,3,
17:20,93,BROWSING,c,6,Pants
17:20,94,IN_QUEUE,b,8,position #2
17:20,95,AT_CHECKOUT,b,7,
17:20,96,BROWSING,g,10,Tops
17:20,97,MOVING,b,12,
17:20,98,BROWSING,b,3,Underwear
17:20,99,MOVING,e,12,
17:20,100,MOVING,h,10,
17:20,101,BROWSING,h,3,Jeans
17:20,102,MOVING,h,4,
17:20,103,BROWSING,g,3,Jeans
17:20,104,BROWSING,d,3,Stockings
17:20,106,MOVING,f,8,
17:21,75,BROWSING,b,3,Underwear
17:21,76,BROWSING,c,10,Tops
17:21,77,MOVING,g,5,
17:21,81,PAUSED,b,5,
17:21,85,EXITED,h,8,
17:21,87,MOVING,d,6,
17:21,90,BROWSING,d,13,Hats & Handbags
17:21,92,MOVING,c,3,
17:21,93,BROWSING,c,6,Pants
17:21,94,IN_QUEUE,b,8,position #2
17:21,95,AT_CHECKOUT,b,7,
17:21,96,BROWSING,g,10,Tops
17:21,97,MOVING,b,11,
17:21,98,BROWSING,b,3,Underwear
17:21,99,MOVING,e,13,
17:21,100,PAUSED,h,10,
17:21,101,BROWSING,h,3,Jeans
17:21,102,MOVING,h,6,
17:21,103,BROWSING,g,3,Jeans
17:21,106,MOVING,f,7,
17:22,75,BROWSING,b,3,Underwear
17:22,76,BROWSING,c,10,Tops
17:22,77,MOVING,g,4,
17:22,81,PAUSED,b,5,
17:22,87,MOVING,e,6,
17:22,92,ARRIVED_SECTION,b,3,Underwear
17:22,93,BROWSING,c,6,Pants
17:22,94,IN_QUEUE,b,8,position #2
17:22,95,AT_CHECKOUT,b,7,
17:22,96,BROWSING,g,10,Tops
17:22,97,MOVING,b,10,
17:22,98,BROWSING,b,3,Underwear
17:22,99,ARRIVED_SECTION,f,13,Skirts & Dresses
17:22,100,PAUSED,h,10,
17:22,101,BROWSING,h,3,Jeans
17:22,102,EXITED,h,8,
17:22,103,BROWSING,g,3,Jeans
17:22,104,ARRIVED_SECTION,d,4,Pants
17:22,106,ARRIVED_SECTION,f,6,Pants
17:23,107,ENTERED,h,8,gender~female age~senior
17:23,75,BROWSING,b,3,Underwear
17:23,76,BROWSING,c,10,Tops
17:23,77,ARRIVED_SECTION,g,3,Jeans
17:23,81,MOVING,c,4,
17:23,87,MOVING,e,7,
17:23,90,MOVING,b,13,
17:23,92,BROWSING,b,3,Underwear
17:23,93,BROWSING,c,6,Pants
17:23,94,IN_QUEUE,b,8,position #2
17:23,95,AT_CHECKOUT,b,7,
17:23,96,BROWSING,g,10,Tops
17:23,97,MOVING,b,9,
17:23,99,BROWSING,f,13,Skirts & Dresses
17:23,100,PAUSED,h,10,
17:23,101,BROWSING,h,3,Jeans
17:23,103,BROWSING,g,3,Jeans
17:23,104,BROWSING,d,4,Pants
17:23,106,BROWSING,f,6,Pants
17:23,107,MOVING,g,8,
17:24,75,BROWSING,b,3,Underwear
17:24,76,BROWSING,c,10,Tops
17:24,77,BROWSING,g,3,Jeans
17:24,81,PAUSED,c,4,
17:24,87,MOVING,e,8,
17:24,90,ARRIVED_FITTING_AREA,a,13,
17:24,92,BROWSING,b,3,Underwear
17:24,93,BROWSING,c,6,Pants
17:24,94,IN_QUEUE,b,8,position #2
17:24,95,AT_CHECKOUT,b,7,
17:24,96,BROWSING,g,10,Tops
17:24,97,MOVING,b,8,
17:24,98,MOVING,b,5,
17:24,99,BROWSING,f,13,Skirts & Dresses
17:24,100,PAUSED,h,10,
17:24,101,BROWSING,h,3,Jeans
17:24,104,BROWSING,d,4,Pants
17:24,106,BROWSING,f,6,Pants
17:24,107,MOVING,f,8,
17:25,108,ENTERED,h,8,gender~male age~adult
17:25,75,BROWSING,b,3,Underwear
17:25,76,BROWSING,c,10,Tops
17:25,77,BROWSING,g,3,Jeans
17:25,81,PAUSED,c,4,
17:25,87,MOVING,e,9,
17:25,90,ENTERED_FITTING,a,14,waited 0 ticks
17:25,92,BROWSING,b,3,Underwear
17:25,93,BROWSING,c,6,Pants
17:25,94,IN_QUEUE,b,8,position #2
17:25,95,AT_CHECKOUT,b,7,
17:25,96,BROWSING,g,10,Tops
17:25,97,MOVING,b,7,
17:25,98,MOVING,c,6,
17:25,99,BROWSING,f,13,Skirts & Dresses
17:25,100,MOVING,f,9,
17:25,101,BROWSING,h,3,Jeans
17:25,103,MOVING,f,3,
17:25,104,BROWSING,d,4,Pants
17:25,106,BROWSING,f,6,Pants
17:25,107,MOVING,e,8,
17:25,108,MOVING,g,9,
17:26,76,BROWSING,c,10,Tops
17:26,77,BROWSING,g,3,Jeans
17:26,81,PAUSED,c,4,
17:26,83,LEFT_FITTING,a,13,
17:26,87,MOVING,e,10,
17:26,92,BROWSING,b,3,Underwear
17:26,93,BROWSING,c,6,Pants
17:26,94,IN_QUEUE,b,8,position #2
17:26,95,AT_CHECKOUT,b,7,
17:26,97,MOVING,b,6,
17:26,98,PAUSED,c,6,
17:26,99,BROWSING,f,13,Skirts & Dresses
17:26,100,ARRIVED_SECTION,f,6,Pants
17:26,101,BROWSING,h,3,Jeans
17:26,103,MOVING,e,3,
17:26,104,BROWSING,d,4,Pants
17:26,106,BROWSING,f,6,Pants
17:26,107,MOVING,e,9,
17:26,108,ARRIVED_SECTION,g,10,Tops
17:27,74,LEFT_FITTING,a,12,
17:27,75,MOVING,d,3,
17:27,76,BROWSING,c,10,Tops
17:27,77,BROWSING,g,3,Jeans
17:27,81,PAUSED,c,4,
17:27,83,PAUSED,a,13,
17:27,87,MOVING,e,11,
17:27,92,BROWSING,b,3,Underwear
17:27,93,BROWSING,c,6,Pants
17:27,94,IN_QUEUE,b,8,position #2
17:27,95,CHECKOUT_COMPLETED,b,7,
17:27,96,MOVING,h,12,
17:27,97,MOVING,b,5,
17:27,98,PAUSED,c,6,
17:27,100,BROWSING,f,6,Pants
17:27,103,MOVING,d,3,
17:27,106,BROWSING,f,6,Pants
17:27,107,MOVING,e,10,
17:27,108,BROWSING,g,10,Tops
17:28,94,REACHED_COUNTER,b,7,
17:28,74,MOVING,b,11,
17:28,75,MOVING,f,3,
17:28,76,BROWSING,c,10,Tops
17:28,77,BROWSING,g,3,Jeans
17:28,81,ARRIVED_SECTION,c,3,Stockings
17:28,83,PAUSED,a,13,
17:28,87,MOVING,e,12,
17:28,93,BROWSING,c,6,Pants
17:28,94,AT_CHECKOUT,b,7,
17:28,95,MOVING,b,8,
17:28,96,ARRIVED_SECTION,h,13,Skirts & Dresses
17:28,97,MOVING,b,4,
17:28,98,PAUSED,c,6,
17:28,99,MOVING,g,13,
17:28,100,BROWSING,f,6,Pants
17:28,101,MOVING,g,5,
17:28,103,MOVING,c,3,
17:28,104,MOVING,f,4,
17:28,106,BROWSING,f,6,Pants
17:28,107,MOVING,e,11,
17:28,108,BROWSING,g,10,Tops
17:29,74,MOVING,b,9,
17:29,75,ARRIVED_SECTION,g,3,Jeans
17:29,76,BROWSING,c,10,Tops
17:29,77,BROWSING,g,3,Jeans
17:29,81,BROWSING,c,3,Stockings
17:29,83,PAUSED,a,13,
17:29,87,MOVING,e,13,
17:29,92,MOVING,b,4,
17:29,93,BROWSING,c,6,Pants
17:29,94,AT_CHECKOUT,b,7,
17:29,95,MOVING,b,9,
17:29,96,BROWSING,h,13,Skirts & Dresses
17:29,97,MOVING,c,4,
17:29,98,PAUSED,c,6,
17:29,99,MOVING,h,13,
17:29,100,BROWSING,f,6,Pants
17:29,101,MOVING,e,6,
17:29,103,MOVING,b,3,
17:29,104,PAUSED,f,4,
17:29,106,BROWSING,f,6,Pants
17:29,107,MOVING,e,12,
17:29,108,BROWSING,g,10,Tops
17:30,74,JOINED_QUEUE,b,8,position #2
17:30,75,BROWSING,g,3,Jeans
17:30,76,BROWSING,c,10,Tops
17:30,77,BROWSING,g,3,Jeans
17:30,81,BROWSING,c,3,Stockings
17:30,83,MOVING,b,11,
17:30,87,ARRIVED_SECTION,f,13,Skirts & Dresses
17:30,92,MOVING,b,5,
17:30,94,AT_CHECKOUT,b,7,
17:30,95,MOVING,c,9,
17:30,96,BROWSING,h,13,Skirts & Dresses
17:30,97,ARRIVED_SECTION,c,3,Stockings
17:30,98,MOVING,e,6,
17:30,99,MOVING,h,12,
17:30,100,BROWSING,f,6,Pants
17:30,101,MOVING,e,9,
17:30,103,MOVING,b,4,
17:30,104,PAUSED,f,4,
17:30,106,BROWSING,f,6,Pants
17:30,107,MOVING,e,13,
17:30,108,BROWSING,g,10,Tops
17:31,109,ENTERED,h,8,gender~female age~adult
17:31,74,IN_QUEUE,b,8,position #2
17:31,75,BROWSING,g,3,Jeans
17:31,76,BROWSING,c,10,Tops
17:31,77,BROWSING,g,3,Jeans
17:31,81,BROWSING,c,3,Stockings
17:31,83,JOINED_QUEUE,b,8,position #3
17:31,87,BROWSING,f,13,Skirts & Dresses
17:31,92,PAUSED,b,5,
17:31,93,PAUSED,c,6,
17:31,94,AT_CHECKOUT,b,7,
17:31,95,MOVING,d,9,
17:31,96,BROWSING,h,13,Skirts & Dresses
17:31,97,BROWSING,c,3,Stockings
17:31,98,PAUSED,e,6,
17:31,99,MOVING,h,11,
17:31,100,BROWSING,f,6,Pants
17:31,101,PAUSED,e,9,
17:31,103,MOVING,b,5,
17:31,104,ARRIVED_SECTION,g,3,Jeans
17:31,106,BROWSING,f,6,Pants
17:31,107,ARRIVED_SECTION,d,13,Hats & Handbags
17:31,109,MOVING,g,9,
17:32,110,ENTERED,h,8,gender~male age~young
17:32,74,IN_QUEUE,b,8,position #2
17:32,75,BROWSING,g,3,Jeans
17:32,76,BROWSING,c,10,Tops
17:32,77,BROWSING,g,3,Jeans
17:32,81,BROWSING,c,3,Stockings
17:32,83,IN_QUEUE,b,8,position #3
17:32,87,BROWSING,f,13,Skirts & Dresses
17:32,92,PAUSED,b,5,
17:32,93,PAUSED,c,6,
17:32,94,AT_CHECKOUT,b,7,
17:32,95,MOVING,e,9,
17:32,96,BROWSING,h,13,Skirts & Dresses
17:32,97,BROWSING,c,3,Stockings
17:32,98,PAUSED,e,6,
17:32,99,PAUSED,h,11,
17:32,100,BROWSING,f,6,Pants
17:32,101,PAUSED,e,9,
17:32,103,MOVING,b,6,
17:32,104,BROWSING,g,3,Jeans
17:32,106,BROWSING,f,6,Pants
17:32,107,BROWSING,d,13,Hats & Handbags
17:32,108,MOVING,g,8,
17:32,109,ARRIVED_SECTION,g,10,Tops
17:32,110,MOVING,e,9,
17:33,74,ABANDONED_QUEUE,b,8,position #2
17:33,75,BROWSING,g,3,Jeans
17:33,76,BROWSING,c,10,Tops
17:33,77,BROWSING,g,3,Jeans
17:33,81,BROWSING,c,3,Stockings
17:33,83,IN_QUEUE,b,8,position #2
17:33,87,BROWSING,f,13,Skirts & Dresses
17:33,92,MOVING,b,6,
17:33,93,PAUSED,c,6,
17:33,94,CHECKOUT_COMPLETED,b,7,
17:33,95,MOVING,f,9,
17:33,96,BROWSING,h,13,Skirts & Dresses
17:33,97,BROWSING,c,3,Stockings
17:33,98,MOVING,e,8,
17:33,99,PAUSED,h,11,
17:33,100,BROWSING,f,6,Pants
17:33,101,PAUSED,e,9,
17:33,103,MOVING,b,7,
17:33,104,BROWSING,g,3,Jeans
17:33,106,BROWSING,f,6,Pants
17:33,107,BROWSING,d,13,Hats & Handbags
17:33,108,MOVING,g,6,
17:33,109,BROWSING,g,10,Tops
17:33,110,MOVING,e,13,
17:34,83,REACHED_COUNTER,b,7,
17:34,74,MOVING,c,9,
17:34,75,BROWSING,g,3,Jeans
17:34,76,BROWSING,c,10,Tops
17:34,77,BROWSING,g,3,Jeans
17:34,81,BROWSING,c,3,Stockings
17:34,83,AT_CHECKOUT,b,7,
17:34,87,BROWSING,f,13,Skirts & Dresses
17:34,92,MOVING,c,6,
17:34,93,PAUSED,c,6,
17:34,94,MOVING,b,8,
17:34,95,MOVING,g,9,
17:34,96,BROWSING,h,13,Skirts & Dresses
17:34,97,BROWSING,c,3,Stockings
17:34,98,MOVING,e,10,
17:34,99,PAUSED,h,11,
17:34,100,BROWSING,f,6,Pants
17:34,101,MOVING,e,12,
17:34,103,JOINED_QUEUE,b,8,position #2
17:34,106,BROWSING,f,6,Pants
17:34,107,BROWSING,d,13,Hats & Handbags
17:34,108,MOVING,g,4,
17:34,109,BROWSING,g,10,Tops
17:34,110,ARRIVED_SECTION,d,13,Hats & Handbags
17:35,74,MOVING,e,9,
17:35,75,BROWSING,g,3,Jeans
17:35,76,BROWSING,c,10,Tops
17:35,77,BROWSING,g,3,Jeans
17:35,81,BROWSING,c,3,Stockings
17:35,83,AT_CHECKOUT,b,7,
17:35,87,BROWSING,f,13,Skirts & Dresses
17:35,92,PAUSED,c,6,
17:35,93,MOVING,e,6,
17:35,94,MOVING,b,9,
17:35,95,MOVING,h,9,
17:35,96,BROWSING,h,13,Skirts & Dresses
17:35,97,BROWSING,c,3,Stockings
17:35,98,MOVING,e,12,
17:35,99,PAUSED,h,11,
17:35,100,BROWSING,f,6,Pants
17:35,101,ARRIVED_SECTION,d,13,Hats & Handbags
17:35,103,IN_QUEUE,b,8,position #2
17:35,104,MOVING,g,5,
17:35,106,BROWSING,f,6,Pants
17:35,107,BROWSING,d,13,Hats & Handbags
17:35,108,ARRIVED_SECTION,g,3,Jeans
17:35,109,BROWSING,g,10,Tops
17:35,110,BROWSING,d,13,Hats & Handbags
17:36,111,ENTERED,h,8,gender~male age~adult
17:36,74,MOVING,g,9,
17:36,75,BROWSING,g,3,Jeans
17:36,76,BROWSING,c,10,Tops
17:36,77,BROWSING,g,3,Jeans
17:36,81,BROWSING,c,3,Stockings
17:36,83,CHECKOUT_COMPLETED,b,7,
17:36,87,BROWSING,f,13,Skirts & Dresses
17:36,92,PAUSED,c,6,
17:36,93,MOVING,g,6,
17:36,94,MOVING,c,9,
17:36,95,EXITED,h,8,
17:36,96,BROWSING,h,13,Skirts & Dresses
17:36,97,BROWSING,c,3,Stockings
17:36,98,ARRIVED_SECTION,f,13,Skirts & Dresses
17:36,99,MOVING,h,10,
17:36,101,BROWSING,d,13,Hats & Handbags
17:36,103,IN_QUEUE,b,8,position #1
17:36,104,MOVING,g,7,
17:36,107,BROWSING,d,13,Hats & Handbags
17:36,108,BROWSING,g,3,Jeans
17:36,109,BROWSING,g,10,Tops
17:36,110,BROWSING,d,13,Hats & Handbags
17:36,111,ARRIVED_SECTION,g,10,Tops
17:37,103,REACHED_COUNTER,b,7,
17:37,74,EXITED,h,8,
17:37,75,BROWSING,g,3,Jeans
17:37,76,BROWSING,c,10,Tops
17:37,77,BROWSING,g,3,Jeans
17:37,81,BROWSING,c,3,Stockings
17:37,83,MOVING,c,9,
17:37,87,BROWSING,f,13,Skirts & Dresses
17:37,92,PAUSED,c,6,
17:37,93,MOVING,g,4,
17:37,94,MOVING,d,9,
17:37,96,BROWSING,h,13,Skirts & Dresses
17:37,97,BROWSING,c,3,Stockings
17:37,98,BROWSING,f,13,Skirts & Dresses
17:37,99,MOVING,h,9,
17:37,100,MOVING,g,4,
17:37,101,BROWSING,d,13,Hats & Handbags
17:37,103,AT_CHECKOUT,b,7,
17:37,104,MOVING,g,9,
17:37,106,MOVING,g,6,
17:37,107,BROWSING,d,13,Hats & Handbags
17:37,108,BROWSING,g,3,Jeans
17:37,110,BROWSING,d,13,Hats & Handbags
17:37,111,BROWSING,g,10,Tops
17:38,75,BROWSING,g,3,Jeans
17:38,76,BROWSING,c,10,Tops
17:38,77,BROWSING,g,3,Jeans
17:38,81,BROWSING,c,3,Stockings
17:38,83,MOVING,f,9,
17:38,87,BROWSING,f,13,Skirts & Dresses
17:38,92,MOVING,d,6,
17:38,93,ARRIVED_SECTION,g,3,Jeans
17:38,94,MOVING,e,9,
17:38,96,BROWSING,h,13,Skirts & Dresses
17:38,98,BROWSING,f,13,Skirts & Dresses
17:38,99,EXITED,h,8,
17:38,100,ARRIVED_SECTION,g,3,Jeans
17:38,101,BROWSING,d,13,Hats & Handbags
17:38,103,AT_CHECKOUT,b,7,
17:38,104,PAUSED,g,9,
17:38,106,PAUSED,g,6,
17:38,107,BROWSING,d,13,Hats & Handbags
17:38,108,BROWSING,g,3,Jeans
17:38,109,MOVING,e,10,
17:38,111,BROWSING,g,10,Tops
17:39,75,BROWSING,g,3,Jeans
17:39,76,BROWSING,c,10,Tops
17:39,81,BROWSING,c,3,Stockings
17:39,83,EXITED,h,8,
17:39,87,BROWSING,f,13,Skirts & Dresses
17:39,92,MOVING,e,6,
17:39,93,BROWSING,g,3,Jeans
17:39,94,MOVING,f,9,
17:39,96,BROWSING,h,13,Skirts & Dresses
17:39,97,MOVING,b,3,
17:39,98,BROWSING,f,13,Skirts & Dresses
17:39,100,BROWSING,g,3,Jeans
17:39,101,BROWSING,d,13,Hats & Handbags
17:39,103,AT_CHECKOUT,b,7,
17:39,104,PAUSED,g,9,
17:39,106,PAUSED,g,6,
17:39,107,BROWSING,d,13,Hats & Handbags
17:39,108,BROWSING,g,3,Jeans
17:39,109,MOVING,c,10,
17:39,110,MOVING,b,11,
17:39,111,BROWSING,g,10,Tops
17:40,75,BROWSING,g,3,Jeans
17:40,76,BROWSING,c,10,Tops
17:40,77,MOVING,f,3,
17:40,81,BROWSING,c,3,Stockings
17:40,87,BROWSING,f,13,Skirts & Dresses
17:40,92,MOVING,e,7,
17:40,93,BROWSING,g,3,Jeans
17:40,94,MOVING,g,9,
17:40,97,PAUSED,b,3,
17:40,98,BROWSING,f,13,Skirts & Dresses
17:40,100,BROWSING,g,3,Jeans
17:40,101,BROWSING,d,13,Hats & Handbags
17:40,103,AT_CHECKOUT,b,7,
17:40,104,PAUSED,g,9,
17:40,106,MOVING,g,5,
17:40,108,BROWSING,g,3,Jeans
17:40,109,MOVING,b,9,
17:40,110,MOVING,b,7,
17:41,75,BROWSING,g,3,Jeans
17:41,76,BROWSING,c,10,Tops
17:41,77,PAUSED,f,3,
17:41,81,BROWSING,c,3,Stockings
17:41,87,BROWSING,f,13,Skirts & Dresses
17:41,92,MOVING,e,8,
17:41,93,BROWSING,g,3,Jeans
17:41,94,MOVING,h,9,
17:41,96,MOVING,h,10,
17:41,97,PAUSED,b,3,
17:41,98,BROWSING,f,13,Skirts & Dresses
17:41,100,BROWSING,g,3,Jeans
17:41,101,BROWSING,d,13,Hats & Handbags
17:41,103,CHECKOUT_COMPLETED,b,7,
17:41,104,PAUSED,g,9,
17:41,106,MOVING,g,4,
17:41,107,MOVING,c,13,
17:41,109,JOINED_QUEUE,b,8,position #1
17:41,110,ARRIVED_SECTION,b,3,Underwear
17:41,111,EXITED,h,8,
17:42,109,REACHED_COUNTER,b,7,
17:42,75,BROWSING,g,3,Jeans
17:42,76,BROWSING,c,10,Tops
17:42,77,PAUSED,f,3,
17:42,81,BROWSING,c,3,Stockings
17:42,87,BROWSING,f,13,Skirts & Dresses
17:42,92,MOVING,e,9,
17:42,93,BROWSING,g,3,Jeans
17:42,94,EXITED,h,8,
17:42,96,MOVING,f,9,
17:42,97,MOVING,a,3,
17:42,98,BROWSING,f,13,Skirts & Dresses
17:42,100,BROWSING,g,3,Jeans
17:42,101,BROWSING,d,13,Hats & Handbags
17:42,103,MOVING,b,8,
17:42,104,ARRIVED_SECTION,g,10,Tops
17:42,106,PAUSED,g,4,
17:42,107,MOVING,b,13,
17:42,108,MOVING,e,3,
17:42,109,AT_CHECKOUT,b,7,
17:42,110,BROWSING,b,3,Underwear
17:43,75,BROWSING,g,3,Jeans
17:43,76,BROWSING,c,10,Tops
17:43,77,MOVING,e,3,
17:43,81,BROWSING,c,3,Stockings
17:43,92,MOVING,e,10,
17:43,93,BROWSING,g,3,Jeans
17:43,96,PAUSED,f,9,
17:43,97,MOVING,a,4,
17:43,98,BROWSING,f,13,Skirts & Dresses
17:43,100,BROWSING,g,3,Jeans
17:43,101,BROWSING,d,13,Hats & Handbags
17:43,103,MOVING,b,9,
17:43,104,BROWSING,g,10,Tops
17:43,106,PAUSED,g,4,
17:43,107,MOVING,b,12,
17:43,108,MOVING,c,3,
17:43,109,AT_CHECKOUT,b,7,
17:43,110,BROWSING,b,3,Underwear
17:44,75,BROWSING,g,3,Jeans
17:44,76,BROWSING,c,10,Tops
17:44,77,MOVING,d,3,
17:44,87,MOVING,g,13,
17:44,90,LEFT_FITTING,a,14,
17:44,92,MOVING,e,11,
17:44,93,BROWSING,g,3,Jeans
17:44,96,PAUSED,f,9,
17:44,97,MOVING,a,5,
17:44,100,BROWSING,g,3,Jeans
17:44,101,BROWSING,d,13,Hats & Handbags
17:44,103,MOVING,c,9,
17:44,104,BROWSING,g,10,Tops
17:44,106,PAUSED,g,4,
17:44,107,PAUSED,b,12,
17:44,108,MOVING,b,4,
17:44,109,AT_CHECKOUT,b,7,
17:44,110,BROWSING,b,3,Underwear
17:45,75,BROWSING,g,3,Jeans
17:45,77,MOVING,c,3,
17:45,81,MOVING,b,4,
17:45,87,MOVING,h,13,
17:45,90,MOVING,b,13,
17:45,92,MOVING,e,12,
17:45,93,BROWSING,g,3,Jeans
17:45,96,PAUSED,f,9,
17:45,97,MOVING,a,6,
17:45,98,MOVING,d,13,
17:45,100,BROWSING,g,3,Jeans
17:45,101,BROWSING,d,13,Hats & Handbags
17:45,103,MOVING,d,9,
17:45,104,BROWSING,g,10,Tops
17:45,106,PAUSED,g,4,
17:45,107,PAUSED,b,12,
17:45,108,MOVING,b,6,
17:45,109,AT_CHECKOUT,b,7,
17:45,110,BROWSING,b,3,Underwear
17:46,75,BROWSING,g,3,Jeans
17:46,76,MOVING,b,10,
17:46,77,MOVING,b,3,
17:46,81,MOVING,b,6,
17:46,87,MOVING,h,12,
17:46,90,MOVING,b,11,
17:46,92,MOVING,e,13,
17:46,93,BROWSING,g,3,Jeans
17:46,96,ARRIVED_SECTION,f,6,Pants
17:46,97,MOVING,a,7,
17:46,98,MOVING,b,13,
17:46,100,BROWSING,g,3,Jeans
17:46,103,MOVING,e,9,
17:46,104,BROWSING,g,10,Tops
17:46,106,ARRIVED_SECTION,g,3,Jeans
17:46,107,PAUSED,b,12,
17:46,108,JOINED_QUEUE,b,8,position #2
17:46,109,CHECKOUT_COMPLETED,b,7,
17:47,108,REACHED_COUNTER,b,7,
17:47,76,MOVING,b,11,
17:47,77,MOVING,b,4,
17:47,81,JOINED_QUEUE,b,8,position #2
17:47,87,MOVING,h,11,
17:47,90,MOVING,b,9,
17:47,92,ARRIVED_SECTION,f,13,Skirts & Dresses
17:47,93,BROWSING,g,3,Jeans
17:47,96,BROWSING,f,6,Pants
17:47,97,MOVING,a,8,
17:47,98,MOVING,b,11,
17:47,100,BROWSING,g,3,Jeans
17:47,101,MOVING,b,12,
17:47,103,MOVING,f,9,
17:47,106,BROWSING,g,3,Jeans
17:47,107,MOVING,b,11,
17:47,108,AT_CHECKOUT,b,7,
17:47,109,MOVING,b,9,
17:47,110,MOVING,b,7,
17:48,75,MOVING,g,5,
17:48,76,MOVING,b,12,
17:48,77,MOVING,b,5,
17:48,81,IN_QUEUE,b,8,position #2
17:48,87,MOVING,h,10,
17:48,90,JOINED_QUEUE,b,8,position #3
17:48,92,BROWSING,f,13,Skirts & Dresses
17:48,93,BROWSING,g,3,Jeans
17:48,96,BROWSING,f,6,Pants
17:48,97,MOVING,a,9,
17:48,98,MOVING,b,9,
17:48,100,BROWSING,g,3,Jeans
17:48,101,PAUSED,b,12,
17:48,103,MOVING,g,9,
17:48,104,MOVING,h,9,
17:48,106,BROWSING,g,3,Jeans
17:48,107,MOVING,b,10,
17:48,108,AT_CHECKOUT,b,7,
17:48,109,MOVING,d,9,
17:48,110,JOINED_QUEUE,b,8,position #4
17:49,75,MOVING,g,7,
17:49,76,MOVING,b,13,
17:49,77,PAUSED,b,5,
17:49,81,IN_QUEUE,b,8,position #2
17:49,87,MOVING,h,9,
17:49,90,IN_QUEUE,b,8,position #3
17:49,92,BROWSING,f,13,Skirts & Dresses
17:49,93,BROWSING,g,3,Jeans
17:49,96,BROWSING,f,6,Pants
17:49,97,MOVING,a,10,
17:49,98,MOVING,b,7,
17:49,100,BROWSING,g,3,Jeans
17:49,101,PAUSED,b,12,
17:49,103,MOVING,h,9,
17:49,104,EXITED,h,8,
17:49,106,BROWSING,g,3,Jeans
17:49,107,MOVING,b,9,
17:49,108,AT_CHECKOUT,b,7,
17:49,109,MOVING,f,9,
17:49,110,IN_QUEUE,b,8,position #4
17:50,75,MOVING,g,9,
17:50,76,ARRIVED_SECTION,c,13,Hats & Handbags
17:50,77,PAUSED,b,5,
17:50,81,IN_QUEUE,b,8,position #2
17:50,87,PAUSED,h,9,
17:50,90,IN_QUEUE,b,8,position #3
17:50,92,BROWSING,f,13,Skirts & Dresses
17:50,93,BROWSING,g,3,Jeans
17:50,96,BROWSING,f,6,Pants
17:50,97,PAUSED,a,10,
17:50,98,MOVING,b,5,
17:50,101,MOVING,b,9,
17:50,103,EXITED,h,8,
17:50,106,BROWSING,g,3,Jeans
17:50,107,PAUSED,b,9,
17:50,108,AT_CHECKOUT,b,7,
17:50,109,MOVING,h,9,
17:50,110,IN_QUEUE,b,8,position #4
17:51,112,ENTERED,h,8,gender~male age~adult
17:51,75,ARRIVED_SECTION,g,10,Tops
17:51,76,BROWSING,c,13,Hats & Handbags
17:51,77,MOVING,b,6,
17:51,81,ABANDONED_QUEUE,b,8,position #2
17:51,87,PAUSED,h,9,
17:51,90,IN_QUEUE,b,8,position #2
17:51,92,BROWSING,f,13,Skirts & Dresses
17:51,93,BROWSING,g,3,Jeans
17:51,97,PAUSED,a,10,
17:51,98,MOVING,c,4,
17:51,100,MOVING,d,3,
17:51,101,MOVING,b,6,
17:51,106,BROWSING,g,3,Jeans
17:51,107,PAUSED,b,9,
17:51,108,AT_CHECKOUT,b,7,
17:51,109,EXITED,h,8,
17:51,110,IN_QUEUE,b,8,position #3
17:51,112,MOVING,h,7,
17:52,75,BROWSING,g,10,Tops
17:52,76,BROWSING,c,13,Hats & Handbags
17:52,77,MOVING,b,7,
17:52,81,MOVING,c,9,
17:52,87,MOVING,h,8,
17:52,90,IN_QUEUE,b,8,position #2
17:52,92,BROWSING,f,13,Skirts & Dresses
17:52,96,MOVING,g,4,
17:52,97,PAUSED,a,10,
17:52,98,PAUSED,c,4,
17:52,100,ARRIVED_SECTION,b,3,Underwear
17:52,101,ARRIVED_SECTION,b,3,Underwear
17:52,106,BROWSING,g,3,Jeans
17:52,107,MOVING,b,8,
17:52,108,CHECKOUT_COMPLETED,b,7,
17:52,110,IN_QUEUE,b,8,position #2
17:52,112,MOVING,h,6,
17:53,90,REACHED_COUNTER,b,7,
17:53,75,BROWSING,g,10,Tops
17:53,76,BROWSING,c,13,Hats & Handbags
17:53,77,JOINED_QUEUE,b,8,position #3
17:53,81,MOVING,e,9,
17:53,87,MOVING,h,7,
17:53,90,AT_CHECKOUT,b,7,
17:53,93,MOVING,h,4,
17:53,96,MOVING,d,4,
17:53,97,MOVING,a,11,
17:53,98,PAUSED,c,4,
17:53,100,BROWSING,b,3,Underwear
17:53,101,BROWSING,b,3,Underwear
17:53,107,MOVING,b,7,
17:53,108,MOVING,b,9,
17:53,110,IN_QUEUE,b,8,position #2
17:53,112,MOVING,h,5,
17:54,75,BROWSING,g,10,Tops
17:54,76,BROWSING,c,13,Hats & Handbags
17:54,77,IN_QUEUE,b,8,position #3
17:54,81,MOVING,g,9,
17:54,87,MOVING,h,6,
17:54,90,AT_CHECKOUT,b,7,
17:54,92,MOVING,e,13,
17:54,93,MOVING,h,6,
17:54,96,ARRIVED_SECTION,d,3,Stockings
17:54,97,ARRIVED_FITTING_AREA,a,12,
17:54,98,ARRIVED_SECTION,c,3,Stockings
17:54,100,BROWSING,b,3,Underwear
17:54,101,BROWSING,b,3,Underwear
17:54,106,MOVING,f,3,
17:54,107,MOVING,b,6,
17:54,108,MOVING,d,9,
17:54,110,IN_QUEUE,b,8,position #2
17:54,112,MOVING,h,4,
17:55,113,ENTERED,h,8,gender~female age~young
17:55,75,BROWSING,g,10,Tops
17:55,76,BROWSING,c,13,Hats & Handbags
17:55,77,IN_QUEUE,b,8,position #3
17:55,81,EXITED,h,8,
17:55,87,MOVING,h,5,
17:55,90,AT_CHECKOUT,b,7,
17:55,92,ARRIVED_SECTION,d,13,Hats & Handbags
17:55,93,EXITED,h,8,
17:55,96,BROWSING,d,3,Stockings
17:55,97,ENTERED_FITTING,a,12,waited 0 ticks
17:55,98,BROWSING,c,3,Stockings
17:55,100,BROWSING,b,3,Underwear
17:55,101,BROWSING,b,3,Underwear
17:55,106,MOVING,e,3,
17:55,107,MOVING,b,5,
17:55,108,MOVING,f,9,
17:55,110,IN_QUEUE,b,8,position #2
17:55,112,ARRIVED_SECTION,h,3,Jeans
17:55,113,MOVING,g,7,
17:56,75,BROWSING,g,10,Tops
17:56,76,BROWSING,c,13,Hats & Handbags
17:56,77,IN_QUEUE,b,8,position #3
17:56,87,MOVING,h,4,
17:56,90,AT_CHECKOUT,b,7,
17:56,92,BROWSING,d,13,Hats & Handbags
17:56,96,BROWSING,d,3,Stockings
17:56,98,BROWSING,c,3,Stockings
17:56,100,BROWSING,b,3,Underwear
17:56,106,PAUSED,e,3,
17:56,107,MOVING,b,4,
17:56,108,MOVING,h,9,
17:56,110,IN_QUEUE,b,8,position #2
17:56,112,BROWSING,h,3,Jeans
17:56,113,MOVING,g,5,
17:57,114,ENTERED,h,8,gender~female age~adult
17:57,75,BROWSING,g,10,Tops
17:57,76,BROWSING,c,13,Hats & Handbags
17:57,77,IN_QUEUE,b,8,position #3
17:57,87,ARRIVED_SECTION,h,3,Jeans
17:57,90,AT_CHECKOUT,b,7,
17:57,92,BROWSING,d,13,Hats & Handbags
17:57,96,BROWSING,d,3,Stockings
17:57,98,BROWSING,c,3,Stockings
17:57,100,BROWSING,b,3,Underwear
17:57,101,ARRIVED_SECTION,c,3,Stockings
17:57,106,PAUSED,e,3,
17:57,107,MOVING,c,4,
17:57,108,EXITED,h,8,
17:57,110,IN_QUEUE,b,8,position #2
17:57,112,BROWSING,h,3,Jeans
17:57,113,MOVING,f,4,
17:57,114,MOVING,g,8,
17:58,75,BROWSING,g,10,Tops
17:58,76,BROWSING,c,13,Hats & Handbags
17:58,77,IN_QUEUE,b,8,position #3
17:58,87,BROWSING,h,3,Jeans
17:58,90,AT_CHECKOUT,b,7,
17:58,92,BROWSING,d,13,Hats & Handbags
17:58,96,BROWSING,d,3,Stockings
17:58,98,BROWSING,c,3,Stockings
17:58,100,BROWSING,b,3,Underwear
17:58,101,BROWSING,c,3,Stockings
17:58,106,MOVING,d,3,
17:58,107,ARRIVED_SECTION,c,3,Stockings
17:58,110,IN_QUEUE,b,8,position #2
17:58,113,MOVING,d,4,
17:58,114,MOVING,f,8,
17:59,75,BROWSING,g,10,Tops
17:59,76,BROWSING,c,13,Hats & Handbags
17:59,77,IN_QUEUE,b,8,position #3
17:59,87,BROWSING,h,3,Jeans
17:59,90,AT_CHECKOUT,b,7,
17:59,92,BROWSING,d,13,Hats & Handbags
17:59,96,BROWSING,d,3,Stockings
17:59,98,BROWSING,c,3,Stockings
17:59,100,BROWSING,b,3,Underwear
17:59,101,BROWSING,c,3,Stockings
17:59,106,MOVING,c,3,
17:59,107,BROWSING,c,3,Stockings
17:59,110,IN_QUEUE,b,8,position #2
17:59,112,MOVING,g,3,
17:59,113,ARRIVED_SECTION,d,3,Stockings
17:59,114,MOVING,e,8,
