timestamp,shopper_id,action,row,col,details
10:01,1,ENTERED,h,8,"profile=browser gender=female age=adult speed=1 plan=[Tops, Jeans, Stockings, Hats & Handbags, Underwear, Skirts & Dresses, Pants]"
10:01,1,MOVING,g,8,→ Tops
10:02,1,MOVING,g,9,→ Tops
10:03,1,ARRIVED_SECTION,g,10,Tops
10:04,1,BROWSING,g,10,Tops
10:05,1,BROWSING,g,10,Tops
10:06,1,BROWSING,g,10,Tops
10:07,1,BROWSING,g,10,Tops
10:08,1,BROWSING,g,10,Tops
10:09,1,BROWSING,g,10,Tops
10:10,1,PICKED_ITEM,g,10,Tops
10:11,1,MOVING,g,9,→ Jeans
10:12,2,ENTERED,h,8,"profile=indecisive gender=female age=senior speed=1 plan=[Skirts & Dresses, Stockings, Underwear, Jeans, Pants, Tops, Hats & Handbags]"
10:12,1,PAUSED,g,9,→ Jeans
10:12,2,MOVING,h,9,→ Skirts & Dresses
10:13,1,PAUSED,g,9,→ Jeans
10:13,2,MOVING,h,10,→ Skirts & Dresses
10:14,1,MOVING,g,8,→ Jeans
10:14,2,MOVING,h,11,→ Skirts & Dresses
10:15,1,MOVING,g,7,→ Jeans
10:15,2,MOVING,h,12,→ Skirts & Dresses
10:16,1,MOVING,g,6,→ Jeans
10:16,2,ARRIVED_SECTION,h,13,Skirts & Dresses
10:17,1,MOVING,g,5,→ Jeans
10:17,2,BROWSING,h,13,Skirts & Dresses
10:18,1,MOVING,g,4,→ Jeans
10:18,2,BROWSING,h,13,Skirts & Dresses
10:19,1,ARRIVED_SECTION,g,3,Jeans
10:19,2,BROWSING,h,13,Skirts & Dresses
10:20,1,BROWSING,g,3,Jeans
10:20,2,BROWSING,h,13,Skirts & Dresses
10:21,1,BROWSING,g,3,Jeans
10:21,2,BROWSING,h,13,Skirts & Dresses
10:22,1,BROWSING,g,3,Jeans
10:22,2,BROWSING,h,13,Skirts & Dresses
10:23,1,BROWSING,g,3,Jeans
10:23,2,BROWSING,h,13,Skirts & Dresses
10:24,3,ENTERED,h,8,"profile=regular gender=male age=adult speed=1 plan=[Underwear, Stockings]"
10:24,1,BROWSING,g,3,Jeans
10:24,2,BROWSING,h,13,Skirts & Dresses
10:24,3,MOVING,g,8,→ Underwear
10:25,1,BROWSING,g,3,Jeans
10:25,2,BROWSING,h,13,Skirts & Dresses
10:25,3,MOVING,f,8,→ Underwear
10:26,1,BROWSING,g,3,Jeans
10:26,2,BROWSING,h,13,Skirts & Dresses
10:26,3,MOVING,e,8,→ Underwear
10:27,1,BROWSING,g,3,Jeans
10:27,2,BROWSING,h,13,Skirts & Dresses
10:27,3,MOVING,d,8,→ Underwear
10:28,1,BROWSING,g,3,Jeans
10:28,2,BROWSING,h,13,Skirts & Dresses
10:28,3,MOVING,d,7,→ Underwear
10:29,1,BROWSING,g,3,Jeans
10:29,2,NO_PICK,h,13,Skirts & Dresses
10:29,3,MOVING,d,6,→ Underwear
10:30,1,BROWSING,g,3,Jeans
10:30,2,MOVING,h,12,→ Stockings
10:30,3,MOVING,c,6,→ Underwear
10:31,4,ENTERED,h,8,profile=quick_buyer gender=female age=adult speed=3 plan=[Pants]
10:31,1,BROWSING,g,3,Jeans
10:31,2,MOVING,h,11,→ Stockings
10:31,3,MOVING,b,6,→ Underwear
10:31,4,MOVING,f,7,→ Pants
10:32,1,BROWSING,g,3,Jeans
10:32,2,MOVING,h,10,→ Stockings
10:32,3,PAUSED,b,6,→ Underwear
10:32,4,ARRIVED_SECTION,f,6,Pants
10:33,1,BROWSING,g,3,Jeans
10:33,2,MOVING,g,10,→ Stockings
10:33,3,PAUSED,b,6,→ Underwear
10:33,4,BROWSING,f,6,Pants
10:34,1,BROWSING,g,3,Jeans
10:34,2,MOVING,g,9,→ Stockings
10:34,3,PAUSED,b,6,→ Underwear
10:34,4,BROWSING,f,6,Pants
10:35,1,BROWSING,g,3,Jeans
10:35,2,PAUSED,g,9,→ Stockings
10:35,3,PAUSED,b,6,→ Underwear
10:35,4,BROWSING,f,6,Pants
10:36,1,PICKED_ITEM,g,3,Jeans
10:36,2,PAUSED,g,9,→ Stockings
10:36,3,MOVING,b,5,→ Underwear
10:36,4,BROWSING,f,6,Pants
10:37,1,MOVING,f,3,→ Stockings
10:37,2,PAUSED,g,9,→ Stockings
10:37,3,MOVING,b,4,→ Underwear
10:37,4,BROWSING,f,6,Pants
10:38,1,MOVING,e,3,→ Stockings
10:38,2,PAUSED,g,9,→ Stockings
10:38,3,ARRIVED_SECTION,b,3,Underwear
10:38,4,BROWSING,f,6,Pants
10:39,1,ARRIVED_SECTION,d,3,Stockings
10:39,2,MOVING,g,8,→ Stockings
10:39,3,BROWSING,b,3,Underwear
10:39,4,PICKED_ITEM,f,6,Pants
10:39,4,HEADING,f,6,fitting room
10:40,1,BROWSING,d,3,Stockings
10:40,2,MOVING,g,7,→ Stockings
10:40,3,BROWSING,b,3,Underwear
10:40,4,MOVING,c,6,→ fitting room
10:41,1,BROWSING,d,3,Stockings
10:41,2,MOVING,g,6,→ Stockings
10:41,3,BROWSING,b,3,Underwear
10:41,4,MOVING,a,7,→ fitting room
10:42,5,ENTERED,h,8,"profile=regular gender=male age=senior speed=1 plan=[Stockings, Pants]"
10:42,1,BROWSING,d,3,Stockings
10:42,2,MOVING,g,5,→ Stockings
10:42,3,PICKED_ITEM,b,3,Underwear
10:42,4,MOVING,a,10,→ fitting room
10:42,5,MOVING,g,8,→ Stockings
10:43,1,BROWSING,d,3,Stockings
10:43,2,MOVING,g,4,→ Stockings
10:43,3,ARRIVED_SECTION,c,3,Stockings
10:43,4,ARRIVED_FITTING_AREA,a,12,1 item(s)
10:43,5,MOVING,g,7,→ Stockings
10:44,1,BROWSING,d,3,Stockings
10:44,2,MOVING,f,4,→ Stockings
10:44,3,BROWSING,c,3,Stockings
10:44,4,ENTERED_FITTING,a,12,"1 item(s) to try on, waited 0 ticks"
10:44,5,MOVING,g,6,→ Stockings
10:45,1,BROWSING,d,3,Stockings
10:45,2,MOVING,e,4,→ Stockings
10:45,3,BROWSING,c,3,Stockings
10:45,4,IN_FITTING,a,12,1/12 min
10:45,5,MOVING,g,5,→ Stockings
10:46,1,BROWSING,d,3,Stockings
10:46,2,MOVING,d,4,→ Stockings
10:46,3,BROWSING,c,3,Stockings
10:46,4,IN_FITTING,a,12,2/12 min
10:46,5,MOVING,g,4,→ Stockings
10:47,1,BROWSING,d,3,Stockings
10:47,2,ARRIVED_SECTION,d,3,Stockings
10:47,3,BROWSING,c,3,Stockings
10:47,4,IN_FITTING,a,12,3/12 min
10:47,5,PAUSED,g,4,→ Stockings
10:48,6,ENTERED,h,8,"profile=browser gender=male age=young speed=2 plan=[Hats & Handbags, Pants, Stockings, Jeans, Tops, Skirts & Dresses]"
10:48,1,BROWSING,d,3,Stockings
10:48,2,BROWSING,d,3,Stockings
10:48,3,BROWSING,c,3,Stockings
10:48,4,IN_FITTING,a,12,4/12 min
10:48,5,PAUSED,g,4,→ Stockings
10:48,6,MOVING,f,8,→ Hats & Handbags
10:49,1,BROWSING,d,3,Stockings
10:49,2,BROWSING,d,3,Stockings
10:49,3,BROWSING,c,3,Stockings
10:49,4,IN_FITTING,a,12,5/12 min
10:49,5,PAUSED,g,4,→ Stockings
10:49,6,MOVING,e,9,→ Hats & Handbags
10:50,1,BROWSING,d,3,Stockings
10:50,2,BROWSING,d,3,Stockings
10:50,3,BROWSING,c,3,Stockings
10:50,4,IN_FITTING,a,12,6/12 min
10:50,5,MOVING,f,4,→ Stockings
10:50,6,MOVING,e,11,→ Hats & Handbags
10:51,1,BROWSING,d,3,Stockings
10:51,2,BROWSING,d,3,Stockings
10:51,3,PICKED_ITEM,c,3,Stockings
10:51,3,HEADING,c,3,checkout
10:51,4,IN_FITTING,a,12,7/12 min
10:51,5,MOVING,e,4,→ Stockings
10:51,6,MOVING,e,13,→ Hats & Handbags
10:52,1,BROWSING,d,3,Stockings
10:52,2,BROWSING,d,3,Stockings
10:52,3,MOVING,b,3,→ checkout
10:52,4,IN_FITTING,a,12,8/12 min
10:52,5,MOVING,d,4,→ Stockings
10:52,6,ARRIVED_SECTION,d,13,Hats & Handbags
10:53,1,BROWSING,d,3,Stockings
10:53,2,BROWSING,d,3,Stockings
10:53,3,MOVING,b,4,→ checkout
10:53,4,IN_FITTING,a,12,9/12 min
10:53,5,ARRIVED_SECTION,d,3,Stockings
10:53,6,BROWSING,d,13,Hats & Handbags
10:54,1,NO_PICK,d,3,Stockings
10:54,2,BROWSING,d,3,Stockings
10:54,3,PAUSED,b,4,→ checkout
10:54,4,IN_FITTING,a,12,10/12 min
10:54,5,BROWSING,d,3,Stockings
10:54,6,BROWSING,d,13,Hats & Handbags
10:55,1,MOVING,c,3,→ Hats & Handbags
10:55,2,BROWSING,d,3,Stockings
10:55,3,PAUSED,b,4,→ checkout
10:55,4,IN_FITTING,a,12,11/12 min
10:55,5,BROWSING,d,3,Stockings
10:55,6,BROWSING,d,13,Hats & Handbags
10:56,1,MOVING,b,3,→ Hats & Handbags
10:56,2,BROWSING,d,3,Stockings
10:56,3,MOVING,b,5,→ checkout
10:56,4,LEFT_FITTING,a,12,keeping=1
10:56,4,HEADING,a,12,checkout
10:56,5,PICKED_ITEM,d,3,Stockings
10:56,6,BROWSING,d,13,Hats & Handbags
10:57,1,MOVING,b,4,→ Hats & Handbags
10:57,2,BROWSING,d,3,Stockings
10:57,3,MOVING,b,6,→ checkout
10:57,4,MOVING,b,10,→ checkout
10:57,5,ARRIVED_SECTION,d,4,Pants
10:57,6,NO_PICK,d,13,Hats & Handbags
10:58,1,MOVING,b,5,→ Hats & Handbags
10:58,2,BROWSING,d,3,Stockings
10:58,3,MOVING,b,7,→ checkout
10:58,4,JOINED_QUEUE,b,9,"position #1, 1 item(s)"
10:58,5,BROWSING,d,4,Pants
10:58,6,MOVING,e,12,→ Pants
10:59,4,CHECKOUT_CALLED,b,9,lane 1
10:59,1,MOVING,b,6,→ Hats & Handbags
10:59,2,BROWSING,d,3,Stockings
10:59,3,MOVING,b,8,→ checkout
10:59,4,AT_CHECKOUT,b,9,1/5 min
10:59,5,BROWSING,d,4,Pants
10:59,6,MOVING,e,10,→ Pants
11:00,1,MOVING,b,7,→ Hats & Handbags
11:00,2,BROWSING,d,3,Stockings
11:00,3,JOINED_QUEUE,b,9,"position #2, 2 item(s)"
11:00,4,AT_CHECKOUT,b,9,2/5 min
11:00,5,BROWSING,d,4,Pants
11:00,6,MOVING,e,8,→ Pants
11:01,7,ENTERED,h,8,"profile=browser gender=male age=adult speed=1 plan=[Tops, Underwear, Hats & Handbags, Jeans, Skirts & Dresses, Pants]"
11:01,3,CHECKOUT_CALLED,b,9,lane 2
11:01,1,MOVING,b,8,→ Hats & Handbags
11:01,2,BROWSING,d,3,Stockings
11:01,3,AT_CHECKOUT,b,9,1/9 min
11:01,4,AT_CHECKOUT,b,9,3/5 min
11:01,5,BROWSING,d,4,Pants
11:01,6,ARRIVED_SECTION,e,6,Pants
11:01,7,MOVING,g,8,→ Tops
11:02,1,MOVING,b,9,→ Hats & Handbags
11:02,2,BROWSING,d,3,Stockings
11:02,3,AT_CHECKOUT,b,9,2/9 min
11:02,4,AT_CHECKOUT,b,9,4/5 min
11:02,5,BROWSING,d,4,Pants
11:02,6,BROWSING,e,6,Pants
11:02,7,MOVING,g,9,→ Tops
11:03,1,MOVING,b,10,→ Hats & Handbags
11:03,2,BROWSING,d,3,Stockings
11:03,3,AT_CHECKOUT,b,9,3/9 min
11:03,4,PURCHASED,b,9,1 item(s): Pants
11:03,5,BROWSING,d,4,Pants
11:03,6,BROWSING,e,6,Pants
11:03,7,ARRIVED_SECTION,g,10,Tops
11:04,1,MOVING,b,11,→ Hats & Handbags
11:04,2,BROWSING,d,3,Stockings
11:04,3,AT_CHECKOUT,b,9,4/9 min
11:04,4,MOVING,e,9,→ exit
11:04,5,BROWSING,d,4,Pants
11:04,6,BROWSING,e,6,Pants
11:04,7,BROWSING,g,10,Tops
11:05,1,MOVING,b,12,→ Hats & Handbags
11:05,2,BROWSING,d,3,Stockings
11:05,3,AT_CHECKOUT,b,9,5/9 min
11:05,4,MOVING,h,9,→ exit
11:05,5,PUT_BACK_SHELF,d,4,Pants
11:05,5,HEADING,d,4,fitting room
11:05,6,BROWSING,e,6,Pants
11:05,7,BROWSING,g,10,Tops
11:06,1,MOVING,b,13,→ Hats & Handbags
11:06,2,BROWSING,d,3,Stockings
11:06,3,AT_CHECKOUT,b,9,6/9 min
11:06,4,EXITED,h,8,
11:06,5,MOVING,c,4,→ fitting room
11:06,6,BROWSING,e,6,Pants
11:06,7,BROWSING,g,10,Tops
11:07,1,ARRIVED_SECTION,c,13,Hats & Handbags
11:07,2,BROWSING,d,3,Stockings
11:07,3,AT_CHECKOUT,b,9,7/9 min
11:07,5,PAUSED,c,4,→ fitting room
11:07,6,BROWSING,e,6,Pants
11:07,7,BROWSING,g,10,Tops
11:08,1,BROWSING,c,13,Hats & Handbags
11:08,2,BROWSING,d,3,Stockings
11:08,3,AT_CHECKOUT,b,9,8/9 min
11:08,5,PAUSED,c,4,→ fitting room
11:08,6,BROWSING,e,6,Pants
11:08,7,BROWSING,g,10,Tops
11:09,1,BROWSING,c,13,Hats & Handbags
11:09,2,BROWSING,d,3,Stockings
11:09,3,PURCHASED,b,9,"2 item(s): Underwear, Stockings"
11:09,5,PAUSED,c,4,→ fitting room
11:09,6,BROWSING,e,6,Pants
11:09,7,BROWSING,g,10,Tops
11:10,1,BROWSING,c,13,Hats & Handbags
11:10,2,BROWSING,d,3,Stockings
11:10,3,MOVING,c,9,→ exit
11:10,5,PAUSED,c,4,→ fitting room
11:10,6,PUT_BACK_SHELF,e,6,Pants
11:10,7,BROWSING,g,10,Tops
11:11,1,BROWSING,c,13,Hats & Handbags
11:11,2,BROWSING,d,3,Stockings
11:11,3,MOVING,d,9,→ exit
11:11,5,MOVING,b,4,→ fitting room
11:11,6,MOVING,c,6,→ Stockings
11:11,7,BROWSING,g,10,Tops
11:12,1,BROWSING,c,13,Hats & Handbags
11:12,2,BROWSING,d,3,Stockings
11:12,3,MOVING,e,9,→ exit
11:12,5,MOVING,a,4,→ fitting room
11:12,6,MOVING,b,5,→ Stockings
11:12,7,BROWSING,g,10,Tops
11:13,1,BROWSING,c,13,Hats & Handbags
11:13,2,NO_PICK,d,3,Stockings
11:13,3,MOVING,f,9,→ exit
11:13,5,MOVING,a,5,→ fitting room
11:13,6,MOVING,c,4,→ Stockings
11:13,7,BROWSING,g,10,Tops
11:14,8,ENTERED,h,8,"profile=regular gender=male age=young speed=3 plan=[Underwear, Tops, Stockings, Jeans]"
11:14,1,BROWSING,c,13,Hats & Handbags
11:14,2,MOVING,c,3,→ Underwear
11:14,3,MOVING,g,9,→ exit
11:14,5,MOVING,a,6,→ fitting room
11:14,6,PAUSED,c,4,→ Stockings
11:14,7,NO_PICK,g,10,Tops
11:14,8,MOVING,e,8,→ Underwear
11:15,9,ENTERED,h,8,"profile=browser gender=male age=adult speed=1 plan=[Hats & Handbags, Stockings, Jeans, Tops, Underwear]"
11:15,1,BROWSING,c,13,Hats & Handbags
11:15,2,ARRIVED_SECTION,b,3,Underwear
11:15,3,MOVING,h,9,→ exit
11:15,5,MOVING,a,7,→ fitting room
11:15,6,PAUSED,c,4,→ Stockings
11:15,7,MOVING,f,10,→ Underwear
11:15,8,MOVING,d,6,→ Underwear
11:15,9,MOVING,g,8,→ Hats & Handbags
11:16,10,ENTERED,h,8,"profile=regular gender=female age=adult speed=1 plan=[Jeans, Pants, Hats & Handbags, Skirts & Dresses]"
11:16,1,BROWSING,c,13,Hats & Handbags
11:16,2,BROWSING,b,3,Underwear
11:16,3,EXITED,h,8,
11:16,5,MOVING,a,8,→ fitting room
11:16,6,PAUSED,c,4,→ Stockings
11:16,7,MOVING,e,10,→ Underwear
11:16,8,PAUSED,d,6,→ Underwear
11:16,9,MOVING,f,8,→ Hats & Handbags
11:16,10,MOVING,h,7,→ Jeans
11:17,1,BROWSING,c,13,Hats & Handbags
11:17,2,BROWSING,b,3,Underwear
11:17,5,MOVING,a,9,→ fitting room
11:17,6,ARRIVED_SECTION,c,3,Stockings
11:17,7,MOVING,d,10,→ Underwear
11:17,8,PAUSED,d,6,→ Underwear
11:17,9,MOVING,e,8,→ Hats & Handbags
11:17,10,MOVING,h,6,→ Jeans
11:18,1,BROWSING,c,13,Hats & Handbags
11:18,2,BROWSING,b,3,Underwear
11:18,5,MOVING,a,10,→ fitting room
11:18,6,BROWSING,c,3,Stockings
11:18,7,MOVING,c,10,→ Underwear
11:18,8,PAUSED,d,6,→ Underwear
11:18,9,MOVING,e,9,→ Hats & Handbags
11:18,10,MOVING,h,5,→ Jeans
11:19,1,BROWSING,c,13,Hats & Handbags
11:19,2,BROWSING,b,3,Underwear
11:19,5,MOVING,a,11,→ fitting room
11:19,6,BROWSING,c,3,Stockings
11:19,7,MOVING,b,10,→ Underwear
11:19,8,PAUSED,d,6,→ Underwear
11:19,9,MOVING,e,10,→ Hats & Handbags
11:19,10,MOVING,h,4,→ Jeans
11:20,1,BROWSING,c,13,Hats & Handbags
11:20,2,BROWSING,b,3,Underwear
11:20,5,ARRIVED_FITTING_AREA,a,12,1 item(s)
11:20,6,BROWSING,c,3,Stockings
11:20,7,MOVING,b,9,→ Underwear
11:20,8,PAUSED,d,6,→ Underwear
11:20,9,MOVING,e,11,→ Hats & Handbags
11:20,10,ARRIVED_SECTION,h,3,Jeans
11:21,1,BROWSING,c,13,Hats & Handbags
11:21,2,BROWSING,b,3,Underwear
11:21,5,ENTERED_FITTING,a,12,"1 item(s) to try on, waited 0 ticks"
11:21,6,BROWSING,c,3,Stockings
11:21,7,MOVING,b,8,→ Underwear
11:21,8,PAUSED,d,6,→ Underwear
11:21,9,MOVING,e,12,→ Hats & Handbags
11:21,10,BROWSING,h,3,Jeans
11:22,11,ENTERED,h,8,"profile=regular gender=female age=adult speed=1 plan=[Pants, Tops, Skirts & Dresses, Underwear]"
11:22,1,NO_PICK,c,13,Hats & Handbags
11:22,2,BROWSING,b,3,Underwear
11:22,5,IN_FITTING,a,12,1/11 min
11:22,6,BROWSING,c,3,Stockings
11:22,7,MOVING,b,7,→ Underwear
11:22,8,MOVING,b,5,→ Underwear
11:22,9,MOVING,e,13,→ Hats & Handbags
11:22,10,BROWSING,h,3,Jeans
11:22,11,MOVING,g,8,→ Pants
11:23,1,MOVING,b,13,→ Underwear
11:23,2,BROWSING,b,3,Underwear
11:23,5,IN_FITTING,a,12,2/11 min
11:23,6,BROWSING,c,3,Stockings
11:23,7,MOVING,b,6,→ Underwear
11:23,8,ARRIVED_SECTION,b,3,Underwear
11:23,9,ARRIVED_SECTION,d,13,Hats & Handbags
11:23,10,BROWSING,h,3,Jeans
11:23,11,MOVING,f,8,→ Pants
11:24,1,MOVING,b,12,→ Underwear
11:24,2,BROWSING,b,3,Underwear
11:24,5,IN_FITTING,a,12,3/11 min
11:24,6,PUT_BACK_SHELF,c,3,Stockings
11:24,7,MOVING,b,5,→ Underwear
11:24,8,BROWSING,b,3,Underwear
11:24,9,BROWSING,d,13,Hats & Handbags
11:24,10,BROWSING,h,3,Jeans
11:24,11,MOVING,f,7,→ Pants
11:25,1,MOVING,b,11,→ Underwear
11:25,2,BROWSING,b,3,Underwear
11:25,5,IN_FITTING,a,12,4/11 min
11:25,6,MOVING,e,3,→ Jeans
11:25,7,MOVING,b,4,→ Underwear
11:25,8,BROWSING,b,3,Underwear
11:25,9,BROWSING,d,13,Hats & Handbags
11:25,10,BROWSING,h,3,Jeans
11:25,11,ARRIVED_SECTION,f,6,Pants
11:26,1,MOVING,b,10,→ Underwear
11:26,2,BROWSING,b,3,Underwear
11:26,5,IN_FITTING,a,12,5/11 min
11:26,6,ARRIVED_SECTION,g,3,Jeans
11:26,7,ARRIVED_SECTION,b,3,Underwear
11:26,8,BROWSING,b,3,Underwear
11:26,9,BROWSING,d,13,Hats & Handbags
11:26,10,PICKED_ITEM,h,3,Jeans
11:26,11,BROWSING,f,6,Pants
11:27,1,PAUSED,b,10,→ Underwear
11:27,2,BROWSING,b,3,Underwear
11:27,5,IN_FITTING,a,12,6/11 min
11:27,6,BROWSING,g,3,Jeans
11:27,7,BROWSING,b,3,Underwear
11:27,8,BROWSING,b,3,Underwear
11:27,9,BROWSING,d,13,Hats & Handbags
11:27,10,MOVING,g,3,→ Pants
11:27,11,BROWSING,f,6,Pants
11:28,1,PAUSED,b,10,→ Underwear
11:28,2,BROWSING,b,3,Underwear
11:28,5,IN_FITTING,a,12,7/11 min
11:28,6,BROWSING,g,3,Jeans
11:28,7,BROWSING,b,3,Underwear
11:28,8,BROWSING,b,3,Underwear
11:28,9,BROWSING,d,13,Hats & Handbags
11:28,10,MOVING,f,3,→ Pants
11:28,11,BROWSING,f,6,Pants
11:29,1,MOVING,b,9,→ Underwear
11:29,2,BROWSING,b,3,Underwear
11:29,5,IN_FITTING,a,12,8/11 min
11:29,6,BROWSING,g,3,Jeans
11:29,7,BROWSING,b,3,Underwear
11:29,8,BROWSING,b,3,Underwear
11:29,9,NO_PICK,d,13,Hats & Handbags
11:29,10,ARRIVED_SECTION,f,4,Pants
11:29,11,BROWSING,f,6,Pants
11:30,1,MOVING,b,8,→ Underwear
11:30,2,BROWSING,b,3,Underwear
11:30,5,IN_FITTING,a,12,9/11 min
11:30,6,BROWSING,g,3,Jeans
11:30,7,BROWSING,b,3,Underwear
11:30,8,BROWSING,b,3,Underwear
11:30,9,MOVING,c,13,→ Stockings
11:30,10,BROWSING,f,4,Pants
11:30,11,BROWSING,f,6,Pants
11:31,12,ENTERED,h,8,"profile=regular gender=male age=young speed=3 plan=[Hats & Handbags, Stockings]"
11:31,1,MOVING,b,7,→ Underwear
11:31,2,BROWSING,b,3,Underwear
11:31,5,IN_FITTING,a,12,10/11 min
11:31,6,BROWSING,g,3,Jeans
11:31,7,BROWSING,b,3,Underwear
11:31,8,PICKED_ITEM,b,3,Underwear
11:31,9,MOVING,b,13,→ Stockings
11:31,10,BROWSING,f,4,Pants
11:31,11,BROWSING,f,6,Pants
11:31,12,MOVING,e,8,→ Hats & Handbags
11:32,1,MOVING,b,6,→ Underwear
11:32,2,BROWSING,b,3,Underwear
11:32,5,LEFT_FITTING,a,12,returned_to_shelf=1
11:32,5,HEADING,a,12,exit
11:32,6,BROWSING,g,3,Jeans
11:32,7,BROWSING,b,3,Underwear
11:32,8,MOVING,b,6,→ Tops
11:32,9,MOVING,b,12,→ Stockings
11:32,10,BROWSING,f,4,Pants
11:32,11,PICKED_ITEM,f,6,Pants
11:32,12,MOVING,e,11,→ Hats & Handbags
11:33,1,MOVING,b,5,→ Underwear
11:33,2,BROWSING,b,3,Underwear
11:33,5,MOVING,b,12,→ exit
11:33,6,BROWSING,g,3,Jeans
11:33,7,NO_PICK,b,3,Underwear
11:33,8,MOVING,b,9,→ Tops
11:33,9,MOVING,b,11,→ Stockings
11:33,10,BROWSING,f,4,Pants
11:33,11,MOVING,f,7,→ Tops
11:33,12,ARRIVED_SECTION,d,13,Hats & Handbags
11:34,1,MOVING,b,4,→ Underwear
11:34,2,BROWSING,b,3,Underwear
11:34,5,MOVING,b,11,→ exit
11:34,6,BROWSING,g,3,Jeans
11:34,7,MOVING,b,4,→ Hats & Handbags
11:34,8,ARRIVED_SECTION,c,10,Tops
11:34,9,MOVING,b,10,→ Stockings
11:34,10,BROWSING,f,4,Pants
11:34,11,MOVING,f,8,→ Tops
11:34,12,BROWSING,d,13,Hats & Handbags
11:35,13,ENTERED,h,8,"profile=browser gender=male age=adult speed=1 plan=[Pants, Skirts & Dresses, Underwear, Jeans, Hats & Handbags, Tops]"
11:35,1,ARRIVED_SECTION,b,3,Underwear
11:35,2,BROWSING,b,3,Underwear
11:35,5,MOVING,b,10,→ exit
11:35,6,NO_PICK,g,3,Jeans
11:35,7,MOVING,b,5,→ Hats & Handbags
11:35,8,BROWSING,c,10,Tops
11:35,9,PAUSED,b,10,→ Stockings
11:35,10,BROWSING,f,4,Pants
11:35,11,MOVING,f,9,→ Tops
11:35,12,BROWSING,d,13,Hats & Handbags
11:35,13,PAUSED,h,8,→ Pants
11:36,1,BROWSING,b,3,Underwear
11:36,2,BROWSING,b,3,Underwear
11:36,5,MOVING,c,10,→ exit
11:36,6,MOVING,g,5,→ Tops
11:36,7,MOVING,b,6,→ Hats & Handbags
11:36,8,BROWSING,c,10,Tops
11:36,9,PAUSED,b,10,→ Stockings
11:36,10,BROWSING,f,4,Pants
11:36,11,ARRIVED_SECTION,f,10,Tops
11:36,12,BROWSING,d,13,Hats & Handbags
11:36,13,PAUSED,h,8,→ Pants
11:37,1,BROWSING,b,3,Underwear
11:37,2,BROWSING,b,3,Underwear
11:37,5,MOVING,d,10,→ exit
11:37,6,MOVING,g,7,→ Tops
11:37,7,MOVING,b,7,→ Hats & Handbags
11:37,8,BROWSING,c,10,Tops
11:37,9,PAUSED,b,10,→ Stockings
11:37,10,BROWSING,f,4,Pants
11:37,11,BROWSING,f,10,Tops
11:37,12,BROWSING,d,13,Hats & Handbags
11:37,13,PAUSED,h,8,→ Pants
11:38,1,BROWSING,b,3,Underwear
11:38,2,BROWSING,b,3,Underwear
11:38,5,MOVING,e,10,→ exit
11:38,6,MOVING,g,9,→ Tops
11:38,7,MOVING,b,8,→ Hats & Handbags
11:38,8,BROWSING,c,10,Tops
11:38,9,PAUSED,b,10,→ Stockings
11:38,10,BROWSING,f,4,Pants
11:38,11,BROWSING,f,10,Tops
11:38,12,BROWSING,d,13,Hats & Handbags
11:38,13,MOVING,g,8,→ Pants
11:39,1,BROWSING,b,3,Underwear
11:39,2,BROWSING,b,3,Underwear
11:39,5,MOVING,f,10,→ exit
11:39,6,ARRIVED_SECTION,g,10,Tops
11:39,7,MOVING,b,9,→ Hats & Handbags
11:39,8,PICKED_ITEM,c,10,Tops
11:39,9,MOVING,b,9,→ Stockings
11:39,10,BROWSING,f,4,Pants
11:39,11,BROWSING,f,10,Tops
11:39,12,BROWSING,d,13,Hats & Handbags
11:39,13,MOVING,f,8,→ Pants
11:40,1,BROWSING,b,3,Underwear
11:40,2,BROWSING,b,3,Underwear
11:40,5,MOVING,g,10,→ exit
11:40,6,BROWSING,g,10,Tops
11:40,7,MOVING,b,10,→ Hats & Handbags
11:40,8,MOVING,b,8,→ Stockings
11:40,9,MOVING,b,8,→ Stockings
11:40,10,NO_PICK,f,4,Pants
11:40,11,BROWSING,f,10,Tops
11:40,12,PICKED_ITEM,d,13,Hats & Handbags
11:40,13,MOVING,f,7,→ Pants
11:41,1,BROWSING,b,3,Underwear
11:41,2,PICKED_ITEM,b,3,Underwear
11:41,5,MOVING,h,10,→ exit
11:41,6,BROWSING,g,10,Tops
11:41,7,MOVING,b,11,→ Hats & Handbags
11:41,8,MOVING,b,5,→ Stockings
11:41,9,PAUSED,b,8,→ Stockings
11:41,10,MOVING,g,4,→ Hats & Handbags
11:41,11,BROWSING,f,10,Tops
11:41,12,MOVING,b,12,→ Stockings
11:41,13,PAUSED,f,7,→ Pants
11:42,1,BROWSING,b,3,Underwear
11:42,2,MOVING,c,3,→ Jeans
11:42,5,MOVING,h,9,→ exit
11:42,6,BROWSING,g,10,Tops
11:42,7,MOVING,b,12,→ Hats & Handbags
11:42,8,ARRIVED_SECTION,c,3,Stockings
11:42,9,PAUSED,b,8,→ Stockings
11:42,10,MOVING,g,5,→ Hats & Handbags
11:42,11,BROWSING,f,10,Tops
11:42,12,MOVING,b,9,→ Stockings
11:42,13,PAUSED,f,7,→ Pants
11:43,1,BROWSING,b,3,Underwear
11:43,2,MOVING,d,3,→ Jeans
11:43,5,EXITED,h,8,
11:43,6,NO_PICK,g,10,Tops
11:43,7,MOVING,b,13,→ Hats & Handbags
11:43,8,BROWSING,c,3,Stockings
11:43,9,MOVING,b,7,→ Stockings
11:43,10,PAUSED,g,5,→ Hats & Handbags
11:43,11,BROWSING,f,10,Tops
11:43,12,MOVING,b,6,→ Stockings
11:43,13,ARRIVED_SECTION,f,6,Pants
11:44,1,BROWSING,b,3,Underwear
11:44,2,MOVING,e,3,→ Jeans
11:44,6,PAUSED,g,10,→ Skirts & Dresses
11:44,7,ARRIVED_SECTION,c,13,Hats & Handbags
11:44,8,BROWSING,c,3,Stockings
11:44,9,MOVING,b,6,→ Stockings
11:44,10,PAUSED,g,5,→ Hats & Handbags
11:44,11,NO_PICK,f,10,Tops
11:44,12,MOVING,c,4,→ Stockings
11:44,13,BROWSING,f,6,Pants
11:45,1,BROWSING,b,3,Underwear
11:45,2,MOVING,f,3,→ Jeans
11:45,6,PAUSED,g,10,→ Skirts & Dresses
11:45,7,BROWSING,c,13,Hats & Handbags
11:45,8,BROWSING,c,3,Stockings
11:45,9,MOVING,b,5,→ Stockings
11:45,10,PAUSED,g,5,→ Hats & Handbags
11:45,11,MOVING,e,10,→ Skirts & Dresses
11:45,12,ARRIVED_SECTION,c,3,Stockings
11:45,13,BROWSING,f,6,Pants
11:46,1,BROWSING,b,3,Underwear
11:46,2,PAUSED,f,3,→ Jeans
11:46,6,PAUSED,g,10,→ Skirts & Dresses
11:46,7,BROWSING,c,13,Hats & Handbags
11:46,8,BROWSING,c,3,Stockings
11:46,9,MOVING,b,4,→ Stockings
11:46,10,MOVING,g,6,→ Hats & Handbags
11:46,11,MOVING,e,11,→ Skirts & Dresses
11:46,12,BROWSING,c,3,Stockings
11:46,13,BROWSING,f,6,Pants
11:47,14,ENTERED,h,8,"profile=regular gender=male age=senior speed=1 plan=[Hats & Handbags, Stockings, Underwear, Skirts & Dresses]"
11:47,1,BROWSING,b,3,Underwear
11:47,2,PAUSED,f,3,→ Jeans
11:47,6,PAUSED,g,10,→ Skirts & Dresses
11:47,7,BROWSING,c,13,Hats & Handbags
11:47,8,PICKED_ITEM,c,3,Stockings
11:47,9,MOVING,c,4,→ Stockings
11:47,10,MOVING,f,6,→ Hats & Handbags
11:47,11,MOVING,e,12,→ Skirts & Dresses
11:47,12,BROWSING,c,3,Stockings
11:47,13,BROWSING,f,6,Pants
11:47,14,MOVING,g,8,→ Hats & Handbags
11:48,1,PICKED_ITEM,b,3,Underwear
11:48,2,PAUSED,f,3,→ Jeans
11:48,6,MOVING,h,11,→ Skirts & Dresses
11:48,7,BROWSING,c,13,Hats & Handbags
11:48,8,MOVING,f,3,→ Jeans
11:48,9,ARRIVED_SECTION,c,3,Stockings
11:48,10,MOVING,e,6,→ Hats & Handbags
11:48,11,MOVING,e,13,→ Skirts & Dresses
11:48,12,BROWSING,c,3,Stockings
11:48,13,BROWSING,f,6,Pants
11:48,14,MOVING,f,8,→ Hats & Handbags
11:49,1,MOVING,b,4,→ Skirts & Dresses
11:49,2,PAUSED,f,3,→ Jeans
11:49,6,ARRIVED_SECTION,h,13,Skirts & Dresses
11:49,7,BROWSING,c,13,Hats & Handbags
11:49,8,ARRIVED_SECTION,g,3,Jeans
11:49,9,BROWSING,c,3,Stockings
11:49,10,MOVING,e,7,→ Hats & Handbags
11:49,11,ARRIVED_SECTION,f,13,Skirts & Dresses
11:49,12,BROWSING,c,3,Stockings
11:49,13,BROWSING,f,6,Pants
11:49,14,MOVING,e,8,→ Hats & Handbags
11:50,1,MOVING,b,5,→ Skirts & Dresses
11:50,2,ARRIVED_SECTION,g,3,Jeans
11:50,6,BROWSING,h,13,Skirts & Dresses
11:50,7,BROWSING,c,13,Hats & Handbags
11:50,8,BROWSING,g,3,Jeans
11:50,9,BROWSING,c,3,Stockings
11:50,10,MOVING,e,8,→ Hats & Handbags
11:50,11,BROWSING,f,13,Skirts & Dresses
11:50,12,BROWSING,c,3,Stockings
11:50,13,BROWSING,f,6,Pants
11:50,14,MOVING,e,9,→ Hats & Handbags
11:51,1,PAUSED,b,5,→ Skirts & Dresses
11:51,2,BROWSING,g,3,Jeans
11:51,6,BROWSING,h,13,Skirts & Dresses
11:51,7,PICKED_ITEM,c,13,Hats & Handbags
11:51,8,BROWSING,g,3,Jeans
11:51,9,BROWSING,c,3,Stockings
11:51,10,MOVING,e,9,→ Hats & Handbags
11:51,11,BROWSING,f,13,Skirts & Dresses
11:51,12,PICKED_ITEM,c,3,Stockings
11:51,12,HEADING,c,3,checkout
11:51,13,BROWSING,f,6,Pants
11:51,14,MOVING,e,10,→ Hats & Handbags
11:52,1,PAUSED,b,5,→ Skirts & Dresses
11:52,2,BROWSING,g,3,Jeans
11:52,6,BROWSING,h,13,Skirts & Dresses
11:52,7,MOVING,d,13,→ Jeans
11:52,8,BROWSING,g,3,Jeans
11:52,9,BROWSING,c,3,Stockings
11:52,10,MOVING,e,10,→ Hats & Handbags
11:52,11,BROWSING,f,13,Skirts & Dresses
11:52,12,MOVING,b,5,→ checkout
11:52,13,BROWSING,f,6,Pants
11:52,14,MOVING,e,11,→ Hats & Handbags
11:53,15,ENTERED,h,8,"profile=browser gender=female age=adult speed=1 plan=[Hats & Handbags, Stockings, Pants, Skirts & Dresses, Underwear]"
11:53,1,PAUSED,b,5,→ Skirts & Dresses
11:53,2,BROWSING,g,3,Jeans
11:53,6,BROWSING,h,13,Skirts & Dresses
11:53,7,MOVING,e,13,→ Jeans
11:53,8,BROWSING,g,3,Jeans
11:53,9,BROWSING,c,3,Stockings
11:53,10,MOVING,e,11,→ Hats & Handbags
11:53,11,BROWSING,f,13,Skirts & Dresses
11:53,12,MOVING,b,8,→ checkout
11:53,13,NO_PICK,f,6,Pants
11:53,14,MOVING,e,12,→ Hats & Handbags
11:53,15,MOVING,g,8,→ Hats & Handbags
11:54,1,MOVING,b,6,→ Skirts & Dresses
11:54,2,BROWSING,g,3,Jeans
11:54,6,BROWSING,h,13,Skirts & Dresses
11:54,7,MOVING,e,12,→ Jeans
11:54,8,BROWSING,g,3,Jeans
11:54,9,BROWSING,c,3,Stockings
11:54,10,MOVING,e,12,→ Hats & Handbags
11:54,11,BROWSING,f,13,Skirts & Dresses
11:54,12,PAUSED,b,8,→ checkout
11:54,13,MOVING,e,6,→ Skirts & Dresses
11:54,14,MOVING,e,13,→ Hats & Handbags
11:54,15,MOVING,f,8,→ Hats & Handbags
11:55,1,MOVING,c,6,→ Skirts & Dresses
11:55,2,BROWSING,g,3,Jeans
11:55,6,BROWSING,h,13,Skirts & Dresses
11:55,7,MOVING,e,11,→ Jeans
11:55,8,BROWSING,g,3,Jeans
11:55,9,BROWSING,c,3,Stockings
11:55,10,MOVING,e,13,→ Hats & Handbags
11:55,11,BROWSING,f,13,Skirts & Dresses
11:55,12,PAUSED,b,8,→ checkout
11:55,13,MOVING,e,7,→ Skirts & Dresses
11:55,14,ARRIVED_SECTION,d,13,Hats & Handbags
11:55,15,MOVING,e,8,→ Hats & Handbags
11:56,1,MOVING,d,6,→ Skirts & Dresses
11:56,2,BROWSING,g,3,Jeans
11:56,6,BROWSING,h,13,Skirts & Dresses
11:56,7,MOVING,e,10,→ Jeans
11:56,8,BROWSING,g,3,Jeans
11:56,9,BROWSING,c,3,Stockings
11:56,10,ARRIVED_SECTION,d,13,Hats & Handbags
11:56,11,BROWSING,f,13,Skirts & Dresses
11:56,12,PAUSED,b,8,→ checkout
11:56,13,MOVING,e,8,→ Skirts & Dresses
11:56,14,BROWSING,d,13,Hats & Handbags
11:56,15,MOVING,e,9,→ Hats & Handbags
11:57,1,MOVING,e,6,→ Skirts & Dresses
11:57,2,BROWSING,g,3,Jeans
11:57,6,PUT_BACK_SHELF,h,13,Skirts & Dresses
11:57,6,HEADING,h,13,exit
11:57,7,MOVING,f,10,→ Jeans
11:57,8,PICKED_ITEM,g,3,Jeans
11:57,8,HEADING,g,3,checkout
11:57,9,BROWSING,c,3,Stockings
11:57,10,BROWSING,d,13,Hats & Handbags
11:57,11,NO_PICK,f,13,Skirts & Dresses
11:57,12,PAUSED,b,8,→ checkout
11:57,13,MOVING,e,9,→ Skirts & Dresses
11:57,14,BROWSING,d,13,Hats & Handbags
11:57,15,MOVING,e,10,→ Hats & Handbags
11:58,1,MOVING,e,7,→ Skirts & Dresses
11:58,2,BROWSING,g,3,Jeans
11:58,6,MOVING,h,11,→ exit
11:58,7,MOVING,g,10,→ Jeans
11:58,8,PAUSED,g,3,→ checkout
11:58,9,PICKED_ITEM,c,3,Stockings
11:58,10,BROWSING,d,13,Hats & Handbags
11:58,11,MOVING,e,13,→ Underwear
11:58,12,PAUSED,b,8,→ checkout
11:58,13,MOVING,e,10,→ Skirts & Dresses
11:58,14,BROWSING,d,13,Hats & Handbags
11:58,15,MOVING,e,11,→ Hats & Handbags
11:59,16,ENTERED,h,8,"profile=window_shopper gender=female age=adult speed=2 plan=[Tops, Hats & Handbags, Skirts & Dresses, Underwear, Pants]"
11:59,1,MOVING,e,8,→ Skirts & Dresses
11:59,2,BROWSING,g,3,Jeans
11:59,6,PAUSED,h,11,→ exit
11:59,7,MOVING,g,9,→ Jeans
11:59,8,PAUSED,g,3,→ checkout
11:59,9,MOVING,d,3,→ Jeans
11:59,10,BROWSING,d,13,Hats & Handbags
11:59,11,MOVING,d,13,→ Underwear
11:59,12,PAUSED,b,8,→ checkout
11:59,13,MOVING,e,11,→ Skirts & Dresses
11:59,14,NO_PICK,d,13,Hats & Handbags
11:59,15,MOVING,e,12,→ Hats & Handbags
11:59,16,MOVING,g,9,→ Tops
12:00,1,MOVING,e,9,→ Skirts & Dresses
12:00,2,BROWSING,g,3,Jeans
12:00,6,PAUSED,h,11,→ exit
12:00,7,MOVING,g,8,→ Jeans
12:00,8,PAUSED,g,3,→ checkout
12:00,9,MOVING,e,3,→ Jeans
12:00,10,BROWSING,d,13,Hats & Handbags
12:00,11,MOVING,c,13,→ Underwear
12:00,12,JOINED_QUEUE,b,9,"position #1, 2 item(s)"
12:00,13,MOVING,e,12,→ Skirts & Dresses
12:00,14,MOVING,c,13,→ Stockings
12:00,15,MOVING,e,13,→ Hats & Handbags
12:00,16,ARRIVED_SECTION,g,10,Tops
12:01,12,CHECKOUT_CALLED,b,9,lane 1
12:01,1,MOVING,e,10,→ Skirts & Dresses
12:01,2,BROWSING,g,3,Jeans
12:01,6,MOVING,h,9,→ exit
12:01,7,MOVING,g,7,→ Jeans
12:01,8,PAUSED,g,3,→ checkout
12:01,9,MOVING,f,3,→ Jeans
12:01,10,BROWSING,d,13,Hats & Handbags
12:01,11,MOVING,b,13,→ Underwear
12:01,12,AT_CHECKOUT,b,9,1/8 min
12:01,13,PAUSED,e,12,→ Skirts & Dresses
12:01,14,MOVING,b,13,→ Stockings
12:01,15,ARRIVED_SECTION,d,13,Hats & Handbags
12:01,16,BROWSING,g,10,Tops
12:02,1,PAUSED,e,10,→ Skirts & Dresses
12:02,2,BROWSING,g,3,Jeans
12:02,6,EXITED,h,8,
12:02,7,MOVING,g,6,→ Jeans
12:02,8,MOVING,d,3,→ checkout
12:02,9,ARRIVED_SECTION,g,3,Jeans
12:02,10,BROWSING,d,13,Hats & Handbags
12:02,11,MOVING,b,12,→ Underwear
12:02,12,AT_CHECKOUT,b,9,2/8 min
12:02,13,PAUSED,e,12,→ Skirts & Dresses
12:02,14,MOVING,b,12,→ Stockings
12:02,15,BROWSING,d,13,Hats & Handbags
12:02,16,BROWSING,g,10,Tops
12:03,17,ENTERED,h,8,"profile=window_shopper gender=male age=adult speed=1 plan=[Skirts & Dresses, Pants, Jeans, Underwear, Stockings]"
12:03,1,PAUSED,e,10,→ Skirts & Dresses
12:03,2,BROWSING,g,3,Jeans
12:03,7,MOVING,g,5,→ Jeans
12:03,8,MOVING,b,4,→ checkout
12:03,9,BROWSING,g,3,Jeans
12:03,10,BROWSING,d,13,Hats & Handbags
12:03,11,MOVING,b,11,→ Underwear
12:03,12,AT_CHECKOUT,b,9,3/8 min
12:03,13,MOVING,e,13,→ Skirts & Dresses
12:03,14,MOVING,b,11,→ Stockings
12:03,15,BROWSING,d,13,Hats & Handbags
12:03,16,BROWSING,g,10,Tops
12:03,17,MOVING,h,9,→ Skirts & Dresses
12:04,1,PAUSED,e,10,→ Skirts & Dresses
12:04,2,BROWSING,g,3,Jeans
12:04,7,PAUSED,g,5,→ Jeans
12:04,8,MOVING,b,7,→ checkout
12:04,9,BROWSING,g,3,Jeans
12:04,10,BROWSING,d,13,Hats & Handbags
12:04,11,MOVING,b,10,→ Underwear
12:04,12,AT_CHECKOUT,b,9,4/8 min
12:04,13,ARRIVED_SECTION,f,13,Skirts & Dresses
12:04,14,MOVING,b,10,→ Stockings
12:04,15,BROWSING,d,13,Hats & Handbags
12:04,16,BROWSING,g,10,Tops
12:04,17,MOVING,h,10,→ Skirts & Dresses
12:05,18,ENTERED,h,8,"profile=regular gender=female age=young speed=3 plan=[Jeans, Pants, Stockings, Tops, Underwear, Hats & Handbags]"
12:05,1,PAUSED,e,10,→ Skirts & Dresses
12:05,2,BROWSING,g,3,Jeans
12:05,7,PAUSED,g,5,→ Jeans
12:05,8,JOINED_QUEUE,b,9,"position #2, 4 item(s)"
12:05,9,BROWSING,g,3,Jeans
12:05,10,BROWSING,d,13,Hats & Handbags
12:05,11,MOVING,b,9,→ Underwear
12:05,12,AT_CHECKOUT,b,9,5/8 min
12:05,13,BROWSING,f,13,Skirts & Dresses
12:05,14,MOVING,b,9,→ Stockings
12:05,15,BROWSING,d,13,Hats & Handbags
12:05,16,BROWSING,g,10,Tops
12:05,17,MOVING,h,11,→ Skirts & Dresses
12:05,18,MOVING,h,5,→ Jeans
12:06,8,CHECKOUT_CALLED,b,9,lane 2
12:06,1,MOVING,e,11,→ Skirts & Dresses
12:06,2,BROWSING,g,3,Jeans
12:06,7,PAUSED,g,5,→ Jeans
12:06,8,AT_CHECKOUT,b,9,1/7 min
12:06,9,BROWSING,g,3,Jeans
12:06,10,BROWSING,d,13,Hats & Handbags
12:06,11,MOVING,b,8,→ Underwear
12:06,12,AT_CHECKOUT,b,9,6/8 min
12:06,13,BROWSING,f,13,Skirts & Dresses
12:06,14,MOVING,b,8,→ Stockings
12:06,15,BROWSING,d,13,Hats & Handbags
12:06,16,BROWSING,g,10,Tops
12:06,17,MOVING,h,12,→ Skirts & Dresses
12:06,18,ARRIVED_SECTION,h,3,Jeans
12:07,1,MOVING,e,12,→ Skirts & Dresses
12:07,2,BROWSING,g,3,Jeans
12:07,7,PAUSED,g,5,→ Jeans
12:07,8,AT_CHECKOUT,b,9,2/7 min
12:07,9,BROWSING,g,3,Jeans
12:07,10,BROWSING,d,13,Hats & Handbags
12:07,11,MOVING,b,7,→ Underwear
12:07,12,AT_CHECKOUT,b,9,7/8 min
12:07,13,BROWSING,f,13,Skirts & Dresses
12:07,14,MOVING,b,7,→ Stockings
12:07,15,BROWSING,d,13,Hats & Handbags
12:07,16,BROWSING,g,10,Tops
12:07,17,ARRIVED_SECTION,h,13,Skirts & Dresses
12:07,18,BROWSING,h,3,Jeans
12:08,1,MOVING,e,13,→ Skirts & Dresses
12:08,2,BROWSING,g,3,Jeans
12:08,7,PAUSED,g,5,→ Jeans
12:08,8,AT_CHECKOUT,b,9,3/7 min
12:08,9,BROWSING,g,3,Jeans
12:08,10,PICKED_ITEM,d,13,Hats & Handbags
12:08,11,MOVING,b,6,→ Underwear
12:08,12,PURCHASED,b,9,"2 item(s): Hats & Handbags, Stockings"
12:08,13,BROWSING,f,13,Skirts & Dresses
12:08,14,MOVING,b,6,→ Stockings
12:08,15,BROWSING,d,13,Hats & Handbags
12:08,16,BROWSING,g,10,Tops
12:08,17,BROWSING,h,13,Skirts & Dresses
12:08,18,BROWSING,h,3,Jeans
12:09,1,ARRIVED_SECTION,f,13,Skirts & Dresses
12:09,2,BROWSING,g,3,Jeans
12:09,7,MOVING,g,4,→ Jeans
12:09,8,AT_CHECKOUT,b,9,4/7 min
12:09,9,BROWSING,g,3,Jeans
12:09,10,MOVING,e,13,→ Skirts & Dresses
12:09,11,MOVING,b,5,→ Underwear
12:09,12,MOVING,e,9,→ exit
12:09,13,BROWSING,f,13,Skirts & Dresses
12:09,14,MOVING,b,5,→ Stockings
12:09,15,BROWSING,d,13,Hats & Handbags
12:09,16,NO_PICK,g,10,Tops
12:09,17,BROWSING,h,13,Skirts & Dresses
12:09,18,BROWSING,h,3,Jeans
12:10,1,BROWSING,f,13,Skirts & Dresses
12:10,2,BROWSING,g,3,Jeans
12:10,7,ARRIVED_SECTION,g,3,Jeans
12:10,8,AT_CHECKOUT,b,9,5/7 min
12:10,9,BROWSING,g,3,Jeans
12:10,10,ARRIVED_SECTION,f,13,Skirts & Dresses
12:10,11,MOVING,b,4,→ Underwear
12:10,12,MOVING,h,9,→ exit
12:10,13,BROWSING,f,13,Skirts & Dresses
12:10,14,MOVING,b,4,→ Stockings
12:10,15,BROWSING,d,13,Hats & Handbags
12:10,16,MOVING,e,10,→ Hats & Handbags
12:10,17,BROWSING,h,13,Skirts & Dresses
12:10,18,BROWSING,h,3,Jeans
12:11,1,BROWSING,f,13,Skirts & Dresses
12:11,2,BROWSING,g,3,Jeans
12:11,7,BROWSING,g,3,Jeans
12:11,8,AT_CHECKOUT,b,9,6/7 min
12:11,9,BROWSING,g,3,Jeans
12:11,10,BROWSING,f,13,Skirts & Dresses
12:11,11,ARRIVED_SECTION,b,3,Underwear
12:11,12,EXITED,h,8,
12:11,13,BROWSING,f,13,Skirts & Dresses
12:11,14,MOVING,c,4,→ Stockings
12:11,15,BROWSING,d,13,Hats & Handbags
12:11,16,MOVING,e,12,→ Hats & Handbags
12:11,17,BROWSING,h,13,Skirts & Dresses
12:11,18,BROWSING,h,3,Jeans
12:12,1,BROWSING,f,13,Skirts & Dresses
12:12,2,BROWSING,g,3,Jeans
12:12,7,BROWSING,g,3,Jeans
12:12,8,PURCHASED,b,9,"4 item(s): Underwear, Tops, Stockings, Jeans"
12:12,9,BROWSING,g,3,Jeans
12:12,10,BROWSING,f,13,Skirts & Dresses
12:12,11,BROWSING,b,3,Underwear
12:12,13,BROWSING,f,13,Skirts & Dresses
12:12,14,ARRIVED_SECTION,c,3,Stockings
12:12,15,BROWSING,d,13,Hats & Handbags
12:12,16,ARRIVED_SECTION,d,13,Hats & Handbags
12:12,17,BROWSING,h,13,Skirts & Dresses
12:12,18,PICKED_ITEM,h,3,Jeans
12:13,1,BROWSING,f,13,Skirts & Dresses
12:13,2,NO_PICK,g,3,Jeans
12:13,7,BROWSING,g,3,Jeans
12:13,8,MOVING,e,9,→ exit
12:13,9,BROWSING,g,3,Jeans
12:13,10,BROWSING,f,13,Skirts & Dresses
12:13,11,BROWSING,b,3,Underwear
12:13,13,BROWSING,f,13,Skirts & Dresses
12:13,14,BROWSING,c,3,Stockings
12:13,15,BROWSING,d,13,Hats & Handbags
12:13,16,BROWSING,d,13,Hats & Handbags
12:13,17,PUT_BACK_SHELF,h,13,Skirts & Dresses
12:13,18,ARRIVED_SECTION,f,4,Pants
12:14,1,BROWSING,f,13,Skirts & Dresses
12:14,2,MOVING,f,3,→ Pants
12:14,7,BROWSING,g,3,Jeans
12:14,8,MOVING,h,9,→ exit
12:14,9,NO_PICK,g,3,Jeans
12:14,10,BROWSING,f,13,Skirts & Dresses
12:14,11,BROWSING,b,3,Underwear
12:14,13,NO_PICK,f,13,Skirts & Dresses
12:14,14,BROWSING,c,3,Stockings
12:14,15,BROWSING,d,13,Hats & Handbags
12:14,16,BROWSING,d,13,Hats & Handbags
12:14,17,MOVING,h,12,→ Pants
12:14,18,BROWSING,f,4,Pants
12:15,1,BROWSING,f,13,Skirts & Dresses
12:15,2,ARRIVED_SECTION,f,4,Pants
12:15,7,BROWSING,g,3,Jeans
12:15,8,EXITED,h,8,
12:15,9,MOVING,g,4,→ Tops
12:15,10,BROWSING,f,13,Skirts & Dresses
12:15,11,BROWSING,b,3,Underwear
12:15,13,MOVING,e,13,→ Underwear
12:15,14,BROWSING,c,3,Stockings
12:15,15,BROWSING,d,13,Hats & Handbags
12:15,16,BROWSING,d,13,Hats & Handbags
12:15,17,MOVING,h,11,→ Pants
12:15,18,BROWSING,f,4,Pants
12:16,19,ENTERED,h,8,"profile=browser gender=male age=adult speed=2 plan=[Jeans, Underwear, Tops, Stockings, Pants, Hats & Handbags]"
12:16,1,BROWSING,f,13,Skirts & Dresses
12:16,2,BROWSING,f,4,Pants
12:16,7,BROWSING,g,3,Jeans
12:16,9,MOVING,g,5,→ Tops
12:16,10,BROWSING,f,13,Skirts & Dresses
12:16,11,BROWSING,b,3,Underwear
12:16,13,MOVING,d,13,→ Underwear
12:16,14,BROWSING,c,3,Stockings
12:16,15,BROWSING,d,13,Hats & Handbags
12:16,16,BROWSING,d,13,Hats & Handbags
12:16,17,MOVING,h,10,→ Pants
12:16,18,BROWSING,f,4,Pants
12:16,19,MOVING,h,6,→ Jeans
12:17,1,NO_PICK,f,13,Skirts & Dresses
12:17,2,BROWSING,f,4,Pants
12:17,7,BROWSING,g,3,Jeans
12:17,9,MOVING,g,6,→ Tops
12:17,10,BROWSING,f,13,Skirts & Dresses
12:17,11,BROWSING,b,3,Underwear
12:17,13,MOVING,c,13,→ Underwear
12:17,14,NO_PICK,c,3,Stockings
12:17,15,PICKED_ITEM,d,13,Hats & Handbags
12:17,16,BROWSING,d,13,Hats & Handbags
12:17,17,MOVING,g,10,→ Pants
12:17,18,BROWSING,f,4,Pants
12:17,19,MOVING,h,4,→ Jeans
12:18,20,ENTERED,h,8,"profile=window_shopper gender=female age=adult speed=1 plan=[Tops, Underwear, Pants, Hats & Handbags]"
12:18,1,MOVING,e,13,→ Pants
12:18,2,BROWSING,f,4,Pants
12:18,7,BROWSING,g,3,Jeans
12:18,9,MOVING,g,7,→ Tops
12:18,10,BROWSING,f,13,Skirts & Dresses
12:18,11,BROWSING,b,3,Underwear
12:18,13,MOVING,b,13,→ Underwear
12:18,14,ARRIVED_SECTION,b,3,Underwear
12:18,15,MOVING,c,13,→ Stockings
12:18,16,BROWSING,d,13,Hats & Handbags
12:18,17,PAUSED,g,10,→ Pants
12:18,18,BROWSING,f,4,Pants
12:18,19,ARRIVED_SECTION,h,3,Jeans
12:18,20,MOVING,g,8,→ Tops
12:19,1,MOVING,e,12,→ Pants
12:19,2,BROWSING,f,4,Pants
12:19,7,BROWSING,g,3,Jeans
12:19,9,MOVING,g,8,→ Tops
12:19,10,BROWSING,f,13,Skirts & Dresses
12:19,11,PICKED_ITEM,b,3,Underwear
12:19,11,HEADING,b,3,fitting room
12:19,13,MOVING,b,12,→ Underwear
12:19,14,BROWSING,b,3,Underwear
12:19,15,MOVING,b,13,→ Stockings
12:19,16,BROWSING,d,13,Hats & Handbags
12:19,17,PAUSED,g,10,→ Pants
12:19,18,PICKED_ITEM,f,4,Pants
12:19,19,BROWSING,h,3,Jeans
12:19,20,MOVING,g,9,→ Tops
12:20,1,MOVING,e,11,→ Pants
12:20,2,BROWSING,f,4,Pants
12:20,7,BROWSING,g,3,Jeans
12:20,9,MOVING,g,9,→ Tops
12:20,10,BROWSING,f,13,Skirts & Dresses
12:20,11,MOVING,a,3,→ fitting room
12:20,13,MOVING,b,11,→ Underwear
12:20,14,BROWSING,b,3,Underwear
12:20,15,MOVING,b,12,→ Stockings
12:20,16,BROWSING,d,13,Hats & Handbags
12:20,17,PAUSED,g,10,→ Pants
12:20,18,ARRIVED_SECTION,d,3,Stockings
12:20,19,BROWSING,h,3,Jeans
12:20,20,ARRIVED_SECTION,g,10,Tops
12:21,1,MOVING,e,10,→ Pants
12:21,2,BROWSING,f,4,Pants
12:21,7,NO_PICK,g,3,Jeans
12:21,9,ARRIVED_SECTION,g,10,Tops
12:21,10,BROWSING,f,13,Skirts & Dresses
12:21,11,MOVING,a,4,→ fitting room
12:21,13,MOVING,b,10,→ Underwear
12:21,14,BROWSING,b,3,Underwear
12:21,15,MOVING,b,11,→ Stockings
12:21,16,BROWSING,d,13,Hats & Handbags
12:21,17,MOVING,f,10,→ Pants
12:21,18,BROWSING,d,3,Stockings
12:21,19,BROWSING,h,3,Jeans
12:21,20,BROWSING,g,10,Tops
12:22,1,MOVING,e,9,→ Pants
12:22,2,BROWSING,f,4,Pants
12:22,7,MOVING,h,3,→ Skirts & Dresses
12:22,9,BROWSING,g,10,Tops
12:22,10,PICKED_ITEM,f,13,Skirts & Dresses
12:22,10,HEADING,f,13,fitting room
12:22,11,MOVING,a,5,→ fitting room
12:22,13,PAUSED,b,10,→ Underwear
12:22,14,BROWSING,b,3,Underwear
12:22,15,MOVING,b,10,→ Stockings
12:22,16,BROWSING,d,13,Hats & Handbags
12:22,17,MOVING,f,9,→ Pants
12:22,18,BROWSING,d,3,Stockings
12:22,19,BROWSING,h,3,Jeans
12:22,20,BROWSING,g,10,Tops
12:23,1,MOVING,e,8,→ Pants
12:23,2,BROWSING,f,4,Pants
12:23,7,MOVING,h,4,→ Skirts & Dresses
12:23,9,BROWSING,g,10,Tops
12:23,10,MOVING,e,13,→ fitting room
12:23,11,MOVING,a,6,→ fitting room
12:23,13,PAUSED,b,10,→ Underwear
12:23,14,BROWSING,b,3,Underwear
12:23,15,MOVING,b,9,→ Stockings
12:23,16,NO_PICK,d,13,Hats & Handbags
12:23,17,MOVING,f,8,→ Pants
12:23,18,BROWSING,d,3,Stockings
12:23,19,BROWSING,h,3,Jeans
12:23,20,BROWSING,g,10,Tops
12:24,1,MOVING,e,7,→ Pants
12:24,2,BROWSING,f,4,Pants
12:24,7,MOVING,h,5,→ Skirts & Dresses
12:24,9,BROWSING,g,10,Tops
12:24,10,MOVING,d,13,→ fitting room
12:24,11,MOVING,a,7,→ fitting room
12:24,13,PAUSED,b,10,→ Underwear
12:24,14,NO_PICK,b,3,Underwear
12:24,15,MOVING,b,8,→ Stockings
12:24,16,ARRIVED_SECTION,f,13,Skirts & Dresses
12:24,17,MOVING,f,7,→ Pants
12:24,18,BROWSING,d,3,Stockings
12:24,19,BROWSING,h,3,Jeans
12:24,20,BROWSING,g,10,Tops
12:25,1,ARRIVED_SECTION,e,6,Pants
12:25,2,BROWSING,f,4,Pants
12:25,7,MOVING,h,6,→ Skirts & Dresses
12:25,9,BROWSING,g,10,Tops
12:25,10,MOVING,c,13,→ fitting room
12:25,11,MOVING,a,8,→ fitting room
12:25,13,MOVING,b,9,→ Underwear
12:25,14,MOVING,b,4,→ Skirts & Dresses
12:25,15,MOVING,b,7,→ Stockings
12:25,16,BROWSING,f,13,Skirts & Dresses
12:25,17,ARRIVED_SECTION,f,6,Pants
12:25,18,PICKED_ITEM,d,3,Stockings
12:25,19,BROWSING,h,3,Jeans
12:25,20,BROWSING,g,10,Tops
12:26,1,BROWSING,e,6,Pants
12:26,2,BROWSING,f,4,Pants
12:26,7,MOVING,h,7,→ Skirts & Dresses
12:26,9,BROWSING,g,10,Tops
12:26,10,MOVING,b,13,→ fitting room
12:26,11,MOVING,a,9,→ fitting room
12:26,13,MOVING,b,8,→ Underwear
12:26,14,MOVING,b,5,→ Skirts & Dresses
12:26,15,PAUSED,b,7,→ Stockings
12:26,16,BROWSING,f,13,Skirts & Dresses
12:26,17,BROWSING,f,6,Pants
12:26,18,MOVING,b,4,→ Tops
12:26,19,BROWSING,h,3,Jeans
12:26,20,BROWSING,g,10,Tops
12:27,1,BROWSING,e,6,Pants
12:27,2,BROWSING,f,4,Pants
12:27,7,MOVING,h,8,→ Skirts & Dresses
12:27,9,BROWSING,g,10,Tops
12:27,10,ARRIVED_FITTING_AREA,a,13,3 item(s)
12:27,11,MOVING,a,10,→ fitting room
12:27,13,MOVING,b,7,→ Underwear
12:27,14,MOVING,b,6,→ Skirts & Dresses
12:27,15,PAUSED,b,7,→ Stockings
12:27,16,BROWSING,f,13,Skirts & Dresses
12:27,17,BROWSING,f,6,Pants
12:27,18,MOVING,b,7,→ Tops
12:27,19,BROWSING,h,3,Jeans
12:27,20,BROWSING,g,10,Tops
12:28,21,ENTERED,h,8,profile=quick_buyer gender=male age=young speed=3 plan=[Pants]
12:28,1,BROWSING,e,6,Pants
12:28,2,BROWSING,f,4,Pants
12:28,7,MOVING,h,9,→ Skirts & Dresses
12:28,9,BROWSING,g,10,Tops
12:28,10,ENTERED_FITTING,a,13,"3 item(s) to try on, waited 0 ticks"
12:28,11,MOVING,a,11,→ fitting room
12:28,13,MOVING,b,6,→ Underwear
12:28,14,MOVING,c,6,→ Skirts & Dresses
12:28,15,PAUSED,b,7,→ Stockings
12:28,16,BROWSING,f,13,Skirts & Dresses
12:28,17,NO_PICK,f,6,Pants
12:28,18,MOVING,c,9,→ Tops
12:28,19,BROWSING,h,3,Jeans
12:28,20,BROWSING,g,10,Tops
12:28,21,MOVING,f,7,→ Pants
12:29,1,BROWSING,e,6,Pants
12:29,2,BROWSING,f,4,Pants
12:29,7,MOVING,h,10,→ Skirts & Dresses
12:29,9,BROWSING,g,10,Tops
12:29,10,IN_FITTING,a,13,1/22 min
12:29,11,ARRIVED_FITTING_AREA,a,12,2 item(s)
12:29,13,MOVING,b,5,→ Underwear
12:29,14,MOVING,d,6,→ Skirts & Dresses
12:29,15,PAUSED,b,7,→ Stockings
12:29,16,BROWSING,f,13,Skirts & Dresses
12:29,17,MOVING,g,6,→ Jeans
12:29,18,ARRIVED_SECTION,c,10,Tops
12:29,19,BROWSING,h,3,Jeans
12:29,20,BROWSING,g,10,Tops
12:29,21,ARRIVED_SECTION,f,6,Pants
12:30,1,BROWSING,e,6,Pants
12:30,2,BROWSING,f,4,Pants
12:30,7,MOVING,h,11,→ Skirts & Dresses
12:30,9,NO_PICK,g,10,Tops
12:30,10,IN_FITTING,a,13,2/22 min
12:30,11,ENTERED_FITTING,a,12,"2 item(s) to try on, waited 0 ticks"
12:30,13,MOVING,b,4,→ Underwear
12:30,14,MOVING,e,6,→ Skirts & Dresses
12:30,15,MOVING,b,6,→ Stockings
12:30,16,NO_PICK,f,13,Skirts & Dresses
12:30,17,MOVING,g,5,→ Jeans
12:30,18,BROWSING,c,10,Tops
12:30,19,PUT_BACK_SHELF,h,3,Jeans
12:30,20,BROWSING,g,10,Tops
12:30,21,BROWSING,f,6,Pants
12:31,1,BROWSING,e,6,Pants
12:31,2,BROWSING,f,4,Pants
12:31,7,MOVING,h,12,→ Skirts & Dresses
12:31,9,PAUSED,g,10,→ Underwear
12:31,10,IN_FITTING,a,13,3/22 min
12:31,11,IN_FITTING,a,12,1/16 min
12:31,13,ARRIVED_SECTION,b,3,Underwear
12:31,14,MOVING,e,7,→ Skirts & Dresses
12:31,15,MOVING,b,5,→ Stockings
12:31,16,MOVING,d,13,→ Underwear
12:31,17,MOVING,g,4,→ Jeans
12:31,18,BROWSING,c,10,Tops
12:31,19,MOVING,f,3,→ Underwear
12:31,20,BROWSING,g,10,Tops
12:31,21,PICKED_ITEM,f,6,Pants
12:31,21,HEADING,f,6,checkout
12:32,1,BROWSING,e,6,Pants
12:32,2,BROWSING,f,4,Pants
12:32,7,ARRIVED_SECTION,h,13,Skirts & Dresses
12:32,9,PAUSED,g,10,→ Underwear
12:32,10,IN_FITTING,a,13,4/22 min
12:32,11,IN_FITTING,a,12,2/16 min
12:32,13,BROWSING,b,3,Underwear
12:32,14,MOVING,e,8,→ Skirts & Dresses
12:32,15,MOVING,b,4,→ Stockings
12:32,16,MOVING,b,13,→ Underwear
12:32,17,ARRIVED_SECTION,g,3,Jeans
12:32,18,BROWSING,c,10,Tops
12:32,19,MOVING,d,3,→ Underwear
12:32,20,NO_PICK,g,10,Tops
12:32,21,MOVING,c,6,→ checkout
12:33,1,BROWSING,e,6,Pants
12:33,2,BROWSING,f,4,Pants
12:33,7,BROWSING,h,13,Skirts & Dresses
12:33,9,PAUSED,g,10,→ Underwear
12:33,10,IN_FITTING,a,13,5/22 min
12:33,11,IN_FITTING,a,12,3/16 min
12:33,13,BROWSING,b,3,Underwear
12:33,14,MOVING,e,9,→ Skirts & Dresses
12:33,15,MOVING,c,4,→ Stockings
12:33,16,PAUSED,b,13,→ Underwear
12:33,17,BROWSING,g,3,Jeans
12:33,18,BROWSING,c,10,Tops
12:33,19,PAUSED,d,3,→ Underwear
12:33,20,MOVING,f,10,→ Underwear
12:33,21,MOVING,b,8,→ checkout
12:34,22,ENTERED,h,8,"profile=indecisive gender=female age=adult speed=2 plan=[Hats & Handbags, Underwear, Tops, Skirts & Dresses, Jeans, Stockings, Pants]"
12:34,1,BROWSING,e,6,Pants
12:34,2,NO_PICK,f,4,Pants
12:34,7,BROWSING,h,13,Skirts & Dresses
12:34,9,MOVING,f,10,→ Underwear
12:34,10,IN_FITTING,a,13,6/22 min
12:34,11,IN_FITTING,a,12,4/16 min
12:34,13,BROWSING,b,3,Underwear
12:34,14,MOVING,e,10,→ Skirts & Dresses
12:34,15,ARRIVED_SECTION,c,3,Stockings
12:34,16,PAUSED,b,13,→ Underwear
12:34,17,BROWSING,g,3,Jeans
12:34,18,BROWSING,c,10,Tops
12:34,19,PAUSED,d,3,→ Underwear
12:34,20,MOVING,e,10,→ Underwear
12:34,21,JOINED_QUEUE,b,9,"position #1, 1 item(s)"
12:34,22,MOVING,f,8,→ Hats & Handbags
12:35,21,CHECKOUT_CALLED,b,9,lane 1
12:35,1,BROWSING,e,6,Pants
12:35,2,MOVING,g,4,→ Tops
12:35,7,BROWSING,h,13,Skirts & Dresses
12:35,9,MOVING,e,10,→ Underwear
12:35,10,IN_FITTING,a,13,7/22 min
12:35,11,IN_FITTING,a,12,5/16 min
12:35,13,BROWSING,b,3,Underwear
12:35,14,MOVING,e,11,→ Skirts & Dresses
12:35,15,BROWSING,c,3,Stockings
12:35,16,PAUSED,b,13,→ Underwear
12:35,17,BROWSING,g,3,Jeans
12:35,18,BROWSING,c,10,Tops
12:35,19,PAUSED,d,3,→ Underwear
12:35,20,MOVING,d,10,→ Underwear
12:35,21,AT_CHECKOUT,b,9,1/3 min
12:35,22,MOVING,e,9,→ Hats & Handbags
12:36,1,BROWSING,e,6,Pants
12:36,2,MOVING,g,5,→ Tops
12:36,7,BROWSING,h,13,Skirts & Dresses
12:36,9,MOVING,d,10,→ Underwear
12:36,10,IN_FITTING,a,13,8/22 min
12:36,11,IN_FITTING,a,12,6/16 min
12:36,13,BROWSING,b,3,Underwear
12:36,14,MOVING,e,12,→ Skirts & Dresses
12:36,15,BROWSING,c,3,Stockings
12:36,16,MOVING,b,11,→ Underwear
12:36,17,NO_PICK,g,3,Jeans
12:36,18,BROWSING,c,10,Tops
12:36,19,PAUSED,d,3,→ Underwear
12:36,20,MOVING,c,10,→ Underwear
12:36,21,AT_CHECKOUT,b,9,2/3 min
12:36,22,MOVING,e,11,→ Hats & Handbags
12:37,1,BROWSING,e,6,Pants
12:37,2,MOVING,g,6,→ Tops
12:37,7,BROWSING,h,13,Skirts & Dresses
12:37,9,MOVING,c,10,→ Underwear
12:37,10,IN_FITTING,a,13,9/22 min
12:37,11,IN_FITTING,a,12,7/16 min
12:37,13,PUT_BACK_SHELF,b,3,Underwear
12:37,14,MOVING,e,13,→ Skirts & Dresses
12:37,15,BROWSING,c,3,Stockings
12:37,16,MOVING,b,9,→ Underwear
12:37,17,MOVING,f,3,→ Underwear
12:37,18,PICKED_ITEM,c,10,Tops
12:37,19,ARRIVED_SECTION,b,3,Underwear
12:37,20,MOVING,b,10,→ Underwear
12:37,21,PURCHASED,b,9,1 item(s): Pants
12:37,22,MOVING,e,13,→ Hats & Handbags
12:38,23,ENTERED,h,8,"profile=quick_buyer gender=female age=adult speed=3 plan=[Underwear, Tops]"
12:38,1,BROWSING,e,6,Pants
12:38,2,MOVING,g,7,→ Tops
12:38,7,BROWSING,h,13,Skirts & Dresses
12:38,9,MOVING,b,10,→ Underwear
12:38,10,IN_FITTING,a,13,10/22 min
12:38,11,IN_FITTING,a,12,8/16 min
12:38,13,MOVING,c,3,→ Jeans
12:38,14,ARRIVED_SECTION,f,13,Skirts & Dresses
12:38,15,BROWSING,c,3,Stockings
12:38,16,MOVING,b,7,→ Underwear
12:38,17,MOVING,e,3,→ Underwear
12:38,18,MOVING,b,8,→ Underwear
12:38,19,BROWSING,b,3,Underwear
12:38,20,MOVING,b,9,→ Underwear
12:38,21,MOVING,e,9,→ exit
12:38,22,ARRIVED_SECTION,d,13,Hats & Handbags
12:38,23,MOVING,e,8,→ Underwear
12:39,1,BROWSING,e,6,Pants
12:39,2,MOVING,g,8,→ Tops
12:39,7,BROWSING,h,13,Skirts & Dresses
12:39,9,MOVING,b,9,→ Underwear
12:39,10,IN_FITTING,a,13,11/22 min
12:39,11,IN_FITTING,a,12,9/16 min
12:39,13,MOVING,d,3,→ Jeans
12:39,14,BROWSING,f,13,Skirts & Dresses
12:39,15,BROWSING,c,3,Stockings
12:39,16,MOVING,b,5,→ Underwear
12:39,17,MOVING,d,3,→ Underwear
12:39,18,MOVING,b,5,→ Underwear
12:39,19,BROWSING,b,3,Underwear
12:39,20,MOVING,b,8,→ Underwear
12:39,21,MOVING,h,9,→ exit
12:39,22,BROWSING,d,13,Hats & Handbags
12:39,23,MOVING,d,6,→ Underwear
12:40,1,BROWSING,e,6,Pants
12:40,2,MOVING,g,9,→ Tops
12:40,7,NO_PICK,h,13,Skirts & Dresses
12:40,9,MOVING,b,8,→ Underwear
12:40,10,IN_FITTING,a,13,12/22 min
12:40,11,IN_FITTING,a,12,10/16 min
12:40,13,MOVING,e,3,→ Jeans
12:40,14,BROWSING,f,13,Skirts & Dresses
12:40,15,BROWSING,c,3,Stockings
12:40,16,PAUSED,b,5,→ Underwear
12:40,17,MOVING,c,3,→ Underwear
12:40,18,ARRIVED_SECTION,b,3,Underwear
12:40,19,BROWSING,b,3,Underwear
12:40,20,MOVING,b,7,→ Underwear
12:40,21,EXITED,h,8,
12:40,22,BROWSING,d,13,Hats & Handbags
12:40,23,MOVING,b,5,→ Underwear
12:41,1,BROWSING,e,6,Pants
12:41,2,ARRIVED_SECTION,g,10,Tops
12:41,7,MOVING,h,12,→ Pants
12:41,9,MOVING,b,7,→ Underwear
12:41,10,IN_FITTING,a,13,13/22 min
12:41,11,IN_FITTING,a,12,11/16 min
12:41,13,MOVING,f,3,→ Jeans
12:41,14,BROWSING,f,13,Skirts & Dresses
12:41,15,BROWSING,c,3,Stockings
12:41,16,PAUSED,b,5,→ Underwear
12:41,17,ARRIVED_SECTION,b,3,Underwear
12:41,18,BROWSING,b,3,Underwear
12:41,19,BROWSING,b,3,Underwear
12:41,20,MOVING,b,6,→ Underwear
12:41,22,BROWSING,d,13,Hats & Handbags
12:41,23,ARRIVED_SECTION,b,3,Underwear
12:42,1,BROWSING,e,6,Pants
12:42,2,BROWSING,g,10,Tops
12:42,7,MOVING,h,11,→ Pants
12:42,9,MOVING,b,6,→ Underwear
12:42,10,IN_FITTING,a,13,14/22 min
12:42,11,IN_FITTING,a,12,12/16 min
12:42,13,ARRIVED_SECTION,g,3,Jeans
12:42,14,BROWSING,f,13,Skirts & Dresses
12:42,15,BROWSING,c,3,Stockings
12:42,16,PAUSED,b,5,→ Underwear
12:42,17,BROWSING,b,3,Underwear
12:42,18,BROWSING,b,3,Underwear
12:42,19,BROWSING,b,3,Underwear
12:42,20,MOVING,b,5,→ Underwear
12:42,22,BROWSING,d,13,Hats & Handbags
12:42,23,BROWSING,b,3,Underwear
12:43,24,ENTERED,h,8,"profile=regular gender=female age=young speed=3 plan=[Pants, Underwear, Jeans, Stockings, Hats & Handbags]"
12:43,1,PICKED_ITEM,e,6,Pants
12:43,1,HEADING,e,6,fitting room
12:43,2,BROWSING,g,10,Tops
12:43,7,MOVING,h,10,→ Pants
12:43,9,MOVING,b,5,→ Underwear
12:43,10,IN_FITTING,a,13,15/22 min
12:43,11,IN_FITTING,a,12,13/16 min
12:43,13,BROWSING,g,3,Jeans
12:43,14,PICKED_ITEM,f,13,Skirts & Dresses
12:43,14,HEADING,f,13,checkout
12:43,15,BROWSING,c,3,Stockings
12:43,16,PAUSED,b,5,→ Underwear
12:43,17,BROWSING,b,3,Underwear
12:43,18,BROWSING,b,3,Underwear
12:43,19,PICKED_ITEM,b,3,Underwear
12:43,20,PAUSED,b,5,→ Underwear
12:43,22,BROWSING,d,13,Hats & Handbags
12:43,23,BROWSING,b,3,Underwear
12:43,24,MOVING,f,7,→ Pants
12:44,25,ENTERED,h,8,"profile=quick_buyer gender=female age=adult speed=2 plan=[Stockings, Pants, Hats & Handbags, Underwear]"
12:44,1,MOVING,d,6,→ fitting room
12:44,2,BROWSING,g,10,Tops
12:44,7,MOVING,g,10,→ Pants
12:44,9,MOVING,b,4,→ Underwear
12:44,10,IN_FITTING,a,13,16/22 min
12:44,11,IN_FITTING,a,12,14/16 min
12:44,13,BROWSING,g,3,Jeans
12:44,14,MOVING,e,13,→ checkout
12:44,15,BROWSING,c,3,Stockings
12:44,16,ARRIVED_SECTION,b,3,Underwear
12:44,17,NO_PICK,b,3,Underwear
12:44,18,BROWSING,b,3,Underwear
12:44,19,MOVING,b,5,→ Tops
12:44,20,PAUSED,b,5,→ Underwear
12:44,22,BROWSING,d,13,Hats & Handbags
12:44,23,BROWSING,b,3,Underwear
12:44,24,ARRIVED_SECTION,f,6,Pants
12:44,25,MOVING,g,7,→ Stockings
12:45,1,MOVING,c,6,→ fitting room
12:45,2,BROWSING,g,10,Tops
12:45,7,MOVING,f,10,→ Pants
12:45,9,ARRIVED_SECTION,b,3,Underwear
12:45,10,IN_FITTING,a,13,17/22 min
12:45,11,IN_FITTING,a,12,15/16 min
12:45,13,BROWSING,g,3,Jeans
12:45,14,MOVING,d,13,→ checkout
12:45,15,BROWSING,c,3,Stockings
12:45,16,BROWSING,b,3,Underwear
12:45,17,ARRIVED_SECTION,c,3,Stockings
12:45,18,BROWSING,b,3,Underwear
12:45,19,MOVING,b,7,→ Tops
12:45,20,MOVING,b,4,→ Underwear
12:45,22,BROWSING,d,13,Hats & Handbags
12:45,23,BROWSING,b,3,Underwear
12:45,24,BROWSING,f,6,Pants
12:45,25,MOVING,g,5,→ Stockings
12:46,1,MOVING,b,6,→ fitting room
12:46,2,BROWSING,g,10,Tops
12:46,7,MOVING,f,9,→ Pants
12:46,9,BROWSING,b,3,Underwear
12:46,10,IN_FITTING,a,13,18/22 min
12:46,11,LEFT_FITTING,a,12,keeping=2
12:46,11,HEADING,a,12,checkout
12:46,13,BROWSING,g,3,Jeans
12:46,14,MOVING,c,13,→ checkout
12:46,15,BROWSING,c,3,Stockings
12:46,16,BROWSING,b,3,Underwear
12:46,17,BROWSING,c,3,Stockings
12:46,18,BROWSING,b,3,Underwear
12:46,19,MOVING,b,9,→ Tops
12:46,20,ARRIVED_SECTION,b,3,Underwear
12:46,22,BROWSING,d,13,Hats & Handbags
12:46,23,BROWSING,b,3,Underwear
12:46,24,BROWSING,f,6,Pants
12:46,25,MOVING,f,4,→ Stockings
12:47,1,MOVING,a,6,→ fitting room
12:47,2,BROWSING,g,10,Tops
12:47,7,MOVING,f,8,→ Pants
12:47,9,BROWSING,b,3,Underwear
12:47,10,IN_FITTING,a,13,19/22 min
12:47,11,MOVING,b,12,→ checkout
12:47,13,PICKED_ITEM,g,3,Jeans
12:47,14,MOVING,b,13,→ checkout
12:47,15,BROWSING,c,3,Stockings
12:47,16,BROWSING,b,3,Underwear
12:47,17,BROWSING,c,3,Stockings
12:47,18,NO_PICK,b,3,Underwear
12:47,19,ARRIVED_SECTION,c,10,Tops
12:47,20,BROWSING,b,3,Underwear
12:47,22,BROWSING,d,13,Hats & Handbags
12:47,23,PICKED_ITEM,b,3,Underwear
12:47,24,BROWSING,f,6,Pants
12:47,25,MOVING,d,4,→ Stockings
12:48,1,MOVING,a,7,→ fitting room
12:48,2,BROWSING,g,10,Tops
12:48,7,MOVING,f,7,→ Pants
12:48,9,BROWSING,b,3,Underwear
12:48,10,IN_FITTING,a,13,20/22 min
12:48,11,MOVING,b,11,→ checkout
12:48,13,MOVING,g,4,→ Hats & Handbags
12:48,14,MOVING,b,12,→ checkout
12:48,15,BROWSING,c,3,Stockings
12:48,16,BROWSING,b,3,Underwear
12:48,17,BROWSING,c,3,Stockings
12:48,18,MOVING,b,6,→ Hats & Handbags
12:48,19,BROWSING,c,10,Tops
12:48,20,BROWSING,b,3,Underwear
12:48,22,BROWSING,d,13,Hats & Handbags
12:48,23,MOVING,b,6,→ Tops
12:48,24,BROWSING,f,6,Pants
12:48,25,ARRIVED_SECTION,d,3,Stockings
12:49,1,MOVING,a,8,→ fitting room
12:49,2,BROWSING,g,10,Tops
12:49,7,ARRIVED_SECTION,f,6,Pants
12:49,9,BROWSING,b,3,Underwear
12:49,10,IN_FITTING,a,13,21/22 min
12:49,11,MOVING,b,10,→ checkout
12:49,13,MOVING,g,5,→ Hats & Handbags
12:49,14,MOVING,b,11,→ checkout
12:49,15,BROWSING,c,3,Stockings
12:49,16,BROWSING,b,3,Underwear
12:49,17,BROWSING,c,3,Stockings
12:49,18,MOVING,b,9,→ Hats & Handbags
12:49,19,BROWSING,c,10,Tops
12:49,20,BROWSING,b,3,Underwear
12:49,22,BROWSING,d,13,Hats & Handbags
12:49,23,MOVING,b,9,→ Tops
12:49,24,BROWSING,f,6,Pants
12:49,25,BROWSING,d,3,Stockings
12:50,26,ENTERED,h,8,"profile=window_shopper gender=female age=adult speed=1 plan=[Jeans, Skirts & Dresses, Tops, Underwear, Stockings]"
12:50,1,MOVING,a,9,→ fitting room
12:50,2,BROWSING,g,10,Tops
12:50,7,BROWSING,f,6,Pants
12:50,9,BROWSING,b,3,Underwear
12:50,10,LEFT_FITTING,a,13,"keeping=2, returned_to_shelf=1"
12:50,10,HEADING,a,13,checkout
12:50,11,JOINED_QUEUE,b,9,"position #1, 2 item(s)"
12:50,13,MOVING,g,6,→ Hats & Handbags
12:50,14,MOVING,b,10,→ checkout
12:50,15,BROWSING,c,3,Stockings
12:50,16,NO_PICK,b,3,Underwear
12:50,17,NO_PICK,c,3,Stockings
12:50,17,HEADING,c,3,exit
12:50,18,MOVING,b,12,→ Hats & Handbags
12:50,19,BROWSING,c,10,Tops
12:50,20,BROWSING,b,3,Underwear
12:50,22,BROWSING,d,13,Hats & Handbags
12:50,23,ARRIVED_SECTION,c,10,Tops
12:50,24,BROWSING,f,6,Pants
12:50,25,BROWSING,d,3,Stockings
12:50,26,MOVING,h,7,→ Jeans
12:51,11,CHECKOUT_CALLED,b,9,lane 1
12:51,1,MOVING,a,10,→ fitting room
12:51,2,BROWSING,g,10,Tops
12:51,7,BROWSING,f,6,Pants
12:51,9,BROWSING,b,3,Underwear
12:51,10,MOVING,b,13,→ checkout
12:51,11,AT_CHECKOUT,b,9,1/6 min
12:51,13,MOVING,f,6,→ Hats & Handbags
12:51,14,JOINED_QUEUE,b,9,"position #2, 1 item(s)"
12:51,15,BROWSING,c,3,Stockings
12:51,16,ARRIVED_SECTION,c,4,Pants
12:51,17,MOVING,d,3,→ exit
12:51,18,ARRIVED_SECTION,c,13,Hats & Handbags
12:51,19,BROWSING,c,10,Tops
12:51,20,BROWSING,b,3,Underwear
12:51,22,BROWSING,d,13,Hats & Handbags
12:51,23,BROWSING,c,10,Tops
12:51,24,BROWSING,f,6,Pants
12:51,25,BROWSING,d,3,Stockings
12:51,26,MOVING,h,6,→ Jeans
12:52,14,CHECKOUT_CALLED,b,9,lane 2
12:52,1,MOVING,a,11,→ fitting room
12:52,2,BROWSING,g,10,Tops
12:52,7,BROWSING,f,6,Pants
12:52,9,BROWSING,b,3,Underwear
12:52,10,MOVING,b,12,→ checkout
12:52,11,AT_CHECKOUT,b,9,2/6 min
12:52,13,MOVING,e,6,→ Hats & Handbags
12:52,14,AT_CHECKOUT,b,9,1/7 min
12:52,15,PICKED_ITEM,c,3,Stockings
12:52,16,BROWSING,c,4,Pants
12:52,17,MOVING,e,3,→ exit
12:52,18,BROWSING,c,13,Hats & Handbags
12:52,19,BROWSING,c,10,Tops
12:52,20,BROWSING,b,3,Underwear
12:52,22,PICKED_ITEM,d,13,Hats & Handbags
12:52,23,BROWSING,c,10,Tops
12:52,24,BROWSING,f,6,Pants
12:52,25,BROWSING,d,3,Stockings
12:52,26,MOVING,h,5,→ Jeans
12:53,1,ARRIVED_FITTING_AREA,a,12,4 item(s)
12:53,2,BROWSING,g,10,Tops
12:53,7,BROWSING,f,6,Pants
12:53,9,BROWSING,b,3,Underwear
12:53,10,MOVING,b,11,→ checkout
12:53,11,AT_CHECKOUT,b,9,3/6 min
12:53,13,MOVING,e,7,→ Hats & Handbags
12:53,14,AT_CHECKOUT,b,9,2/7 min
12:53,15,ARRIVED_SECTION,c,4,Pants
12:53,16,BROWSING,c,4,Pants
12:53,17,MOVING,f,3,→ exit
12:53,18,BROWSING,c,13,Hats & Handbags
12:53,19,NO_PICK,c,10,Tops
12:53,20,BROWSING,b,3,Underwear
12:53,22,MOVING,b,13,→ Underwear
12:53,23,BROWSING,c,10,Tops
12:53,24,BROWSING,f,6,Pants
12:53,25,BROWSING,d,3,Stockings
12:53,26,MOVING,h,4,→ Jeans
12:54,1,ENTERED_FITTING,a,12,"4 item(s) to try on, waited 0 ticks"
12:54,2,BROWSING,g,10,Tops
12:54,7,BROWSING,f,6,Pants
12:54,9,BROWSING,b,3,Underwear
12:54,10,MOVING,b,10,→ checkout
12:54,11,AT_CHECKOUT,b,9,4/6 min
12:54,13,MOVING,e,8,→ Hats & Handbags
12:54,14,AT_CHECKOUT,b,9,3/7 min
12:54,15,BROWSING,c,4,Pants
12:54,16,BROWSING,c,4,Pants
12:54,17,MOVING,g,3,→ exit
12:54,18,BROWSING,c,13,Hats & Handbags
12:54,19,MOVING,b,9,→ Stockings
12:54,20,BROWSING,b,3,Underwear
12:54,22,MOVING,b,11,→ Underwear
12:54,23,BROWSING,c,10,Tops
12:54,24,BROWSING,f,6,Pants
12:54,25,BROWSING,d,3,Stockings
12:54,26,ARRIVED_SECTION,h,3,Jeans
12:55,1,IN_FITTING,a,12,1/24 min
12:55,2,PUT_BACK_SHELF,g,10,Tops
12:55,7,BROWSING,f,6,Pants
12:55,9,NO_PICK,b,3,Underwear
12:55,9,HEADING,b,3,fitting room
12:55,10,JOINED_QUEUE,b,9,"position #3, 2 item(s)"
12:55,11,AT_CHECKOUT,b,9,5/6 min
12:55,13,MOVING,e,9,→ Hats & Handbags
12:55,14,AT_CHECKOUT,b,9,4/7 min
12:55,15,BROWSING,c,4,Pants
12:55,16,BROWSING,c,4,Pants
12:55,17,MOVING,h,3,→ exit
12:55,18,BROWSING,c,13,Hats & Handbags
12:55,19,MOVING,b,7,→ Stockings
12:55,20,BROWSING,b,3,Underwear
12:55,22,MOVING,b,9,→ Underwear
12:55,23,BROWSING,c,10,Tops
12:55,24,BROWSING,f,6,Pants
12:55,25,PICKED_ITEM,d,3,Stockings
12:55,26,BROWSING,h,3,Jeans
12:56,27,ENTERED,h,8,"profile=regular gender=male age=senior speed=1 plan=[Jeans, Underwear, Hats & Handbags]"
12:56,1,IN_FITTING,a,12,2/24 min
12:56,2,MOVING,f,10,→ Hats & Handbags
12:56,7,BROWSING,f,6,Pants
12:56,9,MOVING,a,3,→ fitting room
12:56,10,IN_QUEUE,b,9,position #3
12:56,11,PURCHASED,b,9,"2 item(s): Pants, Underwear"
12:56,13,MOVING,e,10,→ Hats & Handbags
12:56,14,AT_CHECKOUT,b,9,5/7 min
12:56,15,BROWSING,c,4,Pants
12:56,16,BROWSING,c,4,Pants
12:56,17,MOVING,h,4,→ exit
12:56,18,BROWSING,c,13,Hats & Handbags
12:56,19,MOVING,b,5,→ Stockings
12:56,20,NO_PICK,b,3,Underwear
12:56,22,PAUSED,b,9,→ Underwear
12:56,23,PICKED_ITEM,c,10,Tops
12:56,23,HEADING,c,10,checkout
12:56,24,PICKED_ITEM,f,6,Pants
12:56,25,ARRIVED_SECTION,d,4,Pants
12:56,26,BROWSING,h,3,Jeans
12:56,27,MOVING,h,7,→ Jeans
12:57,10,CHECKOUT_CALLED,b,9,lane 2
12:57,1,IN_FITTING,a,12,3/24 min
12:57,2,MOVING,e,10,→ Hats & Handbags
12:57,7,BROWSING,f,6,Pants
12:57,9,MOVING,a,4,→ fitting room
12:57,10,AT_CHECKOUT,b,9,1/7 min
12:57,11,MOVING,c,9,→ exit
12:57,13,MOVING,e,11,→ Hats & Handbags
12:57,14,AT_CHECKOUT,b,9,6/7 min
12:57,15,BROWSING,c,4,Pants
12:57,16,BROWSING,c,4,Pants
12:57,17,MOVING,h,5,→ exit
12:57,18,BROWSING,c,13,Hats & Handbags
12:57,19,MOVING,c,4,→ Stockings
12:57,20,MOVING,c,3,→ Pants
12:57,22,PAUSED,b,9,→ Underwear
12:57,23,JOINED_QUEUE,b,9,"position #3, 2 item(s)"
12:57,24,MOVING,c,6,→ Underwear
12:57,25,BROWSING,d,4,Pants
12:57,26,BROWSING,h,3,Jeans
12:57,27,MOVING,h,6,→ Jeans
12:58,28,ENTERED,h,8,"profile=browser gender=male age=senior speed=1 plan=[Skirts & Dresses, Tops, Hats & Handbags]"
12:58,1,IN_FITTING,a,12,4/24 min
12:58,2,MOVING,e,11,→ Hats & Handbags
12:58,7,NO_PICK,f,6,Pants
12:58,7,HEADING,f,6,fitting room
12:58,9,MOVING,a,5,→ fitting room
12:58,10,AT_CHECKOUT,b,9,2/7 min
12:58,11,MOVING,d,9,→ exit
12:58,13,MOVING,e,12,→ Hats & Handbags
12:58,14,PURCHASED,b,9,1 item(s): Skirts & Dresses
12:58,15,BROWSING,c,4,Pants
12:58,16,NO_PICK,c,4,Pants
12:58,16,HEADING,c,4,exit
12:58,17,MOVING,h,6,→ exit
12:58,18,BROWSING,c,13,Hats & Handbags
12:58,19,PAUSED,c,4,→ Stockings
12:58,20,ARRIVED_SECTION,c,4,Pants
12:58,22,PAUSED,b,9,→ Underwear
12:58,23,IN_QUEUE,b,9,position #2
12:58,24,MOVING,b,4,→ Underwear
12:58,25,BROWSING,d,4,Pants
12:58,26,BROWSING,h,3,Jeans
12:58,27,MOVING,h,5,→ Jeans
12:58,28,PAUSED,h,8,→ Skirts & Dresses
12:59,23,CHECKOUT_CALLED,b,9,lane 2
12:59,1,IN_FITTING,a,12,5/24 min
12:59,2,MOVING,e,12,→ Hats & Handbags
12:59,7,MOVING,e,6,→ fitting room
12:59,9,MOVING,a,6,→ fitting room
12:59,10,AT_CHECKOUT,b,9,3/7 min
12:59,11,MOVING,e,9,→ exit
12:59,13,MOVING,e,13,→ Hats & Handbags
12:59,14,MOVING,c,9,→ exit
12:59,15,BROWSING,c,4,Pants
12:59,16,MOVING,e,4,→ exit
12:59,17,MOVING,h,7,→ exit
12:59,18,BROWSING,c,13,Hats & Handbags
12:59,19,PAUSED,c,4,→ Stockings
12:59,20,BROWSING,c,4,Pants
12:59,22,PAUSED,b,9,→ Underwear
12:59,23,AT_CHECKOUT,b,9,1/8 min
12:59,24,PAUSED,b,4,→ Underwear
12:59,25,BROWSING,d,4,Pants
12:59,26,BROWSING,h,3,Jeans
12:59,27,MOVING,h,4,→ Jeans
12:59,28,PAUSED,h,8,→ Skirts & Dresses
13:00,1,IN_FITTING,a,12,6/24 min
13:00,2,MOVING,e,13,→ Hats & Handbags
13:00,7,MOVING,d,6,→ fitting room
13:00,9,MOVING,a,7,→ fitting room
13:00,10,AT_CHECKOUT,b,9,4/7 min
13:00,11,MOVING,f,9,→ exit
13:00,13,ARRIVED_SECTION,d,13,Hats & Handbags
13:00,14,MOVING,d,9,→ exit
13:00,15,BROWSING,c,4,Pants
13:00,16,MOVING,g,4,→ exit
13:00,17,EXITED,h,8,
13:00,18,BROWSING,c,13,Hats & Handbags
13:00,19,ARRIVED_SECTION,c,3,Stockings
13:00,20,BROWSING,c,4,Pants
13:00,22,PAUSED,b,9,→ Underwear
13:00,23,AT_CHECKOUT,b,9,2/8 min
13:00,24,PAUSED,b,4,→ Underwear
13:00,25,BROWSING,d,4,Pants
13:00,26,NO_PICK,h,3,Jeans
13:00,27,PAUSED,h,4,→ Jeans
13:00,28,MOVING,h,9,→ Skirts & Dresses
13:01,1,IN_FITTING,a,12,7/24 min
13:01,2,ARRIVED_SECTION,d,13,Hats & Handbags
13:01,7,MOVING,c,6,→ fitting room
13:01,9,MOVING,a,8,→ fitting room
13:01,10,AT_CHECKOUT,b,9,5/7 min
13:01,11,MOVING,g,9,→ exit
13:01,13,BROWSING,d,13,Hats & Handbags
13:01,14,MOVING,e,9,→ exit
13:01,15,BROWSING,c,4,Pants
13:01,16,MOVING,h,5,→ exit
13:01,18,BROWSING,c,13,Hats & Handbags
13:01,19,BROWSING,c,3,Stockings
13:01,20,BROWSING,c,4,Pants
13:01,22,MOVING,b,7,→ Underwear
13:01,23,AT_CHECKOUT,b,9,3/8 min
13:01,24,PAUSED,b,4,→ Underwear
13:01,25,BROWSING,d,4,Pants
13:01,26,MOVING,h,4,→ Skirts & Dresses
13:01,27,PAUSED,h,4,→ Jeans
13:01,28,MOVING,h,10,→ Skirts & Dresses
13:02,1,IN_FITTING,a,12,8/24 min
13:02,2,BROWSING,d,13,Hats & Handbags
13:02,7,PAUSED,c,6,→ fitting room
13:02,9,PAUSED,a,8,→ fitting room
13:02,10,AT_CHECKOUT,b,9,6/7 min
13:02,11,MOVING,h,9,→ exit
13:02,13,BROWSING,d,13,Hats & Handbags
13:02,14,MOVING,f,9,→ exit
13:02,15,BROWSING,c,4,Pants
13:02,16,PAUSED,h,5,→ exit
13:02,18,PICKED_ITEM,c,13,Hats & Handbags
13:02,18,HEADING,c,13,fitting room
13:02,19,BROWSING,c,3,Stockings
13:02,20,BROWSING,c,4,Pants
13:02,22,MOVING,b,5,→ Underwear
13:02,23,AT_CHECKOUT,b,9,4/8 min
13:02,24,PAUSED,b,4,→ Underwear
13:02,25,BROWSING,d,4,Pants
13:02,26,MOVING,h,5,→ Skirts & Dresses
13:02,27,PAUSED,h,4,→ Jeans
13:02,28,MOVING,h,11,→ Skirts & Dresses
13:03,29,ENTERED,h,8,"profile=window_shopper gender=male age=young speed=3 plan=[Stockings, Hats & Handbags, Jeans, Tops, Skirts & Dresses]"
13:03,1,IN_FITTING,a,12,9/24 min
13:03,2,BROWSING,d,13,Hats & Handbags
13:03,7,PAUSED,c,6,→ fitting room
13:03,9,PAUSED,a,8,→ fitting room
13:03,10,PURCHASED,b,9,"2 item(s): Jeans, Hats & Handbags"
13:03,11,EXITED,h,8,
13:03,13,BROWSING,d,13,Hats & Handbags
13:03,14,MOVING,g,9,→ exit
13:03,15,BROWSING,c,4,Pants
13:03,16,PAUSED,h,5,→ exit
13:03,18,ARRIVED_FITTING_AREA,a,13,5 item(s)
13:03,19,BROWSING,c,3,Stockings
13:03,20,BROWSING,c,4,Pants
13:03,22,PAUSED,b,5,→ Underwear
13:03,23,AT_CHECKOUT,b,9,5/8 min
13:03,24,PAUSED,b,4,→ Underwear
13:03,25,PICKED_ITEM,d,4,Pants
13:03,26,MOVING,h,6,→ Skirts & Dresses
13:03,27,PAUSED,h,4,→ Jeans
13:03,28,MOVING,h,12,→ Skirts & Dresses
13:03,29,MOVING,g,6,→ Stockings
13:04,1,IN_FITTING,a,12,10/24 min
13:04,2,BROWSING,d,13,Hats & Handbags
13:04,7,PAUSED,c,6,→ fitting room
13:04,9,PAUSED,a,8,→ fitting room
13:04,10,PAUSED,b,9,→ exit
13:04,13,PUT_BACK_SHELF,d,13,Hats & Handbags
13:04,14,MOVING,h,9,→ exit
13:04,15,BROWSING,c,4,Pants
13:04,16,MOVING,h,7,→ exit
13:04,18,ENTERED_FITTING,a,13,"5 item(s) to try on, waited 0 ticks"
13:04,19,BROWSING,c,3,Stockings
13:04,20,BROWSING,c,4,Pants
13:04,22,PAUSED,b,5,→ Underwear
13:04,23,AT_CHECKOUT,b,9,6/8 min
13:04,24,PAUSED,b,4,→ Underwear
13:04,25,MOVING,b,4,→ Hats & Handbags
13:04,26,MOVING,h,7,→ Skirts & Dresses
13:04,27,ARRIVED_SECTION,h,3,Jeans
13:04,28,ARRIVED_SECTION,h,13,Skirts & Dresses
13:04,29,MOVING,f,4,→ Stockings
13:05,30,ENTERED,h,8,"profile=regular gender=female age=adult speed=2 plan=[Stockings, Pants]"
13:05,1,IN_FITTING,a,12,11/24 min
13:05,2,BROWSING,d,13,Hats & Handbags
13:05,7,MOVING,b,6,→ fitting room
13:05,9,MOVING,a,9,→ fitting room
13:05,10,PAUSED,b,9,→ exit
13:05,13,ARRIVED_SECTION,d,13,Tops
13:05,14,EXITED,h,8,
13:05,15,BROWSING,c,4,Pants
13:05,16,EXITED,h,8,
13:05,18,IN_FITTING,a,13,1/22 min
13:05,19,BROWSING,c,3,Stockings
13:05,20,BROWSING,c,4,Pants
13:05,22,ARRIVED_SECTION,b,3,Underwear
13:05,23,AT_CHECKOUT,b,9,7/8 min
13:05,24,ARRIVED_SECTION,b,3,Underwear
13:05,25,MOVING,b,6,→ Hats & Handbags
13:05,26,MOVING,h,8,→ Skirts & Dresses
13:05,27,BROWSING,h,3,Jeans
13:05,28,BROWSING,h,13,Skirts & Dresses
13:05,29,ARRIVED_SECTION,d,3,Stockings
13:05,30,MOVING,g,7,→ Stockings
13:06,1,IN_FITTING,a,12,12/24 min
13:06,2,BROWSING,d,13,Hats & Handbags
13:06,7,MOVING,a,6,→ fitting room
13:06,9,MOVING,a,10,→ fitting room
13:06,10,PAUSED,b,9,→ exit
13:06,13,BROWSING,d,13,Tops
13:06,15,BROWSING,c,4,Pants
13:06,18,IN_FITTING,a,13,2/22 min
13:06,19,BROWSING,c,3,Stockings
13:06,20,BROWSING,c,4,Pants
13:06,22,BROWSING,b,3,Underwear
13:06,23,PURCHASED,b,9,"2 item(s): Underwear, Tops"
13:06,24,BROWSING,b,3,Underwear
13:06,25,MOVING,b,8,→ Hats & Handbags
13:06,26,MOVING,h,9,→ Skirts & Dresses
13:06,27,BROWSING,h,3,Jeans
13:06,28,BROWSING,h,13,Skirts & Dresses
13:06,29,BROWSING,d,3,Stockings
13:06,30,MOVING,g,5,→ Stockings
13:07,31,ENTERED,h,8,"profile=regular gender=female age=adult speed=1 plan=[Hats & Handbags, Underwear]"
13:07,1,IN_FITTING,a,12,13/24 min
13:07,2,BROWSING,d,13,Hats & Handbags
13:07,7,MOVING,a,7,→ fitting room
13:07,9,MOVING,a,11,→ fitting room
13:07,10,PAUSED,b,9,→ exit
13:07,13,BROWSING,d,13,Tops
13:07,15,BROWSING,c,4,Pants
13:07,18,IN_FITTING,a,13,3/22 min
13:07,19,BROWSING,c,3,Stockings
13:07,20,BROWSING,c,4,Pants
13:07,22,BROWSING,b,3,Underwear
13:07,23,MOVING,e,9,→ exit
13:07,24,BROWSING,b,3,Underwear
13:07,25,MOVING,b,10,→ Hats & Handbags
13:07,26,MOVING,h,10,→ Skirts & Dresses
13:07,27,BROWSING,h,3,Jeans
13:07,28,BROWSING,h,13,Skirts & Dresses
13:07,29,BROWSING,d,3,Stockings
13:07,30,MOVING,f,4,→ Stockings
13:07,31,MOVING,g,8,→ Hats & Handbags
13:08,32,ENTERED,h,8,"profile=browser gender=female age=adult speed=2 plan=[Underwear, Hats & Handbags, Jeans, Skirts & Dresses]"
13:08,1,IN_FITTING,a,12,14/24 min
13:08,2,BROWSING,d,13,Hats & Handbags
13:08,7,MOVING,a,8,→ fitting room
13:08,9,ARRIVED_FITTING_AREA,a,12,1 item(s)
13:08,10,MOVING,c,9,→ exit
13:08,13,BROWSING,d,13,Tops
13:08,15,BROWSING,c,4,Pants
13:08,18,IN_FITTING,a,13,4/22 min
13:08,19,BROWSING,c,3,Stockings
13:08,20,PUT_BACK_SHELF,c,4,Pants
13:08,22,BROWSING,b,3,Underwear
13:08,23,MOVING,h,9,→ exit
13:08,24,BROWSING,b,3,Underwear
13:08,25,MOVING,b,12,→ Hats & Handbags
13:08,26,MOVING,h,11,→ Skirts & Dresses
13:08,27,BROWSING,h,3,Jeans
13:08,28,BROWSING,h,13,Skirts & Dresses
13:08,29,BROWSING,d,3,Stockings
13:08,30,MOVING,d,4,→ Stockings
13:08,31,MOVING,f,8,→ Hats & Handbags
13:08,32,MOVING,f,8,→ Underwear
13:09,1,IN_FITTING,a,12,15/24 min
13:09,2,BROWSING,d,13,Hats & Handbags
13:09,7,MOVING,a,9,→ fitting room
13:09,9,ENTERED_FITTING,a,14,"1 item(s) to try on, waited 0 ticks"
13:09,10,MOVING,d,9,→ exit
13:09,13,BROWSING,d,13,Tops
13:09,15,BROWSING,c,4,Pants
13:09,18,IN_FITTING,a,13,5/22 min
13:09,19,BROWSING,c,3,Stockings
13:09,20,MOVING,b,4,→ Hats & Handbags
13:09,22,BROWSING,b,3,Underwear
13:09,23,EXITED,h,8,
13:09,24,BROWSING,b,3,Underwear
13:09,25,ARRIVED_SECTION,c,13,Hats & Handbags
13:09,26,MOVING,h,12,→ Skirts & Dresses
13:09,27,BROWSING,h,3,Jeans
13:09,28,BROWSING,h,13,Skirts & Dresses
13:09,29,BROWSING,d,3,Stockings
13:09,30,ARRIVED_SECTION,d,3,Stockings
13:09,31,MOVING,e,8,→ Hats & Handbags
13:09,32,MOVING,d,8,→ Underwear
13:10,1,IN_FITTING,a,12,16/24 min
13:10,2,BROWSING,d,13,Hats & Handbags
13:10,7,MOVING,a,10,→ fitting room
13:10,9,IN_FITTING,a,14,1/10 min
13:10,10,MOVING,e,9,→ exit
13:10,13,BROWSING,d,13,Tops
13:10,15,PICKED_ITEM,c,4,Pants
13:10,18,IN_FITTING,a,13,6/22 min
13:10,19,BROWSING,c,3,Stockings
13:10,20,MOVING,b,5,→ Hats & Handbags
13:10,22,BROWSING,b,3,Underwear
13:10,24,BROWSING,b,3,Underwear
13:10,25,BROWSING,c,13,Hats & Handbags
13:10,26,ARRIVED_SECTION,h,13,Skirts & Dresses
13:10,27,BROWSING,h,3,Jeans
13:10,28,BROWSING,h,13,Skirts & Dresses
13:10,29,NO_PICK,d,3,Stockings
13:10,30,BROWSING,d,3,Stockings
13:10,31,MOVING,e,9,→ Hats & Handbags
13:10,32,MOVING,d,6,→ Underwear
13:11,33,ENTERED,h,8,"profile=regular gender=female age=adult speed=2 plan=[Jeans, Underwear, Hats & Handbags, Tops, Pants]"
13:11,1,IN_FITTING,a,12,17/24 min
13:11,2,BROWSING,d,13,Hats & Handbags
13:11,7,MOVING,a,11,→ fitting room
13:11,9,IN_FITTING,a,14,2/10 min
13:11,10,MOVING,f,9,→ exit
13:11,13,NO_PICK,d,13,Tops
13:11,13,HEADING,d,13,checkout
13:11,15,MOVING,b,4,→ Skirts & Dresses
13:11,18,IN_FITTING,a,13,7/22 min
13:11,19,NO_PICK,c,3,Stockings
13:11,20,MOVING,b,6,→ Hats & Handbags
13:11,22,BROWSING,b,3,Underwear
13:11,24,BROWSING,b,3,Underwear
13:11,25,BROWSING,c,13,Hats & Handbags
13:11,26,BROWSING,h,13,Skirts & Dresses
13:11,27,BROWSING,h,3,Jeans
13:11,28,BROWSING,h,13,Skirts & Dresses
13:11,29,MOVING,b,4,→ Hats & Handbags
13:11,30,BROWSING,d,3,Stockings
13:11,31,MOVING,e,10,→ Hats & Handbags
13:11,32,MOVING,b,6,→ Underwear
13:11,33,MOVING,h,6,→ Jeans
13:12,1,IN_FITTING,a,12,18/24 min
13:12,2,BROWSING,d,13,Hats & Handbags
13:12,7,ARRIVED_FITTING_AREA,a,12,1 item(s)
13:12,9,IN_FITTING,a,14,3/10 min
13:12,10,MOVING,g,9,→ exit
13:12,13,MOVING,c,13,→ checkout
13:12,15,MOVING,b,5,→ Skirts & Dresses
13:12,18,IN_FITTING,a,13,8/22 min
13:12,19,ARRIVED_SECTION,c,4,Pants
13:12,20,MOVING,b,7,→ Hats & Handbags
13:12,22,BROWSING,b,3,Underwear
13:12,24,BROWSING,b,3,Underwear
13:12,25,BROWSING,c,13,Hats & Handbags
13:12,26,BROWSING,h,13,Skirts & Dresses
13:12,27,NO_PICK,h,3,Jeans
13:12,28,BROWSING,h,13,Skirts & Dresses
13:12,29,MOVING,b,7,→ Hats & Handbags
13:12,30,BROWSING,d,3,Stockings
13:12,31,MOVING,e,11,→ Hats & Handbags
13:12,32,MOVING,b,4,→ Underwear
13:12,33,MOVING,h,4,→ Jeans
13:13,1,IN_FITTING,a,12,19/24 min
13:13,2,PICKED_ITEM,d,13,Hats & Handbags
13:13,2,HEADING,d,13,fitting room
13:13,7,GAVE_UP_FITTING,a,12,waited 0 ticks
13:13,7,HEADING,a,12,checkout
13:13,9,IN_FITTING,a,14,4/10 min
13:13,10,MOVING,h,9,→ exit
13:13,13,MOVING,b,13,→ checkout
13:13,15,MOVING,b,6,→ Skirts & Dresses
13:13,18,IN_FITTING,a,13,9/22 min
13:13,19,BROWSING,c,4,Pants
13:13,20,MOVING,b,8,→ Hats & Handbags
13:13,22,BROWSING,b,3,Underwear
13:13,24,BROWSING,b,3,Underwear
13:13,25,BROWSING,c,13,Hats & Handbags
13:13,26,BROWSING,h,13,Skirts & Dresses
13:13,27,MOVING,g,3,→ Underwear
13:13,28,BROWSING,h,13,Skirts & Dresses
13:13,29,MOVING,b,10,→ Hats & Handbags
13:13,30,BROWSING,d,3,Stockings
13:13,31,MOVING,e,12,→ Hats & Handbags
13:13,32,ARRIVED_SECTION,b,3,Underwear
13:13,33,ARRIVED_SECTION,h,3,Jeans
13:14,34,ENTERED,h,8,profile=regular gender=male age=adult speed=1 plan=[Tops]
13:14,1,IN_FITTING,a,12,20/24 min
13:14,2,PAUSED,d,13,→ fitting room
13:14,7,MOVING,b,12,→ checkout
13:14,9,IN_FITTING,a,14,5/10 min
13:14,10,EXITED,h,8,
13:14,13,MOVING,b,12,→ checkout
13:14,15,MOVING,c,6,→ Skirts & Dresses
13:14,18,IN_FITTING,a,13,10/22 min
13:14,19,BROWSING,c,4,Pants
13:14,20,MOVING,b,9,→ Hats & Handbags
13:14,22,BROWSING,b,3,Underwear
13:14,24,BROWSING,b,3,Underwear
13:14,25,BROWSING,c,13,Hats & Handbags
13:14,26,BROWSING,h,13,Skirts & Dresses
13:14,27,PAUSED,g,3,→ Underwear
13:14,28,NO_PICK,h,13,Skirts & Dresses
13:14,29,MOVING,b,13,→ Hats & Handbags
13:14,30,BROWSING,d,3,Stockings
13:14,31,MOVING,e,13,→ Hats & Handbags
13:14,32,BROWSING,b,3,Underwear
13:14,33,BROWSING,h,3,Jeans
13:14,34,MOVING,g,8,→ Tops
13:15,1,IN_FITTING,a,12,21/24 min
13:15,2,PAUSED,d,13,→ fitting room
13:15,7,MOVING,b,11,→ checkout
13:15,9,IN_FITTING,a,14,6/10 min
13:15,13,MOVING,b,11,→ checkout
13:15,15,MOVING,d,6,→ Skirts & Dresses
13:15,18,IN_FITTING,a,13,11/22 min
13:15,19,BROWSING,c,4,Pants
13:15,20,MOVING,b,10,→ Hats & Handbags
13:15,22,BROWSING,b,3,Underwear
13:15,24,BROWSING,b,3,Underwear
13:15,25,PICKED_ITEM,c,13,Hats & Handbags
13:15,26,BROWSING,h,13,Skirts & Dresses
13:15,27,PAUSED,g,3,→ Underwear
13:15,28,ARRIVED_SECTION,g,13,Tops
13:15,29,ARRIVED_SECTION,c,13,Hats & Handbags
13:15,30,BROWSING,d,3,Stockings
13:15,31,ARRIVED_SECTION,d,13,Hats & Handbags
13:15,32,BROWSING,b,3,Underwear
13:15,33,BROWSING,h,3,Jeans
13:15,34,MOVING,g,9,→ Tops
13:16,35,ENTERED,h,8,"profile=indecisive gender=female age=adult speed=2 plan=[Skirts & Dresses, Pants, Hats & Handbags]"
13:16,1,IN_FITTING,a,12,22/24 min
13:16,2,PAUSED,d,13,→ fitting room
13:16,7,MOVING,b,10,→ checkout
13:16,9,IN_FITTING,a,14,7/10 min
13:16,13,PAUSED,b,11,→ checkout
13:16,15,MOVING,e,6,→ Skirts & Dresses
13:16,18,IN_FITTING,a,13,12/22 min
13:16,19,BROWSING,c,4,Pants
13:16,20,MOVING,b,11,→ Hats & Handbags
13:16,22,BROWSING,b,3,Underwear
13:16,24,BROWSING,b,3,Underwear
13:16,25,MOVING,b,12,→ Underwear
13:16,26,BROWSING,h,13,Skirts & Dresses
13:16,27,PAUSED,g,3,→ Underwear
13:16,28,BROWSING,g,13,Tops
13:16,29,BROWSING,c,13,Hats & Handbags
13:16,30,BROWSING,d,3,Stockings
13:16,31,BROWSING,d,13,Hats & Handbags
13:16,32,BROWSING,b,3,Underwear
13:16,33,BROWSING,h,3,Jeans
13:16,34,ARRIVED_SECTION,g,10,Tops
13:16,35,MOVING,h,10,→ Skirts & Dresses
13:17,1,IN_FITTING,a,12,23/24 min
13:17,2,PAUSED,d,13,→ fitting room
13:17,7,JOINED_QUEUE,b,9,"position #1, 1 item(s)"
13:17,9,IN_FITTING,a,14,8/10 min
13:17,13,PAUSED,b,11,→ checkout
13:17,15,MOVING,e,7,→ Skirts & Dresses
13:17,18,IN_FITTING,a,13,13/22 min
13:17,19,BROWSING,c,4,Pants
13:17,20,MOVING,b,12,→ Hats & Handbags
13:17,22,BROWSING,b,3,Underwear
13:17,24,PICKED_ITEM,b,3,Underwear
13:17,25,MOVING,b,10,→ Underwear
13:17,26,BROWSING,h,13,Skirts & Dresses
13:17,27,PAUSED,g,3,→ Underwear
13:17,28,BROWSING,g,13,Tops
13:17,29,BROWSING,c,13,Hats & Handbags
13:17,30,BROWSING,d,3,Stockings
13:17,31,BROWSING,d,13,Hats & Handbags
13:17,32,BROWSING,b,3,Underwear
13:17,33,BROWSING,h,3,Jeans
13:17,34,BROWSING,g,10,Tops
13:17,35,MOVING,h,12,→ Skirts & Dresses
13:18,7,CHECKOUT_CALLED,b,9,lane 1
13:18,1,LEFT_FITTING,a,12,keeping=4
13:18,1,HEADING,a,12,checkout
13:18,2,MOVING,c,13,→ fitting room
13:18,7,AT_CHECKOUT,b,9,1/6 min
13:18,9,IN_FITTING,a,14,9/10 min
13:18,13,PAUSED,b,11,→ checkout
13:18,15,MOVING,e,8,→ Skirts & Dresses
13:18,18,IN_FITTING,a,13,14/22 min
13:18,19,BROWSING,c,4,Pants
13:18,20,MOVING,b,13,→ Hats & Handbags
13:18,22,BROWSING,b,3,Underwear
13:18,24,MOVING,e,3,→ Jeans
13:18,25,MOVING,b,8,→ Underwear
13:18,26,BROWSING,h,13,Skirts & Dresses
13:18,27,MOVING,f,3,→ Underwear
13:18,28,BROWSING,g,13,Tops
13:18,29,BROWSING,c,13,Hats & Handbags
13:18,30,BROWSING,d,3,Stockings
13:18,31,BROWSING,d,13,Hats & Handbags
13:18,32,BROWSING,b,3,Underwear
13:18,33,BROWSING,h,3,Jeans
13:18,34,BROWSING,g,10,Tops
13:18,35,ARRIVED_SECTION,h,13,Skirts & Dresses
13:19,1,MOVING,b,12,→ checkout
13:19,2,PAUSED,c,13,→ fitting room
13:19,7,AT_CHECKOUT,b,9,2/6 min
13:19,9,LEFT_FITTING,a,14,keeping=1
13:19,9,HEADING,a,14,checkout
13:19,13,MOVING,b,10,→ checkout
13:19,15,MOVING,e,9,→ Skirts & Dresses
13:19,18,IN_FITTING,a,13,15/22 min
13:19,19,BROWSING,c,4,Pants
13:19,20,ARRIVED_SECTION,c,13,Hats & Handbags
13:19,22,BROWSING,b,3,Underwear
13:19,24,ARRIVED_SECTION,g,3,Jeans
13:19,25,MOVING,b,6,→ Underwear
13:19,26,BROWSING,h,13,Skirts & Dresses
13:19,27,MOVING,e,3,→ Underwear
13:19,28,BROWSING,g,13,Tops
13:19,29,BROWSING,c,13,Hats & Handbags
13:19,30,PUT_BACK_SHELF,d,3,Stockings
13:19,31,BROWSING,d,13,Hats & Handbags
13:19,32,BROWSING,b,3,Underwear
13:19,33,BROWSING,h,3,Jeans
13:19,34,BROWSING,g,10,Tops
13:19,35,BROWSING,h,13,Skirts & Dresses
13:20,36,ENTERED,h,8,"profile=indecisive gender=male age=adult speed=2 plan=[Hats & Handbags, Underwear, Stockings]"
13:20,1,MOVING,b,11,→ checkout
13:20,2,PAUSED,c,13,→ fitting room
13:20,7,AT_CHECKOUT,b,9,3/6 min
13:20,9,PAUSED,a,14,→ checkout
13:20,13,JOINED_QUEUE,b,9,"position #2, 1 item(s)"
13:20,15,MOVING,e,10,→ Skirts & Dresses
13:20,18,IN_FITTING,a,13,16/22 min
13:20,19,BROWSING,c,4,Pants
13:20,20,BROWSING,c,13,Hats & Handbags
13:20,22,BROWSING,b,3,Underwear
13:20,24,BROWSING,g,3,Jeans
13:20,25,MOVING,b,4,→ Underwear
13:20,26,NO_PICK,h,13,Skirts & Dresses
13:20,27,MOVING,d,3,→ Underwear
13:20,28,BROWSING,g,13,Tops
13:20,29,BROWSING,c,13,Hats & Handbags
13:20,30,ARRIVED_SECTION,d,4,Pants
13:20,31,BROWSING,d,13,Hats & Handbags
13:20,32,BROWSING,b,3,Underwear
13:20,33,NO_PICK,h,3,Jeans
13:20,34,BROWSING,g,10,Tops
13:20,35,BROWSING,h,13,Skirts & Dresses
13:20,36,MOVING,f,8,→ Hats & Handbags
13:21,13,CHECKOUT_CALLED,b,9,lane 2
13:21,1,MOVING,b,10,→ checkout
13:21,2,MOVING,b,13,→ fitting room
13:21,7,AT_CHECKOUT,b,9,4/6 min
13:21,9,PAUSED,a,14,→ checkout
13:21,13,AT_CHECKOUT,b,9,1/6 min
13:21,15,MOVING,e,11,→ Skirts & Dresses
13:21,18,IN_FITTING,a,13,17/22 min
13:21,19,BROWSING,c,4,Pants
13:21,20,BROWSING,c,13,Hats & Handbags
13:21,22,BROWSING,b,3,Underwear
13:21,24,BROWSING,g,3,Jeans
13:21,25,ARRIVED_SECTION,b,3,Underwear
13:21,26,ARRIVED_SECTION,g,13,Tops
13:21,27,MOVING,c,3,→ Underwear
13:21,28,PICKED_ITEM,g,13,Tops
13:21,29,BROWSING,c,13,Hats & Handbags
13:21,30,BROWSING,d,4,Pants
13:21,31,BROWSING,d,13,Hats & Handbags
13:21,32,BROWSING,b,3,Underwear
13:21,33,MOVING,f,3,→ Underwear
13:21,34,NO_PICK,g,10,Tops
13:21,34,HEADING,g,10,exit
13:21,35,BROWSING,h,13,Skirts & Dresses
13:21,36,MOVING,e,9,→ Hats & Handbags
13:22,1,JOINED_QUEUE,b,9,"position #3, 4 item(s)"
13:22,2,ARRIVED_FITTING_AREA,a,13,2 item(s)
13:22,7,AT_CHECKOUT,b,9,5/6 min
13:22,9,MOVING,b,14,→ checkout
13:22,13,AT_CHECKOUT,b,9,2/6 min
13:22,15,MOVING,e,12,→ Skirts & Dresses
13:22,18,IN_FITTING,a,13,18/22 min
13:22,19,NO_PICK,c,4,Pants
13:22,20,BROWSING,c,13,Hats & Handbags
13:22,22,BROWSING,b,3,Underwear
13:22,24,BROWSING,g,3,Jeans
13:22,25,BROWSING,b,3,Underwear
13:22,26,BROWSING,g,13,Tops
13:22,27,ARRIVED_SECTION,b,3,Underwear
13:22,28,MOVING,f,13,→ Hats & Handbags
13:22,29,BROWSING,c,13,Hats & Handbags
13:22,30,BROWSING,d,4,Pants
13:22,31,BROWSING,d,13,Hats & Handbags
13:22,32,BROWSING,b,3,Underwear
13:22,33,MOVING,d,3,→ Underwear
13:22,34,MOVING,h,10,→ exit
13:22,35,BROWSING,h,13,Skirts & Dresses
13:22,36,MOVING,e,11,→ Hats & Handbags
13:23,1,ABANDONED_QUEUE,b,9,"position #3, left 4 item(s)"
13:23,2,ENTERED_FITTING,a,14,"2 item(s) to try on, waited 0 ticks"
13:23,7,PURCHASED,b,9,1 item(s): Hats & Handbags
13:23,9,PAUSED,b,14,→ checkout
13:23,13,AT_CHECKOUT,b,9,3/6 min
13:23,15,MOVING,e,13,→ Skirts & Dresses
13:23,18,IN_FITTING,a,13,19/22 min
13:23,19,PAUSED,c,4,→ Hats & Handbags
13:23,20,BROWSING,c,13,Hats & Handbags
13:23,22,BROWSING,b,3,Underwear
13:23,24,BROWSING,g,3,Jeans
13:23,25,BROWSING,b,3,Underwear
13:23,26,BROWSING,g,13,Tops
13:23,27,BROWSING,b,3,Underwear
13:23,28,MOVING,e,13,→ Hats & Handbags
13:23,29,NO_PICK,c,13,Hats & Handbags
13:23,30,BROWSING,d,4,Pants
13:23,31,BROWSING,d,13,Hats & Handbags
13:23,32,BROWSING,b,3,Underwear
13:23,33,ARRIVED_SECTION,b,3,Underwear
13:23,34,MOVING,h,9,→ exit
13:23,35,BROWSING,h,13,Skirts & Dresses
13:23,36,MOVING,e,13,→ Hats & Handbags
13:24,37,ENTERED,h,8,"profile=quick_buyer gender=female age=adult speed=3 plan=[Skirts & Dresses, Hats & Handbags, Pants, Jeans]"
13:24,1,MOVING,c,9,→ exit
13:24,2,IN_FITTING,a,14,1/14 min
13:24,7,MOVING,c,9,→ exit
13:24,9,PAUSED,b,14,→ checkout
13:24,13,AT_CHECKOUT,b,9,4/6 min
13:24,15,ARRIVED_SECTION,f,13,Skirts & Dresses
13:24,18,IN_FITTING,a,13,20/22 min
13:24,19,PAUSED,c,4,→ Hats & Handbags
13:24,20,BROWSING,c,13,Hats & Handbags
13:24,22,BROWSING,b,3,Underwear
13:24,24,BROWSING,g,3,Jeans
13:24,25,BROWSING,b,3,Underwear
13:24,26,BROWSING,g,13,Tops
13:24,27,BROWSING,b,3,Underwear
13:24,28,ARRIVED_SECTION,d,13,Hats & Handbags
13:24,29,MOVING,e,12,→ Jeans
13:24,30,BROWSING,d,4,Pants
13:24,31,BROWSING,d,13,Hats & Handbags
13:24,32,BROWSING,b,3,Underwear
13:24,33,BROWSING,b,3,Underwear
13:24,34,EXITED,h,8,
13:24,35,BROWSING,h,13,Skirts & Dresses
13:24,36,ARRIVED_SECTION,d,13,Hats & Handbags
13:24,37,MOVING,h,11,→ Skirts & Dresses
13:25,1,MOVING,d,9,→ exit
13:25,2,IN_FITTING,a,14,2/14 min
13:25,7,MOVING,d,9,→ exit
13:25,9,PAUSED,b,14,→ checkout
13:25,13,AT_CHECKOUT,b,9,5/6 min
13:25,15,BROWSING,f,13,Skirts & Dresses
13:25,18,IN_FITTING,a,13,21/22 min
13:25,19,PAUSED,c,4,→ Hats & Handbags
13:25,20,BROWSING,c,13,Hats & Handbags
13:25,22,PICKED_ITEM,b,3,Underwear
13:25,24,BROWSING,g,3,Jeans
13:25,25,BROWSING,b,3,Underwear
13:25,26,BROWSING,g,13,Tops
13:25,27,PICKED_ITEM,b,3,Underwear
13:25,28,BROWSING,d,13,Hats & Handbags
13:25,29,MOVING,f,10,→ Jeans
13:25,30,BROWSING,d,4,Pants
13:25,31,NO_PICK,d,13,Hats & Handbags
13:25,32,BROWSING,b,3,Underwear
13:25,33,BROWSING,b,3,Underwear
13:25,35,BROWSING,h,13,Skirts & Dresses
13:25,36,BROWSING,d,13,Hats & Handbags
13:25,37,ARRIVED_SECTION,h,13,Skirts & Dresses
13:26,38,ENTERED,h,8,"profile=regular gender=female age=senior speed=1 plan=[Skirts & Dresses, Tops, Jeans]"
13:26,1,MOVING,e,9,→ exit
13:26,2,IN_FITTING,a,14,3/14 min
13:26,7,MOVING,e,9,→ exit
13:26,9,PAUSED,b,14,→ checkout
13:26,13,PURCHASED,b,9,1 item(s): Jeans
13:26,15,BROWSING,f,13,Skirts & Dresses
13:26,18,LEFT_FITTING,a,13,"keeping=3, returned_to_shelf=2"
13:26,18,HEADING,a,13,checkout
13:26,19,MOVING,b,5,→ Hats & Handbags
13:26,20,BROWSING,c,13,Hats & Handbags
13:26,22,MOVING,b,5,→ Tops
13:26,24,BROWSING,g,3,Jeans
13:26,25,BROWSING,b,3,Underwear
13:26,26,BROWSING,g,13,Tops
13:26,27,MOVING,b,4,→ Hats & Handbags
13:26,28,BROWSING,d,13,Hats & Handbags
13:26,29,MOVING,g,8,→ Jeans
13:26,30,BROWSING,d,4,Pants
13:26,31,MOVING,c,13,→ Underwear
13:26,32,BROWSING,b,3,Underwear
13:26,33,BROWSING,b,3,Underwear
13:26,35,BROWSING,h,13,Skirts & Dresses
13:26,36,BROWSING,d,13,Hats & Handbags
13:26,37,BROWSING,h,13,Skirts & Dresses
13:26,38,MOVING,h,9,→ Skirts & Dresses
13:27,39,ENTERED,h,8,"profile=browser gender=female age=adult speed=2 plan=[Stockings, Hats & Handbags, Tops, Jeans]"
13:27,1,MOVING,f,9,→ exit
13:27,2,IN_FITTING,a,14,4/14 min
13:27,7,MOVING,f,9,→ exit
13:27,9,MOVING,b,13,→ checkout
13:27,13,MOVING,c,9,→ exit
13:27,15,BROWSING,f,13,Skirts & Dresses
13:27,18,MOVING,b,11,→ checkout
13:27,19,MOVING,b,7,→ Hats & Handbags
13:27,20,BROWSING,c,13,Hats & Handbags
13:27,22,MOVING,b,7,→ Tops
13:27,24,BROWSING,g,3,Jeans
13:27,25,PICKED_ITEM,b,3,Underwear
13:27,25,HEADING,b,3,fitting room
13:27,26,BROWSING,g,13,Tops
13:27,27,MOVING,b,5,→ Hats & Handbags
13:27,28,BROWSING,d,13,Hats & Handbags
13:27,29,MOVING,g,5,→ Jeans
13:27,30,BROWSING,d,4,Pants
13:27,31,MOVING,b,13,→ Underwear
13:27,32,BROWSING,b,3,Underwear
13:27,33,BROWSING,b,3,Underwear
13:27,35,BROWSING,h,13,Skirts & Dresses
13:27,36,BROWSING,d,13,Hats & Handbags
13:27,37,BROWSING,h,13,Skirts & Dresses
13:27,38,MOVING,h,10,→ Skirts & Dresses
13:27,39,MOVING,g,7,→ Stockings
13:28,40,ENTERED,h,8,"profile=regular gender=female age=senior speed=1 plan=[Hats & Handbags, Stockings, Skirts & Dresses, Tops, Pants]"
13:28,1,MOVING,g,9,→ exit
13:28,2,IN_FITTING,a,14,5/14 min
13:28,7,MOVING,g,9,→ exit
13:28,9,MOVING,b,12,→ checkout
13:28,13,MOVING,d,9,→ exit
13:28,15,BROWSING,f,13,Skirts & Dresses
13:28,18,JOINED_QUEUE,b,9,"position #1, 3 item(s)"
13:28,19,MOVING,b,9,→ Hats & Handbags
13:28,20,BROWSING,c,13,Hats & Handbags
13:28,22,MOVING,b,9,→ Tops
13:28,24,NO_PICK,g,3,Jeans
13:28,25,MOVING,a,4,→ fitting room
13:28,26,BROWSING,g,13,Tops
13:28,27,MOVING,b,6,→ Hats & Handbags
13:28,28,BROWSING,d,13,Hats & Handbags
13:28,29,ARRIVED_SECTION,g,3,Jeans
13:28,30,BROWSING,d,4,Pants
13:28,31,MOVING,b,12,→ Underwear
13:28,32,BROWSING,b,3,Underwear
13:28,33,BROWSING,b,3,Underwear
13:28,35,BROWSING,h,13,Skirts & Dresses
13:28,36,BROWSING,d,13,Hats & Handbags
13:28,37,BROWSING,h,13,Skirts & Dresses
13:28,38,MOVING,h,11,→ Skirts & Dresses
13:28,39,MOVING,g,5,→ Stockings
13:28,40,MOVING,g,8,→ Hats & Handbags
13:29,41,ENTERED,h,8,"profile=browser gender=female age=adult speed=1 plan=[Underwear, Stockings, Pants, Jeans, Skirts & Dresses]"
13:29,18,CHECKOUT_CALLED,b,9,lane 1
13:29,1,MOVING,h,9,→ exit
13:29,2,IN_FITTING,a,14,6/14 min
13:29,7,MOVING,h,9,→ exit
13:29,9,MOVING,b,11,→ checkout
13:29,13,MOVING,e,9,→ exit
13:29,15,BROWSING,f,13,Skirts & Dresses
13:29,18,AT_CHECKOUT,b,9,1/7 min
13:29,19,MOVING,b,11,→ Hats & Handbags
13:29,20,BROWSING,c,13,Hats & Handbags
13:29,22,PAUSED,b,9,→ Tops
13:29,24,ARRIVED_SECTION,d,3,Stockings
13:29,25,MOVING,a,6,→ fitting room
13:29,26,BROWSING,g,13,Tops
13:29,27,MOVING,b,7,→ Hats & Handbags
13:29,28,BROWSING,d,13,Hats & Handbags
13:29,29,BROWSING,g,3,Jeans
13:29,30,BROWSING,d,4,Pants
13:29,31,MOVING,b,11,→ Underwear
13:29,32,PICKED_ITEM,b,3,Underwear
13:29,33,BROWSING,b,3,Underwear
13:29,35,BROWSING,h,13,Skirts & Dresses
13:29,36,BROWSING,d,13,Hats & Handbags
13:29,37,BROWSING,h,13,Skirts & Dresses
13:29,38,MOVING,h,12,→ Skirts & Dresses
13:29,39,MOVING,f,4,→ Stockings
13:29,40,MOVING,f,8,→ Hats & Handbags
13:29,41,MOVING,g,8,→ Underwear
13:30,1,EXITED,h,8,
13:30,2,IN_FITTING,a,14,7/14 min
13:30,7,EXITED,h,8,
13:30,9,MOVING,b,10,→ checkout
13:30,13,MOVING,f,9,→ exit
13:30,15,BROWSING,f,13,Skirts & Dresses
13:30,18,AT_CHECKOUT,b,9,2/7 min
13:30,19,MOVING,b,13,→ Hats & Handbags
13:30,20,BROWSING,c,13,Hats & Handbags
13:30,22,PAUSED,b,9,→ Tops
13:30,24,BROWSING,d,3,Stockings
13:30,25,MOVING,a,8,→ fitting room
13:30,26,BROWSING,g,13,Tops
13:30,27,MOVING,b,8,→ Hats & Handbags
13:30,28,BROWSING,d,13,Hats & Handbags
13:30,29,BROWSING,g,3,Jeans
13:30,30,PICKED_ITEM,d,4,Pants
13:30,30,HEADING,d,4,fitting room
13:30,31,MOVING,b,10,→ Underwear
13:30,32,MOVING,b,5,→ Hats & Handbags
13:30,33,BROWSING,b,3,Underwear
13:30,35,BROWSING,h,13,Skirts & Dresses
13:30,36,BROWSING,d,13,Hats & Handbags
13:30,37,PICKED_ITEM,h,13,Skirts & Dresses
13:30,38,ARRIVED_SECTION,h,13,Skirts & Dresses
13:30,39,MOVING,d,4,→ Stockings
13:30,40,MOVING,e,8,→ Hats & Handbags
13:30,41,MOVING,f,8,→ Underwear
13:31,2,IN_FITTING,a,14,8/14 min
13:31,9,JOINED_QUEUE,b,9,"position #2, 1 item(s)"
13:31,13,MOVING,g,9,→ exit
13:31,15,BROWSING,f,13,Skirts & Dresses
13:31,18,AT_CHECKOUT,b,9,3/7 min
13:31,19,ARRIVED_SECTION,c,13,Hats & Handbags
13:31,20,NO_PICK,c,13,Hats & Handbags
13:31,20,HEADING,c,13,exit
13:31,22,PAUSED,b,9,→ Tops
13:31,24,BROWSING,d,3,Stockings
13:31,25,MOVING,a,10,→ fitting room
13:31,26,PUT_BACK_SHELF,g,13,Tops
13:31,27,MOVING,b,9,→ Hats & Handbags
13:31,28,BROWSING,d,13,Hats & Handbags
13:31,29,NO_PICK,g,3,Jeans
13:31,30,MOVING,b,4,→ fitting room
13:31,31,MOVING,b,9,→ Underwear
13:31,32,MOVING,b,7,→ Hats & Handbags
13:31,33,BROWSING,b,3,Underwear
13:31,35,BROWSING,h,13,Skirts & Dresses
13:31,36,BROWSING,d,13,Hats & Handbags
13:31,37,MOVING,e,13,→ Hats & Handbags
13:31,38,BROWSING,h,13,Skirts & Dresses
13:31,39,ARRIVED_SECTION,d,3,Stockings
13:31,40,MOVING,e,9,→ Hats & Handbags
13:31,41,MOVING,e,8,→ Underwear
13:32,9,CHECKOUT_CALLED,b,9,lane 2
13:32,2,IN_FITTING,a,14,9/14 min
13:32,9,AT_CHECKOUT,b,9,1/6 min
13:32,13,MOVING,h,9,→ exit
13:32,15,BROWSING,f,13,Skirts & Dresses
13:32,18,AT_CHECKOUT,b,9,4/7 min
13:32,19,BROWSING,c,13,Hats & Handbags
13:32,20,MOVING,d,13,→ exit
13:32,22,ARRIVED_SECTION,c,10,Tops
13:32,24,BROWSING,d,3,Stockings
13:32,25,ARRIVED_FITTING_AREA,a,12,4 item(s)
13:32,26,MOVING,f,13,→ Underwear
13:32,27,MOVING,b,10,→ Hats & Handbags
13:32,28,PUT_BACK_SHELF,d,13,Hats & Handbags
13:32,28,HEADING,d,13,fitting room
13:32,29,MOVING,g,6,→ Tops
13:32,30,MOVING,a,5,→ fitting room
13:32,31,MOVING,b,8,→ Underwear
13:32,32,MOVING,b,9,→ Hats & Handbags
13:32,33,BROWSING,b,3,Underwear
13:32,35,BROWSING,h,13,Skirts & Dresses
13:32,36,BROWSING,d,13,Hats & Handbags
13:32,37,ARRIVED_SECTION,d,13,Hats & Handbags
13:32,38,BROWSING,h,13,Skirts & Dresses
13:32,39,BROWSING,d,3,Stockings
13:32,40,MOVING,e,10,→ Hats & Handbags
13:32,41,MOVING,d,8,→ Underwear
13:33,2,IN_FITTING,a,14,10/14 min
13:33,9,AT_CHECKOUT,b,9,2/6 min
13:33,13,PAUSED,h,9,→ exit
13:33,15,BROWSING,f,13,Skirts & Dresses
13:33,18,AT_CHECKOUT,b,9,5/7 min
13:33,19,BROWSING,c,13,Hats & Handbags
13:33,20,MOVING,e,13,→ exit
13:33,22,BROWSING,c,10,Tops
13:33,24,BROWSING,d,3,Stockings
13:33,25,ENTERED_FITTING,a,12,"4 item(s) to try on, waited 0 ticks"
13:33,26,MOVING,e,13,→ Underwear
13:33,27,MOVING,b,11,→ Hats & Handbags
13:33,28,MOVING,c,13,→ fitting room
13:33,29,MOVING,g,9,→ Tops
13:33,30,MOVING,a,7,→ fitting room
13:33,31,MOVING,b,7,→ Underwear
13:33,32,MOVING,b,11,→ Hats & Handbags
13:33,33,BROWSING,b,3,Underwear
13:33,35,BROWSING,h,13,Skirts & Dresses
13:33,36,BROWSING,d,13,Hats & Handbags
13:33,37,BROWSING,d,13,Hats & Handbags
13:33,38,BROWSING,h,13,Skirts & Dresses
13:33,39,BROWSING,d,3,Stockings
13:33,40,MOVING,e,11,→ Hats & Handbags
13:33,41,MOVING,d,7,→ Underwear
13:34,2,IN_FITTING,a,14,11/14 min
13:34,9,AT_CHECKOUT,b,9,3/6 min
13:34,13,PAUSED,h,9,→ exit
13:34,15,BROWSING,f,13,Skirts & Dresses
13:34,18,AT_CHECKOUT,b,9,6/7 min
13:34,19,BROWSING,c,13,Hats & Handbags
13:34,20,MOVING,f,13,→ exit
13:34,22,BROWSING,c,10,Tops
13:34,24,BROWSING,d,3,Stockings
13:34,25,IN_FITTING,a,12,1/22 min
13:34,26,MOVING,d,13,→ Underwear
13:34,27,MOVING,b,12,→ Hats & Handbags
13:34,28,MOVING,b,13,→ fitting room
13:34,29,ARRIVED_SECTION,g,10,Tops
13:34,30,MOVING,a,9,→ fitting room
13:34,31,MOVING,b,6,→ Underwear
13:34,32,MOVING,b,13,→ Hats & Handbags
13:34,33,BROWSING,b,3,Underwear
13:34,35,BROWSING,h,13,Skirts & Dresses
13:34,36,BROWSING,d,13,Hats & Handbags
13:34,37,BROWSING,d,13,Hats & Handbags
13:34,38,BROWSING,h,13,Skirts & Dresses
13:34,39,BROWSING,d,3,Stockings
13:34,40,MOVING,e,12,→ Hats & Handbags
13:34,41,MOVING,d,6,→ Underwear
13:35,2,IN_FITTING,a,14,12/14 min
13:35,9,AT_CHECKOUT,b,9,4/6 min
13:35,13,PAUSED,h,9,→ exit
13:35,15,BROWSING,f,13,Skirts & Dresses
13:35,18,PURCHASED,b,9,"3 item(s): Pants, Stockings, Hats & Handbags"
13:35,19,BROWSING,c,13,Hats & Handbags
13:35,20,MOVING,g,13,→ exit
13:35,22,BROWSING,c,10,Tops
13:35,24,BROWSING,d,3,Stockings
13:35,25,IN_FITTING,a,12,2/22 min
13:35,26,MOVING,c,13,→ Underwear
13:35,27,MOVING,b,13,→ Hats & Handbags
13:35,28,ARRIVED_FITTING_AREA,a,13,1 item(s)
13:35,29,BROWSING,g,10,Tops
13:35,30,MOVING,a,11,→ fitting room
13:35,31,MOVING,b,5,→ Underwear
13:35,32,ARRIVED_SECTION,c,13,Hats & Handbags
13:35,33,NO_PICK,b,3,Underwear
13:35,35,BROWSING,h,13,Skirts & Dresses
13:35,36,BROWSING,d,13,Hats & Handbags
13:35,37,PICKED_ITEM,d,13,Hats & Handbags
13:35,38,BROWSING,h,13,Skirts & Dresses
13:35,39,BROWSING,d,3,Stockings
13:35,40,MOVING,e,13,→ Hats & Handbags
13:35,41,MOVING,c,6,→ Underwear
13:36,2,IN_FITTING,a,14,13/14 min
13:36,9,AT_CHECKOUT,b,9,5/6 min
13:36,13,EXITED,h,8,
13:36,15,BROWSING,f,13,Skirts & Dresses
13:36,18,PAUSED,b,9,→ exit
13:36,19,BROWSING,c,13,Hats & Handbags
13:36,20,PAUSED,g,13,→ exit
13:36,22,BROWSING,c,10,Tops
13:36,24,BROWSING,d,3,Stockings
13:36,25,IN_FITTING,a,12,3/22 min
13:36,26,MOVING,b,13,→ Underwear
13:36,27,ARRIVED_SECTION,c,13,Hats & Handbags
13:36,28,ENTERED_FITTING,a,13,"1 item(s) to try on, waited 0 ticks"
13:36,29,BROWSING,g,10,Tops
13:36,30,ARRIVED_FITTING_AREA,a,12,1 item(s)
13:36,31,MOVING,b,4,→ Underwear
13:36,32,BROWSING,c,13,Hats & Handbags
13:36,33,MOVING,b,5,→ Hats & Handbags
13:36,35,BROWSING,h,13,Skirts & Dresses
13:36,36,BROWSING,d,13,Hats & Handbags
13:36,37,MOVING,e,11,→ Pants
13:36,38,BROWSING,h,13,Skirts & Dresses
13:36,39,BROWSING,d,3,Stockings
13:36,40,ARRIVED_SECTION,d,13,Hats & Handbags
13:36,41,MOVING,b,6,→ Underwear
13:37,42,ENTERED,h,8,"profile=regular gender=female age=adult speed=2 plan=[Skirts & Dresses, Hats & Handbags, Underwear]"
13:37,2,LEFT_FITTING,a,14,keeping=2
13:37,2,HEADING,a,14,checkout
13:37,9,PURCHASED,b,9,1 item(s): Stockings
13:37,15,BROWSING,f,13,Skirts & Dresses
13:37,18,PAUSED,b,9,→ exit
13:37,19,BROWSING,c,13,Hats & Handbags
13:37,20,PAUSED,g,13,→ exit
13:37,22,BROWSING,c,10,Tops
13:37,24,BROWSING,d,3,Stockings
13:37,25,IN_FITTING,a,12,4/22 min
13:37,26,PAUSED,b,13,→ Underwear
13:37,27,BROWSING,c,13,Hats & Handbags
13:37,28,IN_FITTING,a,13,1/12 min
13:37,29,BROWSING,g,10,Tops
13:37,30,ENTERED_FITTING,a,14,"1 item(s) to try on, waited 0 ticks"
13:37,31,ARRIVED_SECTION,b,3,Underwear
13:37,32,BROWSING,c,13,Hats & Handbags
13:37,33,MOVING,b,7,→ Hats & Handbags
13:37,35,BROWSING,h,13,Skirts & Dresses
13:37,36,BROWSING,d,13,Hats & Handbags
13:37,37,MOVING,e,8,→ Pants
13:37,38,BROWSING,h,13,Skirts & Dresses
13:37,39,BROWSING,d,3,Stockings
13:37,40,BROWSING,d,13,Hats & Handbags
13:37,41,MOVING,b,5,→ Underwear
13:37,42,MOVING,h,10,→ Skirts & Dresses
13:38,2,MOVING,b,14,→ checkout
13:38,9,MOVING,c,9,→ exit
13:38,15,BROWSING,f,13,Skirts & Dresses
13:38,18,PAUSED,b,9,→ exit
13:38,19,BROWSING,c,13,Hats & Handbags
13:38,20,PAUSED,g,13,→ exit
13:38,22,BROWSING,c,10,Tops
13:38,24,PICKED_ITEM,d,3,Stockings
13:38,25,IN_FITTING,a,12,5/22 min
13:38,26,PAUSED,b,13,→ Underwear
13:38,27,BROWSING,c,13,Hats & Handbags
13:38,28,IN_FITTING,a,13,2/12 min
13:38,29,BROWSING,g,10,Tops
13:38,30,IN_FITTING,a,14,1/12 min
13:38,31,BROWSING,b,3,Underwear
13:38,32,BROWSING,c,13,Hats & Handbags
13:38,33,MOVING,b,9,→ Hats & Handbags
13:38,35,BROWSING,h,13,Skirts & Dresses
13:38,36,PUT_BACK_SHELF,d,13,Hats & Handbags
13:38,37,ARRIVED_SECTION,e,6,Pants
13:38,38,BROWSING,h,13,Skirts & Dresses
13:38,39,BROWSING,d,3,Stockings
13:38,40,BROWSING,d,13,Hats & Handbags
13:38,41,MOVING,b,4,→ Underwear
13:38,42,MOVING,h,12,→ Skirts & Dresses
13:39,43,ENTERED,h,8,"profile=indecisive gender=female age=adult speed=2 plan=[Skirts & Dresses, Hats & Handbags, Jeans, Tops]"
13:39,2,MOVING,b,13,→ checkout
13:39,9,MOVING,d,9,→ exit
13:39,15,BROWSING,f,13,Skirts & Dresses
13:39,18,PAUSED,b,9,→ exit
13:39,19,BROWSING,c,13,Hats & Handbags
13:39,20,PAUSED,g,13,→ exit
13:39,22,BROWSING,c,10,Tops
13:39,24,MOVING,b,4,→ Hats & Handbags
13:39,25,IN_FITTING,a,12,6/22 min
13:39,26,PAUSED,b,13,→ Underwear
13:39,27,BROWSING,c,13,Hats & Handbags
13:39,28,IN_FITTING,a,13,3/12 min
13:39,29,BROWSING,g,10,Tops
13:39,30,IN_FITTING,a,14,2/12 min
13:39,31,BROWSING,b,3,Underwear
13:39,32,BROWSING,c,13,Hats & Handbags
13:39,33,MOVING,b,11,→ Hats & Handbags
13:39,35,PUT_BACK_SHELF,h,13,Skirts & Dresses
13:39,36,MOVING,b,13,→ Underwear
13:39,37,BROWSING,e,6,Pants
13:39,38,BROWSING,h,13,Skirts & Dresses
13:39,39,NO_PICK,d,3,Stockings
13:39,40,BROWSING,d,13,Hats & Handbags
13:39,41,ARRIVED_SECTION,b,3,Underwear
13:39,42,ARRIVED_SECTION,h,13,Skirts & Dresses
13:39,43,MOVING,h,10,→ Skirts & Dresses
13:40,2,MOVING,b,12,→ checkout
13:40,9,MOVING,e,9,→ exit
13:40,15,BROWSING,f,13,Skirts & Dresses
13:40,18,PAUSED,b,9,→ exit
13:40,19,BROWSING,c,13,Hats & Handbags
13:40,20,MOVING,h,13,→ exit
13:40,22,BROWSING,c,10,Tops
13:40,24,MOVING,b,7,→ Hats & Handbags
13:40,25,IN_FITTING,a,12,7/22 min
13:40,26,PAUSED,b,13,→ Underwear
13:40,27,NO_PICK,c,13,Hats & Handbags
13:40,27,HEADING,c,13,checkout
13:40,28,IN_FITTING,a,13,4/12 min
13:40,29,BROWSING,g,10,Tops
13:40,30,IN_FITTING,a,14,3/12 min
13:40,31,BROWSING,b,3,Underwear
13:40,32,BROWSING,c,13,Hats & Handbags
13:40,33,MOVING,b,13,→ Hats & Handbags
13:40,35,MOVING,h,11,→ Pants
13:40,36,MOVING,b,11,→ Underwear
13:40,37,BROWSING,e,6,Pants
13:40,38,BROWSING,h,13,Skirts & Dresses
13:40,39,MOVING,b,3,→ Hats & Handbags
13:40,40,BROWSING,d,13,Hats & Handbags
13:40,41,BROWSING,b,3,Underwear
13:40,42,BROWSING,h,13,Skirts & Dresses
13:40,43,MOVING,h,12,→ Skirts & Dresses
13:41,2,MOVING,b,11,→ checkout
13:41,9,MOVING,f,9,→ exit
13:41,15,PUT_BACK_SHELF,f,13,Skirts & Dresses
13:41,18,PAUSED,b,9,→ exit
13:41,19,BROWSING,c,13,Hats & Handbags
13:41,20,MOVING,h,12,→ exit
13:41,22,BROWSING,c,10,Tops
13:41,24,MOVING,b,10,→ Hats & Handbags
13:41,25,IN_FITTING,a,12,8/22 min
13:41,26,MOVING,b,12,→ Underwear
13:41,27,MOVING,b,13,→ checkout
13:41,28,IN_FITTING,a,13,5/12 min
13:41,29,NO_PICK,g,10,Tops
13:41,30,IN_FITTING,a,14,4/12 min
13:41,31,BROWSING,b,3,Underwear
13:41,32,BROWSING,c,13,Hats & Handbags
13:41,33,ARRIVED_SECTION,c,13,Hats & Handbags
13:41,35,MOVING,g,10,→ Pants
13:41,36,MOVING,b,9,→ Underwear
13:41,37,BROWSING,e,6,Pants
13:41,38,BROWSING,h,13,Skirts & Dresses
13:41,39,MOVING,b,5,→ Hats & Handbags
13:41,40,BROWSING,d,13,Hats & Handbags
13:41,41,BROWSING,b,3,Underwear
13:41,42,BROWSING,h,13,Skirts & Dresses
13:41,43,ARRIVED_SECTION,h,13,Skirts & Dresses
13:42,44,ENTERED,h,8,"profile=window_shopper gender=male age=adult speed=2 plan=[Hats & Handbags, Skirts & Dresses, Jeans]"
13:42,2,MOVING,b,10,→ checkout
13:42,9,MOVING,g,9,→ exit
13:42,15,MOVING,e,13,→ Underwear
13:42,18,MOVING,e,9,→ exit
13:42,19,BROWSING,c,13,Hats & Handbags
13:42,20,MOVING,h,11,→ exit
13:42,22,PICKED_ITEM,c,10,Tops
13:42,24,MOVING,b,13,→ Hats & Handbags
13:42,25,IN_FITTING,a,12,9/22 min
13:42,26,MOVING,b,11,→ Underwear
13:42,27,MOVING,b,12,→ checkout
13:42,28,IN_FITTING,a,13,6/12 min
13:42,29,MOVING,h,12,→ Skirts & Dresses
13:42,30,IN_FITTING,a,14,5/12 min
13:42,31,BROWSING,b,3,Underwear
13:42,32,BROWSING,c,13,Hats & Handbags
13:42,33,BROWSING,c,13,Hats & Handbags
13:42,35,MOVING,f,9,→ Pants
13:42,36,MOVING,b,7,→ Underwear
13:42,37,BROWSING,e,6,Pants
13:42,38,BROWSING,h,13,Skirts & Dresses
13:42,39,MOVING,b,7,→ Hats & Handbags
13:42,40,BROWSING,d,13,Hats & Handbags
13:42,41,BROWSING,b,3,Underwear
13:42,42,BROWSING,h,13,Skirts & Dresses
13:42,43,BROWSING,h,13,Skirts & Dresses
13:42,44,MOVING,f,8,→ Hats & Handbags
13:43,2,JOINED_QUEUE,b,9,"position #1, 2 item(s)"
13:43,9,MOVING,h,9,→ exit
13:43,15,PAUSED,e,13,→ Underwear
13:43,18,MOVING,h,9,→ exit
13:43,19,PICKED_ITEM,c,13,Hats & Handbags
13:43,19,HEADING,c,13,fitting room
13:43,20,PAUSED,h,11,→ exit
13:43,22,MOVING,e,10,→ Skirts & Dresses
13:43,24,ARRIVED_SECTION,c,13,Hats & Handbags
13:43,25,IN_FITTING,a,12,10/22 min
13:43,26,PAUSED,b,11,→ Underwear
13:43,27,MOVING,b,11,→ checkout
13:43,28,IN_FITTING,a,13,7/12 min
13:43,29,PAUSED,h,12,→ Skirts & Dresses
13:43,30,IN_FITTING,a,14,6/12 min
13:43,31,BROWSING,b,3,Underwear
13:43,32,BROWSING,c,13,Hats & Handbags
13:43,33,BROWSING,c,13,Hats & Handbags
13:43,35,MOVING,f,7,→ Pants
13:43,36,MOVING,b,5,→ Underwear
13:43,37,BROWSING,e,6,Pants
13:43,38,PICKED_ITEM,h,13,Skirts & Dresses
13:43,39,PAUSED,b,7,→ Hats & Handbags
13:43,40,BROWSING,d,13,Hats & Handbags
13:43,41,BROWSING,b,3,Underwear
13:43,42,BROWSING,h,13,Skirts & Dresses
13:43,43,BROWSING,h,13,Skirts & Dresses
13:43,44,MOVING,e,9,→ Hats & Handbags
13:44,45,ENTERED,h,8,"profile=regular gender=female age=young speed=3 plan=[Tops, Jeans, Underwear]"
13:44,2,CHECKOUT_CALLED,b,9,lane 1
13:44,2,AT_CHECKOUT,b,9,1/7 min
13:44,9,EXITED,h,8,
13:44,15,PAUSED,e,13,→ Underwear
13:44,18,EXITED,h,8,
13:44,19,ARRIVED_FITTING_AREA,a,13,2 item(s)
13:44,20,PAUSED,h,11,→ exit
13:44,22,MOVING,e,12,→ Skirts & Dresses
13:44,24,BROWSING,c,13,Hats & Handbags
13:44,25,IN_FITTING,a,12,11/22 min
13:44,26,PAUSED,b,11,→ Underwear
13:44,27,MOVING,b,10,→ checkout
13:44,28,IN_FITTING,a,13,8/12 min
13:44,29,PAUSED,h,12,→ Skirts & Dresses
13:44,30,IN_FITTING,a,14,7/12 min
13:44,31,BROWSING,b,3,Underwear
13:44,32,BROWSING,c,13,Hats & Handbags
13:44,33,BROWSING,c,13,Hats & Handbags
13:44,35,ARRIVED_SECTION,f,6,Pants
13:44,36,ARRIVED_SECTION,b,3,Underwear
13:44,37,BROWSING,e,6,Pants
13:44,38,ARRIVED_SECTION,g,13,Tops
13:44,39,PAUSED,b,7,→ Hats & Handbags
13:44,40,BROWSING,d,13,Hats & Handbags
13:44,41,BROWSING,b,3,Underwear
13:44,42,BROWSING,h,13,Skirts & Dresses
13:44,43,BROWSING,h,13,Skirts & Dresses
13:44,44,MOVING,e,11,→ Hats & Handbags
13:44,45,ARRIVED_SECTION,g,10,Tops
13:45,2,AT_CHECKOUT,b,9,2/7 min
13:45,15,MOVING,d,13,→ Underwear
13:45,19,GAVE_UP_FITTING,a,13,waited 0 ticks
13:45,19,HEADING,a,13,checkout
13:45,20,MOVING,h,10,→ exit
13:45,22,ARRIVED_SECTION,f,13,Skirts & Dresses
13:45,24,BROWSING,c,13,Hats & Handbags
13:45,25,IN_FITTING,a,12,12/22 min
13:45,26,PAUSED,b,11,→ Underwear
13:45,27,JOINED_QUEUE,b,9,"position #2, 1 item(s)"
13:45,28,IN_FITTING,a,13,9/12 min
13:45,29,PAUSED,h,12,→ Skirts & Dresses
13:45,30,IN_FITTING,a,14,8/12 min
13:45,31,BROWSING,b,3,Underwear
13:45,32,BROWSING,c,13,Hats & Handbags
13:45,33,BROWSING,c,13,Hats & Handbags
13:45,35,BROWSING,f,6,Pants
13:45,36,BROWSING,b,3,Underwear
13:45,37,BROWSING,e,6,Pants
13:45,38,BROWSING,g,13,Tops
13:45,39,PAUSED,b,7,→ Hats & Handbags
13:45,40,BROWSING,d,13,Hats & Handbags
13:45,41,BROWSING,b,3,Underwear
13:45,42,BROWSING,h,13,Skirts & Dresses
13:45,43,BROWSING,h,13,Skirts & Dresses
13:45,44,MOVING,e,13,→ Hats & Handbags
13:45,45,BROWSING,g,10,Tops
13:46,27,CHECKOUT_CALLED,b,9,lane 2
13:46,2,AT_CHECKOUT,b,9,3/7 min
13:46,15,MOVING,c,13,→ Underwear
13:46,19,MOVING,b,12,→ checkout
13:46,20,MOVING,h,9,→ exit
13:46,22,BROWSING,f,13,Skirts & Dresses
13:46,24,BROWSING,c,13,Hats & Handbags
13:46,25,IN_FITTING,a,12,13/22 min
13:46,26,PAUSED,b,11,→ Underwear
13:46,27,AT_CHECKOUT,b,9,1/4 min
13:46,28,IN_FITTING,a,13,10/12 min
13:46,29,PAUSED,h,12,→ Skirts & Dresses
13:46,30,IN_FITTING,a,14,9/12 min
13:46,31,BROWSING,b,3,Underwear
13:46,32,BROWSING,c,13,Hats & Handbags
13:46,33,BROWSING,c,13,Hats & Handbags
13:46,35,BROWSING,f,6,Pants
13:46,36,BROWSING,b,3,Underwear
13:46,37,PICKED_ITEM,e,6,Pants
13:46,38,BROWSING,g,13,Tops
13:46,39,PAUSED,b,7,→ Hats & Handbags
13:46,40,BROWSING,d,13,Hats & Handbags
13:46,41,BROWSING,b,3,Underwear
13:46,42,BROWSING,h,13,Skirts & Dresses
13:46,43,BROWSING,h,13,Skirts & Dresses
13:46,44,ARRIVED_SECTION,d,13,Hats & Handbags
13:46,45,BROWSING,g,10,Tops
13:47,46,ENTERED,h,8,profile=regular gender=male age=adult speed=2 plan=[Tops]
13:47,2,AT_CHECKOUT,b,9,4/7 min
13:47,15,MOVING,b,13,→ Underwear
13:47,19,MOVING,b,10,→ checkout
13:47,20,EXITED,h,8,
13:47,22,BROWSING,f,13,Skirts & Dresses
13:47,24,BROWSING,c,13,Hats & Handbags
13:47,25,IN_FITTING,a,12,14/22 min
13:47,26,MOVING,b,10,→ Underwear
13:47,27,AT_CHECKOUT,b,9,2/4 min
13:47,28,IN_FITTING,a,13,11/12 min
13:47,29,ARRIVED_SECTION,h,13,Skirts & Dresses
13:47,30,IN_FITTING,a,14,10/12 min
13:47,31,BROWSING,b,3,Underwear
13:47,32,BROWSING,c,13,Hats & Handbags
13:47,33,BROWSING,c,13,Hats & Handbags
13:47,35,BROWSING,f,6,Pants
13:47,36,BROWSING,b,3,Underwear
13:47,37,MOVING,g,5,→ Jeans
13:47,38,BROWSING,g,13,Tops
13:47,39,MOVING,b,9,→ Hats & Handbags
13:47,40,BROWSING,d,13,Hats & Handbags
13:47,41,BROWSING,b,3,Underwear
13:47,42,PICKED_ITEM,h,13,Skirts & Dresses
13:47,43,BROWSING,h,13,Skirts & Dresses
13:47,44,BROWSING,d,13,Hats & Handbags
13:47,45,BROWSING,g,10,Tops
13:47,46,MOVING,g,9,→ Tops
13:48,2,AT_CHECKOUT,b,9,5/7 min
13:48,15,MOVING,b,12,→ Underwear
13:48,19,JOINED_QUEUE,b,9,"position #3, 2 item(s)"
13:48,22,BROWSING,f,13,Skirts & Dresses
13:48,24,BROWSING,c,13,Hats & Handbags
13:48,25,IN_FITTING,a,12,15/22 min
13:48,26,MOVING,b,9,→ Underwear
13:48,27,AT_CHECKOUT,b,9,3/4 min
13:48,28,LEFT_FITTING,a,13,returned_to_shelf=1
13:48,28,HEADING,a,13,exit
13:48,29,BROWSING,h,13,Skirts & Dresses
13:48,30,IN_FITTING,a,14,11/12 min
13:48,31,PICKED_ITEM,b,3,Underwear
13:48,31,HEADING,b,3,checkout
13:48,32,BROWSING,c,13,Hats & Handbags
13:48,33,BROWSING,c,13,Hats & Handbags
13:48,35,BROWSING,f,6,Pants
13:48,36,BROWSING,b,3,Underwear
13:48,37,ARRIVED_SECTION,g,3,Jeans
13:48,38,BROWSING,g,13,Tops
13:48,39,MOVING,b,11,→ Hats & Handbags
13:48,40,BROWSING,d,13,Hats & Handbags
13:48,41,BROWSING,b,3,Underwear
13:48,42,MOVING,f,13,→ Hats & Handbags
13:48,43,BROWSING,h,13,Skirts & Dresses
13:48,44,BROWSING,d,13,Hats & Handbags
13:48,45,BROWSING,g,10,Tops
13:48,46,ARRIVED_SECTION,g,10,Tops
13:49,47,ENTERED,h,8,"profile=browser gender=female age=adult speed=2 plan=[Tops, Stockings, Skirts & Dresses, Pants, Hats & Handbags, Jeans]"
13:49,2,AT_CHECKOUT,b,9,6/7 min
13:49,15,MOVING,b,11,→ Underwear
13:49,19,IN_QUEUE,b,9,position #3
13:49,22,BROWSING,f,13,Skirts & Dresses
13:49,24,BROWSING,c,13,Hats & Handbags
13:49,25,IN_FITTING,a,12,16/22 min
13:49,26,MOVING,b,8,→ Underwear
13:49,27,PURCHASED,b,9,1 item(s): Underwear
13:49,28,MOVING,b,13,→ exit
13:49,29,BROWSING,h,13,Skirts & Dresses
13:49,30,LEFT_FITTING,a,14,keeping=1
13:49,30,HEADING,a,14,checkout
13:49,31,MOVING,b,4,→ checkout
13:49,32,BROWSING,c,13,Hats & Handbags
13:49,33,PICKED_ITEM,c,13,Hats & Handbags
13:49,35,BROWSING,f,6,Pants
13:49,36,BROWSING,b,3,Underwear
13:49,37,BROWSING,g,3,Jeans
13:49,38,BROWSING,g,13,Tops
13:49,39,MOVING,b,13,→ Hats & Handbags
13:49,40,BROWSING,d,13,Hats & Handbags
13:49,41,PUT_BACK_SHELF,b,3,Underwear
13:49,42,ARRIVED_SECTION,d,13,Hats & Handbags
13:49,43,BROWSING,h,13,Skirts & Dresses
13:49,44,NO_PICK,d,13,Hats & Handbags
13:49,45,BROWSING,g,10,Tops
13:49,46,BROWSING,g,10,Tops
13:49,47,MOVING,g,9,→ Tops
13:50,48,ENTERED,h,8,profile=quick_buyer gender=female age=adult speed=3 plan=[Hats & Handbags]
13:50,19,CHECKOUT_CALLED,b,9,lane 2
13:50,2,PURCHASED,b,9,"2 item(s): Underwear, Hats & Handbags"
13:50,15,MOVING,b,10,→ Underwear
13:50,19,AT_CHECKOUT,b,9,1/4 min
13:50,22,BROWSING,f,13,Skirts & Dresses
13:50,24,PICKED_ITEM,c,13,Hats & Handbags
13:50,24,HEADING,c,13,fitting room
13:50,25,IN_FITTING,a,12,17/22 min
13:50,26,MOVING,b,7,→ Underwear
13:50,27,MOVING,c,9,→ exit
13:50,28,MOVING,c,13,→ exit
13:50,29,BROWSING,h,13,Skirts & Dresses
13:50,30,MOVING,b,13,→ checkout
13:50,31,MOVING,b,5,→ checkout
13:50,32,BROWSING,c,13,Hats & Handbags
13:50,33,ARRIVED_SECTION,c,13,Tops
13:50,35,BROWSING,f,6,Pants
13:50,36,BROWSING,b,3,Underwear
13:50,37,BROWSING,g,3,Jeans
13:50,38,BROWSING,g,13,Tops
13:50,39,ARRIVED_SECTION,c,13,Hats & Handbags
13:50,40,NO_PICK,d,13,Hats & Handbags
13:50,41,ARRIVED_SECTION,c,3,Stockings
13:50,42,BROWSING,d,13,Hats & Handbags
13:50,43,BROWSING,h,13,Skirts & Dresses
13:50,44,ARRIVED_SECTION,f,13,Skirts & Dresses
13:50,45,PUT_BACK_SHELF,g,10,Tops
13:50,46,BROWSING,g,10,Tops
13:50,47,ARRIVED_SECTION,g,10,Tops
13:50,48,MOVING,e,8,→ Hats & Handbags
13:51,2,MOVING,c,9,→ exit
13:51,15,MOVING,b,9,→ Underwear
13:51,19,AT_CHECKOUT,b,9,2/4 min
13:51,22,BROWSING,f,13,Skirts & Dresses
13:51,24,ARRIVED_FITTING_AREA,a,13,4 item(s)
13:51,25,IN_FITTING,a,12,18/22 min
13:51,26,MOVING,b,6,→ Underwear
13:51,27,MOVING,d,9,→ exit
13:51,28,MOVING,d,13,→ exit
13:51,29,BROWSING,h,13,Skirts & Dresses
13:51,30,MOVING,b,11,→ checkout
13:51,31,MOVING,b,6,→ checkout
13:51,32,BROWSING,c,13,Hats & Handbags
13:51,33,BROWSING,c,13,Tops
13:51,35,BROWSING,f,6,Pants
13:51,36,BROWSING,b,3,Underwear
13:51,37,BROWSING,g,3,Jeans
13:51,38,BROWSING,g,13,Tops
13:51,39,BROWSING,c,13,Hats & Handbags
13:51,40,MOVING,c,13,→ Stockings
13:51,41,BROWSING,c,3,Stockings
13:51,42,BROWSING,d,13,Hats & Handbags
13:51,43,BROWSING,h,13,Skirts & Dresses
13:51,44,BROWSING,f,13,Skirts & Dresses
13:51,45,MOVING,g,7,→ Jeans
13:51,46,PUT_BACK_SHELF,g,10,Tops
13:51,46,HEADING,g,10,exit
13:51,47,BROWSING,g,10,Tops
13:51,48,PAUSED,e,8,→ Hats & Handbags
13:52,2,MOVING,d,9,→ exit
13:52,15,MOVING,b,8,→ Underwear
13:52,19,AT_CHECKOUT,b,9,3/4 min
13:52,22,BROWSING,f,13,Skirts & Dresses
13:52,24,ENTERED_FITTING,a,13,"4 item(s) to try on, waited 0 ticks"
13:52,25,IN_FITTING,a,12,19/22 min
13:52,26,MOVING,b,5,→ Underwear
13:52,27,MOVING,e,9,→ exit
13:52,28,MOVING,e,13,→ exit
13:52,29,NO_PICK,h,13,Skirts & Dresses
13:52,29,HEADING,h,13,exit
13:52,30,JOINED_QUEUE,b,9,"position #2, 1 item(s)"
13:52,31,MOVING,b,7,→ checkout
13:52,32,BROWSING,c,13,Hats & Handbags
13:52,33,BROWSING,c,13,Tops
13:52,35,BROWSING,f,6,Pants
13:52,36,BROWSING,b,3,Underwear
13:52,37,BROWSING,g,3,Jeans
13:52,38,BROWSING,g,13,Tops
13:52,39,BROWSING,c,13,Hats & Handbags
13:52,40,MOVING,b,13,→ Stockings
13:52,41,BROWSING,c,3,Stockings
13:52,42,BROWSING,d,13,Hats & Handbags
13:52,43,BROWSING,h,13,Skirts & Dresses
13:52,44,BROWSING,f,13,Skirts & Dresses
13:52,45,MOVING,g,4,→ Jeans
13:52,46,MOVING,h,9,→ exit
13:52,47,BROWSING,g,10,Tops
13:52,48,PAUSED,e,8,→ Hats & Handbags
13:53,30,CHECKOUT_CALLED,b,9,lane 2
13:53,2,MOVING,e,9,→ exit
13:53,15,MOVING,b,7,→ Underwear
13:53,19,PURCHASED,b,9,"2 item(s): Underwear, Hats & Handbags"
13:53,22,BROWSING,f,13,Skirts & Dresses
13:53,24,IN_FITTING,a,13,1/19 min
13:53,25,IN_FITTING,a,12,20/22 min
13:53,26,MOVING,b,4,→ Underwear
13:53,27,MOVING,f,9,→ exit
13:53,28,MOVING,f,13,→ exit
13:53,29,MOVING,h,10,→ exit
13:53,30,AT_CHECKOUT,b,9,1/6 min
13:53,31,MOVING,b,8,→ checkout
13:53,32,PICKED_ITEM,c,13,Hats & Handbags
13:53,33,BROWSING,c,13,Tops
13:53,35,BROWSING,f,6,Pants
13:53,36,PICKED_ITEM,b,3,Underwear
13:53,37,BROWSING,g,3,Jeans
13:53,38,PICKED_ITEM,g,13,Tops
13:53,39,BROWSING,c,13,Hats & Handbags
13:53,40,PAUSED,b,13,→ Stockings
13:53,41,BROWSING,c,3,Stockings
13:53,42,BROWSING,d,13,Hats & Handbags
13:53,43,PICKED_ITEM,h,13,Skirts & Dresses
13:53,44,BROWSING,f,13,Skirts & Dresses
13:53,45,ARRIVED_SECTION,g,3,Jeans
13:53,46,EXITED,h,8,
13:53,47,BROWSING,g,10,Tops
13:53,48,PAUSED,e,8,→ Hats & Handbags
13:54,49,ENTERED,h,8,"profile=regular gender=male age=adult speed=1 plan=[Hats & Handbags, Skirts & Dresses, Jeans]"
13:54,2,MOVING,f,9,→ exit
13:54,15,MOVING,b,6,→ Underwear
13:54,19,MOVING,d,9,→ exit
13:54,22,BROWSING,f,13,Skirts & Dresses
13:54,24,IN_FITTING,a,13,2/19 min
13:54,25,IN_FITTING,a,12,21/22 min
13:54,26,ARRIVED_SECTION,b,3,Underwear
13:54,27,MOVING,g,9,→ exit
13:54,28,MOVING,g,13,→ exit
13:54,29,EXITED,h,8,
13:54,30,AT_CHECKOUT,b,9,2/6 min
13:54,31,JOINED_QUEUE,b,9,"position #2, 1 item(s)"
13:54,32,MOVING,e,13,→ Jeans
13:54,33,BROWSING,c,13,Tops
13:54,35,BROWSING,f,6,Pants
13:54,36,PAUSED,b,3,→ Stockings
13:54,37,BROWSING,g,3,Jeans
13:54,38,MOVING,h,13,→ Jeans
13:54,39,BROWSING,c,13,Hats & Handbags
13:54,40,PAUSED,b,13,→ Stockings
13:54,41,BROWSING,c,3,Stockings
13:54,42,BROWSING,d,13,Hats & Handbags
13:54,43,MOVING,f,13,→ Hats & Handbags
13:54,44,NO_PICK,f,13,Skirts & Dresses
13:54,45,BROWSING,g,3,Jeans
13:54,47,BROWSING,g,10,Tops
13:54,48,MOVING,e,11,→ Hats & Handbags
13:54,49,MOVING,g,8,→ Hats & Handbags
13:55,50,ENTERED,h,8,"profile=regular gender=female age=adult speed=2 plan=[Jeans, Pants, Tops, Underwear]"
13:55,31,CHECKOUT_CALLED,b,9,lane 2
13:55,2,MOVING,g,9,→ exit
13:55,15,MOVING,b,5,→ Underwear
13:55,19,MOVING,f,9,→ exit
13:55,22,BROWSING,f,13,Skirts & Dresses
13:55,24,IN_FITTING,a,13,3/19 min
13:55,25,LEFT_FITTING,a,12,keeping=4
13:55,25,HEADING,a,12,checkout
13:55,26,BROWSING,b,3,Underwear
13:55,27,MOVING,h,9,→ exit
13:55,28,MOVING,h,13,→ exit
13:55,30,AT_CHECKOUT,b,9,3/6 min
13:55,31,AT_CHECKOUT,b,9,1/4 min
13:55,32,MOVING,e,11,→ Jeans
13:55,33,NO_PICK,c,13,Tops
13:55,35,BROWSING,f,6,Pants
13:55,36,PAUSED,b,3,→ Stockings
13:55,37,BROWSING,g,3,Jeans
13:55,38,MOVING,h,12,→ Jeans
13:55,39,BROWSING,c,13,Hats & Handbags
13:55,40,PAUSED,b,13,→ Stockings
13:55,41,BROWSING,c,3,Stockings
13:55,42,BROWSING,d,13,Hats & Handbags
13:55,43,ARRIVED_SECTION,d,13,Hats & Handbags
13:55,44,MOVING,h,13,→ Jeans
13:55,45,BROWSING,g,3,Jeans
13:55,47,BROWSING,g,10,Tops
13:55,48,ARRIVED_SECTION,d,13,Hats & Handbags
13:55,49,MOVING,f,8,→ Hats & Handbags
13:55,50,MOVING,h,6,→ Jeans
13:56,2,MOVING,h,9,→ exit
13:56,15,MOVING,b,4,→ Underwear
13:56,19,MOVING,h,9,→ exit
13:56,22,BROWSING,f,13,Skirts & Dresses
13:56,24,IN_FITTING,a,13,4/19 min
13:56,25,MOVING,b,11,→ checkout
13:56,26,BROWSING,b,3,Underwear
13:56,27,EXITED,h,8,
13:56,28,MOVING,h,12,→ exit
13:56,30,AT_CHECKOUT,b,9,4/6 min
13:56,31,AT_CHECKOUT,b,9,2/4 min
13:56,32,PAUSED,e,11,→ Jeans
13:56,33,MOVING,b,12,→ Pants
13:56,35,BROWSING,f,6,Pants
13:56,36,PAUSED,b,3,→ Stockings
13:56,37,PICKED_ITEM,g,3,Jeans
13:56,37,HEADING,g,3,checkout
13:56,38,MOVING,h,11,→ Jeans
13:56,39,BROWSING,c,13,Hats & Handbags
13:56,40,PAUSED,b,13,→ Stockings
13:56,41,BROWSING,c,3,Stockings
13:56,42,NO_PICK,d,13,Hats & Handbags
13:56,43,BROWSING,d,13,Hats & Handbags
13:56,44,MOVING,h,11,→ Jeans
13:56,45,BROWSING,g,3,Jeans
13:56,47,BROWSING,g,10,Tops
13:56,48,BROWSING,d,13,Hats & Handbags
13:56,49,MOVING,e,8,→ Hats & Handbags
13:56,50,MOVING,h,4,→ Jeans
13:57,2,EXITED,h,8,
13:57,15,ARRIVED_SECTION,b,3,Underwear
13:57,19,EXITED,h,8,
13:57,22,BROWSING,f,13,Skirts & Dresses
13:57,24,IN_FITTING,a,13,5/19 min
13:57,25,JOINED_QUEUE,b,9,"position #3, 4 item(s)"
13:57,26,BROWSING,b,3,Underwear
13:57,28,MOVING,h,11,→ exit
13:57,30,AT_CHECKOUT,b,9,5/6 min
13:57,31,AT_CHECKOUT,b,9,3/4 min
13:57,32,PAUSED,e,11,→ Jeans
13:57,33,MOVING,b,10,→ Pants
13:57,35,BROWSING,f,6,Pants
13:57,36,ARRIVED_SECTION,c,3,Stockings
13:57,37,MOVING,d,3,→ checkout
13:57,38,MOVING,h,10,→ Jeans
13:57,39,BROWSING,c,13,Hats & Handbags
13:57,40,PAUSED,b,13,→ Stockings
13:57,41,BROWSING,c,3,Stockings
13:57,42,MOVING,b,13,→ Underwear
13:57,43,BROWSING,d,13,Hats & Handbags
13:57,44,MOVING,h,9,→ Jeans
13:57,45,BROWSING,g,3,Jeans
13:57,47,BROWSING,g,10,Tops
13:57,48,BROWSING,d,13,Hats & Handbags
13:57,49,MOVING,e,9,→ Hats & Handbags
13:57,50,ARRIVED_SECTION,h,3,Jeans
13:58,15,BROWSING,b,3,Underwear
13:58,22,BROWSING,f,13,Skirts & Dresses
13:58,24,IN_FITTING,a,13,6/19 min
13:58,25,IN_QUEUE,b,9,position #3
13:58,26,BROWSING,b,3,Underwear
13:58,28,MOVING,h,10,→ exit
13:58,30,PURCHASED,b,9,1 item(s): Pants
13:58,31,PURCHASED,b,9,1 item(s): Underwear
13:58,32,PAUSED,e,11,→ Jeans
13:58,33,MOVING,b,8,→ Pants
13:58,35,BROWSING,f,6,Pants
13:58,36,BROWSING,c,3,Stockings
13:58,37,MOVING,b,4,→ checkout
13:58,38,MOVING,h,9,→ Jeans
13:58,39,BROWSING,c,13,Hats & Handbags
13:58,40,PAUSED,b,13,→ Stockings
13:58,41,BROWSING,c,3,Stockings
13:58,42,MOVING,b,11,→ Underwear
13:58,43,BROWSING,d,13,Hats & Handbags
13:58,44,MOVING,h,7,→ Jeans
13:58,45,BROWSING,g,3,Jeans
13:58,47,BROWSING,g,10,Tops
13:58,48,BROWSING,d,13,Hats & Handbags
13:58,49,MOVING,e,10,→ Hats & Handbags
13:58,50,BROWSING,h,3,Jeans
13:59,25,CHECKOUT_CALLED,b,9,lane 1
13:59,15,BROWSING,b,3,Underwear
13:59,22,BROWSING,f,13,Skirts & Dresses
13:59,24,IN_FITTING,a,13,7/19 min
13:59,25,AT_CHECKOUT,b,9,1/7 min
13:59,26,BROWSING,b,3,Underwear
13:59,28,MOVING,h,9,→ exit
13:59,30,MOVING,d,9,→ exit
13:59,31,MOVING,c,9,→ exit
13:59,32,PAUSED,e,11,→ Jeans
13:59,33,MOVING,b,6,→ Pants
13:59,35,BROWSING,f,6,Pants
13:59,36,BROWSING,c,3,Stockings
13:59,37,MOVING,b,7,→ checkout
13:59,38,MOVING,h,8,→ Jeans
13:59,39,BROWSING,c,13,Hats & Handbags
13:59,40,MOVING,b,12,→ Stockings
13:59,41,BROWSING,c,3,Stockings
13:59,42,MOVING,b,9,→ Underwear
13:59,43,BROWSING,d,13,Hats & Handbags
13:59,44,MOVING,h,5,→ Jeans
13:59,45,BROWSING,g,3,Jeans
13:59,47,PICKED_ITEM,g,10,Tops
13:59,48,PICKED_ITEM,d,13,Hats & Handbags
13:59,48,HEADING,d,13,checkout
13:59,49,MOVING,e,11,→ Hats & Handbags
13:59,50,BROWSING,h,3,Jeans
14:00,51,ENTERED,h,8,"profile=indecisive gender=female age=adult speed=1 plan=[Hats & Handbags, Pants, Skirts & Dresses, Jeans, Tops, Stockings, Underwear]"
14:00,15,BROWSING,b,3,Underwear
14:00,22,BROWSING,f,13,Skirts & Dresses
14:00,24,IN_FITTING,a,13,8/19 min
14:00,25,AT_CHECKOUT,b,9,2/7 min
14:00,26,BROWSING,b,3,Underwear
14:00,28,EXITED,h,8,
14:00,30,MOVING,f,9,→ exit
14:00,31,MOVING,d,9,→ exit
14:00,32,MOVING,f,10,→ Jeans
14:00,33,ARRIVED_SECTION,c,6,Pants
14:00,35,NO_PICK,f,6,Pants
14:00,36,BROWSING,c,3,Stockings
14:00,37,JOINED_QUEUE,b,9,"position #2, 4 item(s)"
14:00,38,MOVING,h,7,→ Jeans
14:00,39,BROWSING,c,13,Hats & Handbags
14:00,40,MOVING,b,11,→ Stockings
14:00,41,BROWSING,c,3,Stockings
14:00,42,MOVING,b,7,→ Underwear
14:00,43,BROWSING,d,13,Hats & Handbags
14:00,44,ARRIVED_SECTION,h,3,Jeans
14:00,45,BROWSING,g,3,Jeans
14:00,47,MOVING,g,8,→ Stockings
14:00,48,MOVING,b,12,→ checkout
14:00,49,MOVING,e,12,→ Hats & Handbags
14:00,50,BROWSING,h,3,Jeans
14:00,51,MOVING,g,8,→ Hats & Handbags
14:01,52,ENTERED,h,8,"profile=browser gender=female age=adult speed=2 plan=[Underwear, Tops, Skirts & Dresses, Jeans]"
14:01,37,CHECKOUT_CALLED,b,9,lane 2
14:01,15,BROWSING,b,3,Underwear
14:01,22,BROWSING,f,13,Skirts & Dresses
14:01,24,IN_FITTING,a,13,9/19 min
14:01,25,AT_CHECKOUT,b,9,3/7 min
14:01,26,BROWSING,b,3,Underwear
14:01,30,MOVING,h,9,→ exit
14:01,31,MOVING,e,9,→ exit
14:01,32,MOVING,g,9,→ Jeans
14:01,33,BROWSING,c,6,Pants
14:01,35,MOVING,e,7,→ Hats & Handbags
14:01,36,BROWSING,c,3,Stockings
14:01,37,AT_CHECKOUT,b,9,1/8 min
14:01,38,MOVING,h,6,→ Jeans
14:01,39,BROWSING,c,13,Hats & Handbags
14:01,40,MOVING,b,10,→ Stockings
14:01,41,BROWSING,c,3,Stockings
14:01,42,MOVING,b,5,→ Underwear
14:01,43,BROWSING,d,13,Hats & Handbags
14:01,44,BROWSING,h,3,Jeans
14:01,45,BROWSING,g,3,Jeans
14:01,47,MOVING,g,6,→ Stockings
14:01,48,JOINED_QUEUE,b,9,"position #3, 1 item(s)"
14:01,49,MOVING,e,13,→ Hats & Handbags
14:01,50,BROWSING,h,3,Jeans
14:01,51,MOVING,f,8,→ Hats & Handbags
14:01,52,MOVING,f,8,→ Underwear
14:02,15,BROWSING,b,3,Underwear
14:02,22,BROWSING,f,13,Skirts & Dresses
14:02,24,IN_FITTING,a,13,10/19 min
14:02,25,AT_CHECKOUT,b,9,4/7 min
14:02,26,BROWSING,b,3,Underwear
14:02,30,EXITED,h,8,
14:02,31,MOVING,f,9,→ exit
14:02,32,MOVING,g,7,→ Jeans
14:02,33,BROWSING,c,6,Pants
14:02,35,MOVING,e,9,→ Hats & Handbags
14:02,36,BROWSING,c,3,Stockings
14:02,37,AT_CHECKOUT,b,9,2/8 min
14:02,38,MOVING,h,5,→ Jeans
14:02,39,BROWSING,c,13,Hats & Handbags
14:02,40,MOVING,b,9,→ Stockings
14:02,41,BROWSING,c,3,Stockings
14:02,42,ARRIVED_SECTION,b,3,Underwear
14:02,43,BROWSING,d,13,Hats & Handbags
14:02,44,BROWSING,h,3,Jeans
14:02,45,PUT_BACK_SHELF,g,3,Jeans
14:02,47,MOVING,g,4,→ Stockings
14:02,48,IN_QUEUE,b,9,position #3
14:02,49,ARRIVED_SECTION,d,13,Hats & Handbags
14:02,50,BROWSING,h,3,Jeans
14:02,51,MOVING,e,8,→ Hats & Handbags
14:02,52,MOVING,d,8,→ Underwear
14:03,53,ENTERED,h,8,"profile=regular gender=female age=adult speed=1 plan=[Jeans, Pants, Tops]"
14:03,15,BROWSING,b,3,Underwear
14:03,22,NO_PICK,f,13,Skirts & Dresses
14:03,24,IN_FITTING,a,13,11/19 min
14:03,25,AT_CHECKOUT,b,9,5/7 min
14:03,26,BROWSING,b,3,Underwear
14:03,31,MOVING,g,9,→ exit
14:03,32,MOVING,g,5,→ Jeans
14:03,33,BROWSING,c,6,Pants
14:03,35,MOVING,e,11,→ Hats & Handbags
14:03,36,BROWSING,c,3,Stockings
14:03,37,AT_CHECKOUT,b,9,3/8 min
14:03,38,MOVING,h,4,→ Jeans
14:03,39,NO_PICK,c,13,Hats & Handbags
14:03,40,MOVING,b,8,→ Stockings
14:03,41,BROWSING,c,3,Stockings
14:03,42,BROWSING,b,3,Underwear
14:03,43,BROWSING,d,13,Hats & Handbags
14:03,44,BROWSING,h,3,Jeans
14:03,45,MOVING,d,3,→ Underwear
14:03,47,MOVING,e,4,→ Stockings
14:03,48,IN_QUEUE,b,9,position #3
14:03,49,BROWSING,d,13,Hats & Handbags
14:03,50,PICKED_ITEM,h,3,Jeans
14:03,51,MOVING,e,9,→ Hats & Handbags
14:03,52,MOVING,d,6,→ Underwear
14:03,53,MOVING,h,7,→ Jeans
14:04,15,BROWSING,b,3,Underwear
14:04,22,MOVING,h,13,→ Jeans
14:04,24,IN_FITTING,a,13,12/19 min
14:04,25,AT_CHECKOUT,b,9,6/7 min
14:04,26,BROWSING,b,3,Underwear
14:04,31,MOVING,h,9,→ exit
14:04,32,ARRIVED_SECTION,g,3,Jeans
14:04,33,BROWSING,c,6,Pants
14:04,35,MOVING,e,13,→ Hats & Handbags
14:04,36,BROWSING,c,3,Stockings
14:04,37,AT_CHECKOUT,b,9,4/8 min
14:04,38,ARRIVED_SECTION,h,3,Jeans
14:04,39,ARRIVED_SECTION,c,13,Tops
14:04,40,MOVING,b,7,→ Stockings
14:04,41,BROWSING,c,3,Stockings
14:04,42,BROWSING,b,3,Underwear
14:04,43,BROWSING,d,13,Hats & Handbags
14:04,44,BROWSING,h,3,Jeans
14:04,45,ARRIVED_SECTION,b,3,Underwear
14:04,47,ARRIVED_SECTION,d,3,Stockings
14:04,48,IN_QUEUE,b,9,position #3
14:04,49,BROWSING,d,13,Hats & Handbags
14:04,50,MOVING,f,3,→ Pants
14:04,51,MOVING,e,10,→ Hats & Handbags
14:04,52,MOVING,b,6,→ Underwear
14:04,53,MOVING,h,6,→ Jeans
14:05,15,BROWSING,b,3,Underwear
14:05,22,MOVING,h,11,→ Jeans
14:05,24,IN_FITTING,a,13,13/19 min
14:05,25,PURCHASED,b,9,"4 item(s): Stockings, Pants, Hats & Handbags, Underwear"
14:05,26,BROWSING,b,3,Underwear
14:05,31,EXITED,h,8,
14:05,32,BROWSING,g,3,Jeans
14:05,33,BROWSING,c,6,Pants
14:05,35,ARRIVED_SECTION,d,13,Hats & Handbags
14:05,36,BROWSING,c,3,Stockings
14:05,37,AT_CHECKOUT,b,9,5/8 min
14:05,38,BROWSING,h,3,Jeans
14:05,39,BROWSING,c,13,Tops
14:05,40,MOVING,b,6,→ Stockings
14:05,41,NO_PICK,c,3,Stockings
14:05,42,BROWSING,b,3,Underwear
14:05,43,BROWSING,d,13,Hats & Handbags
14:05,44,BROWSING,h,3,Jeans
14:05,45,BROWSING,b,3,Underwear
14:05,47,BROWSING,d,3,Stockings
14:05,48,IN_QUEUE,b,9,position #2
14:05,49,BROWSING,d,13,Hats & Handbags
14:05,50,ARRIVED_SECTION,f,4,Pants
14:05,51,PAUSED,e,10,→ Hats & Handbags
14:05,52,MOVING,b,4,→ Underwear
14:05,53,PAUSED,h,6,→ Jeans
14:06,54,ENTERED,h,8,"profile=regular gender=female age=adult speed=1 plan=[Tops, Stockings, Skirts & Dresses, Underwear]"
14:06,48,CHECKOUT_CALLED,b,9,lane 2
14:06,15,BROWSING,b,3,Underwear
14:06,22,MOVING,h,9,→ Jeans
14:06,24,IN_FITTING,a,13,14/19 min
14:06,25,MOVING,d,9,→ exit
14:06,26,PUT_BACK_SHELF,b,3,Underwear
14:06,32,BROWSING,g,3,Jeans
14:06,33,BROWSING,c,6,Pants
14:06,35,BROWSING,d,13,Hats & Handbags
14:06,36,NO_PICK,c,3,Stockings
14:06,36,HEADING,c,3,checkout
14:06,37,AT_CHECKOUT,b,9,6/8 min
14:06,38,BROWSING,h,3,Jeans
14:06,39,BROWSING,c,13,Tops
14:06,40,MOVING,b,5,→ Stockings
14:06,41,ARRIVED_SECTION,c,4,Pants
14:06,42,BROWSING,b,3,Underwear
14:06,43,PICKED_ITEM,d,13,Hats & Handbags
14:06,44,NO_PICK,h,3,Jeans
14:06,44,HEADING,h,3,exit
14:06,45,BROWSING,b,3,Underwear
14:06,47,BROWSING,d,3,Stockings
14:06,48,AT_CHECKOUT,b,9,1/4 min
14:06,49,BROWSING,d,13,Hats & Handbags
14:06,50,BROWSING,f,4,Pants
14:06,51,PAUSED,e,10,→ Hats & Handbags
14:06,52,ARRIVED_SECTION,b,3,Underwear
14:06,53,PAUSED,h,6,→ Jeans
14:06,54,MOVING,g,8,→ Tops
14:07,55,ENTERED,h,8,"profile=browser gender=female age=senior speed=1 plan=[Tops, Hats & Handbags, Pants, Jeans, Skirts & Dresses, Underwear, Stockings]"
14:07,15,BROWSING,b,3,Underwear
14:07,22,MOVING,h,7,→ Jeans
14:07,24,IN_FITTING,a,13,15/19 min
14:07,25,MOVING,f,9,→ exit
14:07,26,ARRIVED_SECTION,c,3,Stockings
14:07,32,BROWSING,g,3,Jeans
14:07,33,BROWSING,c,6,Pants
14:07,35,BROWSING,d,13,Hats & Handbags
14:07,36,MOVING,b,4,→ checkout
14:07,37,AT_CHECKOUT,b,9,7/8 min
14:07,38,BROWSING,h,3,Jeans
14:07,39,BROWSING,c,13,Tops
14:07,40,MOVING,b,4,→ Stockings
14:07,41,BROWSING,c,4,Pants
14:07,42,BROWSING,b,3,Underwear
14:07,43,PAUSED,d,13,→ Jeans
14:07,44,PAUSED,h,3,→ exit
14:07,45,BROWSING,b,3,Underwear
14:07,47,BROWSING,d,3,Stockings
14:07,48,AT_CHECKOUT,b,9,2/4 min
14:07,49,PICKED_ITEM,d,13,Hats & Handbags
14:07,50,BROWSING,f,4,Pants
14:07,51,MOVING,e,11,→ Hats & Handbags
14:07,52,BROWSING,b,3,Underwear
14:07,53,PAUSED,h,6,→ Jeans
14:07,54,MOVING,g,9,→ Tops
14:07,55,MOVING,g,8,→ Tops
14:08,15,BROWSING,b,3,Underwear
14:08,22,MOVING,h,5,→ Jeans
14:08,24,IN_FITTING,a,13,16/19 min
14:08,25,MOVING,h,9,→ exit
14:08,26,BROWSING,c,3,Stockings
14:08,32,BROWSING,g,3,Jeans
14:08,33,BROWSING,c,6,Pants
14:08,35,BROWSING,d,13,Hats & Handbags
14:08,36,MOVING,b,6,→ checkout
14:08,37,PURCHASED,b,9,"4 item(s): Skirts & Dresses, Hats & Handbags, Pants, Jeans"
14:08,38,BROWSING,h,3,Jeans
14:08,39,BROWSING,c,13,Tops
14:08,40,MOVING,c,4,→ Stockings
14:08,41,BROWSING,c,4,Pants
14:08,42,BROWSING,b,3,Underwear
14:08,43,PAUSED,d,13,→ Jeans
14:08,44,PAUSED,h,3,→ exit
14:08,45,BROWSING,b,3,Underwear
14:08,47,BROWSING,d,3,Stockings
14:08,48,AT_CHECKOUT,b,9,3/4 min
14:08,49,MOVING,e,13,→ Skirts & Dresses
14:08,50,BROWSING,f,4,Pants
14:08,51,MOVING,e,12,→ Hats & Handbags
14:08,52,BROWSING,b,3,Underwear
14:08,53,MOVING,h,5,→ Jeans
14:08,54,ARRIVED_SECTION,g,10,Tops
14:08,55,MOVING,g,9,→ Tops
14:09,15,BROWSING,b,3,Underwear
14:09,22,ARRIVED_SECTION,h,3,Jeans
14:09,24,IN_FITTING,a,13,17/19 min
14:09,25,EXITED,h,8,
14:09,26,BROWSING,c,3,Stockings
14:09,32,BROWSING,g,3,Jeans
14:09,33,BROWSING,c,6,Pants
14:09,35,BROWSING,d,13,Hats & Handbags
14:09,36,MOVING,b,8,→ checkout
14:09,37,MOVING,e,9,→ exit
14:09,38,BROWSING,h,3,Jeans
14:09,39,BROWSING,c,13,Tops
14:09,40,ARRIVED_SECTION,c,3,Stockings
14:09,41,BROWSING,c,4,Pants
14:09,42,BROWSING,b,3,Underwear
14:09,43,PAUSED,d,13,→ Jeans
14:09,44,PAUSED,h,3,→ exit
14:09,45,BROWSING,b,3,Underwear
14:09,47,BROWSING,d,3,Stockings
14:09,48,PURCHASED,b,9,1 item(s): Hats & Handbags
14:09,49,ARRIVED_SECTION,f,13,Skirts & Dresses
14:09,50,BROWSING,f,4,Pants
14:09,51,MOVING,e,13,→ Hats & Handbags
14:09,52,BROWSING,b,3,Underwear
14:09,53,MOVING,h,4,→ Jeans
14:09,54,BROWSING,g,10,Tops
14:09,55,ARRIVED_SECTION,g,10,Tops
14:10,15,NO_PICK,b,3,Underwear
14:10,15,HEADING,b,3,fitting room
14:10,22,BROWSING,h,3,Jeans
14:10,24,IN_FITTING,a,13,18/19 min
14:10,26,BROWSING,c,3,Stockings
14:10,32,BROWSING,g,3,Jeans
14:10,33,BROWSING,c,6,Pants
14:10,35,BROWSING,d,13,Hats & Handbags
14:10,36,JOINED_QUEUE,b,9,"position #1, 1 item(s)"
14:10,37,MOVING,h,9,→ exit
14:10,38,PUT_BACK_SHELF,h,3,Jeans
14:10,38,HEADING,h,3,checkout
14:10,39,BROWSING,c,13,Tops
14:10,40,BROWSING,c,3,Stockings
14:10,41,BROWSING,c,4,Pants
14:10,42,BROWSING,b,3,Underwear
14:10,43,PAUSED,d,13,→ Jeans
14:10,44,PAUSED,h,3,→ exit
14:10,45,BROWSING,b,3,Underwear
14:10,47,BROWSING,d,3,Stockings
14:10,48,MOVING,e,9,→ exit
14:10,49,BROWSING,f,13,Skirts & Dresses
14:10,50,BROWSING,f,4,Pants
14:10,51,ARRIVED_SECTION,d,13,Hats & Handbags
14:10,52,BROWSING,b,3,Underwear
14:10,53,ARRIVED_SECTION,h,3,Jeans
14:10,54,BROWSING,g,10,Tops
14:10,55,BROWSING,g,10,Tops
14:11,36,CHECKOUT_CALLED,b,9,lane 1
14:11,15,MOVING,a,3,→ fitting room
14:11,22,BROWSING,h,3,Jeans
14:11,24,LEFT_FITTING,a,13,"keeping=3, left_in_room=1"
14:11,24,HEADING,a,13,checkout
14:11,26,BROWSING,c,3,Stockings
14:11,32,BROWSING,g,3,Jeans
14:11,33,PICKED_ITEM,c,6,Pants
14:11,33,HEADING,c,6,fitting room
14:11,35,BROWSING,d,13,Hats & Handbags
14:11,36,AT_CHECKOUT,b,9,1/6 min
14:11,37,EXITED,h,8,
14:11,38,MOVING,g,3,→ checkout
14:11,39,BROWSING,c,13,Tops
14:11,40,BROWSING,c,3,Stockings
14:11,41,BROWSING,c,4,Pants
14:11,42,BROWSING,b,3,Underwear
14:11,43,MOVING,e,12,→ Jeans
14:11,44,MOVING,h,5,→ exit
14:11,45,BROWSING,b,3,Underwear
14:11,47,BROWSING,d,3,Stockings
14:11,48,MOVING,h,9,→ exit
14:11,49,BROWSING,f,13,Skirts & Dresses
14:11,50,BROWSING,f,4,Pants
14:11,51,BROWSING,d,13,Hats & Handbags
14:11,52,BROWSING,b,3,Underwear
14:11,53,BROWSING,h,3,Jeans
14:11,54,BROWSING,g,10,Tops
14:11,55,BROWSING,g,10,Tops
14:12,15,MOVING,a,4,→ fitting room
14:12,22,BROWSING,h,3,Jeans
14:12,24,MOVING,b,11,→ checkout
14:12,26,BROWSING,c,3,Stockings
14:12,32,BROWSING,g,3,Jeans
14:12,33,MOVING,a,6,→ fitting room
14:12,35,BROWSING,d,13,Hats & Handbags
14:12,36,AT_CHECKOUT,b,9,2/6 min
14:12,38,MOVING,f,3,→ checkout
14:12,39,BROWSING,c,13,Tops
14:12,40,BROWSING,c,3,Stockings
14:12,41,BROWSING,c,4,Pants
14:12,42,BROWSING,b,3,Underwear
14:12,43,MOVING,e,10,→ Jeans
14:12,44,MOVING,h,7,→ exit
14:12,45,BROWSING,b,3,Underwear
14:12,47,BROWSING,d,3,Stockings
14:12,48,EXITED,h,8,
14:12,49,BROWSING,f,13,Skirts & Dresses
14:12,50,BROWSING,f,4,Pants
14:12,51,BROWSING,d,13,Hats & Handbags
14:12,52,BROWSING,b,3,Underwear
14:12,53,BROWSING,h,3,Jeans
14:12,54,BROWSING,g,10,Tops
14:12,55,BROWSING,g,10,Tops
14:13,15,MOVING,a,5,→ fitting room
14:13,22,BROWSING,h,3,Jeans
14:13,24,JOINED_QUEUE,b,9,"position #2, 3 item(s)"
14:13,26,BROWSING,c,3,Stockings
14:13,32,BROWSING,g,3,Jeans
14:13,33,MOVING,a,8,→ fitting room
14:13,35,BROWSING,d,13,Hats & Handbags
14:13,36,AT_CHECKOUT,b,9,3/6 min
14:13,38,MOVING,e,3,→ checkout
14:13,39,BROWSING,c,13,Tops
14:13,40,BROWSING,c,3,Stockings
14:13,41,BROWSING,c,4,Pants
14:13,42,PICKED_ITEM,b,3,Underwear
14:13,42,HEADING,b,3,checkout
14:13,43,PAUSED,e,10,→ Jeans
14:13,44,EXITED,h,8,
14:13,45,BROWSING,b,3,Underwear
14:13,47,BROWSING,d,3,Stockings
14:13,49,BROWSING,f,13,Skirts & Dresses
14:13,50,BROWSING,f,4,Pants
14:13,51,BROWSING,d,13,Hats & Handbags
14:13,52,BROWSING,b,3,Underwear
14:13,53,BROWSING,h,3,Jeans
14:13,54,BROWSING,g,10,Tops
14:13,55,BROWSING,g,10,Tops
14:14,56,ENTERED,h,8,"profile=regular gender=female age=adult speed=1 plan=[Tops, Stockings]"
14:14,24,CHECKOUT_CALLED,b,9,lane 2
14:14,15,MOVING,a,6,→ fitting room
14:14,22,BROWSING,h,3,Jeans
14:14,24,AT_CHECKOUT,b,9,1/6 min
14:14,26,NO_PICK,c,3,Stockings
14:14,26,HEADING,c,3,exit
14:14,32,BROWSING,g,3,Jeans
14:14,33,MOVING,a,10,→ fitting room
14:14,35,BROWSING,d,13,Hats & Handbags
14:14,36,AT_CHECKOUT,b,9,4/6 min
14:14,38,MOVING,d,3,→ checkout
14:14,39,BROWSING,c,13,Tops
14:14,40,BROWSING,c,3,Stockings
14:14,41,NO_PICK,c,4,Pants
14:14,42,MOVING,b,5,→ checkout
14:14,43,PAUSED,e,10,→ Jeans
14:14,45,PICKED_ITEM,b,3,Underwear
14:14,45,HEADING,b,3,fitting room
14:14,47,BROWSING,d,3,Stockings
14:14,49,BROWSING,f,13,Skirts & Dresses
14:14,50,BROWSING,f,4,Pants
14:14,51,BROWSING,d,13,Hats & Handbags
14:14,52,BROWSING,b,3,Underwear
14:14,53,BROWSING,h,3,Jeans
14:14,54,BROWSING,g,10,Tops
14:14,55,BROWSING,g,10,Tops
14:14,56,MOVING,g,8,→ Tops
14:15,15,PAUSED,a,6,→ fitting room
14:15,22,BROWSING,h,3,Jeans
14:15,24,AT_CHECKOUT,b,9,2/6 min
14:15,26,MOVING,d,3,→ exit
14:15,32,BROWSING,g,3,Jeans
14:15,33,ARRIVED_FITTING_AREA,a,12,2 item(s)
14:15,35,BROWSING,d,13,Hats & Handbags
14:15,36,AT_CHECKOUT,b,9,5/6 min
14:15,38,MOVING,c,3,→ checkout
14:15,39,BROWSING,c,13,Tops
14:15,40,BROWSING,c,3,Stockings
14:15,41,MOVING,d,4,→ Jeans
14:15,42,MOVING,b,7,→ checkout
14:15,43,MOVING,g,10,→ Jeans
14:15,45,MOVING,a,5,→ fitting room
14:15,47,BROWSING,d,3,Stockings
14:15,49,BROWSING,f,13,Skirts & Dresses
14:15,50,BROWSING,f,4,Pants
14:15,51,BROWSING,d,13,Hats & Handbags
14:15,52,BROWSING,b,3,Underwear
14:15,53,BROWSING,h,3,Jeans
14:15,54,PICKED_ITEM,g,10,Tops
14:15,55,BROWSING,g,10,Tops
14:15,56,MOVING,g,9,→ Tops
14:16,15,PAUSED,a,6,→ fitting room
14:16,22,BROWSING,h,3,Jeans
14:16,24,AT_CHECKOUT,b,9,3/6 min
14:16,26,MOVING,e,3,→ exit
14:16,32,NO_PICK,g,3,Jeans
14:16,33,ENTERED_FITTING,a,12,"2 item(s) to try on, waited 0 ticks"
14:16,35,BROWSING,d,13,Hats & Handbags
14:16,36,PURCHASED,b,9,1 item(s): Underwear
14:16,38,MOVING,b,3,→ checkout
14:16,39,BROWSING,c,13,Tops
14:16,40,BROWSING,c,3,Stockings
14:16,41,MOVING,e,4,→ Jeans
14:16,42,JOINED_QUEUE,b,9,"position #2, 2 item(s)"
14:16,43,MOVING,g,8,→ Jeans
14:16,45,MOVING,a,8,→ fitting room
14:16,47,BROWSING,d,3,Stockings
14:16,49,PICKED_ITEM,f,13,Skirts & Dresses
14:16,50,BROWSING,f,4,Pants
14:16,51,BROWSING,d,13,Hats & Handbags
14:16,52,BROWSING,b,3,Underwear
14:16,53,BROWSING,h,3,Jeans
14:16,54,MOVING,g,9,→ Stockings
14:16,55,BROWSING,g,10,Tops
14:16,56,ARRIVED_SECTION,g,10,Tops
14:17,42,CHECKOUT_CALLED,b,9,lane 2
14:17,15,PAUSED,a,6,→ fitting room
14:17,22,BROWSING,h,3,Jeans
14:17,24,AT_CHECKOUT,b,9,4/6 min
14:17,26,MOVING,f,3,→ exit
14:17,32,MOVING,h,4,→ Skirts & Dresses
14:17,33,IN_FITTING,a,12,1/14 min
14:17,35,BROWSING,d,13,Hats & Handbags
14:17,36,MOVING,d,9,→ exit
14:17,38,MOVING,b,4,→ checkout
14:17,39,BROWSING,c,13,Tops
14:17,40,BROWSING,c,3,Stockings
14:17,41,MOVING,f,4,→ Jeans
14:17,42,AT_CHECKOUT,b,9,1/7 min
14:17,43,MOVING,g,6,→ Jeans
14:17,45,MOVING,a,11,→ fitting room
14:17,47,BROWSING,d,3,Stockings
14:17,49,MOVING,g,13,→ Jeans
14:17,50,PICKED_ITEM,f,4,Pants
14:17,51,BROWSING,d,13,Hats & Handbags
14:17,52,BROWSING,b,3,Underwear
14:17,53,BROWSING,h,3,Jeans
14:17,54,MOVING,g,8,→ Stockings
14:17,55,NO_PICK,g,10,Tops
14:17,56,BROWSING,g,10,Tops
14:18,57,ENTERED,h,8,"profile=indecisive gender=female age=senior speed=1 plan=[Underwear, Pants, Tops]"
14:18,15,MOVING,a,7,→ fitting room
14:18,22,BROWSING,h,3,Jeans
14:18,24,AT_CHECKOUT,b,9,5/6 min
14:18,26,MOVING,g,3,→ exit
14:18,32,MOVING,h,6,→ Skirts & Dresses
14:18,33,IN_FITTING,a,12,2/14 min
14:18,35,BROWSING,d,13,Hats & Handbags
14:18,36,MOVING,f,9,→ exit
14:18,38,MOVING,b,5,→ checkout
14:18,39,BROWSING,c,13,Tops
14:18,40,BROWSING,c,3,Stockings
14:18,41,MOVING,g,4,→ Jeans
14:18,42,AT_CHECKOUT,b,9,2/7 min
14:18,43,MOVING,g,4,→ Jeans
14:18,45,ARRIVED_FITTING_AREA,a,12,1 item(s)
14:18,47,BROWSING,d,3,Stockings
14:18,49,MOVING,h,13,→ Jeans
14:18,50,MOVING,g,5,→ Tops
14:18,51,BROWSING,d,13,Hats & Handbags
14:18,52,BROWSING,b,3,Underwear
14:18,53,BROWSING,h,3,Jeans
14:18,54,MOVING,g,7,→ Stockings
14:18,55,MOVING,f,10,→ Hats & Handbags
14:18,56,BROWSING,g,10,Tops
14:18,57,MOVING,g,8,→ Underwear
14:19,15,PAUSED,a,7,→ fitting room
14:19,22,BROWSING,h,3,Jeans
14:19,24,PURCHASED,b,9,"3 item(s): Underwear, Stockings, Hats & Handbags"
14:19,26,MOVING,h,3,→ exit
14:19,32,MOVING,h,8,→ Skirts & Dresses
14:19,33,IN_FITTING,a,12,3/14 min
14:19,35,BROWSING,d,13,Hats & Handbags
14:19,36,MOVING,h,9,→ exit
14:19,38,MOVING,b,6,→ checkout
14:19,39,BROWSING,c,13,Tops
14:19,40,PICKED_ITEM,c,3,Stockings
14:19,41,ARRIVED_SECTION,g,3,Jeans
14:19,42,AT_CHECKOUT,b,9,3/7 min
14:19,43,ARRIVED_SECTION,g,3,Jeans
14:19,45,ENTERED_FITTING,a,13,"1 item(s) to try on, waited 0 ticks"
14:19,47,NO_PICK,d,3,Stockings
14:19,49,MOVING,h,12,→ Jeans
14:19,50,MOVING,g,7,→ Tops
14:19,51,BROWSING,d,13,Hats & Handbags
14:19,52,BROWSING,b,3,Underwear
14:19,53,BROWSING,h,3,Jeans
14:19,54,MOVING,g,6,→ Stockings
14:19,55,MOVING,e,10,→ Hats & Handbags
14:19,56,BROWSING,g,10,Tops
14:19,57,PAUSED,g,8,→ Underwear
14:20,15,PAUSED,a,7,→ fitting room
14:20,22,BROWSING,h,3,Jeans
14:20,24,MOVING,e,9,→ exit
14:20,26,MOVING,h,4,→ exit
14:20,32,MOVING,h,10,→ Skirts & Dresses
14:20,33,IN_FITTING,a,12,4/14 min
14:20,35,BROWSING,d,13,Hats & Handbags
14:20,36,EXITED,h,8,
14:20,38,MOVING,b,7,→ checkout
14:20,39,BROWSING,c,13,Tops
14:20,40,MOVING,b,3,→ Skirts & Dresses
14:20,41,BROWSING,g,3,Jeans
14:20,42,AT_CHECKOUT,b,9,4/7 min
14:20,43,BROWSING,g,3,Jeans
14:20,45,IN_FITTING,a,13,1/11 min
14:20,47,MOVING,f,3,→ Skirts & Dresses
14:20,49,MOVING,h,11,→ Jeans
14:20,50,MOVING,g,9,→ Tops
14:20,51,BROWSING,d,13,Hats & Handbags
14:20,52,BROWSING,b,3,Underwear
14:20,53,BROWSING,h,3,Jeans
14:20,54,MOVING,g,5,→ Stockings
14:20,55,MOVING,e,11,→ Hats & Handbags
14:20,56,BROWSING,g,10,Tops
14:20,57,PAUSED,g,8,→ Underwear
14:21,15,PAUSED,a,7,→ fitting room
14:21,22,BROWSING,h,3,Jeans
14:21,24,MOVING,h,9,→ exit
14:21,26,MOVING,h,5,→ exit
14:21,32,MOVING,h,12,→ Skirts & Dresses
14:21,33,IN_FITTING,a,12,5/14 min
14:21,35,BROWSING,d,13,Hats & Handbags
14:21,38,MOVING,b,8,→ checkout
14:21,39,BROWSING,c,13,Tops
14:21,40,MOVING,b,4,→ Skirts & Dresses
14:21,41,BROWSING,g,3,Jeans
14:21,42,AT_CHECKOUT,b,9,5/7 min
14:21,43,BROWSING,g,3,Jeans
14:21,45,IN_FITTING,a,13,2/11 min
14:21,47,MOVING,h,3,→ Skirts & Dresses
14:21,49,MOVING,h,10,→ Jeans
14:21,50,ARRIVED_SECTION,g,10,Tops
14:21,51,BROWSING,d,13,Hats & Handbags
14:21,52,BROWSING,b,3,Underwear
14:21,53,NO_PICK,h,3,Jeans
14:21,54,MOVING,g,4,→ Stockings
14:21,55,MOVING,e,12,→ Hats & Handbags
14:21,56,PUT_BACK_SHELF,g,10,Tops
14:21,57,MOVING,f,8,→ Underwear
14:22,15,PAUSED,a,7,→ fitting room
14:22,22,BROWSING,h,3,Jeans
14:22,24,EXITED,h,8,
14:22,26,MOVING,h,6,→ exit
14:22,32,ARRIVED_SECTION,h,13,Skirts & Dresses
14:22,33,IN_FITTING,a,12,6/14 min
14:22,35,BROWSING,d,13,Hats & Handbags
14:22,38,JOINED_QUEUE,b,9,"position #2, 2 item(s)"
14:22,39,PUT_BACK_SHELF,c,13,Tops
14:22,40,MOVING,b,5,→ Skirts & Dresses
14:22,41,BROWSING,g,3,Jeans
14:22,42,AT_CHECKOUT,b,9,6/7 min
14:22,43,BROWSING,g,3,Jeans
14:22,45,IN_FITTING,a,13,3/11 min
14:22,47,MOVING,h,5,→ Skirts & Dresses
14:22,49,MOVING,h,9,→ Jeans
14:22,50,BROWSING,g,10,Tops
14:22,51,BROWSING,d,13,Hats & Handbags
14:22,52,BROWSING,b,3,Underwear
14:22,53,MOVING,g,3,→ Pants
14:22,54,MOVING,f,4,→ Stockings
14:22,55,MOVING,e,13,→ Hats & Handbags
14:22,56,MOVING,g,9,→ Stockings
14:22,57,MOVING,e,8,→ Underwear
14:23,38,CHECKOUT_CALLED,b,9,lane 2
14:23,15,MOVING,a,8,→ fitting room
14:23,22,BROWSING,h,3,Jeans
14:23,26,MOVING,h,7,→ exit
14:23,32,BROWSING,h,13,Skirts & Dresses
14:23,33,IN_FITTING,a,12,7/14 min
14:23,35,BROWSING,d,13,Hats & Handbags
14:23,38,AT_CHECKOUT,b,9,1/8 min
14:23,39,MOVING,e,13,→ Jeans
14:23,40,MOVING,b,6,→ Skirts & Dresses
14:23,41,BROWSING,g,3,Jeans
14:23,42,PURCHASED,b,9,"2 item(s): Skirts & Dresses, Underwear"
14:23,43,BROWSING,g,3,Jeans
14:23,45,IN_FITTING,a,13,4/11 min
14:23,47,PAUSED,h,5,→ Skirts & Dresses
14:23,49,MOVING,h,8,→ Jeans
14:23,50,BROWSING,g,10,Tops
14:23,51,BROWSING,d,13,Hats & Handbags
14:23,52,NO_PICK,b,3,Underwear
14:23,53,MOVING,f,3,→ Pants
14:23,54,MOVING,e,4,→ Stockings
14:23,55,ARRIVED_SECTION,d,13,Hats & Handbags
14:23,56,MOVING,g,8,→ Stockings
14:23,57,PAUSED,e,8,→ Underwear
14:24,58,ENTERED,h,8,"profile=regular gender=female age=adult speed=1 plan=[Underwear, Skirts & Dresses, Tops, Jeans, Pants, Stockings]"
14:24,15,MOVING,a,9,→ fitting room
14:24,22,BROWSING,h,3,Jeans
14:24,26,EXITED,h,8,
14:24,32,BROWSING,h,13,Skirts & Dresses
14:24,33,IN_FITTING,a,12,8/14 min
14:24,35,BROWSING,d,13,Hats & Handbags
14:24,38,AT_CHECKOUT,b,9,2/8 min
14:24,39,MOVING,e,11,→ Jeans
14:24,40,MOVING,c,6,→ Skirts & Dresses
14:24,41,BROWSING,g,3,Jeans
14:24,42,MOVING,d,9,→ exit
14:24,43,BROWSING,g,3,Jeans
14:24,45,IN_FITTING,a,13,5/11 min
14:24,47,PAUSED,h,5,→ Skirts & Dresses
14:24,49,MOVING,h,7,→ Jeans
14:24,50,BROWSING,g,10,Tops
14:24,51,BROWSING,d,13,Hats & Handbags
14:24,52,PAUSED,b,3,→ Tops
14:24,53,ARRIVED_SECTION,f,4,Pants
14:24,54,MOVING,d,4,→ Stockings
14:24,55,BROWSING,d,13,Hats & Handbags
14:24,56,MOVING,g,7,→ Stockings
14:24,57,PAUSED,e,8,→ Underwear
14:24,58,PAUSED,h,8,→ Underwear
14:25,15,MOVING,a,10,→ fitting room
14:25,22,BROWSING,h,3,Jeans
14:25,32,BROWSING,h,13,Skirts & Dresses
14:25,33,IN_FITTING,a,12,9/14 min
14:25,35,BROWSING,d,13,Hats & Handbags
14:25,38,AT_CHECKOUT,b,9,3/8 min
14:25,39,MOVING,f,10,→ Jeans
14:25,40,MOVING,d,6,→ Skirts & Dresses
14:25,41,BROWSING,g,3,Jeans
14:25,42,MOVING,f,9,→ exit
14:25,43,BROWSING,g,3,Jeans
14:25,45,IN_FITTING,a,13,6/11 min
14:25,47,PAUSED,h,5,→ Skirts & Dresses
14:25,49,MOVING,h,6,→ Jeans
14:25,50,BROWSING,g,10,Tops
14:25,51,PICKED_ITEM,d,13,Hats & Handbags
14:25,52,PAUSED,b,3,→ Tops
14:25,53,BROWSING,f,4,Pants
14:25,54,ARRIVED_SECTION,d,3,Stockings
14:25,55,BROWSING,d,13,Hats & Handbags
14:25,56,MOVING,g,6,→ Stockings
14:25,57,MOVING,d,8,→ Underwear
14:25,58,PAUSED,h,8,→ Underwear
14:26,59,ENTERED,h,8,"profile=browser gender=female age=young speed=2 plan=[Pants, Stockings, Skirts & Dresses, Jeans]"
14:26,15,MOVING,a,11,→ fitting room
14:26,22,BROWSING,h,3,Jeans
14:26,32,BROWSING,h,13,Skirts & Dresses
14:26,33,IN_FITTING,a,12,10/14 min
14:26,35,BROWSING,d,13,Hats & Handbags
14:26,38,AT_CHECKOUT,b,9,4/8 min
14:26,39,MOVING,g,9,→ Jeans
14:26,40,MOVING,e,6,→ Skirts & Dresses
14:26,41,BROWSING,g,3,Jeans
14:26,42,MOVING,h,9,→ exit
14:26,43,BROWSING,g,3,Jeans
14:26,45,IN_FITTING,a,13,7/11 min
14:26,47,MOVING,h,7,→ Skirts & Dresses
14:26,49,MOVING,h,5,→ Jeans
14:26,50,BROWSING,g,10,Tops
14:26,51,MOVING,e,13,→ Pants
14:26,52,PAUSED,b,3,→ Tops
14:26,53,BROWSING,f,4,Pants
14:26,54,BROWSING,d,3,Stockings
14:26,55,BROWSING,d,13,Hats & Handbags
14:26,56,MOVING,g,5,→ Stockings
14:26,57,MOVING,d,7,→ Underwear
14:26,58,PAUSED,h,8,→ Underwear
14:26,59,MOVING,f,8,→ Pants
14:27,60,ENTERED,h,8,"profile=regular gender=female age=adult speed=1 plan=[Tops, Hats & Handbags, Stockings]"
14:27,15,ARRIVED_FITTING_AREA,a,12,3 item(s)
14:27,22,BROWSING,h,3,Jeans
14:27,32,BROWSING,h,13,Skirts & Dresses
14:27,33,IN_FITTING,a,12,11/14 min
14:27,35,NO_PICK,d,13,Hats & Handbags
14:27,35,HEADING,d,13,exit
14:27,38,AT_CHECKOUT,b,9,5/8 min
14:27,39,MOVING,g,7,→ Jeans
14:27,40,MOVING,e,7,→ Skirts & Dresses
14:27,41,BROWSING,g,3,Jeans
14:27,42,EXITED,h,8,
14:27,43,BROWSING,g,3,Jeans
14:27,45,IN_FITTING,a,13,8/11 min
14:27,47,MOVING,h,9,→ Skirts & Dresses
14:27,49,MOVING,h,4,→ Jeans
14:27,50,NO_PICK,g,10,Tops
14:27,51,MOVING,e,12,→ Pants
14:27,52,MOVING,b,5,→ Tops
14:27,53,BROWSING,f,4,Pants
14:27,54,BROWSING,d,3,Stockings
14:27,55,BROWSING,d,13,Hats & Handbags
14:27,56,MOVING,g,4,→ Stockings
14:27,57,MOVING,d,6,→ Underwear
14:27,58,PAUSED,h,8,→ Underwear
14:27,59,ARRIVED_SECTION,f,6,Pants
14:27,60,MOVING,g,8,→ Tops
14:28,15,ENTERED_FITTING,a,14,"3 item(s) to try on, waited 0 ticks"
14:28,22,PICKED_ITEM,h,3,Jeans
14:28,32,BROWSING,h,13,Skirts & Dresses
14:28,33,IN_FITTING,a,12,12/14 min
14:28,35,MOVING,f,13,→ exit
14:28,38,AT_CHECKOUT,b,9,6/8 min
14:28,39,MOVING,g,5,→ Jeans
14:28,40,MOVING,e,8,→ Skirts & Dresses
14:28,41,BROWSING,g,3,Jeans
14:28,43,BROWSING,g,3,Jeans
14:28,45,IN_FITTING,a,13,9/11 min
14:28,47,MOVING,h,11,→ Skirts & Dresses
14:28,49,ARRIVED_SECTION,h,3,Jeans
14:28,50,MOVING,e,10,→ Underwear
14:28,51,MOVING,e,11,→ Pants
14:28,52,PAUSED,b,5,→ Tops
14:28,53,BROWSING,f,4,Pants
14:28,54,BROWSING,d,3,Stockings
14:28,55,BROWSING,d,13,Hats & Handbags
14:28,56,MOVING,f,4,→ Stockings
14:28,57,MOVING,c,6,→ Underwear
14:28,58,MOVING,g,8,→ Underwear
14:28,59,BROWSING,f,6,Pants
14:28,60,PAUSED,g,8,→ Tops
14:29,15,IN_FITTING,a,14,1/17 min
14:29,22,MOVING,f,3,→ Stockings
14:29,32,BROWSING,h,13,Skirts & Dresses
14:29,33,IN_FITTING,a,12,13/14 min
14:29,35,MOVING,h,13,→ exit
14:29,38,AT_CHECKOUT,b,9,7/8 min
14:29,39,ARRIVED_SECTION,g,3,Jeans
14:29,40,MOVING,e,9,→ Skirts & Dresses
14:29,41,BROWSING,g,3,Jeans
14:29,43,BROWSING,g,3,Jeans
14:29,45,IN_FITTING,a,13,10/11 min
14:29,47,ARRIVED_SECTION,h,13,Skirts & Dresses
14:29,49,BROWSING,h,3,Jeans
14:29,50,MOVING,c,10,→ Underwear
14:29,51,MOVING,e,10,→ Pants
14:29,52,PAUSED,b,5,→ Tops
14:29,53,BROWSING,f,4,Pants
14:29,54,BROWSING,d,3,Stockings
14:29,55,BROWSING,d,13,Hats & Handbags
14:29,56,MOVING,e,4,→ Stockings
14:29,57,MOVING,b,6,→ Underwear
14:29,58,MOVING,f,8,→ Underwear
14:29,59,BROWSING,f,6,Pants
14:29,60,PAUSED,g,8,→ Tops
14:30,15,IN_FITTING,a,14,2/17 min
14:30,22,ARRIVED_SECTION,d,3,Stockings
14:30,32,BROWSING,h,13,Skirts & Dresses
14:30,33,LEFT_FITTING,a,12,keeping=2
14:30,33,HEADING,a,12,checkout
14:30,35,MOVING,h,11,→ exit
14:30,38,PURCHASED,b,9,"2 item(s): Skirts & Dresses, Tops"
14:30,39,BROWSING,g,3,Jeans
14:30,40,MOVING,e,10,→ Skirts & Dresses
14:30,41,BROWSING,g,3,Jeans
14:30,43,BROWSING,g,3,Jeans
14:30,45,LEFT_FITTING,a,13,keeping=1
14:30,45,HEADING,a,13,checkout
14:30,47,BROWSING,h,13,Skirts & Dresses
14:30,49,BROWSING,h,3,Jeans
14:30,50,MOVING,b,9,→ Underwear
14:30,51,MOVING,e,9,→ Pants
14:30,52,MOVING,b,7,→ Tops
14:30,53,BROWSING,f,4,Pants
14:30,54,BROWSING,d,3,Stockings
14:30,55,BROWSING,d,13,Hats & Handbags
14:30,56,MOVING,d,4,→ Stockings
14:30,57,MOVING,b,5,→ Underwear
14:30,58,MOVING,e,8,→ Underwear
14:30,59,BROWSING,f,6,Pants
14:30,60,PAUSED,g,8,→ Tops
14:31,15,IN_FITTING,a,14,3/17 min
14:31,22,BROWSING,d,3,Stockings
14:31,32,BROWSING,h,13,Skirts & Dresses
14:31,33,MOVING,b,11,→ checkout
14:31,35,MOVING,h,9,→ exit
14:31,38,MOVING,c,9,→ exit
14:31,39,BROWSING,g,3,Jeans
14:31,40,MOVING,e,11,→ Skirts & Dresses
14:31,41,BROWSING,g,3,Jeans
14:31,43,BROWSING,g,3,Jeans
14:31,45,MOVING,b,11,→ checkout
14:31,47,BROWSING,h,13,Skirts & Dresses
14:31,49,BROWSING,h,3,Jeans
14:31,50,MOVING,b,7,→ Underwear
14:31,51,MOVING,e,8,→ Pants
14:31,52,MOVING,b,9,→ Tops
14:31,53,BROWSING,f,4,Pants
14:31,54,BROWSING,d,3,Stockings
14:31,55,BROWSING,d,13,Hats & Handbags
14:31,56,PAUSED,d,4,→ Stockings
14:31,57,MOVING,b,4,→ Underwear
14:31,58,MOVING,d,8,→ Underwear
14:31,59,BROWSING,f,6,Pants
14:31,60,PAUSED,g,8,→ Tops
14:32,15,IN_FITTING,a,14,4/17 min
14:32,22,BROWSING,d,3,Stockings
14:32,32,BROWSING,h,13,Skirts & Dresses
14:32,33,JOINED_QUEUE,b,9,"position #1, 2 item(s)"
14:32,35,PAUSED,h,9,→ exit
14:32,38,MOVING,d,9,→ exit
14:32,39,BROWSING,g,3,Jeans
14:32,40,MOVING,e,12,→ Skirts & Dresses
14:32,41,BROWSING,g,3,Jeans
14:32,43,PICKED_ITEM,g,3,Jeans
14:32,45,JOINED_QUEUE,b,9,"position #2, 1 item(s)"
14:32,47,BROWSING,h,13,Skirts & Dresses
14:32,49,BROWSING,h,3,Jeans
14:32,50,MOVING,b,5,→ Underwear
14:32,51,MOVING,e,7,→ Pants
14:32,52,ARRIVED_SECTION,c,10,Tops
14:32,53,BROWSING,f,4,Pants
14:32,54,BROWSING,d,3,Stockings
14:32,55,BROWSING,d,13,Hats & Handbags
14:32,56,PAUSED,d,4,→ Stockings
14:32,57,ARRIVED_SECTION,b,3,Underwear
14:32,58,MOVING,d,7,→ Underwear
14:32,59,BROWSING,f,6,Pants
14:32,60,MOVING,g,9,→ Tops
14:33,33,CHECKOUT_CALLED,b,9,lane 1
14:33,45,CHECKOUT_CALLED,b,9,lane 2
14:33,15,IN_FITTING,a,14,5/17 min
14:33,22,BROWSING,d,3,Stockings
14:33,32,BROWSING,h,13,Skirts & Dresses
14:33,33,AT_CHECKOUT,b,9,1/8 min
14:33,35,PAUSED,h,9,→ exit
14:33,38,MOVING,e,9,→ exit
14:33,39,BROWSING,g,3,Jeans
14:33,40,MOVING,e,13,→ Skirts & Dresses
14:33,41,BROWSING,g,3,Jeans
14:33,43,MOVING,g,5,→ Tops
14:33,45,AT_CHECKOUT,b,9,1/4 min
14:33,47,BROWSING,h,13,Skirts & Dresses
14:33,49,BROWSING,h,3,Jeans
14:33,50,ARRIVED_SECTION,b,3,Underwear
14:33,51,PAUSED,e,7,→ Pants
14:33,52,BROWSING,c,10,Tops
14:33,53,BROWSING,f,4,Pants
14:33,54,BROWSING,d,3,Stockings
14:33,55,BROWSING,d,13,Hats & Handbags
14:33,56,PAUSED,d,4,→ Stockings
14:33,57,BROWSING,b,3,Underwear
14:33,58,MOVING,d,6,→ Underwear
14:33,59,BROWSING,f,6,Pants
14:33,60,ARRIVED_SECTION,g,10,Tops
14:34,15,IN_FITTING,a,14,6/17 min
14:34,22,BROWSING,d,3,Stockings
14:34,32,BROWSING,h,13,Skirts & Dresses
14:34,33,AT_CHECKOUT,b,9,2/8 min
14:34,35,PAUSED,h,9,→ exit
14:34,38,MOVING,f,9,→ exit
14:34,39,BROWSING,g,3,Jeans
14:34,40,ARRIVED_SECTION,f,13,Skirts & Dresses
14:34,41,BROWSING,g,3,Jeans
14:34,43,MOVING,g,7,→ Tops
14:34,45,AT_CHECKOUT,b,9,2/4 min
14:34,47,BROWSING,h,13,Skirts & Dresses
14:34,49,NO_PICK,h,3,Jeans
14:34,49,HEADING,h,3,checkout
14:34,50,BROWSING,b,3,Underwear
14:34,51,PAUSED,e,7,→ Pants
14:34,52,BROWSING,c,10,Tops
14:34,53,BROWSING,f,4,Pants
14:34,54,BROWSING,d,3,Stockings
14:34,55,BROWSING,d,13,Hats & Handbags
14:34,56,PAUSED,d,4,→ Stockings
14:34,57,BROWSING,b,3,Underwear
14:34,58,MOVING,c,6,→ Underwear
14:34,59,BROWSING,f,6,Pants
14:34,60,BROWSING,g,10,Tops
14:35,15,IN_FITTING,a,14,7/17 min
14:35,22,BROWSING,d,3,Stockings
14:35,32,BROWSING,h,13,Skirts & Dresses
14:35,33,AT_CHECKOUT,b,9,3/8 min
14:35,35,PAUSED,h,9,→ exit
14:35,38,MOVING,g,9,→ exit
14:35,39,BROWSING,g,3,Jeans
14:35,40,BROWSING,f,13,Skirts & Dresses
14:35,41,BROWSING,g,3,Jeans
14:35,43,MOVING,g,9,→ Tops
14:35,45,AT_CHECKOUT,b,9,3/4 min
14:35,47,BROWSING,h,13,Skirts & Dresses
14:35,49,PAUSED,h,3,→ checkout
14:35,50,BROWSING,b,3,Underwear
14:35,51,PAUSED,e,7,→ Pants
14:35,52,BROWSING,c,10,Tops
14:35,53,PICKED_ITEM,f,4,Pants
14:35,54,BROWSING,d,3,Stockings
14:35,55,BROWSING,d,13,Hats & Handbags
14:35,56,ARRIVED_SECTION,d,3,Stockings
14:35,57,BROWSING,b,3,Underwear
14:35,58,MOVING,b,6,→ Underwear
14:35,59,BROWSING,f,6,Pants
14:35,60,BROWSING,g,10,Tops
14:36,61,ENTERED,h,8,"profile=quick_buyer gender=male age=senior speed=2 plan=[Stockings, Tops]"
14:36,15,IN_FITTING,a,14,8/17 min
14:36,22,BROWSING,d,3,Stockings
14:36,32,NO_PICK,h,13,Skirts & Dresses
14:36,32,HEADING,h,13,fitting room
14:36,33,AT_CHECKOUT,b,9,4/8 min
14:36,35,EXITED,h,8,
14:36,38,MOVING,h,9,→ exit
14:36,39,BROWSING,g,3,Jeans
14:36,40,BROWSING,f,13,Skirts & Dresses
14:36,41,BROWSING,g,3,Jeans
14:36,43,PAUSED,g,9,→ Tops
14:36,45,PURCHASED,b,9,1 item(s): Underwear
14:36,47,BROWSING,h,13,Skirts & Dresses
14:36,49,PAUSED,h,3,→ checkout
14:36,50,BROWSING,b,3,Underwear
14:36,51,ARRIVED_SECTION,e,6,Pants
14:36,52,BROWSING,c,10,Tops
14:36,53,MOVING,g,4,→ Tops
14:36,54,BROWSING,d,3,Stockings
14:36,55,BROWSING,d,13,Hats & Handbags
14:36,56,BROWSING,d,3,Stockings
14:36,57,BROWSING,b,3,Underwear
14:36,58,MOVING,b,5,→ Underwear
14:36,59,BROWSING,f,6,Pants
14:36,60,BROWSING,g,10,Tops
14:36,61,MOVING,g,7,→ Stockings
14:37,15,IN_FITTING,a,14,9/17 min
14:37,22,BROWSING,d,3,Stockings
14:37,32,MOVING,f,13,→ fitting room
14:37,33,AT_CHECKOUT,b,9,5/8 min
14:37,38,EXITED,h,8,
14:37,39,BROWSING,g,3,Jeans
14:37,40,BROWSING,f,13,Skirts & Dresses
14:37,41,PICKED_ITEM,g,3,Jeans
14:37,43,PAUSED,g,9,→ Tops
14:37,45,MOVING,e,9,→ exit
14:37,47,BROWSING,h,13,Skirts & Dresses
14:37,49,MOVING,g,3,→ checkout
14:37,50,BROWSING,b,3,Underwear
14:37,51,BROWSING,e,6,Pants
14:37,52,BROWSING,c,10,Tops
14:37,53,MOVING,g,5,→ Tops
14:37,54,PUT_BACK_SHELF,d,3,Stockings
14:37,55,BROWSING,d,13,Hats & Handbags
14:37,56,BROWSING,d,3,Stockings
14:37,57,BROWSING,b,3,Underwear
14:37,58,MOVING,b,4,→ Underwear
14:37,59,BROWSING,f,6,Pants
14:37,60,BROWSING,g,10,Tops
14:37,61,MOVING,g,5,→ Stockings
14:38,15,IN_FITTING,a,14,10/17 min
14:38,22,BROWSING,d,3,Stockings
14:38,32,MOVING,d,13,→ fitting room
14:38,33,AT_CHECKOUT,b,9,6/8 min
14:38,39,BROWSING,g,3,Jeans
14:38,40,BROWSING,f,13,Skirts & Dresses
14:38,41,MOVING,h,3,→ Skirts & Dresses
14:38,43,PAUSED,g,9,→ Tops
14:38,45,MOVING,h,9,→ exit
14:38,47,BROWSING,h,13,Skirts & Dresses
14:38,49,MOVING,f,3,→ checkout
14:38,50,PUT_BACK_SHELF,b,3,Underwear
14:38,50,HEADING,b,3,checkout
14:38,51,BROWSING,e,6,Pants
14:38,52,BROWSING,c,10,Tops
14:38,53,MOVING,g,6,→ Tops
14:38,54,MOVING,e,3,→ Skirts & Dresses
14:38,55,BROWSING,d,13,Hats & Handbags
14:38,56,BROWSING,d,3,Stockings
14:38,57,BROWSING,b,3,Underwear
14:38,58,ARRIVED_SECTION,b,3,Underwear
14:38,59,BROWSING,f,6,Pants
14:38,60,BROWSING,g,10,Tops
14:38,61,MOVING,f,4,→ Stockings
14:39,15,IN_FITTING,a,14,11/17 min
14:39,22,BROWSING,d,3,Stockings
14:39,32,MOVING,b,13,→ fitting room
14:39,33,AT_CHECKOUT,b,9,7/8 min
14:39,39,BROWSING,g,3,Jeans
14:39,40,BROWSING,f,13,Skirts & Dresses
14:39,41,MOVING,h,4,→ Skirts & Dresses
14:39,43,ARRIVED_SECTION,g,10,Tops
14:39,45,EXITED,h,8,
14:39,47,BROWSING,h,13,Skirts & Dresses
14:39,49,MOVING,e,3,→ checkout
14:39,50,MOVING,b,5,→ checkout
14:39,51,BROWSING,e,6,Pants
14:39,52,BROWSING,c,10,Tops
14:39,53,MOVING,g,7,→ Tops
14:39,54,MOVING,f,3,→ Skirts & Dresses
14:39,55,BROWSING,d,13,Hats & Handbags
14:39,56,BROWSING,d,3,Stockings
14:39,57,BROWSING,b,3,Underwear
14:39,58,BROWSING,b,3,Underwear
14:39,59,BROWSING,f,6,Pants
14:39,60,BROWSING,g,10,Tops
14:39,61,MOVING,d,4,→ Stockings
14:40,15,IN_FITTING,a,14,12/17 min
14:40,22,BROWSING,d,3,Stockings
14:40,32,ARRIVED_FITTING_AREA,a,13,2 item(s)
14:40,33,PURCHASED,b,9,"2 item(s): Hats & Handbags, Pants"
14:40,39,BROWSING,g,3,Jeans
14:40,40,BROWSING,f,13,Skirts & Dresses
14:40,41,MOVING,h,5,→ Skirts & Dresses
14:40,43,BROWSING,g,10,Tops
14:40,47,BROWSING,h,13,Skirts & Dresses
14:40,49,MOVING,d,3,→ checkout
14:40,50,MOVING,b,7,→ checkout
14:40,51,BROWSING,e,6,Pants
14:40,52,BROWSING,c,10,Tops
14:40,53,MOVING,g,8,→ Tops
14:40,54,MOVING,g,3,→ Skirts & Dresses
14:40,55,BROWSING,d,13,Hats & Handbags
14:40,56,BROWSING,d,3,Stockings
14:40,57,BROWSING,b,3,Underwear
14:40,58,BROWSING,b,3,Underwear
14:40,59,BROWSING,f,6,Pants
14:40,60,BROWSING,g,10,Tops
14:40,61,ARRIVED_SECTION,d,3,Stockings
14:41,15,IN_FITTING,a,14,13/17 min
14:41,22,BROWSING,d,3,Stockings
14:41,32,ENTERED_FITTING,a,13,"2 item(s) to try on, waited 0 ticks"
14:41,33,MOVING,d,9,→ exit
14:41,39,NO_PICK,g,3,Jeans
14:41,39,HEADING,g,3,exit
14:41,40,PICKED_ITEM,f,13,Skirts & Dresses
14:41,41,MOVING,h,6,→ Skirts & Dresses
14:41,43,BROWSING,g,10,Tops
14:41,47,BROWSING,h,13,Skirts & Dresses
14:41,49,MOVING,c,3,→ checkout
14:41,50,JOINED_QUEUE,b,9,"position #1, 2 item(s)"
14:41,51,BROWSING,e,6,Pants
14:41,52,BROWSING,c,10,Tops
14:41,53,MOVING,g,9,→ Tops
14:41,54,MOVING,h,3,→ Skirts & Dresses
14:41,55,BROWSING,d,13,Hats & Handbags
14:41,56,BROWSING,d,3,Stockings
14:41,57,BROWSING,b,3,Underwear
14:41,58,BROWSING,b,3,Underwear
14:41,59,BROWSING,f,6,Pants
14:41,60,BROWSING,g,10,Tops
14:41,61,BROWSING,d,3,Stockings
14:42,50,CHECKOUT_CALLED,b,9,lane 1
14:42,15,IN_FITTING,a,14,14/17 min
14:42,22,BROWSING,d,3,Stockings
14:42,32,IN_FITTING,a,13,1/16 min
14:42,33,MOVING,f,9,→ exit
14:42,39,MOVING,h,4,→ exit
14:42,40,ARRIVED_SECTION,f,13,Tops
14:42,41,MOVING,h,7,→ Skirts & Dresses
14:42,43,BROWSING,g,10,Tops
14:42,47,BROWSING,h,13,Skirts & Dresses
14:42,49,MOVING,b,3,→ checkout
14:42,50,AT_CHECKOUT,b,9,1/6 min
14:42,51,BROWSING,e,6,Pants
14:42,52,BROWSING,c,10,Tops
14:42,53,ARRIVED_SECTION,g,10,Tops
14:42,54,MOVING,h,4,→ Skirts & Dresses
14:42,55,BROWSING,d,13,Hats & Handbags
14:42,56,NO_PICK,d,3,Stockings
14:42,56,HEADING,d,3,exit
14:42,57,BROWSING,b,3,Underwear
14:42,58,BROWSING,b,3,Underwear
14:42,59,BROWSING,f,6,Pants
14:42,60,BROWSING,g,10,Tops
14:42,61,BROWSING,d,3,Stockings
14:43,62,ENTERED,h,8,"profile=window_shopper gender=female age=adult speed=1 plan=[Pants, Underwear, Jeans]"
14:43,15,IN_FITTING,a,14,15/17 min
14:43,22,BROWSING,d,3,Stockings
14:43,32,IN_FITTING,a,13,2/16 min
14:43,33,MOVING,h,9,→ exit
14:43,39,MOVING,h,6,→ exit
14:43,40,BROWSING,f,13,Tops
14:43,41,MOVING,h,8,→ Skirts & Dresses
14:43,43,BROWSING,g,10,Tops
14:43,47,BROWSING,h,13,Skirts & Dresses
14:43,49,MOVING,b,4,→ checkout
14:43,50,AT_CHECKOUT,b,9,2/6 min
14:43,51,BROWSING,e,6,Pants
14:43,52,BROWSING,c,10,Tops
14:43,53,BROWSING,g,10,Tops
14:43,54,PAUSED,h,4,→ Skirts & Dresses
14:43,55,NO_PICK,d,13,Hats & Handbags
14:43,56,MOVING,e,3,→ exit
14:43,57,BROWSING,b,3,Underwear
14:43,58,BROWSING,b,3,Underwear
14:43,59,BROWSING,f,6,Pants
14:43,60,BROWSING,g,10,Tops
14:43,61,BROWSING,d,3,Stockings
14:43,62,MOVING,g,8,→ Pants
14:44,15,IN_FITTING,a,14,16/17 min
14:44,22,BROWSING,d,3,Stockings
14:44,32,IN_FITTING,a,13,3/16 min
14:44,33,EXITED,h,8,
14:44,39,EXITED,h,8,
14:44,40,BROWSING,f,13,Tops
14:44,41,MOVING,h,9,→ Skirts & Dresses
14:44,43,BROWSING,g,10,Tops
14:44,47,BROWSING,h,13,Skirts & Dresses
14:44,49,MOVING,b,5,→ checkout
14:44,50,AT_CHECKOUT,b,9,3/6 min
14:44,51,BROWSING,e,6,Pants
14:44,52,NO_PICK,c,10,Tops
14:44,53,BROWSING,g,10,Tops
14:44,54,PAUSED,h,4,→ Skirts & Dresses
14:44,55,MOVING,e,13,→ Pants
14:44,56,MOVING,f,3,→ exit
14:44,57,BROWSING,b,3,Underwear
14:44,58,BROWSING,b,3,Underwear
14:44,59,BROWSING,f,6,Pants
14:44,60,PICKED_ITEM,g,10,Tops
14:44,61,BROWSING,d,3,Stockings
14:44,62,MOVING,f,8,→ Pants
14:45,15,LEFT_FITTING,a,14,"keeping=2, left_in_room=1"
14:45,15,HEADING,a,14,checkout
14:45,22,BROWSING,d,3,Stockings
14:45,32,IN_FITTING,a,13,4/16 min
14:45,40,BROWSING,f,13,Tops
14:45,41,MOVING,h,10,→ Skirts & Dresses
14:45,43,BROWSING,g,10,Tops
14:45,47,BROWSING,h,13,Skirts & Dresses
14:45,49,MOVING,b,6,→ checkout
14:45,50,AT_CHECKOUT,b,9,4/6 min
14:45,51,BROWSING,e,6,Pants
14:45,52,MOVING,e,10,→ Skirts & Dresses
14:45,53,BROWSING,g,10,Tops
14:45,54,PAUSED,h,4,→ Skirts & Dresses
14:45,55,MOVING,e,12,→ Pants
14:45,56,PAUSED,f,3,→ exit
14:45,57,BROWSING,b,3,Underwear
14:45,58,BROWSING,b,3,Underwear
14:45,59,NO_PICK,f,6,Pants
14:45,60,MOVING,f,10,→ Hats & Handbags
14:45,61,BROWSING,d,3,Stockings
14:45,62,MOVING,f,7,→ Pants
14:46,15,MOVING,b,14,→ checkout
14:46,22,PICKED_ITEM,d,3,Stockings
14:46,32,IN_FITTING,a,13,5/16 min
14:46,40,BROWSING,f,13,Tops
14:46,41,MOVING,h,11,→ Skirts & Dresses
14:46,43,BROWSING,g,10,Tops
14:46,47,BROWSING,h,13,Skirts & Dresses
14:46,49,MOVING,b,7,→ checkout
14:46,50,AT_CHECKOUT,b,9,5/6 min
14:46,51,BROWSING,e,6,Pants
14:46,52,MOVING,e,12,→ Skirts & Dresses
14:46,53,BROWSING,g,10,Tops
14:46,54,PAUSED,h,4,→ Skirts & Dresses
14:46,55,MOVING,e,11,→ Pants
14:46,56,PAUSED,f,3,→ exit
14:46,57,NO_PICK,b,3,Underwear
14:46,58,BROWSING,b,3,Underwear
14:46,59,MOVING,g,5,→ Stockings
14:46,60,MOVING,e,10,→ Hats & Handbags
14:46,61,PICKED_ITEM,d,3,Stockings
14:46,62,ARRIVED_SECTION,f,6,Pants
14:47,15,MOVING,b,13,→ checkout
14:47,22,ARRIVED_SECTION,d,4,Pants
14:47,32,IN_FITTING,a,13,6/16 min
14:47,40,BROWSING,f,13,Tops
14:47,41,MOVING,h,12,→ Skirts & Dresses
14:47,43,BROWSING,g,10,Tops
14:47,47,NO_PICK,h,13,Skirts & Dresses
14:47,49,MOVING,b,8,→ checkout
14:47,50,PURCHASED,b,9,"2 item(s): Jeans, Pants"
14:47,51,BROWSING,e,6,Pants
14:47,52,ARRIVED_SECTION,f,13,Skirts & Dresses
14:47,53,BROWSING,g,10,Tops
14:47,54,MOVING,h,5,→ Skirts & Dresses
14:47,55,MOVING,e,10,→ Pants
14:47,56,PAUSED,f,3,→ exit
14:47,57,MOVING,c,3,→ Pants
14:47,58,BROWSING,b,3,Underwear
14:47,59,MOVING,f,4,→ Stockings
14:47,60,MOVING,e,11,→ Hats & Handbags
14:47,61,MOVING,b,3,→ Tops
14:47,62,BROWSING,f,6,Pants
14:48,15,MOVING,b,12,→ checkout
14:48,22,BROWSING,d,4,Pants
14:48,32,IN_FITTING,a,13,7/16 min
14:48,40,BROWSING,f,13,Tops
14:48,41,ARRIVED_SECTION,h,13,Skirts & Dresses
14:48,43,BROWSING,g,10,Tops
14:48,47,MOVING,h,11,→ Pants
14:48,49,JOINED_QUEUE,b,9,"position #1, 2 item(s)"
14:48,50,MOVING,d,9,→ exit
14:48,51,BROWSING,e,6,Pants
14:48,52,BROWSING,f,13,Skirts & Dresses
14:48,53,BROWSING,g,10,Tops
14:48,54,MOVING,h,6,→ Skirts & Dresses
14:48,55,MOVING,e,9,→ Pants
14:48,56,MOVING,g,3,→ exit
14:48,57,ARRIVED_SECTION,c,4,Pants
14:48,58,BROWSING,b,3,Underwear
14:48,59,MOVING,d,4,→ Stockings
14:48,60,MOVING,e,12,→ Hats & Handbags
14:48,61,MOVING,b,5,→ Tops
14:48,62,BROWSING,f,6,Pants
14:49,49,CHECKOUT_CALLED,b,9,lane 1
14:49,15,MOVING,b,11,→ checkout
14:49,22,BROWSING,d,4,Pants
14:49,32,IN_FITTING,a,13,8/16 min
14:49,40,BROWSING,f,13,Tops
14:49,41,BROWSING,h,13,Skirts & Dresses
14:49,43,BROWSING,g,10,Tops
14:49,47,MOVING,g,10,→ Pants
14:49,49,AT_CHECKOUT,b,9,1/9 min
14:49,50,MOVING,f,9,→ exit
14:49,51,PUT_BACK_SHELF,e,6,Pants
14:49,52,BROWSING,f,13,Skirts & Dresses
14:49,53,BROWSING,g,10,Tops
14:49,54,MOVING,h,7,→ Skirts & Dresses
14:49,55,MOVING,e,8,→ Pants
14:49,56,MOVING,h,3,→ exit
14:49,57,BROWSING,c,4,Pants
14:49,58,PICKED_ITEM,b,3,Underwear
14:49,59,ARRIVED_SECTION,d,3,Stockings
14:49,60,MOVING,e,13,→ Hats & Handbags
14:49,61,MOVING,b,7,→ Tops
14:49,62,BROWSING,f,6,Pants
14:50,15,MOVING,b,10,→ checkout
14:50,22,BROWSING,d,4,Pants
14:50,32,IN_FITTING,a,13,9/16 min
14:50,40,BROWSING,f,13,Tops
14:50,41,BROWSING,h,13,Skirts & Dresses
14:50,43,BROWSING,g,10,Tops
14:50,47,MOVING,f,9,→ Pants
14:50,49,AT_CHECKOUT,b,9,2/9 min
14:50,50,MOVING,h,9,→ exit
14:50,51,MOVING,e,7,→ Skirts & Dresses
14:50,52,BROWSING,f,13,Skirts & Dresses
14:50,53,BROWSING,g,10,Tops
14:50,54,MOVING,h,8,→ Skirts & Dresses
14:50,55,MOVING,e,7,→ Pants
14:50,56,MOVING,h,4,→ exit
14:50,57,BROWSING,c,4,Pants
14:50,58,MOVING,b,4,→ Skirts & Dresses
14:50,59,BROWSING,d,3,Stockings
14:50,60,ARRIVED_SECTION,d,13,Hats & Handbags
14:50,61,MOVING,b,9,→ Tops
14:50,62,BROWSING,f,6,Pants
14:51,63,ENTERED,h,8,"profile=browser gender=male age=adult speed=2 plan=[Pants, Skirts & Dresses, Jeans, Stockings, Tops, Hats & Handbags]"
14:51,15,JOINED_QUEUE,b,9,"position #2, 2 item(s)"
14:51,22,BROWSING,d,4,Pants
14:51,32,IN_FITTING,a,13,10/16 min
14:51,40,PICKED_ITEM,f,13,Tops
14:51,41,BROWSING,h,13,Skirts & Dresses
14:51,43,BROWSING,g,10,Tops
14:51,47,MOVING,f,7,→ Pants
14:51,49,AT_CHECKOUT,b,9,3/9 min
14:51,50,PAUSED,h,9,→ exit
14:51,51,MOVING,e,8,→ Skirts & Dresses
14:51,52,BROWSING,f,13,Skirts & Dresses
14:51,53,BROWSING,g,10,Tops
14:51,54,MOVING,h,9,→ Skirts & Dresses
14:51,55,ARRIVED_SECTION,e,6,Pants
14:51,56,MOVING,h,5,→ exit
14:51,57,BROWSING,c,4,Pants
14:51,58,MOVING,b,5,→ Skirts & Dresses
14:51,59,BROWSING,d,3,Stockings
14:51,60,BROWSING,d,13,Hats & Handbags
14:51,61,ARRIVED_SECTION,c,10,Tops
14:51,62,BROWSING,f,6,Pants
14:51,63,MOVING,f,8,→ Pants
14:52,15,CHECKOUT_CALLED,b,9,lane 2
14:52,15,AT_CHECKOUT,b,9,1/8 min
14:52,22,BROWSING,d,4,Pants
14:52,32,IN_FITTING,a,13,11/16 min
14:52,40,MOVING,e,13,→ Pants
14:52,41,BROWSING,h,13,Skirts & Dresses
14:52,43,BROWSING,g,10,Tops
14:52,47,ARRIVED_SECTION,f,6,Pants
14:52,49,AT_CHECKOUT,b,9,4/9 min
14:52,50,PAUSED,h,9,→ exit
14:52,51,MOVING,e,9,→ Skirts & Dresses
14:52,52,BROWSING,f,13,Skirts & Dresses
14:52,53,BROWSING,g,10,Tops
14:52,54,MOVING,h,10,→ Skirts & Dresses
14:52,55,BROWSING,e,6,Pants
14:52,56,MOVING,h,6,→ exit
14:52,57,BROWSING,c,4,Pants
14:52,58,MOVING,b,6,→ Skirts & Dresses
14:52,59,BROWSING,d,3,Stockings
14:52,60,BROWSING,d,13,Hats & Handbags
14:52,61,BROWSING,c,10,Tops
14:52,62,BROWSING,f,6,Pants
14:52,63,ARRIVED_SECTION,f,6,Pants
14:53,15,AT_CHECKOUT,b,9,2/8 min
14:53,22,BROWSING,d,4,Pants
14:53,32,IN_FITTING,a,13,12/16 min
14:53,40,MOVING,e,12,→ Pants
14:53,41,BROWSING,h,13,Skirts & Dresses
14:53,43,BROWSING,g,10,Tops
14:53,47,BROWSING,f,6,Pants
14:53,49,AT_CHECKOUT,b,9,5/9 min
14:53,50,PAUSED,h,9,→ exit
14:53,51,MOVING,e,10,→ Skirts & Dresses
14:53,52,BROWSING,f,13,Skirts & Dresses
14:53,53,PICKED_ITEM,g,10,Tops
14:53,53,HEADING,g,10,fitting room
14:53,54,MOVING,h,11,→ Skirts & Dresses
14:53,55,BROWSING,e,6,Pants
14:53,56,MOVING,h,7,→ exit
14:53,57,BROWSING,c,4,Pants
14:53,58,PAUSED,b,6,→ Skirts & Dresses
14:53,59,BROWSING,d,3,Stockings
14:53,60,BROWSING,d,13,Hats & Handbags
14:53,61,NO_PICK,c,10,Tops
14:53,61,HEADING,c,10,checkout
14:53,62,BROWSING,f,6,Pants
14:53,63,BROWSING,f,6,Pants
14:54,15,AT_CHECKOUT,b,9,3/8 min
14:54,22,BROWSING,d,4,Pants
14:54,32,IN_FITTING,a,13,13/16 min
14:54,40,MOVING,e,11,→ Pants
14:54,41,BROWSING,h,13,Skirts & Dresses
14:54,43,BROWSING,g,10,Tops
14:54,47,BROWSING,f,6,Pants
14:54,49,AT_CHECKOUT,b,9,6/9 min
14:54,50,PAUSED,h,9,→ exit
14:54,51,MOVING,e,11,→ Skirts & Dresses
14:54,52,BROWSING,f,13,Skirts & Dresses
14:54,53,MOVING,f,10,→ fitting room
14:54,54,MOVING,h,12,→ Skirts & Dresses
14:54,55,BROWSING,e,6,Pants
14:54,56,EXITED,h,8,
14:54,57,BROWSING,c,4,Pants
14:54,58,PAUSED,b,6,→ Skirts & Dresses
14:54,59,BROWSING,d,3,Stockings
14:54,60,BROWSING,d,13,Hats & Handbags
14:54,61,JOINED_QUEUE,b,9,"position #3, 1 item(s)"
14:54,62,BROWSING,f,6,Pants
14:54,63,BROWSING,f,6,Pants
14:55,15,AT_CHECKOUT,b,9,4/8 min
14:55,22,BROWSING,d,4,Pants
14:55,32,IN_FITTING,a,13,14/16 min
14:55,40,MOVING,e,10,→ Pants
14:55,41,BROWSING,h,13,Skirts & Dresses
14:55,43,BROWSING,g,10,Tops
14:55,47,BROWSING,f,6,Pants
14:55,49,AT_CHECKOUT,b,9,7/9 min
14:55,50,EXITED,h,8,
14:55,51,MOVING,e,12,→ Skirts & Dresses
14:55,52,BROWSING,f,13,Skirts & Dresses
14:55,53,MOVING,e,10,→ fitting room
14:55,54,ARRIVED_SECTION,h,13,Skirts & Dresses
14:55,55,BROWSING,e,6,Pants
14:55,57,BROWSING,c,4,Pants
14:55,58,PAUSED,b,6,→ Skirts & Dresses
14:55,59,BROWSING,d,3,Stockings
14:55,60,BROWSING,d,13,Hats & Handbags
14:55,61,IN_QUEUE,b,9,position #3
14:55,62,BROWSING,f,6,Pants
14:55,63,BROWSING,f,6,Pants
14:56,15,AT_CHECKOUT,b,9,5/8 min
14:56,22,BROWSING,d,4,Pants
14:56,32,IN_FITTING,a,13,15/16 min
14:56,40,MOVING,e,9,→ Pants
14:56,41,BROWSING,h,13,Skirts & Dresses
14:56,43,NO_PICK,g,10,Tops
14:56,43,HEADING,g,10,fitting room
14:56,47,BROWSING,f,6,Pants
14:56,49,AT_CHECKOUT,b,9,8/9 min
14:56,51,MOVING,e,13,→ Skirts & Dresses
14:56,52,BROWSING,f,13,Skirts & Dresses
14:56,53,MOVING,d,10,→ fitting room
14:56,54,BROWSING,h,13,Skirts & Dresses
14:56,55,BROWSING,e,6,Pants
14:56,57,BROWSING,c,4,Pants
14:56,58,PAUSED,b,6,→ Skirts & Dresses
14:56,59,BROWSING,d,3,Stockings
14:56,60,BROWSING,d,13,Hats & Handbags
14:56,61,IN_QUEUE,b,9,position #3
14:56,62,BROWSING,f,6,Pants
14:56,63,BROWSING,f,6,Pants
14:57,15,AT_CHECKOUT,b,9,6/8 min
14:57,22,BROWSING,d,4,Pants
14:57,32,LEFT_FITTING,a,13,"keeping=1, returned_to_shelf=1"
14:57,32,HEADING,a,13,checkout
14:57,40,MOVING,e,8,→ Pants
14:57,41,BROWSING,h,13,Skirts & Dresses
14:57,43,MOVING,e,10,→ fitting room
14:57,47,BROWSING,f,6,Pants
14:57,49,PURCHASED,b,9,"2 item(s): Hats & Handbags, Skirts & Dresses"
14:57,51,ARRIVED_SECTION,f,13,Skirts & Dresses
14:57,52,BROWSING,f,13,Skirts & Dresses
14:57,53,MOVING,c,10,→ fitting room
14:57,54,BROWSING,h,13,Skirts & Dresses
14:57,55,BROWSING,e,6,Pants
14:57,57,BROWSING,c,4,Pants
14:57,58,MOVING,c,6,→ Skirts & Dresses
14:57,59,BROWSING,d,3,Stockings
14:57,60,NO_PICK,d,13,Hats & Handbags
14:57,61,IN_QUEUE,b,9,position #2
14:57,62,NO_PICK,f,6,Pants
14:57,63,BROWSING,f,6,Pants
14:58,61,CHECKOUT_CALLED,b,9,lane 2
14:58,15,AT_CHECKOUT,b,9,7/8 min
14:58,22,BROWSING,d,4,Pants
14:58,32,MOVING,b,12,→ checkout
14:58,40,MOVING,e,7,→ Pants
14:58,41,PICKED_ITEM,h,13,Skirts & Dresses
14:58,41,HEADING,h,13,fitting room
14:58,43,MOVING,c,10,→ fitting room
14:58,47,BROWSING,f,6,Pants
14:58,49,MOVING,c,9,→ exit
14:58,51,BROWSING,f,13,Skirts & Dresses
14:58,52,BROWSING,f,13,Skirts & Dresses
14:58,53,MOVING,b,10,→ fitting room
14:58,54,BROWSING,h,13,Skirts & Dresses
14:58,55,BROWSING,e,6,Pants
14:58,57,BROWSING,c,4,Pants
14:58,58,MOVING,d,6,→ Skirts & Dresses
14:58,59,BROWSING,d,3,Stockings
14:58,60,MOVING,c,13,→ Stockings
14:58,61,AT_CHECKOUT,b,9,1/7 min
14:58,62,MOVING,e,6,→ Underwear
14:58,63,BROWSING,f,6,Pants
14:59,64,ENTERED,h,8,"profile=browser gender=male age=adult speed=1 plan=[Pants, Skirts & Dresses, Hats & Handbags]"
14:59,15,PURCHASED,b,9,"2 item(s): Hats & Handbags, Stockings"
14:59,22,BROWSING,d,4,Pants
14:59,32,MOVING,b,10,→ checkout
14:59,40,ARRIVED_SECTION,e,6,Pants
14:59,41,MOVING,g,13,→ fitting room
14:59,43,MOVING,a,10,→ fitting room
14:59,47,BROWSING,f,6,Pants
14:59,49,MOVING,d,9,→ exit
14:59,51,BROWSING,f,13,Skirts & Dresses
14:59,52,BROWSING,f,13,Skirts & Dresses
14:59,53,MOVING,a,10,→ fitting room
14:59,54,BROWSING,h,13,Skirts & Dresses
14:59,55,BROWSING,e,6,Pants
14:59,57,BROWSING,c,4,Pants
14:59,58,MOVING,e,6,→ Skirts & Dresses
14:59,59,BROWSING,d,3,Stockings
14:59,60,MOVING,b,13,→ Stockings
14:59,61,AT_CHECKOUT,b,9,2/7 min
14:59,62,MOVING,d,6,→ Underwear
14:59,63,BROWSING,f,6,Pants
14:59,64,MOVING,g,8,→ Pants
15:00,65,ENTERED,h,8,"profile=browser gender=female age=young speed=3 plan=[Tops, Stockings, Jeans, Hats & Handbags, Underwear]"
15:00,15,MOVING,c,9,→ exit
15:00,22,BROWSING,d,4,Pants
15:00,32,JOINED_QUEUE,b,9,"position #2, 1 item(s)"
15:00,40,BROWSING,e,6,Pants
15:00,41,MOVING,f,13,→ fitting room
15:00,43,ARRIVED_FITTING_AREA,a,12,3 item(s)
15:00,47,BROWSING,f,6,Pants
15:00,49,MOVING,e,9,→ exit
15:00,51,BROWSING,f,13,Skirts & Dresses
15:00,52,BROWSING,f,13,Skirts & Dresses
15:00,53,MOVING,a,11,→ fitting room
15:00,54,BROWSING,h,13,Skirts & Dresses
15:00,55,BROWSING,e,6,Pants
15:00,57,BROWSING,c,4,Pants
15:00,58,MOVING,e,7,→ Skirts & Dresses
15:00,59,BROWSING,d,3,Stockings
15:00,60,MOVING,b,12,→ Stockings
15:00,61,AT_CHECKOUT,b,9,3/7 min
15:00,62,MOVING,c,6,→ Underwear
15:00,63,BROWSING,f,6,Pants
15:00,64,MOVING,f,8,→ Pants
15:00,65,ARRIVED_SECTION,g,10,Tops
15:01,32,CHECKOUT_CALLED,b,9,lane 2
15:01,15,MOVING,d,9,→ exit
15:01,22,BROWSING,d,4,Pants
15:01,32,AT_CHECKOUT,b,9,1/5 min
15:01,40,BROWSING,e,6,Pants
15:01,41,MOVING,e,13,→ fitting room
15:01,43,ENTERED_FITTING,a,12,"3 item(s) to try on, waited 0 ticks"
15:01,47,BROWSING,f,6,Pants
15:01,49,MOVING,f,9,→ exit
15:01,51,BROWSING,f,13,Skirts & Dresses
15:01,52,BROWSING,f,13,Skirts & Dresses
15:01,53,ARRIVED_FITTING_AREA,a,12,2 item(s)
15:01,54,BROWSING,h,13,Skirts & Dresses
15:01,55,BROWSING,e,6,Pants
15:01,57,BROWSING,c,4,Pants
15:01,58,MOVING,e,8,→ Skirts & Dresses
15:01,59,BROWSING,d,3,Stockings
15:01,60,MOVING,b,11,→ Stockings
15:01,61,AT_CHECKOUT,b,9,4/7 min
15:01,62,MOVING,b,6,→ Underwear
15:01,63,BROWSING,f,6,Pants
15:01,64,MOVING,f,7,→ Pants
15:01,65,BROWSING,g,10,Tops
15:02,15,MOVING,e,9,→ exit
15:02,22,BROWSING,d,4,Pants
15:02,32,AT_CHECKOUT,b,9,2/5 min
15:02,40,BROWSING,e,6,Pants
15:02,41,MOVING,d,13,→ fitting room
15:02,43,IN_FITTING,a,12,1/12 min
15:02,47,BROWSING,f,6,Pants
15:02,49,MOVING,g,9,→ exit
15:02,51,BROWSING,f,13,Skirts & Dresses
15:02,52,NO_PICK,f,13,Skirts & Dresses
15:02,53,ENTERED_FITTING,a,13,"2 item(s) to try on, waited 0 ticks"
15:02,54,BROWSING,h,13,Skirts & Dresses
15:02,55,BROWSING,e,6,Pants
15:02,57,BROWSING,c,4,Pants
15:02,58,MOVING,e,9,→ Skirts & Dresses
15:02,59,BROWSING,d,3,Stockings
15:02,60,MOVING,b,10,→ Stockings
15:02,61,AT_CHECKOUT,b,9,5/7 min
15:02,62,MOVING,b,5,→ Underwear
15:02,63,PICKED_ITEM,f,6,Pants
15:02,64,ARRIVED_SECTION,f,6,Pants
15:02,65,BROWSING,g,10,Tops
15:03,66,ENTERED,h,8,"profile=quick_buyer gender=female age=young speed=4 plan=[Stockings, Hats & Handbags, Jeans, Tops]"
15:03,15,MOVING,f,9,→ exit
15:03,22,PICKED_ITEM,d,4,Pants
15:03,22,HEADING,d,4,fitting room
15:03,32,AT_CHECKOUT,b,9,3/5 min
15:03,40,BROWSING,e,6,Pants
15:03,41,MOVING,c,13,→ fitting room
15:03,43,IN_FITTING,a,12,2/12 min
15:03,47,BROWSING,f,6,Pants
15:03,49,MOVING,h,9,→ exit
15:03,51,BROWSING,f,13,Skirts & Dresses
15:03,52,MOVING,h,13,→ Jeans
15:03,53,IN_FITTING,a,13,1/11 min
15:03,54,BROWSING,h,13,Skirts & Dresses
15:03,55,BROWSING,e,6,Pants
15:03,57,BROWSING,c,4,Pants
15:03,58,MOVING,e,10,→ Skirts & Dresses
15:03,59,BROWSING,d,3,Stockings
15:03,60,MOVING,b,9,→ Stockings
15:03,61,AT_CHECKOUT,b,9,6/7 min
15:03,62,MOVING,b,4,→ Underwear
15:03,63,MOVING,e,7,→ Skirts & Dresses
15:03,64,BROWSING,f,6,Pants
15:03,65,BROWSING,g,10,Tops
15:03,66,MOVING,g,5,→ Stockings
15:04,15,MOVING,g,9,→ exit
15:04,22,MOVING,b,4,→ fitting room
15:04,32,AT_CHECKOUT,b,9,4/5 min
15:04,40,BROWSING,e,6,Pants
15:04,41,MOVING,b,13,→ fitting room
15:04,43,IN_FITTING,a,12,3/12 min
15:04,47,BROWSING,f,6,Pants
15:04,49,EXITED,h,8,
15:04,51,BROWSING,f,13,Skirts & Dresses
15:04,52,MOVING,h,11,→ Jeans
15:04,53,IN_FITTING,a,13,2/11 min
15:04,54,PUT_BACK_SHELF,h,13,Skirts & Dresses
15:04,55,BROWSING,e,6,Pants
15:04,57,BROWSING,c,4,Pants
15:04,58,MOVING,e,11,→ Skirts & Dresses
15:04,59,BROWSING,d,3,Stockings
15:04,60,MOVING,b,8,→ Stockings
15:04,61,PURCHASED,b,9,1 item(s): Stockings
15:04,62,ARRIVED_SECTION,b,3,Underwear
15:04,63,MOVING,e,9,→ Skirts & Dresses
15:04,64,BROWSING,f,6,Pants
15:04,65,BROWSING,g,10,Tops
15:04,66,PAUSED,g,5,→ Stockings
15:05,15,MOVING,h,9,→ exit
15:05,22,MOVING,a,5,→ fitting room
15:05,32,PURCHASED,b,9,1 item(s): Underwear
15:05,40,BROWSING,e,6,Pants
15:05,41,ARRIVED_FITTING_AREA,a,13,2 item(s)
15:05,43,IN_FITTING,a,12,4/12 min
15:05,47,BROWSING,f,6,Pants
15:05,51,BROWSING,f,13,Skirts & Dresses
15:05,52,MOVING,h,9,→ Jeans
15:05,53,IN_FITTING,a,13,3/11 min
15:05,54,MOVING,g,13,→ Underwear
15:05,55,BROWSING,e,6,Pants
15:05,57,BROWSING,c,4,Pants
15:05,58,MOVING,e,12,→ Skirts & Dresses
15:05,59,PUT_BACK_SHELF,d,3,Stockings
15:05,60,MOVING,b,7,→ Stockings
15:05,61,MOVING,d,9,→ exit
15:05,62,BROWSING,b,3,Underwear
15:05,63,MOVING,e,11,→ Skirts & Dresses
15:05,64,BROWSING,f,6,Pants
15:05,65,BROWSING,g,10,Tops
15:05,66,PAUSED,g,5,→ Stockings
15:06,15,EXITED,h,8,
15:06,22,MOVING,a,7,→ fitting room
15:06,32,PAUSED,b,9,→ exit
15:06,40,BROWSING,e,6,Pants
15:06,41,ENTERED_FITTING,a,14,"2 item(s) to try on, waited 0 ticks"
15:06,43,IN_FITTING,a,12,5/12 min
15:06,47,BROWSING,f,6,Pants
15:06,51,BROWSING,f,13,Skirts & Dresses
15:06,52,MOVING,h,7,→ Jeans
15:06,53,IN_FITTING,a,13,4/11 min
15:06,54,MOVING,f,13,→ Underwear
15:06,55,BROWSING,e,6,Pants
15:06,57,BROWSING,c,4,Pants
15:06,58,MOVING,e,13,→ Skirts & Dresses
15:06,59,MOVING,f,3,→ Skirts & Dresses
15:06,60,MOVING,b,6,→ Stockings
15:06,61,MOVING,f,9,→ exit
15:06,62,BROWSING,b,3,Underwear
15:06,63,MOVING,e,13,→ Skirts & Dresses
15:06,64,PUT_BACK_SHELF,f,6,Pants
15:06,65,BROWSING,g,10,Tops
15:06,66,MOVING,d,4,→ Stockings
15:07,22,MOVING,a,9,→ fitting room
15:07,32,PAUSED,b,9,→ exit
15:07,40,PICKED_ITEM,e,6,Pants
15:07,40,HEADING,e,6,fitting room
15:07,41,IN_FITTING,a,14,1/15 min
15:07,43,IN_FITTING,a,12,6/12 min
15:07,47,BROWSING,f,6,Pants
15:07,51,PICKED_ITEM,f,13,Skirts & Dresses
15:07,52,MOVING,h,5,→ Jeans
15:07,53,IN_FITTING,a,13,5/11 min
15:07,54,MOVING,e,13,→ Underwear
15:07,55,BROWSING,e,6,Pants
15:07,57,BROWSING,c,4,Pants
15:07,58,ARRIVED_SECTION,f,13,Skirts & Dresses
15:07,59,MOVING,h,3,→ Skirts & Dresses
15:07,60,MOVING,b,5,→ Stockings
15:07,61,MOVING,h,9,→ exit
15:07,62,BROWSING,b,3,Underwear
15:07,63,ARRIVED_SECTION,f,13,Skirts & Dresses
15:07,64,MOVING,e,6,→ Skirts & Dresses
15:07,65,BROWSING,g,10,Tops
15:07,66,ARRIVED_SECTION,d,3,Stockings
15:08,22,MOVING,a,11,→ fitting room
15:08,32,PAUSED,b,9,→ exit
15:08,40,MOVING,d,6,→ fitting room
15:08,41,IN_FITTING,a,14,2/15 min
15:08,43,IN_FITTING,a,12,7/12 min
15:08,47,BROWSING,f,6,Pants
15:08,51,MOVING,g,13,→ Jeans
15:08,52,ARRIVED_SECTION,h,3,Jeans
15:08,53,IN_FITTING,a,13,6/11 min
15:08,54,MOVING,d,13,→ Underwear
15:08,55,NO_PICK,e,6,Pants
15:08,57,NO_PICK,c,4,Pants
15:08,58,BROWSING,f,13,Skirts & Dresses
15:08,59,MOVING,h,5,→ Skirts & Dresses
15:08,60,MOVING,b,4,→ Stockings
15:08,61,EXITED,h,8,
15:08,62,BROWSING,b,3,Underwear
15:08,63,BROWSING,f,13,Skirts & Dresses
15:08,64,MOVING,e,7,→ Skirts & Dresses
15:08,65,BROWSING,g,10,Tops
15:08,66,BROWSING,d,3,Stockings
15:09,22,ARRIVED_FITTING_AREA,a,12,6 item(s)
15:09,32,MOVING,d,9,→ exit
15:09,40,MOVING,c,6,→ fitting room
15:09,41,IN_FITTING,a,14,3/15 min
15:09,43,IN_FITTING,a,12,8/12 min
15:09,47,NO_PICK,f,6,Pants
15:09,51,PAUSED,g,13,→ Jeans
15:09,52,BROWSING,h,3,Jeans
15:09,53,IN_FITTING,a,13,7/11 min
15:09,54,MOVING,c,13,→ Underwear
15:09,55,MOVING,f,6,→ Jeans
15:09,57,MOVING,b,4,→ Tops
15:09,58,BROWSING,f,13,Skirts & Dresses
15:09,59,MOVING,h,7,→ Skirts & Dresses
15:09,60,MOVING,c,4,→ Stockings
15:09,62,BROWSING,b,3,Underwear
15:09,63,BROWSING,f,13,Skirts & Dresses
15:09,64,MOVING,e,8,→ Skirts & Dresses
15:09,65,BROWSING,g,10,Tops
15:09,66,BROWSING,d,3,Stockings
15:10,22,GAVE_UP_FITTING,a,12,waited 0 ticks
15:10,22,HEADING,a,12,checkout
15:10,32,MOVING,f,9,→ exit
15:10,40,MOVING,b,6,→ fitting room
15:10,41,IN_FITTING,a,14,4/15 min
15:10,43,IN_FITTING,a,12,9/12 min
15:10,47,MOVING,e,7,→ Hats & Handbags
15:10,51,PAUSED,g,13,→ Jeans
15:10,52,BROWSING,h,3,Jeans
15:10,53,IN_FITTING,a,13,8/11 min
15:10,54,MOVING,b,13,→ Underwear
15:10,55,MOVING,g,6,→ Jeans
15:10,57,MOVING,b,5,→ Tops
15:10,58,BROWSING,f,13,Skirts & Dresses
15:10,59,MOVING,h,9,→ Skirts & Dresses
15:10,60,ARRIVED_SECTION,c,3,Stockings
15:10,62,BROWSING,b,3,Underwear
15:10,63,BROWSING,f,13,Skirts & Dresses
15:10,64,PAUSED,e,8,→ Skirts & Dresses
15:10,65,BROWSING,g,10,Tops
15:10,66,PICKED_ITEM,d,3,Stockings
15:11,22,MOVING,b,11,→ checkout
15:11,32,MOVING,h,9,→ exit
15:11,40,MOVING,a,6,→ fitting room
15:11,41,IN_FITTING,a,14,5/15 min
15:11,43,IN_FITTING,a,12,10/12 min
15:11,47,MOVING,e,9,→ Hats & Handbags
15:11,51,PAUSED,g,13,→ Jeans
15:11,52,BROWSING,h,3,Jeans
15:11,53,IN_FITTING,a,13,9/11 min
15:11,54,MOVING,b,12,→ Underwear
15:11,55,MOVING,g,5,→ Jeans
15:11,57,MOVING,b,6,→ Tops
15:11,58,BROWSING,f,13,Skirts & Dresses
15:11,59,MOVING,h,11,→ Skirts & Dresses
15:11,60,BROWSING,c,3,Stockings
15:11,62,BROWSING,b,3,Underwear
15:11,63,NO_PICK,f,13,Skirts & Dresses
15:11,64,PAUSED,e,8,→ Skirts & Dresses
15:11,65,BROWSING,g,10,Tops
15:11,66,MOVING,b,5,→ Hats & Handbags
15:12,22,JOINED_QUEUE,b,9,"position #1, 6 item(s)"
15:12,32,EXITED,h,8,
15:12,40,MOVING,a,7,→ fitting room
15:12,41,IN_FITTING,a,14,6/15 min
15:12,43,IN_FITTING,a,12,11/12 min
15:12,47,MOVING,e,11,→ Hats & Handbags
15:12,51,PAUSED,g,13,→ Jeans
15:12,52,BROWSING,h,3,Jeans
15:12,53,IN_FITTING,a,13,10/11 min
15:12,54,MOVING,b,11,→ Underwear
15:12,55,MOVING,g,4,→ Jeans
15:12,57,PAUSED,b,6,→ Tops
15:12,58,BROWSING,f,13,Skirts & Dresses
15:12,59,ARRIVED_SECTION,h,13,Skirts & Dresses
15:12,60,BROWSING,c,3,Stockings
15:12,62,BROWSING,b,3,Underwear
15:12,63,MOVING,h,13,→ Jeans
15:12,64,MOVING,e,9,→ Skirts & Dresses
15:12,65,NO_PICK,g,10,Tops
15:12,66,MOVING,b,9,→ Hats & Handbags
15:13,22,CHECKOUT_CALLED,b,9,lane 1
15:13,22,AT_CHECKOUT,b,9,1/13 min
15:13,40,MOVING,a,8,→ fitting room
15:13,41,IN_FITTING,a,14,7/15 min
15:13,43,LEFT_FITTING,a,12,"keeping=2, returned_to_shelf=1"
15:13,43,HEADING,a,12,checkout
15:13,47,MOVING,e,13,→ Hats & Handbags
15:13,51,MOVING,h,13,→ Jeans
15:13,52,BROWSING,h,3,Jeans
15:13,53,LEFT_FITTING,a,13,"keeping=1, returned_to_shelf=1"
15:13,53,HEADING,a,13,checkout
15:13,54,MOVING,b,10,→ Underwear
15:13,55,ARRIVED_SECTION,g,3,Jeans
15:13,57,PAUSED,b,6,→ Tops
15:13,58,BROWSING,f,13,Skirts & Dresses
15:13,59,BROWSING,h,13,Skirts & Dresses
15:13,60,BROWSING,c,3,Stockings
15:13,62,BROWSING,b,3,Underwear
15:13,63,MOVING,h,11,→ Jeans
15:13,64,MOVING,e,10,→ Skirts & Dresses
15:13,65,MOVING,g,7,→ Stockings
15:13,66,MOVING,b,13,→ Hats & Handbags
15:14,22,AT_CHECKOUT,b,9,2/13 min
15:14,40,MOVING,a,9,→ fitting room
15:14,41,IN_FITTING,a,14,8/15 min
15:14,43,MOVING,b,11,→ checkout
15:14,47,ARRIVED_SECTION,d,13,Hats & Handbags
15:14,51,MOVING,h,12,→ Jeans
15:14,52,BROWSING,h,3,Jeans
15:14,53,MOVING,b,13,→ checkout
15:14,54,MOVING,b,9,→ Underwear
15:14,55,BROWSING,g,3,Jeans
15:14,57,PAUSED,b,6,→ Tops
15:14,58,BROWSING,f,13,Skirts & Dresses
15:14,59,BROWSING,h,13,Skirts & Dresses
15:14,60,BROWSING,c,3,Stockings
15:14,62,NO_PICK,b,3,Underwear
15:14,63,MOVING,h,9,→ Jeans
15:14,64,MOVING,e,11,→ Skirts & Dresses
15:14,65,MOVING,g,4,→ Stockings
15:14,66,ARRIVED_SECTION,c,13,Hats & Handbags
15:15,22,AT_CHECKOUT,b,9,3/13 min
15:15,40,MOVING,a,10,→ fitting room
15:15,41,IN_FITTING,a,14,9/15 min
15:15,43,JOINED_QUEUE,b,9,"position #2, 2 item(s)"
15:15,47,BROWSING,d,13,Hats & Handbags
15:15,51,MOVING,h,11,→ Jeans
15:15,52,BROWSING,h,3,Jeans
15:15,53,MOVING,b,12,→ checkout
15:15,54,MOVING,b,8,→ Underwear
15:15,55,BROWSING,g,3,Jeans
15:15,57,MOVING,b,7,→ Tops
15:15,58,BROWSING,f,13,Skirts & Dresses
15:15,59,BROWSING,h,13,Skirts & Dresses
15:15,60,PUT_BACK_SHELF,c,3,Stockings
15:15,60,HEADING,c,3,checkout
15:15,62,MOVING,c,3,→ Jeans
15:15,63,MOVING,h,7,→ Jeans
15:15,64,MOVING,e,12,→ Skirts & Dresses
15:15,65,MOVING,d,4,→ Stockings
15:15,66,BROWSING,c,13,Hats & Handbags
15:16,67,ENTERED,h,8,"profile=regular gender=female age=adult speed=2 plan=[Jeans, Hats & Handbags, Underwear, Stockings, Skirts & Dresses, Tops]"
15:16,43,CHECKOUT_CALLED,b,9,lane 2
15:16,22,AT_CHECKOUT,b,9,4/13 min
15:16,40,MOVING,a,11,→ fitting room
15:16,41,IN_FITTING,a,14,10/15 min
15:16,43,AT_CHECKOUT,b,9,1/7 min
15:16,47,BROWSING,d,13,Hats & Handbags
15:16,51,MOVING,h,10,→ Jeans
15:16,52,BROWSING,h,3,Jeans
15:16,53,MOVING,b,11,→ checkout
15:16,54,MOVING,b,7,→ Underwear
15:16,55,BROWSING,g,3,Jeans
15:16,57,MOVING,b,8,→ Tops
15:16,58,BROWSING,f,13,Skirts & Dresses
15:16,59,BROWSING,h,13,Skirts & Dresses
15:16,60,MOVING,b,3,→ checkout
15:16,62,MOVING,d,3,→ Jeans
15:16,63,MOVING,h,5,→ Jeans
15:16,64,MOVING,e,13,→ Skirts & Dresses
15:16,65,ARRIVED_SECTION,d,3,Stockings
15:16,66,BROWSING,c,13,Hats & Handbags
15:16,67,MOVING,h,6,→ Jeans
15:17,68,ENTERED,h,8,"profile=indecisive gender=male age=adult speed=2 plan=[Stockings, Jeans, Underwear, Hats & Handbags]"
15:17,22,AT_CHECKOUT,b,9,5/13 min
15:17,40,ARRIVED_FITTING_AREA,a,12,4 item(s)
15:17,41,IN_FITTING,a,14,11/15 min
15:17,43,AT_CHECKOUT,b,9,2/7 min
15:17,47,BROWSING,d,13,Hats & Handbags
15:17,51,MOVING,h,9,→ Jeans
15:17,52,BROWSING,h,3,Jeans
15:17,53,MOVING,b,10,→ checkout
15:17,54,MOVING,b,6,→ Underwear
15:17,55,BROWSING,g,3,Jeans
15:17,57,MOVING,b,9,→ Tops
15:17,58,BROWSING,f,13,Skirts & Dresses
15:17,59,BROWSING,h,13,Skirts & Dresses
15:17,60,MOVING,b,4,→ checkout
15:17,62,MOVING,e,3,→ Jeans
15:17,63,ARRIVED_SECTION,h,3,Jeans
15:17,64,ARRIVED_SECTION,f,13,Skirts & Dresses
15:17,65,BROWSING,d,3,Stockings
15:17,66,BROWSING,c,13,Hats & Handbags
15:17,67,MOVING,h,4,→ Jeans
15:17,68,MOVING,g,7,→ Stockings
15:18,22,AT_CHECKOUT,b,9,6/13 min
15:18,40,ENTERED_FITTING,a,12,"4 item(s) to try on, waited 0 ticks"
15:18,41,IN_FITTING,a,14,12/15 min
15:18,43,AT_CHECKOUT,b,9,3/7 min
15:18,47,BROWSING,d,13,Hats & Handbags
15:18,51,MOVING,h,8,→ Jeans
15:18,52,BROWSING,h,3,Jeans
15:18,53,JOINED_QUEUE,b,9,"position #3, 1 item(s)"
15:18,54,MOVING,b,5,→ Underwear
15:18,55,BROWSING,g,3,Jeans
15:18,57,MOVING,c,9,→ Tops
15:18,58,PICKED_ITEM,f,13,Skirts & Dresses
15:18,59,BROWSING,h,13,Skirts & Dresses
15:18,60,MOVING,b,5,→ checkout
15:18,62,PAUSED,e,3,→ Jeans
15:18,63,BROWSING,h,3,Jeans
15:18,64,BROWSING,f,13,Skirts & Dresses
15:18,65,BROWSING,d,3,Stockings
15:18,66,BROWSING,c,13,Hats & Handbags
15:18,67,PAUSED,h,4,→ Jeans
15:18,68,PAUSED,g,7,→ Stockings
15:19,69,ENTERED,h,8,"profile=regular gender=female age=young speed=3 plan=[Jeans, Tops, Skirts & Dresses]"
15:19,22,AT_CHECKOUT,b,9,7/13 min
15:19,40,IN_FITTING,a,12,1/25 min
15:19,41,IN_FITTING,a,14,13/15 min
15:19,43,AT_CHECKOUT,b,9,4/7 min
15:19,47,BROWSING,d,13,Hats & Handbags
15:19,51,MOVING,h,7,→ Jeans
15:19,52,BROWSING,h,3,Jeans
15:19,53,IN_QUEUE,b,9,position #3
15:19,54,MOVING,b,4,→ Underwear
15:19,55,BROWSING,g,3,Jeans
15:19,57,ARRIVED_SECTION,c,10,Tops
15:19,58,ARRIVED_SECTION,f,13,Tops
15:19,59,BROWSING,h,13,Skirts & Dresses
15:19,60,MOVING,b,6,→ checkout
15:19,62,PAUSED,e,3,→ Jeans
15:19,63,BROWSING,h,3,Jeans
15:19,64,BROWSING,f,13,Skirts & Dresses
15:19,65,BROWSING,d,3,Stockings
15:19,66,BROWSING,c,13,Hats & Handbags
15:19,67,PAUSED,h,4,→ Jeans
15:19,68,PAUSED,g,7,→ Stockings
15:19,69,MOVING,h,5,→ Jeans
15:20,22,AT_CHECKOUT,b,9,8/13 min
15:20,40,IN_FITTING,a,12,2/25 min
15:20,41,IN_FITTING,a,14,14/15 min
15:20,43,AT_CHECKOUT,b,9,5/7 min
15:20,47,BROWSING,d,13,Hats & Handbags
15:20,51,MOVING,h,6,→ Jeans
15:20,52,BROWSING,h,3,Jeans
15:20,53,IN_QUEUE,b,9,position #3
15:20,54,ARRIVED_SECTION,b,3,Underwear
15:20,55,BROWSING,g,3,Jeans
15:20,57,BROWSING,c,10,Tops
15:20,58,BROWSING,f,13,Tops
15:20,59,BROWSING,h,13,Skirts & Dresses
15:20,60,MOVING,b,7,→ checkout
15:20,62,MOVING,f,3,→ Jeans
15:20,63,BROWSING,h,3,Jeans
15:20,64,BROWSING,f,13,Skirts & Dresses
15:20,65,BROWSING,d,3,Stockings
15:20,66,PICKED_ITEM,c,13,Hats & Handbags
15:20,67,ARRIVED_SECTION,h,3,Jeans
15:20,68,PAUSED,g,7,→ Stockings
15:20,69,ARRIVED_SECTION,h,3,Jeans
15:21,22,AT_CHECKOUT,b,9,9/13 min
15:21,40,IN_FITTING,a,12,3/25 min
15:21,41,LEFT_FITTING,a,14,returned_to_shelf=2
15:21,41,HEADING,a,14,exit
15:21,43,AT_CHECKOUT,b,9,6/7 min
15:21,47,NO_PICK,d,13,Hats & Handbags
15:21,51,MOVING,h,5,→ Jeans
15:21,52,NO_PICK,h,3,Jeans
15:21,52,HEADING,h,3,exit
15:21,53,IN_QUEUE,b,9,position #3
15:21,54,BROWSING,b,3,Underwear
15:21,55,BROWSING,g,3,Jeans
15:21,57,BROWSING,c,10,Tops
15:21,58,BROWSING,f,13,Tops
15:21,59,BROWSING,h,13,Skirts & Dresses
15:21,60,MOVING,b,8,→ checkout
15:21,62,ARRIVED_SECTION,g,3,Jeans
15:21,63,BROWSING,h,3,Jeans
15:21,64,BROWSING,f,13,Skirts & Dresses
15:21,65,BROWSING,d,3,Stockings
15:21,66,MOVING,e,11,→ Jeans
15:21,67,BROWSING,h,3,Jeans
15:21,68,PAUSED,g,7,→ Stockings
15:21,69,BROWSING,h,3,Jeans
15:22,70,ENTERED,h,8,"profile=window_shopper gender=female age=adult speed=2 plan=[Hats & Handbags, Underwear, Skirts & Dresses, Tops]"
15:22,22,AT_CHECKOUT,b,9,10/13 min
15:22,40,IN_FITTING,a,12,4/25 min
15:22,41,MOVING,b,14,→ exit
15:22,43,PURCHASED,b,9,"2 item(s): Skirts & Dresses, Hats & Handbags"
15:22,47,MOVING,e,12,→ Jeans
15:22,51,MOVING,h,4,→ Jeans
15:22,52,MOVING,h,5,→ exit
15:22,53,IN_QUEUE,b,9,position #2
15:22,54,BROWSING,b,3,Underwear
15:22,55,PICKED_ITEM,g,3,Jeans
15:22,57,BROWSING,c,10,Tops
15:22,58,BROWSING,f,13,Tops
15:22,59,BROWSING,h,13,Skirts & Dresses
15:22,60,JOINED_QUEUE,b,9,"position #3, 1 item(s)"
15:22,62,BROWSING,g,3,Jeans
15:22,63,BROWSING,h,3,Jeans
15:22,64,BROWSING,f,13,Skirts & Dresses
15:22,65,BROWSING,d,3,Stockings
15:22,66,MOVING,g,9,→ Jeans
15:22,67,BROWSING,h,3,Jeans
15:22,68,PAUSED,g,7,→ Stockings
15:22,69,BROWSING,h,3,Jeans
15:22,70,MOVING,f,8,→ Hats & Handbags
15:23,53,CHECKOUT_CALLED,b,9,lane 2
15:23,22,AT_CHECKOUT,b,9,11/13 min
15:23,40,IN_FITTING,a,12,5/25 min
15:23,41,MOVING,b,13,→ exit
15:23,43,MOVING,d,9,→ exit
15:23,47,MOVING,e,10,→ Jeans
15:23,51,ARRIVED_SECTION,h,3,Jeans
15:23,52,MOVING,h,7,→ exit
15:23,53,AT_CHECKOUT,b,9,1/5 min
15:23,54,BROWSING,b,3,Underwear
15:23,55,MOVING,h,3,→ Skirts & Dresses
15:23,57,BROWSING,c,10,Tops
15:23,58,BROWSING,f,13,Tops
15:23,59,BROWSING,h,13,Skirts & Dresses
15:23,60,IN_QUEUE,b,9,position #3
15:23,62,BROWSING,g,3,Jeans
15:23,63,BROWSING,h,3,Jeans
15:23,64,BROWSING,f,13,Skirts & Dresses
15:23,65,BROWSING,d,3,Stockings
15:23,66,MOVING,g,5,→ Jeans
15:23,67,BROWSING,h,3,Jeans
15:23,68,MOVING,g,5,→ Stockings
15:23,69,BROWSING,h,3,Jeans
15:23,70,MOVING,e,9,→ Hats & Handbags
15:24,22,AT_CHECKOUT,b,9,12/13 min
15:24,40,IN_FITTING,a,12,6/25 min
15:24,41,MOVING,c,13,→ exit
15:24,43,MOVING,f,9,→ exit
15:24,47,MOVING,g,10,→ Jeans
15:24,51,BROWSING,h,3,Jeans
15:24,52,EXITED,h,8,
15:24,53,AT_CHECKOUT,b,9,2/5 min
15:24,54,BROWSING,b,3,Underwear
15:24,55,MOVING,h,4,→ Skirts & Dresses
15:24,57,BROWSING,c,10,Tops
15:24,58,BROWSING,f,13,Tops
15:24,59,BROWSING,h,13,Skirts & Dresses
15:24,60,IN_QUEUE,b,9,position #3
15:24,62,BROWSING,g,3,Jeans
15:24,63,BROWSING,h,3,Jeans
15:24,64,BROWSING,f,13,Skirts & Dresses
15:24,65,BROWSING,d,3,Stockings
15:24,66,ARRIVED_SECTION,g,3,Jeans
15:24,67,BROWSING,h,3,Jeans
15:24,68,PAUSED,g,5,→ Stockings
15:24,69,BROWSING,h,3,Jeans
15:24,70,MOVING,e,11,→ Hats & Handbags
15:25,22,PURCHASED,b,9,"6 item(s): Hats & Handbags, Underwear, Tops, Jeans, Stockings, Pants"
15:25,40,IN_FITTING,a,12,7/25 min
15:25,41,MOVING,d,13,→ exit
15:25,43,MOVING,h,9,→ exit
15:25,47,MOVING,g,8,→ Jeans
15:25,51,BROWSING,h,3,Jeans
15:25,53,AT_CHECKOUT,b,9,3/5 min
15:25,54,PICKED_ITEM,b,3,Underwear
15:25,54,HEADING,b,3,fitting room
15:25,55,MOVING,h,5,→ Skirts & Dresses
15:25,57,BROWSING,c,10,Tops
15:25,58,BROWSING,f,13,Tops
15:25,59,BROWSING,h,13,Skirts & Dresses
15:25,60,IN_QUEUE,b,9,position #2
15:25,62,BROWSING,g,3,Jeans
15:25,63,BROWSING,h,3,Jeans
15:25,64,BROWSING,f,13,Skirts & Dresses
15:25,65,BROWSING,d,3,Stockings
15:25,66,BROWSING,g,3,Jeans
15:25,67,PICKED_ITEM,h,3,Jeans
15:25,68,PAUSED,g,5,→ Stockings
15:25,69,BROWSING,h,3,Jeans
15:25,70,PAUSED,e,11,→ Hats & Handbags
15:26,60,CHECKOUT_CALLED,b,9,lane 2
15:26,22,MOVING,d,9,→ exit
15:26,40,IN_FITTING,a,12,8/25 min
15:26,41,MOVING,e,13,→ exit
15:26,43,EXITED,h,8,
15:26,47,MOVING,g,6,→ Jeans
15:26,51,BROWSING,h,3,Jeans
15:26,53,AT_CHECKOUT,b,9,4/5 min
15:26,54,MOVING,a,3,→ fitting room
15:26,55,MOVING,h,6,→ Skirts & Dresses
15:26,57,BROWSING,c,10,Tops
15:26,58,BROWSING,f,13,Tops
15:26,59,BROWSING,h,13,Skirts & Dresses
15:26,60,AT_CHECKOUT,b,9,1/6 min
15:26,62,BROWSING,g,3,Jeans
15:26,63,BROWSING,h,3,Jeans
15:26,64,NO_PICK,f,13,Skirts & Dresses
15:26,65,BROWSING,d,3,Stockings
15:26,66,BROWSING,g,3,Jeans
15:26,67,MOVING,g,4,→ Hats & Handbags
15:26,68,PAUSED,g,5,→ Stockings
15:26,69,BROWSING,h,3,Jeans
15:26,70,PAUSED,e,11,→ Hats & Handbags
15:27,22,MOVING,f,9,→ exit
15:27,40,IN_FITTING,a,12,9/25 min
15:27,41,MOVING,f,13,→ exit
15:27,47,MOVING,g,4,→ Jeans
15:27,51,BROWSING,h,3,Jeans
15:27,53,PURCHASED,b,9,1 item(s): Tops
15:27,54,MOVING,a,4,→ fitting room
15:27,55,MOVING,h,7,→ Skirts & Dresses
15:27,57,BROWSING,c,10,Tops
15:27,58,NO_PICK,f,13,Tops
15:27,59,PICKED_ITEM,h,13,Skirts & Dresses
15:27,60,AT_CHECKOUT,b,9,2/6 min
15:27,62,NO_PICK,g,3,Jeans
15:27,62,HEADING,g,3,exit
15:27,63,BROWSING,h,3,Jeans
15:27,64,MOVING,e,13,→ Hats & Handbags
15:27,65,NO_PICK,d,3,Stockings
15:27,66,BROWSING,g,3,Jeans
15:27,67,MOVING,g,6,→ Hats & Handbags
15:27,68,PAUSED,g,5,→ Stockings
15:27,69,BROWSING,h,3,Jeans
15:27,70,PAUSED,e,11,→ Hats & Handbags
15:28,71,ENTERED,h,8,"profile=regular gender=female age=adult speed=1 plan=[Tops, Jeans]"
15:28,22,MOVING,h,9,→ exit
15:28,40,IN_FITTING,a,12,10/25 min
15:28,41,MOVING,g,13,→ exit
15:28,47,ARRIVED_SECTION,g,3,Jeans
15:28,51,BROWSING,h,3,Jeans
15:28,53,MOVING,c,9,→ exit
15:28,54,MOVING,a,5,→ fitting room
15:28,55,MOVING,h,8,→ Skirts & Dresses
15:28,57,BROWSING,c,10,Tops
15:28,58,MOVING,g,13,→ Jeans
15:28,59,MOVING,h,11,→ Jeans
15:28,60,AT_CHECKOUT,b,9,3/6 min
15:28,62,MOVING,h,3,→ exit
15:28,63,BROWSING,h,3,Jeans
15:28,64,ARRIVED_SECTION,d,13,Hats & Handbags
15:28,65,ARRIVED_SECTION,g,3,Jeans
15:28,66,BROWSING,g,3,Jeans
15:28,67,MOVING,e,6,→ Hats & Handbags
15:28,68,MOVING,f,4,→ Stockings
15:28,69,BROWSING,h,3,Jeans
15:28,70,PAUSED,e,11,→ Hats & Handbags
15:28,71,MOVING,g,8,→ Tops
15:29,22,EXITED,h,8,
15:29,40,IN_FITTING,a,12,11/25 min
15:29,41,MOVING,h,13,→ exit
15:29,47,BROWSING,g,3,Jeans
15:29,51,BROWSING,h,3,Jeans
15:29,53,MOVING,d,9,→ exit
15:29,54,MOVING,a,6,→ fitting room
15:29,55,MOVING,h,9,→ Skirts & Dresses
15:29,57,BROWSING,c,10,Tops
15:29,58,MOVING,h,13,→ Jeans
15:29,59,MOVING,h,9,→ Jeans
15:29,60,AT_CHECKOUT,b,9,4/6 min
15:29,62,MOVING,h,4,→ exit
15:29,63,NO_PICK,h,3,Jeans
15:29,64,BROWSING,d,13,Hats & Handbags
15:29,65,BROWSING,g,3,Jeans
15:29,66,BROWSING,g,3,Jeans
15:29,67,PAUSED,e,6,→ Hats & Handbags
15:29,68,MOVING,d,4,→ Stockings
15:29,69,BROWSING,h,3,Jeans
15:29,70,MOVING,e,13,→ Hats & Handbags
15:29,71,MOVING,g,9,→ Tops
15:30,40,IN_FITTING,a,12,12/25 min
15:30,41,MOVING,h,12,→ exit
15:30,47,BROWSING,g,3,Jeans
15:30,51,BROWSING,h,3,Jeans
15:30,53,MOVING,e,9,→ exit
15:30,54,MOVING,a,7,→ fitting room
15:30,55,MOVING,h,10,→ Skirts & Dresses
15:30,57,BROWSING,c,10,Tops
15:30,58,MOVING,h,12,→ Jeans
15:30,59,MOVING,h,7,→ Jeans
15:30,60,AT_CHECKOUT,b,9,5/6 min
15:30,62,MOVING,h,5,→ exit
15:30,63,MOVING,f,3,→ Stockings
15:30,64,BROWSING,d,13,Hats & Handbags
15:30,65,BROWSING,g,3,Jeans
15:30,66,BROWSING,g,3,Jeans
15:30,67,PAUSED,e,6,→ Hats & Handbags
15:30,68,ARRIVED_SECTION,d,3,Stockings
15:30,69,BROWSING,h,3,Jeans
15:30,70,ARRIVED_SECTION,d,13,Hats & Handbags
15:30,71,ARRIVED_SECTION,g,10,Tops
15:31,40,IN_FITTING,a,12,13/25 min
15:31,41,MOVING,h,11,→ exit
15:31,47,BROWSING,g,3,Jeans
15:31,51,BROWSING,h,3,Jeans
15:31,53,MOVING,f,9,→ exit
15:31,54,MOVING,a,8,→ fitting room
15:31,55,MOVING,h,11,→ Skirts & Dresses
15:31,57,BROWSING,c,10,Tops
15:31,58,MOVING,h,11,→ Jeans
15:31,59,MOVING,h,5,→ Jeans
15:31,60,PURCHASED,b,9,1 item(s): Tops
15:31,62,MOVING,h,6,→ exit
15:31,63,ARRIVED_SECTION,d,3,Stockings
15:31,64,BROWSING,d,13,Hats & Handbags
15:31,65,BROWSING,g,3,Jeans
15:31,66,BROWSING,g,3,Jeans
15:31,67,MOVING,e,8,→ Hats & Handbags
15:31,68,BROWSING,d,3,Stockings
15:31,69,BROWSING,h,3,Jeans
15:31,70,BROWSING,d,13,Hats & Handbags
15:31,71,BROWSING,g,10,Tops
15:32,72,ENTERED,h,8,"profile=regular gender=female age=young speed=2 plan=[Pants, Stockings, Underwear, Tops, Hats & Handbags, Jeans]"
15:32,40,IN_FITTING,a,12,14/25 min
15:32,41,MOVING,h,10,→ exit
15:32,47,BROWSING,g,3,Jeans
15:32,51,BROWSING,h,3,Jeans
15:32,53,MOVING,g,9,→ exit
15:32,54,MOVING,a,9,→ fitting room
15:32,55,MOVING,h,12,→ Skirts & Dresses
15:32,57,BROWSING,c,10,Tops
15:32,58,MOVING,h,10,→ Jeans
15:32,59,ARRIVED_SECTION,h,3,Jeans
15:32,60,MOVING,c,9,→ exit
15:32,62,MOVING,h,7,→ exit
15:32,63,BROWSING,d,3,Stockings
15:32,64,NO_PICK,d,13,Hats & Handbags
15:32,64,HEADING,d,13,exit
15:32,65,BROWSING,g,3,Jeans
15:32,66,PICKED_ITEM,g,3,Jeans
15:32,67,MOVING,e,10,→ Hats & Handbags
15:32,68,BROWSING,d,3,Stockings
15:32,69,PICKED_ITEM,h,3,Jeans
15:32,70,BROWSING,d,13,Hats & Handbags
15:32,71,BROWSING,g,10,Tops
15:32,72,MOVING,f,8,→ Pants
15:33,40,IN_FITTING,a,12,15/25 min
15:33,41,MOVING,h,9,→ exit
15:33,47,BROWSING,g,3,Jeans
15:33,51,BROWSING,h,3,Jeans
15:33,53,MOVING,h,9,→ exit
15:33,54,PAUSED,a,9,→ fitting room
15:33,55,ARRIVED_SECTION,h,13,Skirts & Dresses
15:33,57,BROWSING,c,10,Tops
15:33,58,MOVING,h,9,→ Jeans
15:33,59,BROWSING,h,3,Jeans
15:33,60,MOVING,d,9,→ exit
15:33,62,EXITED,h,8,
15:33,63,BROWSING,d,3,Stockings
15:33,64,MOVING,e,13,→ exit
15:33,65,BROWSING,g,3,Jeans
15:33,66,MOVING,g,7,→ Tops
15:33,67,MOVING,e,12,→ Hats & Handbags
15:33,68,BROWSING,d,3,Stockings
15:33,69,MOVING,g,5,→ Tops
15:33,70,BROWSING,d,13,Hats & Handbags
15:33,71,BROWSING,g,10,Tops
15:33,72,ARRIVED_SECTION,f,6,Pants
15:34,40,IN_FITTING,a,12,16/25 min
15:34,41,EXITED,h,8,
15:34,47,BROWSING,g,3,Jeans
15:34,51,PUT_BACK_SHELF,h,3,Jeans
15:34,53,EXITED,h,8,
15:34,54,PAUSED,a,9,→ fitting room
15:34,55,BROWSING,h,13,Skirts & Dresses
15:34,57,BROWSING,c,10,Tops
15:34,58,MOVING,h,8,→ Jeans
15:34,59,BROWSING,h,3,Jeans
15:34,60,MOVING,e,9,→ exit
15:34,63,BROWSING,d,3,Stockings
15:34,64,MOVING,f,13,→ exit
15:34,65,BROWSING,g,3,Jeans
15:34,66,ARRIVED_SECTION,g,10,Tops
15:34,67,ARRIVED_SECTION,d,13,Hats & Handbags
15:34,68,BROWSING,d,3,Stockings
15:34,69,MOVING,g,8,→ Tops
15:34,70,BROWSING,d,13,Hats & Handbags
15:34,71,BROWSING,g,10,Tops
15:34,72,BROWSING,f,6,Pants
15:35,40,IN_FITTING,a,12,17/25 min
15:35,47,BROWSING,g,3,Jeans
15:35,51,MOVING,g,3,→ Tops
15:35,54,MOVING,a,10,→ fitting room
15:35,55,BROWSING,h,13,Skirts & Dresses
15:35,57,BROWSING,c,10,Tops
15:35,58,MOVING,h,7,→ Jeans
15:35,59,BROWSING,h,3,Jeans
15:35,60,MOVING,f,9,→ exit
15:35,63,BROWSING,d,3,Stockings
15:35,64,MOVING,g,13,→ exit
15:35,65,BROWSING,g,3,Jeans
15:35,66,BROWSING,g,10,Tops
15:35,67,BROWSING,d,13,Hats & Handbags
15:35,68,BROWSING,d,3,Stockings
15:35,69,PAUSED,g,8,→ Tops
15:35,70,BROWSING,d,13,Hats & Handbags
15:35,71,PICKED_ITEM,g,10,Tops
15:35,72,BROWSING,f,6,Pants
15:36,40,IN_FITTING,a,12,18/25 min
15:36,47,BROWSING,g,3,Jeans
15:36,51,MOVING,g,4,→ Tops
15:36,54,MOVING,a,11,→ fitting room
15:36,55,BROWSING,h,13,Skirts & Dresses
15:36,57,BROWSING,c,10,Tops
15:36,58,MOVING,h,6,→ Jeans
15:36,59,BROWSING,h,3,Jeans
15:36,60,MOVING,g,9,→ exit
15:36,63,BROWSING,d,3,Stockings
15:36,64,MOVING,h,13,→ exit
15:36,65,BROWSING,g,3,Jeans
15:36,66,BROWSING,g,10,Tops
15:36,67,BROWSING,d,13,Hats & Handbags
15:36,68,BROWSING,d,3,Stockings
15:36,69,PAUSED,g,8,→ Tops
15:36,70,BROWSING,d,13,Hats & Handbags
15:36,71,MOVING,g,9,→ Jeans
15:36,72,BROWSING,f,6,Pants
15:37,40,IN_FITTING,a,12,19/25 min
15:37,47,BROWSING,g,3,Jeans
15:37,51,MOVING,g,5,→ Tops
15:37,54,ARRIVED_FITTING_AREA,a,12,2 item(s)
15:37,55,BROWSING,h,13,Skirts & Dresses
15:37,57,BROWSING,c,10,Tops
15:37,58,MOVING,h,5,→ Jeans
15:37,59,BROWSING,h,3,Jeans
15:37,60,MOVING,h,9,→ exit
15:37,63,BROWSING,d,3,Stockings
15:37,64,MOVING,h,12,→ exit
15:37,65,BROWSING,g,3,Jeans
15:37,66,BROWSING,g,10,Tops
15:37,67,BROWSING,d,13,Hats & Handbags
15:37,68,BROWSING,d,3,Stockings
15:37,69,PAUSED,g,8,→ Tops
15:37,70,NO_PICK,d,13,Hats & Handbags
15:37,71,MOVING,g,8,→ Jeans
15:37,72,BROWSING,f,6,Pants
15:38,73,ENTERED,h,8,"profile=window_shopper gender=female age=young speed=2 plan=[Skirts & Dresses, Tops, Hats & Handbags, Pants, Stockings, Jeans]"
15:38,40,IN_FITTING,a,12,20/25 min
15:38,47,PUT_BACK_SHELF,g,3,Jeans
15:38,47,HEADING,g,3,fitting room
15:38,51,MOVING,g,6,→ Tops
15:38,54,ENTERED_FITTING,a,13,"2 item(s) to try on, waited 0 ticks"
15:38,55,BROWSING,h,13,Skirts & Dresses
15:38,57,BROWSING,c,10,Tops
15:38,58,MOVING,h,4,→ Jeans
15:38,59,BROWSING,h,3,Jeans
15:38,60,EXITED,h,8,
15:38,63,BROWSING,d,3,Stockings
15:38,64,PAUSED,h,12,→ exit
15:38,65,BROWSING,g,3,Jeans
15:38,66,BROWSING,g,10,Tops
15:38,67,BROWSING,d,13,Hats & Handbags
15:38,68,BROWSING,d,3,Stockings
15:38,69,ARRIVED_SECTION,g,10,Tops
15:38,70,MOVING,b,13,→ Underwear
15:38,71,MOVING,g,7,→ Jeans
15:38,72,BROWSING,f,6,Pants
15:38,73,MOVING,h,10,→ Skirts & Dresses
15:39,74,ENTERED,h,8,"profile=regular gender=female age=adult speed=1 plan=[Skirts & Dresses, Pants, Hats & Handbags, Stockings, Underwear, Jeans]"
15:39,40,IN_FITTING,a,12,21/25 min
15:39,47,MOVING,e,3,→ fitting room
15:39,51,MOVING,g,7,→ Tops
15:39,54,IN_FITTING,a,13,1/13 min
15:39,55,BROWSING,h,13,Skirts & Dresses
15:39,57,BROWSING,c,10,Tops
15:39,58,ARRIVED_SECTION,h,3,Jeans
15:39,59,BROWSING,h,3,Jeans
15:39,63,BROWSING,d,3,Stockings
15:39,64,PAUSED,h,12,→ exit
15:39,65,BROWSING,g,3,Jeans
15:39,66,BROWSING,g,10,Tops
15:39,67,BROWSING,d,13,Hats & Handbags
15:39,68,BROWSING,d,3,Stockings
15:39,69,BROWSING,g,10,Tops
15:39,70,MOVING,b,11,→ Underwear
15:39,71,MOVING,g,6,→ Jeans
15:39,72,BROWSING,f,6,Pants
15:39,73,MOVING,h,12,→ Skirts & Dresses
15:39,74,MOVING,h,9,→ Skirts & Dresses
15:40,75,ENTERED,h,8,"profile=browser gender=male age=senior speed=1 plan=[Jeans, Skirts & Dresses, Tops, Pants, Stockings, Hats & Handbags]"
15:40,40,IN_FITTING,a,12,22/25 min
15:40,47,MOVING,c,3,→ fitting room
15:40,51,MOVING,g,8,→ Tops
15:40,54,IN_FITTING,a,13,2/13 min
15:40,55,BROWSING,h,13,Skirts & Dresses
15:40,57,PUT_BACK_SHELF,c,10,Tops
15:40,57,HEADING,c,10,exit
15:40,58,BROWSING,h,3,Jeans
15:40,59,BROWSING,h,3,Jeans
15:40,63,BROWSING,d,3,Stockings
15:40,64,PAUSED,h,12,→ exit
15:40,65,BROWSING,g,3,Jeans
15:40,66,BROWSING,g,10,Tops
15:40,67,PUT_BACK_SHELF,d,13,Hats & Handbags
15:40,68,BROWSING,d,3,Stockings
15:40,69,BROWSING,g,10,Tops
15:40,70,MOVING,b,9,→ Underwear
15:40,71,MOVING,g,5,→ Jeans
15:40,72,BROWSING,f,6,Pants
15:40,73,ARRIVED_SECTION,h,13,Skirts & Dresses
15:40,74,MOVING,h,10,→ Skirts & Dresses
15:40,75,MOVING,h,7,→ Jeans
15:41,76,ENTERED,h,8,"profile=regular gender=male age=adult speed=1 plan=[Tops, Hats & Handbags, Pants]"
15:41,40,IN_FITTING,a,12,23/25 min
15:41,47,MOVING,a,3,→ fitting room
15:41,51,MOVING,g,9,→ Tops
15:41,54,IN_FITTING,a,13,3/13 min
15:41,55,BROWSING,h,13,Skirts & Dresses
15:41,57,MOVING,d,10,→ exit
15:41,58,BROWSING,h,3,Jeans
15:41,59,BROWSING,h,3,Jeans
15:41,63,BROWSING,d,3,Stockings
15:41,64,PAUSED,h,12,→ exit
15:41,65,BROWSING,g,3,Jeans
15:41,66,BROWSING,g,10,Tops
15:41,67,MOVING,b,13,→ Underwear
15:41,68,BROWSING,d,3,Stockings
15:41,69,BROWSING,g,10,Tops
15:41,70,MOVING,b,7,→ Underwear
15:41,71,MOVING,g,4,→ Jeans
15:41,72,BROWSING,f,6,Pants
15:41,73,BROWSING,h,13,Skirts & Dresses
15:41,74,MOVING,h,11,→ Skirts & Dresses
15:41,75,MOVING,h,6,→ Jeans
15:41,76,MOVING,g,8,→ Tops
15:42,40,IN_FITTING,a,12,24/25 min
15:42,47,MOVING,a,5,→ fitting room
15:42,51,ARRIVED_SECTION,g,10,Tops
15:42,54,IN_FITTING,a,13,4/13 min
15:42,55,BROWSING,h,13,Skirts & Dresses
15:42,57,MOVING,e,10,→ exit
15:42,58,BROWSING,h,3,Jeans
15:42,59,PICKED_ITEM,h,3,Jeans
15:42,59,HEADING,h,3,fitting room
15:42,63,BROWSING,d,3,Stockings
15:42,64,PAUSED,h,12,→ exit
15:42,65,BROWSING,g,3,Jeans
15:42,66,PICKED_ITEM,g,10,Tops
15:42,66,HEADING,g,10,checkout
15:42,67,MOVING,b,11,→ Underwear
15:42,68,BROWSING,d,3,Stockings
15:42,69,BROWSING,g,10,Tops
15:42,70,MOVING,b,5,→ Underwear
15:42,71,ARRIVED_SECTION,g,3,Jeans
15:42,72,NO_PICK,f,6,Pants
15:42,73,BROWSING,h,13,Skirts & Dresses
15:42,74,MOVING,h,12,→ Skirts & Dresses
15:42,75,MOVING,h,5,→ Jeans
15:42,76,MOVING,g,9,→ Tops
15:43,40,LEFT_FITTING,a,12,"keeping=2, returned_to_shelf=2"
15:43,40,HEADING,a,12,checkout
15:43,47,MOVING,a,7,→ fitting room
15:43,51,BROWSING,g,10,Tops
15:43,54,IN_FITTING,a,13,5/13 min
15:43,55,BROWSING,h,13,Skirts & Dresses
15:43,57,MOVING,f,10,→ exit
15:43,58,BROWSING,h,3,Jeans
15:43,59,MOVING,f,3,→ fitting room
15:43,63,NO_PICK,d,3,Stockings
15:43,64,PAUSED,h,12,→ exit
15:43,65,BROWSING,g,3,Jeans
15:43,66,MOVING,c,10,→ checkout
15:43,67,MOVING,b,9,→ Underwear
15:43,68,BROWSING,d,3,Stockings
15:43,69,BROWSING,g,10,Tops
15:43,70,ARRIVED_SECTION,b,3,Underwear
15:43,71,BROWSING,g,3,Jeans
15:43,72,MOVING,g,5,→ Stockings
15:43,73,BROWSING,h,13,Skirts & Dresses
15:43,74,ARRIVED_SECTION,h,13,Skirts & Dresses
15:43,75,MOVING,h,4,→ Jeans
15:43,76,ARRIVED_SECTION,g,10,Tops
15:44,40,MOVING,b,12,→ checkout
15:44,47,MOVING,a,9,→ fitting room
15:44,51,BROWSING,g,10,Tops
15:44,54,IN_FITTING,a,13,6/13 min
15:44,55,BROWSING,h,13,Skirts & Dresses
15:44,57,MOVING,g,10,→ exit
15:44,58,BROWSING,h,3,Jeans
15:44,59,MOVING,d,3,→ fitting room
15:44,63,PAUSED,d,3,→ Tops
15:44,64,PAUSED,h,12,→ exit
15:44,65,NO_PICK,g,3,Jeans
15:44,66,JOINED_QUEUE,b,9,"position #1, 4 item(s)"
15:44,67,MOVING,b,7,→ Underwear
15:44,68,PICKED_ITEM,d,3,Stockings
15:44,69,BROWSING,g,10,Tops
15:44,70,BROWSING,b,3,Underwear
15:44,71,BROWSING,g,3,Jeans
15:44,72,MOVING,f,4,→ Stockings
15:44,73,BROWSING,h,13,Skirts & Dresses
15:44,74,BROWSING,h,13,Skirts & Dresses
15:44,75,ARRIVED_SECTION,h,3,Jeans
15:44,76,BROWSING,g,10,Tops
15:45,77,ENTERED,h,8,"profile=indecisive gender=male age=young speed=3 plan=[Underwear, Skirts & Dresses, Pants, Hats & Handbags]"
15:45,66,CHECKOUT_CALLED,b,9,lane 1
15:45,40,MOVING,b,11,→ checkout
15:45,47,MOVING,a,11,→ fitting room
15:45,51,BROWSING,g,10,Tops
15:45,54,IN_FITTING,a,13,7/13 min
15:45,55,BROWSING,h,13,Skirts & Dresses
15:45,57,MOVING,h,10,→ exit
15:45,58,BROWSING,h,3,Jeans
15:45,59,MOVING,b,3,→ fitting room
15:45,63,PAUSED,d,3,→ Tops
15:45,64,PAUSED,h,12,→ exit
15:45,65,MOVING,g,6,→ Hats & Handbags
15:45,66,AT_CHECKOUT,b,9,1/11 min
15:45,67,MOVING,b,5,→ Underwear
15:45,68,MOVING,f,3,→ Jeans
15:45,69,BROWSING,g,10,Tops
15:45,70,BROWSING,b,3,Underwear
15:45,71,BROWSING,g,3,Jeans
15:45,72,MOVING,d,4,→ Stockings
15:45,73,BROWSING,h,13,Skirts & Dresses
15:45,74,BROWSING,h,13,Skirts & Dresses
15:45,75,BROWSING,h,3,Jeans
15:45,76,BROWSING,g,10,Tops
15:45,77,MOVING,e,8,→ Underwear
15:46,78,ENTERED,h,8,"profile=browser gender=male age=senior speed=1 plan=[Underwear, Pants, Skirts & Dresses, Tops]"
15:46,40,MOVING,b,10,→ checkout
15:46,47,ARRIVED_FITTING_AREA,a,12,1 item(s)
15:46,51,BROWSING,g,10,Tops
15:46,54,IN_FITTING,a,13,8/13 min
15:46,55,BROWSING,h,13,Skirts & Dresses
15:46,57,PAUSED,h,10,→ exit
15:46,58,NO_PICK,h,3,Jeans
15:46,59,MOVING,a,4,→ fitting room
15:46,63,PAUSED,d,3,→ Tops
15:46,64,MOVING,h,11,→ exit
15:46,65,PAUSED,g,6,→ Hats & Handbags
15:46,66,AT_CHECKOUT,b,9,2/11 min
15:46,67,ARRIVED_SECTION,b,3,Underwear
15:46,68,ARRIVED_SECTION,g,3,Jeans
15:46,69,BROWSING,g,10,Tops
15:46,70,BROWSING,b,3,Underwear
15:46,71,BROWSING,g,3,Jeans
15:46,72,ARRIVED_SECTION,d,3,Stockings
15:46,73,BROWSING,h,13,Skirts & Dresses
15:46,74,BROWSING,h,13,Skirts & Dresses
15:46,75,BROWSING,h,3,Jeans
15:46,76,BROWSING,g,10,Tops
15:46,77,MOVING,d,6,→ Underwear
15:46,78,MOVING,g,8,→ Underwear
15:47,40,JOINED_QUEUE,b,9,"position #2, 2 item(s)"
15:47,47,ENTERED_FITTING,a,12,"1 item(s) to try on, waited 0 ticks"
15:47,51,BROWSING,g,10,Tops
15:47,54,IN_FITTING,a,13,9/13 min
15:47,55,BROWSING,h,13,Skirts & Dresses
15:47,57,PAUSED,h,10,→ exit
15:47,58,MOVING,g,3,→ Pants
15:47,59,PAUSED,a,4,→ fitting room
15:47,63,PAUSED,d,3,→ Tops
15:47,64,MOVING,h,10,→ exit
15:47,65,PAUSED,g,6,→ Hats & Handbags
15:47,66,AT_CHECKOUT,b,9,3/11 min
15:47,67,BROWSING,b,3,Underwear
15:47,68,BROWSING,g,3,Jeans
15:47,69,PICKED_ITEM,g,10,Tops
15:47,70,BROWSING,b,3,Underwear
15:47,71,NO_PICK,g,3,Jeans
15:47,71,HEADING,g,3,fitting room
15:47,72,BROWSING,d,3,Stockings
15:47,73,NO_PICK,h,13,Skirts & Dresses
15:47,74,BROWSING,h,13,Skirts & Dresses
15:47,75,BROWSING,h,3,Jeans
15:47,76,PICKED_ITEM,g,10,Tops
15:47,77,MOVING,b,5,→ Underwear
15:47,78,MOVING,f,8,→ Underwear
15:48,40,CHECKOUT_CALLED,b,9,lane 2
15:48,40,AT_CHECKOUT,b,9,1/6 min
15:48,47,IN_FITTING,a,12,1/10 min
15:48,51,BROWSING,g,10,Tops
15:48,54,IN_FITTING,a,13,10/13 min
15:48,55,BROWSING,h,13,Skirts & Dresses
15:48,57,MOVING,h,9,→ exit
15:48,58,MOVING,f,3,→ Pants
15:48,59,PAUSED,a,4,→ fitting room
15:48,63,MOVING,b,3,→ Tops
15:48,64,MOVING,h,9,→ exit
15:48,65,PAUSED,g,6,→ Hats & Handbags
15:48,66,AT_CHECKOUT,b,9,4/11 min
15:48,67,BROWSING,b,3,Underwear
15:48,68,BROWSING,g,3,Jeans
15:48,69,MOVING,h,12,→ Skirts & Dresses
15:48,70,BROWSING,b,3,Underwear
15:48,71,MOVING,f,3,→ fitting room
15:48,72,BROWSING,d,3,Stockings
15:48,73,PAUSED,h,13,→ Tops
15:48,74,BROWSING,h,13,Skirts & Dresses
15:48,75,BROWSING,h,3,Jeans
15:48,76,MOVING,f,10,→ Hats & Handbags
15:48,77,ARRIVED_SECTION,b,3,Underwear
15:48,78,MOVING,e,8,→ Underwear
15:49,40,AT_CHECKOUT,b,9,2/6 min
15:49,47,IN_FITTING,a,12,2/10 min
15:49,51,BROWSING,g,10,Tops
15:49,54,IN_FITTING,a,13,11/13 min
15:49,55,BROWSING,h,13,Skirts & Dresses
15:49,57,EXITED,h,8,
15:49,58,ARRIVED_SECTION,f,4,Pants
15:49,59,PAUSED,a,4,→ fitting room
15:49,63,MOVING,b,5,→ Tops
15:49,64,EXITED,h,8,
15:49,65,PAUSED,g,6,→ Hats & Handbags
15:49,66,AT_CHECKOUT,b,9,5/11 min
15:49,67,BROWSING,b,3,Underwear
15:49,68,BROWSING,g,3,Jeans
15:49,69,ARRIVED_SECTION,h,13,Skirts & Dresses
15:49,70,BROWSING,b,3,Underwear
15:49,71,MOVING,e,3,→ fitting room
15:49,72,BROWSING,d,3,Stockings
15:49,73,PAUSED,h,13,→ Tops
15:49,74,PICKED_ITEM,h,13,Skirts & Dresses
15:49,75,BROWSING,h,3,Jeans
15:49,76,MOVING,e,10,→ Hats & Handbags
15:49,77,BROWSING,b,3,Underwear
15:49,78,MOVING,d,8,→ Underwear
15:50,79,ENTERED,h,8,"profile=window_shopper gender=male age=young speed=3 plan=[Underwear, Pants, Hats & Handbags, Skirts & Dresses, Jeans]"
15:50,40,AT_CHECKOUT,b,9,3/6 min
15:50,47,IN_FITTING,a,12,3/10 min
15:50,51,BROWSING,g,10,Tops
15:50,54,IN_FITTING,a,13,12/13 min
15:50,55,BROWSING,h,13,Skirts & Dresses
15:50,58,BROWSING,f,4,Pants
15:50,59,PAUSED,a,4,→ fitting room
15:50,63,MOVING,b,7,→ Tops
15:50,65,PAUSED,g,6,→ Hats & Handbags
15:50,66,AT_CHECKOUT,b,9,6/11 min
15:50,67,BROWSING,b,3,Underwear
15:50,68,BROWSING,g,3,Jeans
15:50,69,BROWSING,h,13,Skirts & Dresses
15:50,70,BROWSING,b,3,Underwear
15:50,71,MOVING,d,3,→ fitting room
15:50,72,BROWSING,d,3,Stockings
15:50,73,ARRIVED_SECTION,g,13,Tops
15:50,74,MOVING,h,12,→ Pants
15:50,75,BROWSING,h,3,Jeans
15:50,76,MOVING,e,11,→ Hats & Handbags
15:50,77,BROWSING,b,3,Underwear
15:50,78,MOVING,d,7,→ Underwear
15:50,79,MOVING,e,8,→ Underwear
15:51,40,AT_CHECKOUT,b,9,4/6 min
15:51,47,IN_FITTING,a,12,4/10 min
15:51,51,BROWSING,g,10,Tops
15:51,54,LEFT_FITTING,a,13,keeping=2
15:51,54,HEADING,a,13,checkout
15:51,55,BROWSING,h,13,Skirts & Dresses
15:51,58,BROWSING,f,4,Pants
15:51,59,MOVING,a,6,→ fitting room
15:51,63,MOVING,b,9,→ Tops
15:51,65,PAUSED,g,6,→ Hats & Handbags
15:51,66,AT_CHECKOUT,b,9,7/11 min
15:51,67,BROWSING,b,3,Underwear
15:51,68,BROWSING,g,3,Jeans
15:51,69,BROWSING,h,13,Skirts & Dresses
15:51,70,BROWSING,b,3,Underwear
15:51,71,MOVING,c,3,→ fitting room
15:51,72,BROWSING,d,3,Stockings
15:51,73,BROWSING,g,13,Tops
15:51,74,MOVING,h,11,→ Pants
15:51,75,BROWSING,h,3,Jeans
15:51,76,MOVING,e,12,→ Hats & Handbags
15:51,77,BROWSING,b,3,Underwear
15:51,78,MOVING,d,6,→ Underwear
15:51,79,PAUSED,e,8,→ Underwear
15:52,40,AT_CHECKOUT,b,9,5/6 min
15:52,47,IN_FITTING,a,12,5/10 min
15:52,51,BROWSING,g,10,Tops
15:52,54,MOVING,b,13,→ checkout
15:52,55,NO_PICK,h,13,Skirts & Dresses
15:52,58,BROWSING,f,4,Pants
15:52,59,MOVING,a,8,→ fitting room
15:52,63,ARRIVED_SECTION,c,10,Tops
15:52,65,PAUSED,g,6,→ Hats & Handbags
15:52,66,AT_CHECKOUT,b,9,8/11 min
15:52,67,PICKED_ITEM,b,3,Underwear
15:52,68,BROWSING,g,3,Jeans
15:52,69,BROWSING,h,13,Skirts & Dresses
15:52,70,BROWSING,b,3,Underwear
15:52,71,MOVING,b,3,→ fitting room
15:52,72,BROWSING,d,3,Stockings
15:52,73,BROWSING,g,13,Tops
15:52,74,MOVING,h,10,→ Pants
15:52,75,BROWSING,h,3,Jeans
15:52,76,MOVING,e,13,→ Hats & Handbags
15:52,77,BROWSING,b,3,Underwear
15:52,78,MOVING,c,6,→ Underwear
15:52,79,PAUSED,e,8,→ Underwear
15:53,80,ENTERED,h,8,"profile=regular gender=female age=young speed=2 plan=[Underwear, Tops, Jeans, Stockings, Hats & Handbags]"
15:53,40,PURCHASED,b,9,"2 item(s): Skirts & Dresses, Pants"
15:53,47,IN_FITTING,a,12,6/10 min
15:53,51,BROWSING,g,10,Tops
15:53,54,MOVING,b,12,→ checkout
15:53,55,MOVING,g,13,→ Underwear
15:53,58,BROWSING,f,4,Pants
15:53,59,MOVING,a,10,→ fitting room
15:53,63,BROWSING,c,10,Tops
15:53,65,PAUSED,g,6,→ Hats & Handbags
15:53,66,AT_CHECKOUT,b,9,9/11 min
15:53,67,ARRIVED_SECTION,c,3,Stockings
15:53,68,BROWSING,g,3,Jeans
15:53,69,BROWSING,h,13,Skirts & Dresses
15:53,70,NO_PICK,b,3,Underwear
15:53,71,MOVING,a,3,→ fitting room
15:53,72,BROWSING,d,3,Stockings
15:53,73,BROWSING,g,13,Tops
15:53,74,MOVING,g,10,→ Pants
15:53,75,PUT_BACK_SHELF,h,3,Jeans
15:53,76,ARRIVED_SECTION,d,13,Hats & Handbags
15:53,77,BROWSING,b,3,Underwear
15:53,78,MOVING,b,6,→ Underwear
15:53,79,MOVING,d,6,→ Underwear
15:53,80,MOVING,f,8,→ Underwear
15:54,81,ENTERED,h,8,"profile=browser gender=male age=adult speed=2 plan=[Stockings, Underwear, Pants]"
15:54,40,MOVING,c,9,→ exit
15:54,47,IN_FITTING,a,12,7/10 min
15:54,51,BROWSING,g,10,Tops
15:54,54,PAUSED,b,12,→ checkout
15:54,55,MOVING,f,13,→ Underwear
15:54,58,BROWSING,f,4,Pants
15:54,59,ARRIVED_FITTING_AREA,a,12,2 item(s)
15:54,63,BROWSING,c,10,Tops
15:54,65,MOVING,e,7,→ Hats & Handbags
15:54,66,AT_CHECKOUT,b,9,10/11 min
15:54,67,BROWSING,c,3,Stockings
15:54,68,BROWSING,g,3,Jeans
15:54,69,BROWSING,h,13,Skirts & Dresses
15:54,70,MOVING,b,5,→ Skirts & Dresses
15:54,71,MOVING,a,4,→ fitting room
15:54,72,BROWSING,d,3,Stockings
15:54,73,BROWSING,g,13,Tops
15:54,74,MOVING,f,10,→ Pants
15:54,75,MOVING,h,4,→ Skirts & Dresses
15:54,76,BROWSING,d,13,Hats & Handbags
15:54,77,BROWSING,b,3,Underwear
15:54,78,MOVING,b,5,→ Underwear
15:54,79,MOVING,b,5,→ Underwear
15:54,80,MOVING,d,8,→ Underwear
15:54,81,MOVING,g,7,→ Stockings
15:55,82,ENTERED,h,8,"profile=regular gender=female age=senior speed=1 plan=[Hats & Handbags, Underwear, Jeans, Stockings, Tops]"
15:55,40,MOVING,d,9,→ exit
15:55,47,IN_FITTING,a,12,8/10 min
15:55,51,BROWSING,g,10,Tops
15:55,54,PAUSED,b,12,→ checkout
15:55,55,MOVING,e,13,→ Underwear
15:55,58,BROWSING,f,4,Pants
15:55,59,ENTERED_FITTING,a,13,"2 item(s) to try on, waited 0 ticks"
15:55,63,BROWSING,c,10,Tops
15:55,65,MOVING,e,10,→ Hats & Handbags
15:55,66,PURCHASED,b,9,"4 item(s): Stockings, Hats & Handbags, Jeans, Tops"
15:55,67,BROWSING,c,3,Stockings
15:55,68,BROWSING,g,3,Jeans
15:55,69,PICKED_ITEM,h,13,Skirts & Dresses
15:55,69,HEADING,h,13,checkout
15:55,70,MOVING,c,6,→ Skirts & Dresses
15:55,71,PAUSED,a,4,→ fitting room
15:55,72,BROWSING,d,3,Stockings
15:55,73,BROWSING,g,13,Tops
15:55,74,MOVING,f,9,→ Pants
15:55,75,MOVING,h,5,→ Skirts & Dresses
15:55,76,BROWSING,d,13,Hats & Handbags
15:55,77,BROWSING,b,3,Underwear
15:55,78,MOVING,b,4,→ Underwear
15:55,79,ARRIVED_SECTION,b,3,Underwear
15:55,80,MOVING,d,6,→ Underwear
15:55,81,MOVING,g,5,→ Stockings
15:55,82,MOVING,g,8,→ Hats & Handbags
15:56,40,MOVING,e,9,→ exit
15:56,47,IN_FITTING,a,12,9/10 min
15:56,51,BROWSING,g,10,Tops
15:56,54,PAUSED,b,12,→ checkout
15:56,55,MOVING,d,13,→ Underwear
15:56,58,BROWSING,f,4,Pants
15:56,59,IN_FITTING,a,13,1/15 min
15:56,63,BROWSING,c,10,Tops
15:56,65,MOVING,e,13,→ Hats & Handbags
15:56,66,MOVING,f,9,→ exit
15:56,67,BROWSING,c,3,Stockings
15:56,68,BROWSING,g,3,Jeans
15:56,69,MOVING,e,13,→ checkout
15:56,70,MOVING,e,6,→ Skirts & Dresses
15:56,71,PAUSED,a,4,→ fitting room
15:56,72,BROWSING,d,3,Stockings
15:56,73,BROWSING,g,13,Tops
15:56,74,MOVING,f,8,→ Pants
15:56,75,MOVING,h,6,→ Skirts & Dresses
15:56,76,PICKED_ITEM,d,13,Hats & Handbags
15:56,77,BROWSING,b,3,Underwear
15:56,78,ARRIVED_SECTION,b,3,Underwear
15:56,79,BROWSING,b,3,Underwear
15:56,80,MOVING,b,6,→ Underwear
15:56,81,MOVING,f,4,→ Stockings
15:56,82,MOVING,f,8,→ Hats & Handbags
15:57,40,MOVING,f,9,→ exit
15:57,47,LEFT_FITTING,a,12,keeping=1
15:57,47,HEADING,a,12,checkout
15:57,51,BROWSING,g,10,Tops
15:57,54,PAUSED,b,12,→ checkout
15:57,55,MOVING,c,13,→ Underwear
15:57,58,PICKED_ITEM,f,4,Pants
15:57,59,IN_FITTING,a,13,2/15 min
15:57,63,BROWSING,c,10,Tops
15:57,65,ARRIVED_SECTION,d,13,Hats & Handbags
15:57,66,EXITED,h,8,
15:57,67,BROWSING,c,3,Stockings
15:57,68,BROWSING,g,3,Jeans
15:57,69,MOVING,b,13,→ checkout
15:57,70,MOVING,e,8,→ Skirts & Dresses
15:57,71,PAUSED,a,4,→ fitting room
15:57,72,NO_PICK,d,3,Stockings
15:57,73,BROWSING,g,13,Tops
15:57,74,MOVING,f,7,→ Pants
15:57,75,MOVING,h,7,→ Skirts & Dresses
15:57,76,MOVING,e,13,→ Pants
15:57,77,BROWSING,b,3,Underwear
15:57,78,BROWSING,b,3,Underwear
15:57,79,BROWSING,b,3,Underwear
15:57,80,MOVING,b,4,→ Underwear
15:57,81,MOVING,d,4,→ Stockings
15:57,82,MOVING,e,8,→ Hats & Handbags
15:58,40,MOVING,g,9,→ exit
15:58,47,MOVING,b,11,→ checkout
15:58,51,BROWSING,g,10,Tops
15:58,54,MOVING,b,11,→ checkout
15:58,55,MOVING,b,13,→ Underwear
15:58,58,MOVING,e,4,→ Stockings
15:58,59,IN_FITTING,a,13,3/15 min
15:58,63,BROWSING,c,10,Tops
15:58,65,BROWSING,d,13,Hats & Handbags
15:58,67,BROWSING,c,3,Stockings
15:58,68,PUT_BACK_SHELF,g,3,Jeans
15:58,69,MOVING,b,10,→ checkout
15:58,70,MOVING,e,10,→ Skirts & Dresses
15:58,71,MOVING,a,5,→ fitting room
15:58,72,ARRIVED_SECTION,b,3,Underwear
15:58,73,BROWSING,g,13,Tops
15:58,74,ARRIVED_SECTION,f,6,Pants
15:58,75,MOVING,h,8,→ Skirts & Dresses
15:58,76,MOVING,e,12,→ Pants
15:58,77,BROWSING,b,3,Underwear
15:58,78,BROWSING,b,3,Underwear
15:58,79,BROWSING,b,3,Underwear
15:58,80,ARRIVED_SECTION,b,3,Underwear
15:58,81,ARRIVED_SECTION,d,3,Stockings
15:58,82,MOVING,e,9,→ Hats & Handbags
15:59,83,ENTERED,h,8,"profile=browser gender=male age=adult speed=1 plan=[Pants, Tops, Stockings, Underwear]"
15:59,40,MOVING,h,9,→ exit
15:59,47,JOINED_QUEUE,b,9,"position #1, 1 item(s)"
15:59,51,PICKED_ITEM,g,10,Tops
15:59,54,MOVING,b,10,→ checkout
15:59,55,MOVING,b,12,→ Underwear
15:59,58,MOVING,d,4,→ Stockings
15:59,59,IN_FITTING,a,13,4/15 min
15:59,63,NO_PICK,c,10,Tops
15:59,65,BROWSING,d,13,Hats & Handbags
15:59,67,BROWSING,c,3,Stockings
15:59,68,MOVING,e,3,→ Underwear
15:59,69,JOINED_QUEUE,b,9,"position #2, 3 item(s)"
15:59,70,MOVING,e,12,→ Skirts & Dresses
15:59,71,MOVING,a,6,→ fitting room
15:59,72,BROWSING,b,3,Underwear
15:59,73,BROWSING,g,13,Tops
15:59,74,BROWSING,f,6,Pants
15:59,75,MOVING,h,9,→ Skirts & Dresses
15:59,76,MOVING,e,11,→ Pants
15:59,77,BROWSING,b,3,Underwear
15:59,78,BROWSING,b,3,Underwear
15:59,79,BROWSING,b,3,Underwear
15:59,80,BROWSING,b,3,Underwear
15:59,81,BROWSING,d,3,Stockings
15:59,82,MOVING,e,10,→ Hats & Handbags
15:59,83,MOVING,g,8,→ Pants
16:00,84,ENTERED,h,8,"profile=quick_buyer gender=female age=senior speed=2 plan=[Jeans, Underwear, Skirts & Dresses, Pants]"
16:00,47,CHECKOUT_CALLED,b,9,lane 1
16:00,69,CHECKOUT_CALLED,b,9,lane 2
16:00,40,EXITED,h,8,
16:00,47,AT_CHECKOUT,b,9,1/4 min
16:00,51,MOVING,g,9,→ Stockings
16:00,54,JOINED_QUEUE,b,9,"position #3, 2 item(s)"
16:00,55,MOVING,b,11,→ Underwear
16:00,58,ARRIVED_SECTION,d,3,Stockings
16:00,59,IN_FITTING,a,13,5/15 min
16:00,63,MOVING,b,11,→ Hats & Handbags
16:00,65,BROWSING,d,13,Hats & Handbags
16:00,67,BROWSING,c,3,Stockings
16:00,68,MOVING,c,3,→ Underwear
16:00,69,AT_CHECKOUT,b,9,1/11 min
16:00,70,ARRIVED_SECTION,f,13,Skirts & Dresses
16:00,71,PAUSED,a,6,→ fitting room
16:00,72,BROWSING,b,3,Underwear
16:00,73,BROWSING,g,13,Tops
16:00,74,BROWSING,f,6,Pants
16:00,75,MOVING,h,10,→ Skirts & Dresses
16:00,76,MOVING,e,10,→ Pants
16:00,77,BROWSING,b,3,Underwear
16:00,78,BROWSING,b,3,Underwear
16:00,79,BROWSING,b,3,Underwear
16:00,80,BROWSING,b,3,Underwear
16:00,81,BROWSING,d,3,Stockings
16:00,82,MOVING,e,11,→ Hats & Handbags
16:00,83,MOVING,f,8,→ Pants
16:00,84,PAUSED,h,8,→ Jeans
16:01,47,AT_CHECKOUT,b,9,2/4 min
16:01,51,MOVING,g,8,→ Stockings
16:01,54,ABANDONED_QUEUE,b,9,"position #3, left 2 item(s)"
16:01,55,MOVING,b,10,→ Underwear
16:01,58,BROWSING,d,3,Stockings
16:01,59,IN_FITTING,a,13,6/15 min
16:01,63,MOVING,b,13,→ Hats & Handbags
16:01,65,BROWSING,d,13,Hats & Handbags
16:01,67,BROWSING,c,3,Stockings
16:01,68,ARRIVED_SECTION,b,3,Underwear
16:01,69,AT_CHECKOUT,b,9,2/11 min
16:01,70,BROWSING,f,13,Skirts & Dresses
16:01,71,PAUSED,a,6,→ fitting room
16:01,72,BROWSING,b,3,Underwear
16:01,73,BROWSING,g,13,Tops
16:01,74,BROWSING,f,6,Pants
16:01,75,MOVING,h,11,→ Skirts & Dresses
16:01,76,MOVING,e,9,→ Pants
16:01,77,BROWSING,b,3,Underwear
16:01,78,BROWSING,b,3,Underwear
16:01,79,BROWSING,b,3,Underwear
16:01,80,BROWSING,b,3,Underwear
16:01,81,BROWSING,d,3,Stockings
16:01,82,MOVING,e,12,→ Hats & Handbags
16:01,83,MOVING,f,7,→ Pants
16:01,84,PAUSED,h,8,→ Jeans
16:02,85,ENTERED,h,8,"profile=regular gender=male age=senior speed=1 plan=[Tops, Pants, Hats & Handbags]"
16:02,47,AT_CHECKOUT,b,9,3/4 min
16:02,51,MOVING,g,7,→ Stockings
16:02,54,MOVING,c,9,→ exit
16:02,55,MOVING,b,9,→ Underwear
16:02,58,BROWSING,d,3,Stockings
16:02,59,IN_FITTING,a,13,7/15 min
16:02,63,ARRIVED_SECTION,c,13,Hats & Handbags
16:02,65,BROWSING,d,13,Hats & Handbags
16:02,67,PICKED_ITEM,c,3,Stockings
16:02,68,BROWSING,b,3,Underwear
16:02,69,AT_CHECKOUT,b,9,3/11 min
16:02,70,BROWSING,f,13,Skirts & Dresses
16:02,71,PAUSED,a,6,→ fitting room
16:02,72,BROWSING,b,3,Underwear
16:02,73,NO_PICK,g,13,Tops
16:02,74,BROWSING,f,6,Pants
16:02,75,MOVING,h,12,→ Skirts & Dresses
16:02,76,MOVING,e,8,→ Pants
16:02,77,PUT_BACK_SHELF,b,3,Underwear
16:02,78,BROWSING,b,3,Underwear
16:02,79,BROWSING,b,3,Underwear
16:02,80,BROWSING,b,3,Underwear
16:02,81,NO_PICK,d,3,Stockings
16:02,82,MOVING,e,13,→ Hats & Handbags
16:02,83,ARRIVED_SECTION,f,6,Pants
16:02,84,PAUSED,h,8,→ Jeans
16:02,85,MOVING,g,8,→ Tops
16:03,86,ENTERED,h,8,"profile=quick_buyer gender=female age=young speed=3 plan=[Skirts & Dresses, Hats & Handbags, Pants]"
16:03,47,PURCHASED,b,9,1 item(s): Tops
16:03,51,MOVING,g,6,→ Stockings
16:03,54,MOVING,d,9,→ exit
16:03,55,MOVING,b,8,→ Underwear
16:03,58,BROWSING,d,3,Stockings
16:03,59,IN_FITTING,a,13,8/15 min
16:03,63,BROWSING,c,13,Hats & Handbags
16:03,65,BROWSING,d,13,Hats & Handbags
16:03,67,MOVING,b,4,→ Skirts & Dresses
16:03,68,BROWSING,b,3,Underwear
16:03,69,AT_CHECKOUT,b,9,4/11 min
16:03,70,BROWSING,f,13,Skirts & Dresses
16:03,71,PAUSED,a,6,→ fitting room
16:03,72,BROWSING,b,3,Underwear
16:03,73,MOVING,e,13,→ Hats & Handbags
16:03,74,BROWSING,f,6,Pants
16:03,75,ARRIVED_SECTION,h,13,Skirts & Dresses
16:03,76,MOVING,e,7,→ Pants
16:03,77,MOVING,b,6,→ Skirts & Dresses
16:03,78,BROWSING,b,3,Underwear
16:03,79,NO_PICK,b,3,Underwear
16:03,80,BROWSING,b,3,Underwear
16:03,81,ARRIVED_SECTION,b,3,Underwear
16:03,82,ARRIVED_SECTION,d,13,Hats & Handbags
16:03,83,BROWSING,f,6,Pants
16:03,84,MOVING,h,6,→ Jeans
16:03,85,MOVING,g,9,→ Tops
16:03,86,MOVING,h,11,→ Skirts & Dresses
16:04,47,MOVING,d,9,→ exit
16:04,51,MOVING,g,5,→ Stockings
16:04,54,MOVING,e,9,→ exit
16:04,55,MOVING,b,7,→ Underwear
16:04,58,BROWSING,d,3,Stockings
16:04,59,IN_FITTING,a,13,9/15 min
16:04,63,BROWSING,c,13,Hats & Handbags
16:04,65,BROWSING,d,13,Hats & Handbags
16:04,67,MOVING,b,6,→ Skirts & Dresses
16:04,68,BROWSING,b,3,Underwear
16:04,69,AT_CHECKOUT,b,9,5/11 min
16:04,70,BROWSING,f,13,Skirts & Dresses
16:04,71,MOVING,a,7,→ fitting room
16:04,72,BROWSING,b,3,Underwear
16:04,73,ARRIVED_SECTION,d,13,Hats & Handbags
16:04,74,BROWSING,f,6,Pants
16:04,75,BROWSING,h,13,Skirts & Dresses
16:04,76,ARRIVED_SECTION,e,6,Pants
16:04,77,MOVING,e,6,→ Skirts & Dresses
16:04,78,NO_PICK,b,3,Underwear
16:04,79,ARRIVED_SECTION,c,4,Pants
16:04,80,BROWSING,b,3,Underwear
16:04,81,BROWSING,b,3,Underwear
16:04,82,BROWSING,d,13,Hats & Handbags
16:04,83,BROWSING,f,6,Pants
16:04,84,MOVING,h,4,→ Jeans
16:04,85,ARRIVED_SECTION,g,10,Tops
16:04,86,ARRIVED_SECTION,h,13,Skirts & Dresses
16:05,87,ENTERED,h,8,"profile=regular gender=female age=young speed=3 plan=[Skirts & Dresses, Tops, Hats & Handbags]"
16:05,47,MOVING,f,9,→ exit
16:05,51,MOVING,g,4,→ Stockings
16:05,54,MOVING,f,9,→ exit
16:05,55,PAUSED,b,7,→ Underwear
16:05,58,BROWSING,d,3,Stockings
16:05,59,IN_FITTING,a,13,10/15 min
16:05,63,BROWSING,c,13,Hats & Handbags
16:05,65,BROWSING,d,13,Hats & Handbags
16:05,67,MOVING,d,6,→ Skirts & Dresses
16:05,68,BROWSING,b,3,Underwear
16:05,69,AT_CHECKOUT,b,9,6/11 min
16:05,70,BROWSING,f,13,Skirts & Dresses
16:05,71,MOVING,a,8,→ fitting room
16:05,72,BROWSING,b,3,Underwear
16:05,73,BROWSING,d,13,Hats & Handbags
16:05,74,BROWSING,f,6,Pants
16:05,75,BROWSING,h,13,Skirts & Dresses
16:05,76,BROWSING,e,6,Pants
16:05,77,MOVING,e,9,→ Skirts & Dresses
16:05,78,MOVING,c,3,→ Pants
16:05,79,BROWSING,c,4,Pants
16:05,80,PICKED_ITEM,b,3,Underwear
16:05,81,BROWSING,b,3,Underwear
16:05,82,BROWSING,d,13,Hats & Handbags
16:05,83,BROWSING,f,6,Pants
16:05,84,ARRIVED_SECTION,h,3,Jeans
16:05,85,BROWSING,g,10,Tops
16:05,86,BROWSING,h,13,Skirts & Dresses
16:05,87,MOVING,h,11,→ Skirts & Dresses
16:06,88,ENTERED,h,8,"profile=browser gender=female age=adult speed=1 plan=[Skirts & Dresses, Stockings, Hats & Handbags, Tops]"
16:06,47,MOVING,h,9,→ exit
16:06,51,MOVING,f,4,→ Stockings
16:06,54,MOVING,g,9,→ exit
16:06,55,PAUSED,b,7,→ Underwear
16:06,58,NO_PICK,d,3,Stockings
16:06,58,HEADING,d,3,checkout
16:06,59,IN_FITTING,a,13,11/15 min
16:06,63,BROWSING,c,13,Hats & Handbags
16:06,65,BROWSING,d,13,Hats & Handbags
16:06,67,MOVING,e,7,→ Skirts & Dresses
16:06,68,BROWSING,b,3,Underwear
16:06,69,AT_CHECKOUT,b,9,7/11 min
16:06,70,BROWSING,f,13,Skirts & Dresses
16:06,71,MOVING,a,9,→ fitting room
16:06,72,BROWSING,b,3,Underwear
16:06,73,BROWSING,d,13,Hats & Handbags
16:06,74,BROWSING,f,6,Pants
16:06,75,BROWSING,h,13,Skirts & Dresses
16:06,76,BROWSING,e,6,Pants
16:06,77,MOVING,e,12,→ Skirts & Dresses
16:06,78,ARRIVED_SECTION,c,4,Pants
16:06,79,BROWSING,c,4,Pants
16:06,80,MOVING,b,5,→ Tops
16:06,81,BROWSING,b,3,Underwear
16:06,82,BROWSING,d,13,Hats & Handbags
16:06,83,BROWSING,f,6,Pants
16:06,84,BROWSING,h,3,Jeans
16:06,85,BROWSING,g,10,Tops
16:06,86,BROWSING,h,13,Skirts & Dresses
16:06,87,ARRIVED_SECTION,h,13,Skirts & Dresses
16:06,88,MOVING,h,9,→ Skirts & Dresses
16:07,47,EXITED,h,8,
16:07,51,MOVING,e,4,→ Stockings
16:07,54,MOVING,h,9,→ exit
16:07,55,PAUSED,b,7,→ Underwear
16:07,58,MOVING,c,3,→ checkout
16:07,59,IN_FITTING,a,13,12/15 min
16:07,63,BROWSING,c,13,Hats & Handbags
16:07,65,BROWSING,d,13,Hats & Handbags
16:07,67,MOVING,e,9,→ Skirts & Dresses
16:07,68,NO_PICK,b,3,Underwear
16:07,69,AT_CHECKOUT,b,9,8/11 min
16:07,70,BROWSING,f,13,Skirts & Dresses
16:07,71,MOVING,a,10,→ fitting room
16:07,72,BROWSING,b,3,Underwear
16:07,73,BROWSING,d,13,Hats & Handbags
16:07,74,BROWSING,f,6,Pants
16:07,75,BROWSING,h,13,Skirts & Dresses
16:07,76,BROWSING,e,6,Pants
16:07,77,ARRIVED_SECTION,f,13,Skirts & Dresses
16:07,78,BROWSING,c,4,Pants
16:07,79,BROWSING,c,4,Pants
16:07,80,MOVING,b,7,→ Tops
16:07,81,BROWSING,b,3,Underwear
16:07,82,BROWSING,d,13,Hats & Handbags
16:07,83,BROWSING,f,6,Pants
16:07,84,BROWSING,h,3,Jeans
16:07,85,BROWSING,g,10,Tops
16:07,86,BROWSING,h,13,Skirts & Dresses
16:07,87,BROWSING,h,13,Skirts & Dresses
16:07,88,MOVING,h,10,→ Skirts & Dresses
16:08,51,MOVING,d,4,→ Stockings
16:08,54,EXITED,h,8,
16:08,55,MOVING,b,6,→ Underwear
16:08,58,MOVING,b,3,→ checkout
16:08,59,IN_FITTING,a,13,13/15 min
16:08,63,BROWSING,c,13,Hats & Handbags
16:08,65,BROWSING,d,13,Hats & Handbags
16:08,67,MOVING,e,11,→ Skirts & Dresses
16:08,68,MOVING,b,5,→ Hats & Handbags
16:08,69,AT_CHECKOUT,b,9,9/11 min
16:08,70,BROWSING,f,13,Skirts & Dresses
16:08,71,MOVING,a,11,→ fitting room
16:08,72,BROWSING,b,3,Underwear
16:08,73,BROWSING,d,13,Hats & Handbags
16:08,74,PICKED_ITEM,f,6,Pants
16:08,75,BROWSING,h,13,Skirts & Dresses
16:08,76,BROWSING,e,6,Pants
16:08,77,BROWSING,f,13,Skirts & Dresses
16:08,78,BROWSING,c,4,Pants
16:08,79,BROWSING,c,4,Pants
16:08,80,MOVING,b,9,→ Tops
16:08,81,BROWSING,b,3,Underwear
16:08,82,BROWSING,d,13,Hats & Handbags
16:08,83,BROWSING,f,6,Pants
16:08,84,BROWSING,h,3,Jeans
16:08,85,BROWSING,g,10,Tops
16:08,86,BROWSING,h,13,Skirts & Dresses
16:08,87,BROWSING,h,13,Skirts & Dresses
16:08,88,MOVING,h,11,→ Skirts & Dresses
16:09,89,ENTERED,h,8,"profile=regular gender=male age=young speed=3 plan=[Underwear, Skirts & Dresses]"
16:09,51,ARRIVED_SECTION,d,3,Stockings
16:09,55,MOVING,b,5,→ Underwear
16:09,58,MOVING,b,4,→ checkout
16:09,59,IN_FITTING,a,13,14/15 min
16:09,63,BROWSING,c,13,Hats & Handbags
16:09,65,NO_PICK,d,13,Hats & Handbags
16:09,67,MOVING,e,13,→ Skirts & Dresses
16:09,68,MOVING,b,7,→ Hats & Handbags
16:09,69,AT_CHECKOUT,b,9,10/11 min
16:09,70,NO_PICK,f,13,Skirts & Dresses
16:09,71,PAUSED,a,11,→ fitting room
16:09,72,BROWSING,b,3,Underwear
16:09,73,NO_PICK,d,13,Hats & Handbags
16:09,74,MOVING,e,6,→ Hats & Handbags
16:09,75,BROWSING,h,13,Skirts & Dresses
16:09,76,BROWSING,e,6,Pants
16:09,77,BROWSING,f,13,Skirts & Dresses
16:09,78,BROWSING,c,4,Pants
16:09,79,BROWSING,c,4,Pants
16:09,80,ARRIVED_SECTION,c,10,Tops
16:09,81,NO_PICK,b,3,Underwear
16:09,82,BROWSING,d,13,Hats & Handbags
16:09,83,BROWSING,f,6,Pants
16:09,84,PICKED_ITEM,h,3,Jeans
16:09,85,PICKED_ITEM,g,10,Tops
16:09,86,BROWSING,h,13,Skirts & Dresses
16:09,87,BROWSING,h,13,Skirts & Dresses
16:09,88,MOVING,h,12,→ Skirts & Dresses
16:09,89,PAUSED,h,8,→ Underwear
16:10,51,BROWSING,d,3,Stockings
16:10,55,MOVING,b,4,→ Underwear
16:10,58,MOVING,b,5,→ checkout
16:10,59,LEFT_FITTING,a,13,"keeping=1, returned_to_shelf=1"
16:10,59,HEADING,a,13,checkout
16:10,63,NO_PICK,c,13,Hats & Handbags
16:10,63,HEADING,c,13,checkout
16:10,65,MOVING,b,12,→ Underwear
16:10,67,ARRIVED_SECTION,f,13,Skirts & Dresses
16:10,68,MOVING,b,9,→ Hats & Handbags
16:10,69,PURCHASED,b,9,"3 item(s): Jeans, Tops, Skirts & Dresses"
16:10,70,ARRIVED_SECTION,f,13,Tops
16:10,71,PAUSED,a,11,→ fitting room
16:10,72,PICKED_ITEM,b,3,Underwear
16:10,73,MOVING,e,12,→ Pants
16:10,74,MOVING,e,7,→ Hats & Handbags
16:10,75,BROWSING,h,13,Skirts & Dresses
16:10,76,BROWSING,e,6,Pants
16:10,77,BROWSING,f,13,Skirts & Dresses
16:10,78,BROWSING,c,4,Pants
16:10,79,NO_PICK,c,4,Pants
16:10,80,BROWSING,c,10,Tops
16:10,81,ARRIVED_SECTION,c,4,Pants
16:10,82,BROWSING,d,13,Hats & Handbags
16:10,83,BROWSING,f,6,Pants
16:10,84,MOVING,f,3,→ Underwear
16:10,85,MOVING,f,10,→ Pants
16:10,86,BROWSING,h,13,Skirts & Dresses
16:10,87,BROWSING,h,13,Skirts & Dresses
16:10,88,ARRIVED_SECTION,h,13,Skirts & Dresses
16:10,89,PAUSED,h,8,→ Underwear
16:11,51,BROWSING,d,3,Stockings
16:11,55,ARRIVED_SECTION,b,3,Underwear
16:11,58,MOVING,b,6,→ checkout
16:11,59,MOVING,b,12,→ checkout
16:11,63,MOVING,b,12,→ checkout
16:11,65,MOVING,b,9,→ Underwear
16:11,67,BROWSING,f,13,Skirts & Dresses
16:11,68,MOVING,b,11,→ Hats & Handbags
16:11,69,MOVING,e,9,→ exit
16:11,70,BROWSING,f,13,Tops
16:11,71,ARRIVED_FITTING_AREA,a,12,1 item(s)
16:11,72,MOVING,b,5,→ Tops
16:11,73,PAUSED,e,12,→ Pants
16:11,74,MOVING,e,8,→ Hats & Handbags
16:11,75,BROWSING,h,13,Skirts & Dresses
16:11,76,BROWSING,e,6,Pants
16:11,77,BROWSING,f,13,Skirts & Dresses
16:11,78,BROWSING,c,4,Pants
16:11,79,MOVING,b,6,→ Hats & Handbags
16:11,80,BROWSING,c,10,Tops
16:11,81,BROWSING,c,4,Pants
16:11,82,BROWSING,d,13,Hats & Handbags
16:11,83,BROWSING,f,6,Pants
16:11,84,MOVING,d,3,→ Underwear
16:11,85,MOVING,f,9,→ Pants
16:11,86,BROWSING,h,13,Skirts & Dresses
16:11,87,PICKED_ITEM,h,13,Skirts & Dresses
16:11,88,BROWSING,h,13,Skirts & Dresses
16:11,89,MOVING,e,8,→ Underwear
16:12,51,BROWSING,d,3,Stockings
16:12,55,BROWSING,b,3,Underwear
16:12,58,MOVING,b,7,→ checkout
16:12,59,MOVING,b,10,→ checkout
16:12,63,MOVING,b,10,→ checkout
16:12,65,MOVING,b,6,→ Underwear
16:12,67,BROWSING,f,13,Skirts & Dresses
16:12,68,MOVING,b,13,→ Hats & Handbags
16:12,69,MOVING,h,9,→ exit
16:12,70,BROWSING,f,13,Tops
16:12,71,ENTERED_FITTING,a,12,"1 item(s) to try on, waited 0 ticks"
16:12,72,MOVING,b,7,→ Tops
16:12,73,PAUSED,e,12,→ Pants
16:12,74,MOVING,e,9,→ Hats & Handbags
16:12,75,BROWSING,h,13,Skirts & Dresses
16:12,76,PICKED_ITEM,e,6,Pants
16:12,76,HEADING,e,6,checkout
16:12,77,BROWSING,f,13,Skirts & Dresses
16:12,78,BROWSING,c,4,Pants
16:12,79,MOVING,b,9,→ Hats & Handbags
16:12,80,BROWSING,c,10,Tops
16:12,81,BROWSING,c,4,Pants
16:12,82,BROWSING,d,13,Hats & Handbags
16:12,83,BROWSING,f,6,Pants
16:12,84,ARRIVED_SECTION,b,3,Underwear
16:12,85,MOVING,f,8,→ Pants
16:12,86,NO_PICK,h,13,Skirts & Dresses
16:12,87,ARRIVED_SECTION,g,13,Tops
16:12,88,BROWSING,h,13,Skirts & Dresses
16:12,89,MOVING,d,6,→ Underwear
16:13,51,BROWSING,d,3,Stockings
16:13,55,BROWSING,b,3,Underwear
16:13,58,MOVING,b,8,→ checkout
16:13,59,JOINED_QUEUE,b,9,"position #1, 1 item(s)"
16:13,63,JOINED_QUEUE,b,9,"position #2, 1 item(s)"
16:13,65,PAUSED,b,6,→ Underwear
16:13,67,BROWSING,f,13,Skirts & Dresses
16:13,68,ARRIVED_SECTION,c,13,Hats & Handbags
16:13,69,EXITED,h,8,
16:13,70,BROWSING,f,13,Tops
16:13,71,IN_FITTING,a,12,1/10 min
16:13,72,MOVING,b,9,→ Tops
16:13,73,MOVING,e,10,→ Pants
16:13,74,MOVING,e,10,→ Hats & Handbags
16:13,75,BROWSING,h,13,Skirts & Dresses
16:13,76,MOVING,d,6,→ checkout
16:13,77,BROWSING,f,13,Skirts & Dresses
16:13,78,BROWSING,c,4,Pants
16:13,79,MOVING,b,12,→ Hats & Handbags
16:13,80,BROWSING,c,10,Tops
16:13,81,BROWSING,c,4,Pants
16:13,82,BROWSING,d,13,Hats & Handbags
16:13,83,PICKED_ITEM,f,6,Pants
16:13,84,BROWSING,b,3,Underwear
16:13,85,MOVING,f,7,→ Pants
16:13,86,MOVING,e,13,→ Hats & Handbags
16:13,87,BROWSING,g,13,Tops
16:13,88,BROWSING,h,13,Skirts & Dresses
16:13,89,MOVING,b,5,→ Underwear
16:14,59,CHECKOUT_CALLED,b,9,lane 1
16:14,63,CHECKOUT_CALLED,b,9,lane 2
16:14,51,BROWSING,d,3,Stockings
16:14,55,BROWSING,b,3,Underwear
16:14,58,JOINED_QUEUE,b,9,"position #3, 3 item(s)"
16:14,59,AT_CHECKOUT,b,9,1/4 min
16:14,63,AT_CHECKOUT,b,9,1/6 min
16:14,65,PAUSED,b,6,→ Underwear
16:14,67,BROWSING,f,13,Skirts & Dresses
16:14,68,BROWSING,c,13,Hats & Handbags
16:14,70,BROWSING,f,13,Tops
16:14,71,IN_FITTING,a,12,2/10 min
16:14,72,ARRIVED_SECTION,c,10,Tops
16:14,73,MOVING,e,8,→ Pants
16:14,74,MOVING,e,11,→ Hats & Handbags
16:14,75,NO_PICK,h,13,Skirts & Dresses
16:14,76,MOVING,c,6,→ checkout
16:14,77,BROWSING,f,13,Skirts & Dresses
16:14,78,BROWSING,c,4,Pants
16:14,79,PAUSED,b,12,→ Hats & Handbags
16:14,80,BROWSING,c,10,Tops
16:14,81,BROWSING,c,4,Pants
16:14,82,BROWSING,d,13,Hats & Handbags
16:14,83,MOVING,f,7,→ Tops
16:14,84,BROWSING,b,3,Underwear
16:14,85,ARRIVED_SECTION,f,6,Pants
16:14,86,ARRIVED_SECTION,d,13,Hats & Handbags
16:14,87,BROWSING,g,13,Tops
16:14,88,BROWSING,h,13,Skirts & Dresses
16:14,89,ARRIVED_SECTION,b,3,Underwear
16:15,51,BROWSING,d,3,Stockings
16:15,55,BROWSING,b,3,Underwear
16:15,58,IN_QUEUE,b,9,position #3
16:15,59,AT_CHECKOUT,b,9,2/4 min
16:15,63,AT_CHECKOUT,b,9,2/6 min
16:15,65,PAUSED,b,6,→ Underwear
16:15,67,NO_PICK,f,13,Skirts & Dresses
16:15,68,BROWSING,c,13,Hats & Handbags
16:15,70,BROWSING,f,13,Tops
16:15,71,IN_FITTING,a,12,3/10 min
16:15,72,BROWSING,c,10,Tops
16:15,73,ARRIVED_SECTION,e,6,Pants
16:15,74,MOVING,e,12,→ Hats & Handbags
16:15,75,ARRIVED_SECTION,g,13,Tops
16:15,76,MOVING,b,6,→ checkout
16:15,77,BROWSING,f,13,Skirts & Dresses
16:15,78,PICKED_ITEM,c,4,Pants
16:15,79,PAUSED,b,12,→ Hats & Handbags
16:15,80,BROWSING,c,10,Tops
16:15,81,PUT_BACK_SHELF,c,4,Pants
16:15,81,HEADING,c,4,exit
16:15,82,NO_PICK,d,13,Hats & Handbags
16:15,83,MOVING,f,8,→ Tops
16:15,84,PICKED_ITEM,b,3,Underwear
16:15,85,BROWSING,f,6,Pants
16:15,86,BROWSING,d,13,Hats & Handbags
16:15,87,BROWSING,g,13,Tops
16:15,88,BROWSING,h,13,Skirts & Dresses
16:15,89,BROWSING,b,3,Underwear
16:16,51,BROWSING,d,3,Stockings
16:16,55,BROWSING,b,3,Underwear
16:16,58,IN_QUEUE,b,9,position #3
16:16,59,AT_CHECKOUT,b,9,3/4 min
16:16,63,AT_CHECKOUT,b,9,3/6 min
16:16,65,PAUSED,b,6,→ Underwear
16:16,67,ARRIVED_SECTION,f,13,Tops
16:16,68,BROWSING,c,13,Hats & Handbags
16:16,70,BROWSING,f,13,Tops
16:16,71,IN_FITTING,a,12,4/10 min
16:16,72,BROWSING,c,10,Tops
16:16,73,BROWSING,e,6,Pants
16:16,74,MOVING,e,13,→ Hats & Handbags
16:16,75,BROWSING,g,13,Tops
16:16,76,MOVING,b,7,→ checkout
16:16,77,BROWSING,f,13,Skirts & Dresses
16:16,78,MOVING,b,4,→ Skirts & Dresses
16:16,79,ARRIVED_SECTION,c,13,Hats & Handbags
16:16,80,BROWSING,c,10,Tops
16:16,81,PAUSED,c,4,→ exit
16:16,82,MOVING,c,13,→ Underwear
16:16,83,MOVING,f,9,→ Tops
16:16,84,MOVING,b,5,→ Skirts & Dresses
16:16,85,BROWSING,f,6,Pants
16:16,86,BROWSING,d,13,Hats & Handbags
16:16,87,BROWSING,g,13,Tops
16:16,88,BROWSING,h,13,Skirts & Dresses
16:16,89,BROWSING,b,3,Underwear
16:17,51,BROWSING,d,3,Stockings
16:17,55,BROWSING,b,3,Underwear
16:17,58,IN_QUEUE,b,9,position #3
16:17,59,PURCHASED,b,9,1 item(s): Skirts & Dresses
16:17,63,AT_CHECKOUT,b,9,4/6 min
16:17,65,ARRIVED_SECTION,b,3,Underwear
16:17,67,BROWSING,f,13,Tops
16:17,68,BROWSING,c,13,Hats & Handbags
16:17,70,BROWSING,f,13,Tops
16:17,71,IN_FITTING,a,12,5/10 min
16:17,72,BROWSING,c,10,Tops
16:17,73,BROWSING,e,6,Pants
16:17,74,ARRIVED_SECTION,d,13,Hats & Handbags
16:17,75,BROWSING,g,13,Tops
16:17,76,MOVING,b,8,→ checkout
16:17,77,BROWSING,f,13,Skirts & Dresses
16:17,78,MOVING,b,5,→ Skirts & Dresses
16:17,79,BROWSING,c,13,Hats & Handbags
16:17,80,BROWSING,c,10,Tops
16:17,81,PAUSED,c,4,→ exit
16:17,82,MOVING,b,13,→ Underwear
16:17,83,ARRIVED_SECTION,f,10,Tops
16:17,84,MOVING,c,6,→ Skirts & Dresses
16:17,85,BROWSING,f,6,Pants
16:17,86,PICKED_ITEM,d,13,Hats & Handbags
16:17,87,BROWSING,g,13,Tops
16:17,88,BROWSING,h,13,Skirts & Dresses
16:17,89,BROWSING,b,3,Underwear
16:18,90,ENTERED,h,8,"profile=regular gender=female age=adult speed=2 plan=[Underwear, Stockings, Tops, Skirts & Dresses]"
16:18,58,CHECKOUT_CALLED,b,9,lane 2
16:18,51,BROWSING,d,3,Stockings
16:18,55,BROWSING,b,3,Underwear
16:18,58,AT_CHECKOUT,b,9,1/9 min
16:18,59,MOVING,d,9,→ exit
16:18,63,AT_CHECKOUT,b,9,5/6 min
16:18,65,BROWSING,b,3,Underwear
16:18,67,BROWSING,f,13,Tops
16:18,68,BROWSING,c,13,Hats & Handbags
16:18,70,BROWSING,f,13,Tops
16:18,71,IN_FITTING,a,12,6/10 min
16:18,72,BROWSING,c,10,Tops
16:18,73,BROWSING,e,6,Pants
16:18,74,BROWSING,d,13,Hats & Handbags
16:18,75,BROWSING,g,13,Tops
16:18,76,JOINED_QUEUE,b,9,"position #3, 3 item(s)"
16:18,77,BROWSING,f,13,Skirts & Dresses
16:18,78,MOVING,b,6,→ Skirts & Dresses
16:18,79,BROWSING,c,13,Hats & Handbags
16:18,80,BROWSING,c,10,Tops
16:18,81,PAUSED,c,4,→ exit
16:18,82,MOVING,b,12,→ Underwear
16:18,83,BROWSING,f,10,Tops
16:18,84,MOVING,e,6,→ Skirts & Dresses
16:18,85,BROWSING,f,6,Pants
16:18,86,MOVING,e,11,→ Pants
16:18,87,BROWSING,g,13,Tops
16:18,88,BROWSING,h,13,Skirts & Dresses
16:18,89,PICKED_ITEM,b,3,Underwear
16:18,90,MOVING,f,8,→ Underwear
16:19,51,BROWSING,d,3,Stockings
16:19,55,BROWSING,b,3,Underwear
16:19,58,AT_CHECKOUT,b,9,2/9 min
16:19,59,PAUSED,d,9,→ exit
16:19,63,PURCHASED,b,9,1 item(s): Pants
16:19,65,BROWSING,b,3,Underwear
16:19,67,BROWSING,f,13,Tops
16:19,68,BROWSING,c,13,Hats & Handbags
16:19,70,NO_PICK,f,13,Tops
16:19,70,HEADING,f,13,exit
16:19,71,IN_FITTING,a,12,7/10 min
16:19,72,BROWSING,c,10,Tops
16:19,73,BROWSING,e,6,Pants
16:19,74,BROWSING,d,13,Hats & Handbags
16:19,75,BROWSING,g,13,Tops
16:19,76,IN_QUEUE,b,9,position #2
16:19,77,BROWSING,f,13,Skirts & Dresses
16:19,78,MOVING,c,6,→ Skirts & Dresses
16:19,79,BROWSING,c,13,Hats & Handbags
16:19,80,BROWSING,c,10,Tops
16:19,81,MOVING,e,4,→ exit
16:19,82,MOVING,b,11,→ Underwear
16:19,83,BROWSING,f,10,Tops
16:19,84,MOVING,e,8,→ Skirts & Dresses
16:19,85,BROWSING,f,6,Pants
16:19,86,MOVING,e,8,→ Pants
16:19,87,PICKED_ITEM,g,13,Tops
16:19,88,BROWSING,h,13,Skirts & Dresses
16:19,89,MOVING,b,6,→ Skirts & Dresses
16:19,90,MOVING,d,8,→ Underwear
16:20,91,ENTERED,h,8,"profile=window_shopper gender=male age=adult speed=1 plan=[Pants, Underwear]"
16:20,76,CHECKOUT_CALLED,b,9,lane 2
16:20,51,BROWSING,d,3,Stockings
16:20,55,BROWSING,b,3,Underwear
16:20,58,AT_CHECKOUT,b,9,3/9 min
16:20,59,PAUSED,d,9,→ exit
16:20,63,MOVING,d,9,→ exit
16:20,65,BROWSING,b,3,Underwear
16:20,67,BROWSING,f,13,Tops
16:20,68,BROWSING,c,13,Hats & Handbags
16:20,70,MOVING,h,13,→ exit
16:20,71,IN_FITTING,a,12,8/10 min
16:20,72,NO_PICK,c,10,Tops
16:20,73,BROWSING,e,6,Pants
16:20,74,BROWSING,d,13,Hats & Handbags
16:20,75,BROWSING,g,13,Tops
16:20,76,AT_CHECKOUT,b,9,1/8 min
16:20,77,BROWSING,f,13,Skirts & Dresses
16:20,78,MOVING,d,6,→ Skirts & Dresses
16:20,79,BROWSING,c,13,Hats & Handbags
16:20,80,PICKED_ITEM,c,10,Tops
16:20,81,PAUSED,e,4,→ exit
16:20,82,MOVING,b,10,→ Underwear
16:20,83,BROWSING,f,10,Tops
16:20,84,MOVING,e,10,→ Skirts & Dresses
16:20,85,BROWSING,f,6,Pants
16:20,86,ARRIVED_SECTION,e,6,Pants
16:20,87,ARRIVED_SECTION,d,13,Hats & Handbags
16:20,88,BROWSING,h,13,Skirts & Dresses
16:20,89,MOVING,e,6,→ Skirts & Dresses
16:20,90,MOVING,d,6,→ Underwear
16:20,91,MOVING,g,8,→ Pants
16:21,51,BROWSING,d,3,Stockings
16:21,55,NO_PICK,b,3,Underwear
16:21,58,AT_CHECKOUT,b,9,4/9 min
16:21,59,MOVING,f,9,→ exit
16:21,63,MOVING,f,9,→ exit
16:21,65,BROWSING,b,3,Underwear
16:21,67,BROWSING,f,13,Tops
16:21,68,BROWSING,c,13,Hats & Handbags
16:21,70,MOVING,h,11,→ exit
16:21,71,IN_FITTING,a,12,9/10 min
16:21,72,MOVING,b,11,→ Hats & Handbags
16:21,73,BROWSING,e,6,Pants
16:21,74,BROWSING,d,13,Hats & Handbags
16:21,75,BROWSING,g,13,Tops
16:21,76,AT_CHECKOUT,b,9,2/8 min
16:21,77,PUT_BACK_SHELF,f,13,Skirts & Dresses
16:21,78,MOVING,e,6,→ Skirts & Dresses
16:21,79,BROWSING,c,13,Hats & Handbags
16:21,80,MOVING,e,10,→ Jeans
16:21,81,PAUSED,e,4,→ exit
16:21,82,MOVING,b,9,→ Underwear
16:21,83,BROWSING,f,10,Tops
16:21,84,MOVING,e,12,→ Skirts & Dresses
16:21,85,BROWSING,f,6,Pants
16:21,86,BROWSING,e,6,Pants
16:21,87,BROWSING,d,13,Hats & Handbags
16:21,88,BROWSING,h,13,Skirts & Dresses
16:21,89,MOVING,e,9,→ Skirts & Dresses
16:21,90,MOVING,b,6,→ Underwear
16:21,91,MOVING,f,8,→ Pants
16:22,51,BROWSING,d,3,Stockings
16:22,55,PAUSED,b,3,→ Stockings
16:22,58,AT_CHECKOUT,b,9,5/9 min
16:22,59,MOVING,h,9,→ exit
16:22,63,MOVING,h,9,→ exit
16:22,65,BROWSING,b,3,Underwear
16:22,67,BROWSING,f,13,Tops
16:22,68,BROWSING,c,13,Hats & Handbags
16:22,70,MOVING,h,9,→ exit
16:22,71,LEFT_FITTING,a,12,returned_to_shelf=1
16:22,71,HEADING,a,12,exit
16:22,72,MOVING,b,13,→ Hats & Handbags
16:22,73,BROWSING,e,6,Pants
16:22,74,BROWSING,d,13,Hats & Handbags
16:22,75,BROWSING,g,13,Tops
16:22,76,AT_CHECKOUT,b,9,3/8 min
16:22,77,MOVING,e,11,→ Pants
16:22,78,MOVING,e,7,→ Skirts & Dresses
16:22,79,BROWSING,c,13,Hats & Handbags
16:22,80,MOVING,g,10,→ Jeans
16:22,81,PAUSED,e,4,→ exit
16:22,82,MOVING,b,8,→ Underwear
16:22,83,BROWSING,f,10,Tops
16:22,84,ARRIVED_SECTION,f,13,Skirts & Dresses
16:22,85,BROWSING,f,6,Pants
16:22,86,BROWSING,e,6,Pants
16:22,87,BROWSING,d,13,Hats & Handbags
16:22,88,BROWSING,h,13,Skirts & Dresses
16:22,89,MOVING,e,12,→ Skirts & Dresses
16:22,90,MOVING,b,4,→ Underwear
16:22,91,MOVING,f,7,→ Pants
16:23,51,BROWSING,d,3,Stockings
16:23,55,PAUSED,b,3,→ Stockings
16:23,58,AT_CHECKOUT,b,9,6/9 min
16:23,59,EXITED,h,8,
16:23,63,EXITED,h,8,
16:23,65,BROWSING,b,3,Underwear
16:23,67,BROWSING,f,13,Tops
16:23,68,BROWSING,c,13,Hats & Handbags
16:23,70,EXITED,h,8,
16:23,71,MOVING,b,12,→ exit
16:23,72,ARRIVED_SECTION,c,13,Hats & Handbags
16:23,73,BROWSING,e,6,Pants
16:23,74,BROWSING,d,13,Hats & Handbags
16:23,75,BROWSING,g,13,Tops
16:23,76,AT_CHECKOUT,b,9,4/8 min
16:23,77,MOVING,e,8,→ Pants
16:23,78,MOVING,e,8,→ Skirts & Dresses
16:23,79,BROWSING,c,13,Hats & Handbags
16:23,80,MOVING,g,8,→ Jeans
16:23,81,MOVING,g,4,→ exit
16:23,82,MOVING,b,7,→ Underwear
16:23,83,BROWSING,f,10,Tops
16:23,84,BROWSING,f,13,Skirts & Dresses
16:23,85,PUT_BACK_SHELF,f,6,Pants
16:23,86,BROWSING,e,6,Pants
16:23,87,BROWSING,d,13,Hats & Handbags
16:23,88,BROWSING,h,13,Skirts & Dresses
16:23,89,ARRIVED_SECTION,f,13,Skirts & Dresses
16:23,90,ARRIVED_SECTION,b,3,Underwear
16:23,91,ARRIVED_SECTION,f,6,Pants
16:24,51,BROWSING,d,3,Stockings
16:24,55,PAUSED,b,3,→ Stockings
16:24,58,AT_CHECKOUT,b,9,7/9 min
16:24,65,BROWSING,b,3,Underwear
16:24,67,BROWSING,f,13,Tops
16:24,68,BROWSING,c,13,Hats & Handbags
16:24,71,MOVING,b,11,→ exit
16:24,72,BROWSING,c,13,Hats & Handbags
16:24,73,BROWSING,e,6,Pants
16:24,74,BROWSING,d,13,Hats & Handbags
16:24,75,NO_PICK,g,13,Tops
16:24,76,AT_CHECKOUT,b,9,5/8 min
16:24,77,ARRIVED_SECTION,e,6,Pants
16:24,78,MOVING,e,9,→ Skirts & Dresses
16:24,79,NO_PICK,c,13,Hats & Handbags
16:24,80,MOVING,g,6,→ Jeans
16:24,81,MOVING,h,5,→ exit
16:24,82,MOVING,b,6,→ Underwear
16:24,83,BROWSING,f,10,Tops
16:24,84,BROWSING,f,13,Skirts & Dresses
16:24,85,MOVING,e,6,→ Hats & Handbags
16:24,86,BROWSING,e,6,Pants
16:24,87,BROWSING,d,13,Hats & Handbags
16:24,88,BROWSING,h,13,Skirts & Dresses
16:24,89,BROWSING,f,13,Skirts & Dresses
16:24,90,BROWSING,b,3,Underwear
16:24,91,BROWSING,f,6,Pants
16:25,92,ENTERED,h,8,"profile=regular gender=female age=young speed=3 plan=[Pants, Skirts & Dresses, Jeans, Stockings, Tops]"
16:25,51,BROWSING,d,3,Stockings
16:25,55,PAUSED,b,3,→ Stockings
16:25,58,AT_CHECKOUT,b,9,8/9 min
16:25,65,BROWSING,b,3,Underwear
16:25,67,NO_PICK,f,13,Tops
16:25,67,HEADING,f,13,fitting room
16:25,68,BROWSING,c,13,Hats & Handbags
16:25,71,MOVING,b,10,→ exit
16:25,72,BROWSING,c,13,Hats & Handbags
16:25,73,BROWSING,e,6,Pants
16:25,74,NO_PICK,d,13,Hats & Handbags
16:25,75,MOVING,f,13,→ Pants
16:25,76,AT_CHECKOUT,b,9,6/8 min
16:25,77,BROWSING,e,6,Pants
16:25,78,MOVING,e,10,→ Skirts & Dresses
16:25,79,ARRIVED_SECTION,f,13,Skirts & Dresses
16:25,80,MOVING,g,4,→ Jeans
16:25,81,MOVING,h,7,→ exit
16:25,82,PAUSED,b,6,→ Underwear
16:25,83,NO_PICK,f,10,Tops
16:25,84,BROWSING,f,13,Skirts & Dresses
16:25,85,MOVING,e,7,→ Hats & Handbags
16:25,86,PICKED_ITEM,e,6,Pants
16:25,86,HEADING,e,6,checkout
16:25,87,PICKED_ITEM,d,13,Hats & Handbags
16:25,87,HEADING,d,13,fitting room
16:25,88,PUT_BACK_SHELF,h,13,Skirts & Dresses
16:25,89,BROWSING,f,13,Skirts & Dresses
16:25,90,BROWSING,b,3,Underwear
16:25,91,BROWSING,f,6,Pants
16:25,92,PAUSED,h,8,→ Pants
16:26,51,BROWSING,d,3,Stockings
16:26,55,ARRIVED_SECTION,c,3,Stockings
16:26,58,PURCHASED,b,9,"3 item(s): Underwear, Skirts & Dresses, Pants"
16:26,65,BROWSING,b,3,Underwear
16:26,67,MOVING,d,13,→ fitting room
16:26,68,BROWSING,c,13,Hats & Handbags
16:26,71,MOVING,c,10,→ exit
16:26,72,BROWSING,c,13,Hats & Handbags
16:26,73,NO_PICK,e,6,Pants
16:26,74,MOVING,c,13,→ Stockings
16:26,75,MOVING,e,13,→ Pants
16:26,76,AT_CHECKOUT,b,9,7/8 min
16:26,77,BROWSING,e,6,Pants
16:26,78,MOVING,e,11,→ Skirts & Dresses
16:26,79,BROWSING,f,13,Skirts & Dresses
16:26,80,ARRIVED_SECTION,g,3,Jeans
16:26,81,EXITED,h,8,
16:26,82,PAUSED,b,6,→ Underwear
16:26,83,MOVING,g,10,→ Stockings
16:26,84,BROWSING,f,13,Skirts & Dresses
16:26,85,MOVING,e,8,→ Hats & Handbags
16:26,86,MOVING,b,6,→ checkout
16:26,87,ARRIVED_FITTING_AREA,a,13,3 item(s)
16:26,88,MOVING,h,12,→ Stockings
16:26,89,BROWSING,f,13,Skirts & Dresses
16:26,90,BROWSING,b,3,Underwear
16:26,91,BROWSING,f,6,Pants
16:26,92,PAUSED,h,8,→ Pants
16:27,51,BROWSING,d,3,Stockings
16:27,55,BROWSING,c,3,Stockings
16:27,58,MOVING,c,9,→ exit
16:27,65,PICKED_ITEM,b,3,Underwear
16:27,65,HEADING,b,3,fitting room
16:27,67,MOVING,b,13,→ fitting room
16:27,68,PICKED_ITEM,c,13,Hats & Handbags
16:27,68,HEADING,c,13,fitting room
16:27,71,MOVING,d,10,→ exit
16:27,72,BROWSING,c,13,Hats & Handbags
16:27,73,MOVING,c,6,→ Stockings
16:27,74,MOVING,b,13,→ Stockings
16:27,75,MOVING,e,12,→ Pants
16:27,76,PURCHASED,b,9,"3 item(s): Tops, Hats & Handbags, Pants"
16:27,77,BROWSING,e,6,Pants
16:27,78,MOVING,e,12,→ Skirts & Dresses
16:27,79,BROWSING,f,13,Skirts & Dresses
16:27,80,BROWSING,g,3,Jeans
16:27,82,MOVING,b,5,→ Underwear
16:27,83,MOVING,g,9,→ Stockings
16:27,84,BROWSING,f,13,Skirts & Dresses
16:27,85,PAUSED,e,8,→ Hats & Handbags
16:27,86,JOINED_QUEUE,b,9,"position #1, 2 item(s)"
16:27,87,ENTERED_FITTING,a,13,"3 item(s) to try on, waited 0 ticks"
16:27,88,MOVING,h,11,→ Stockings
16:27,89,BROWSING,f,13,Skirts & Dresses
16:27,90,BROWSING,b,3,Underwear
16:27,91,BROWSING,f,6,Pants
16:27,92,MOVING,f,7,→ Pants
16:28,86,CHECKOUT_CALLED,b,9,lane 1
16:28,51,BROWSING,d,3,Stockings
16:28,55,BROWSING,c,3,Stockings
16:28,58,MOVING,d,9,→ exit
16:28,65,MOVING,a,5,→ fitting room
16:28,67,ARRIVED_FITTING_AREA,a,13,3 item(s)
16:28,68,ARRIVED_FITTING_AREA,a,13,2 item(s)
16:28,71,MOVING,e,10,→ exit
16:28,72,BROWSING,c,13,Hats & Handbags
16:28,73,MOVING,b,5,→ Stockings
16:28,74,MOVING,b,12,→ Stockings
16:28,75,MOVING,e,11,→ Pants
16:28,76,MOVING,c,9,→ exit
16:28,77,BROWSING,e,6,Pants
16:28,78,MOVING,e,13,→ Skirts & Dresses
16:28,79,BROWSING,f,13,Skirts & Dresses
16:28,80,BROWSING,g,3,Jeans
16:28,82,MOVING,b,4,→ Underwear
16:28,83,MOVING,g,8,→ Stockings
16:28,84,BROWSING,f,13,Skirts & Dresses
16:28,85,PAUSED,e,8,→ Hats & Handbags
16:28,86,AT_CHECKOUT,b,9,1/7 min
16:28,87,IN_FITTING,a,13,1/16 min
16:28,88,MOVING,h,10,→ Stockings
16:28,89,BROWSING,f,13,Skirts & Dresses
16:28,90,BROWSING,b,3,Underwear
16:28,91,NO_PICK,f,6,Pants
16:28,92,ARRIVED_SECTION,f,6,Pants
16:29,93,ENTERED,h,8,"profile=window_shopper gender=male age=young speed=3 plan=[Skirts & Dresses, Jeans]"
16:29,51,PICKED_ITEM,d,3,Stockings
16:29,55,BROWSING,c,3,Stockings
16:29,58,MOVING,e,9,→ exit
16:29,65,MOVING,a,8,→ fitting room
16:29,67,ENTERED_FITTING,a,14,"3 item(s) to try on, waited 0 ticks"
16:29,68,ENTERED_FITTING,a,12,"2 item(s) to try on, waited 0 ticks"
16:29,71,MOVING,f,10,→ exit
16:29,72,BROWSING,c,13,Hats & Handbags
16:29,73,MOVING,c,4,→ Stockings
16:29,74,MOVING,b,11,→ Stockings
16:29,75,MOVING,e,10,→ Pants
16:29,76,MOVING,d,9,→ exit
16:29,77,BROWSING,e,6,Pants
16:29,78,ARRIVED_SECTION,f,13,Skirts & Dresses
16:29,79,NO_PICK,f,13,Skirts & Dresses
16:29,80,BROWSING,g,3,Jeans
16:29,82,ARRIVED_SECTION,b,3,Underwear
16:29,83,MOVING,g,7,→ Stockings
16:29,84,PICKED_ITEM,f,13,Skirts & Dresses
16:29,85,PAUSED,e,8,→ Hats & Handbags
16:29,86,AT_CHECKOUT,b,9,2/7 min
16:29,87,IN_FITTING,a,13,2/16 min
16:29,88,MOVING,g,10,→ Stockings
16:29,89,BROWSING,f,13,Skirts & Dresses
16:29,90,BROWSING,b,3,Underwear
16:29,91,MOVING,e,6,→ Underwear
16:29,92,BROWSING,f,6,Pants
16:29,93,MOVING,h,11,→ Skirts & Dresses
16:30,51,MOVING,c,3,→ Underwear
16:30,55,BROWSING,c,3,Stockings
16:30,58,MOVING,f,9,→ exit
16:30,65,MOVING,a,11,→ fitting room
16:30,67,IN_FITTING,a,14,1/11 min
16:30,68,IN_FITTING,a,12,1/13 min
16:30,71,MOVING,g,10,→ exit
16:30,72,BROWSING,c,13,Hats & Handbags
16:30,73,ARRIVED_SECTION,c,3,Stockings
16:30,74,MOVING,b,10,→ Stockings
16:30,75,MOVING,e,9,→ Pants
16:30,76,PAUSED,d,9,→ exit
16:30,77,BROWSING,e,6,Pants
16:30,78,BROWSING,f,13,Skirts & Dresses
16:30,79,PAUSED,f,13,→ Jeans
16:30,80,BROWSING,g,3,Jeans
16:30,82,BROWSING,b,3,Underwear
16:30,83,MOVING,g,6,→ Stockings
16:30,84,MOVING,e,12,→ Pants
16:30,85,PAUSED,e,8,→ Hats & Handbags
16:30,86,AT_CHECKOUT,b,9,3/7 min
16:30,87,IN_FITTING,a,13,3/16 min
16:30,88,MOVING,g,9,→ Stockings
16:30,89,PICKED_ITEM,f,13,Skirts & Dresses
16:30,89,HEADING,f,13,checkout
16:30,90,BROWSING,b,3,Underwear
16:30,91,MOVING,d,6,→ Underwear
16:30,92,BROWSING,f,6,Pants
16:30,93,ARRIVED_SECTION,h,13,Skirts & Dresses
16:31,51,ARRIVED_SECTION,b,3,Underwear
16:31,55,BROWSING,c,3,Stockings
16:31,58,MOVING,g,9,→ exit
16:31,65,ARRIVED_FITTING_AREA,a,12,1 item(s)
16:31,67,IN_FITTING,a,14,2/11 min
16:31,68,IN_FITTING,a,12,2/13 min
16:31,71,MOVING,h,10,→ exit
16:31,72,PICKED_ITEM,c,13,Hats & Handbags
16:31,73,BROWSING,c,3,Stockings
16:31,74,PAUSED,b,10,→ Stockings
16:31,75,MOVING,e,8,→ Pants
16:31,76,PAUSED,d,9,→ exit
16:31,77,BROWSING,e,6,Pants
16:31,78,BROWSING,f,13,Skirts & Dresses
16:31,79,PAUSED,f,13,→ Jeans
16:31,80,BROWSING,g,3,Jeans
16:31,82,BROWSING,b,3,Underwear
16:31,83,MOVING,g,5,→ Stockings
16:31,84,MOVING,e,10,→ Pants
16:31,85,PAUSED,e,8,→ Hats & Handbags
16:31,86,AT_CHECKOUT,b,9,4/7 min
16:31,87,IN_FITTING,a,13,4/16 min
16:31,88,MOVING,g,8,→ Stockings
16:31,89,PAUSED,f,13,→ checkout
16:31,90,NO_PICK,b,3,Underwear
16:31,91,MOVING,c,6,→ Underwear
16:31,92,BROWSING,f,6,Pants
16:31,93,BROWSING,h,13,Skirts & Dresses
16:32,94,ENTERED,h,8,"profile=regular gender=male age=adult speed=1 plan=[Stockings, Underwear, Skirts & Dresses, Tops]"
16:32,51,BROWSING,b,3,Underwear
16:32,55,BROWSING,c,3,Stockings
16:32,58,MOVING,h,9,→ exit
16:32,65,GAVE_UP_FITTING,a,12,waited 0 ticks
16:32,65,HEADING,a,12,checkout
16:32,67,IN_FITTING,a,14,3/11 min
16:32,68,IN_FITTING,a,12,3/13 min
16:32,71,MOVING,h,9,→ exit
16:32,72,MOVING,e,13,→ Jeans
16:32,73,BROWSING,c,3,Stockings
16:32,74,PAUSED,b,10,→ Stockings
16:32,75,MOVING,e,7,→ Pants
16:32,76,PAUSED,d,9,→ exit
16:32,77,PUT_BACK_SHELF,e,6,Pants
16:32,78,BROWSING,f,13,Skirts & Dresses
16:32,79,PAUSED,f,13,→ Jeans
16:32,80,BROWSING,g,3,Jeans
16:32,82,BROWSING,b,3,Underwear
16:32,83,MOVING,g,4,→ Stockings
16:32,84,MOVING,e,8,→ Pants
16:32,85,PAUSED,e,8,→ Hats & Handbags
16:32,86,AT_CHECKOUT,b,9,5/7 min
16:32,87,IN_FITTING,a,13,5/16 min
16:32,88,MOVING,g,7,→ Stockings
16:32,89,PAUSED,f,13,→ checkout
16:32,90,ARRIVED_SECTION,c,3,Stockings
16:32,91,MOVING,b,6,→ Underwear
16:32,92,BROWSING,f,6,Pants
16:32,93,BROWSING,h,13,Skirts & Dresses
16:32,94,MOVING,g,8,→ Stockings
16:33,51,BROWSING,b,3,Underwear
16:33,55,BROWSING,c,3,Stockings
16:33,58,EXITED,h,8,
16:33,65,MOVING,b,10,→ checkout
16:33,67,IN_FITTING,a,14,4/11 min
16:33,68,IN_FITTING,a,12,4/13 min
16:33,71,EXITED,h,8,
16:33,72,MOVING,e,11,→ Jeans
16:33,73,BROWSING,c,3,Stockings
16:33,74,MOVING,b,9,→ Stockings
16:33,75,ARRIVED_SECTION,e,6,Pants
16:33,76,MOVING,e,9,→ exit
16:33,77,MOVING,e,9,→ Hats & Handbags
16:33,78,BROWSING,f,13,Skirts & Dresses
16:33,79,MOVING,h,12,→ Jeans
16:33,80,BROWSING,g,3,Jeans
16:33,82,BROWSING,b,3,Underwear
16:33,83,MOVING,f,4,→ Stockings
16:33,84,ARRIVED_SECTION,e,6,Pants
16:33,85,MOVING,e,9,→ Hats & Handbags
16:33,86,AT_CHECKOUT,b,9,6/7 min
16:33,87,IN_FITTING,a,13,6/16 min
16:33,88,MOVING,g,6,→ Stockings
16:33,89,PAUSED,f,13,→ checkout
16:33,90,BROWSING,c,3,Stockings
16:33,91,MOVING,b,5,→ Underwear
16:33,92,PICKED_ITEM,f,6,Pants
16:33,93,BROWSING,h,13,Skirts & Dresses
16:33,94,MOVING,g,7,→ Stockings
16:34,95,ENTERED,h,8,"profile=browser gender=female age=young speed=3 plan=[Stockings, Hats & Handbags, Underwear, Pants]"
16:34,51,BROWSING,b,3,Underwear
16:34,55,BROWSING,c,3,Stockings
16:34,65,JOINED_QUEUE,b,9,"position #2, 1 item(s)"
16:34,67,IN_FITTING,a,14,5/11 min
16:34,68,IN_FITTING,a,12,5/13 min
16:34,72,MOVING,f,10,→ Jeans
16:34,73,BROWSING,c,3,Stockings
16:34,74,MOVING,b,8,→ Stockings
16:34,75,BROWSING,e,6,Pants
16:34,76,MOVING,f,9,→ exit
16:34,77,PAUSED,e,9,→ Hats & Handbags
16:34,78,BROWSING,f,13,Skirts & Dresses
16:34,79,MOVING,h,9,→ Jeans
16:34,80,BROWSING,g,3,Jeans
16:34,82,BROWSING,b,3,Underwear
16:34,83,MOVING,e,4,→ Stockings
16:34,84,BROWSING,e,6,Pants
16:34,85,MOVING,e,10,→ Hats & Handbags
16:34,86,PURCHASED,b,9,"2 item(s): Hats & Handbags, Pants"
16:34,87,IN_FITTING,a,13,7/16 min
16:34,88,MOVING,g,5,→ Stockings
16:34,89,MOVING,c,13,→ checkout
16:34,90,BROWSING,c,3,Stockings
16:34,91,MOVING,b,4,→ Underwear
16:34,92,MOVING,e,8,→ Skirts & Dresses
16:34,93,NO_PICK,h,13,Skirts & Dresses
16:34,94,MOVING,g,6,→ Stockings
16:34,95,MOVING,g,6,→ Stockings
16:35,65,CHECKOUT_CALLED,b,9,lane 1
16:35,51,BROWSING,b,3,Underwear
16:35,55,BROWSING,c,3,Stockings
16:35,65,AT_CHECKOUT,b,9,1/4 min
16:35,67,IN_FITTING,a,14,6/11 min
16:35,68,IN_FITTING,a,12,6/13 min
16:35,72,MOVING,g,9,→ Jeans
16:35,73,BROWSING,c,3,Stockings
16:35,74,MOVING,b,7,→ Stockings
16:35,75,BROWSING,e,6,Pants
16:35,76,MOVING,g,9,→ exit
16:35,77,PAUSED,e,9,→ Hats & Handbags
16:35,78,NO_PICK,f,13,Skirts & Dresses
16:35,79,MOVING,h,6,→ Jeans
16:35,80,BROWSING,g,3,Jeans
16:35,82,BROWSING,b,3,Underwear
16:35,83,MOVING,d,4,→ Stockings
16:35,84,BROWSING,e,6,Pants
16:35,85,MOVING,e,11,→ Hats & Handbags
16:35,86,MOVING,e,9,→ exit
16:35,87,IN_FITTING,a,13,8/16 min
16:35,88,MOVING,g,4,→ Stockings
16:35,89,MOVING,b,11,→ checkout
16:35,90,BROWSING,c,3,Stockings
16:35,91,ARRIVED_SECTION,b,3,Underwear
16:35,92,MOVING,e,11,→ Skirts & Dresses
16:35,93,PAUSED,h,13,→ Jeans
16:35,94,MOVING,g,5,→ Stockings
16:35,95,MOVING,f,4,→ Stockings
16:36,51,BROWSING,b,3,Underwear
16:36,55,BROWSING,c,3,Stockings
16:36,65,AT_CHECKOUT,b,9,2/4 min
16:36,67,IN_FITTING,a,14,7/11 min
16:36,68,IN_FITTING,a,12,7/13 min
16:36,72,MOVING,g,7,→ Jeans
16:36,73,NO_PICK,c,3,Stockings
16:36,74,MOVING,b,6,→ Stockings
16:36,75,BROWSING,e,6,Pants
16:36,76,MOVING,h,9,→ exit
16:36,77,MOVING,e,12,→ Hats & Handbags
16:36,78,ARRIVED_SECTION,f,13,Tops
16:36,79,PAUSED,h,6,→ Jeans
16:36,80,BROWSING,g,3,Jeans
16:36,82,BROWSING,b,3,Underwear
16:36,83,ARRIVED_SECTION,d,3,Stockings
16:36,84,BROWSING,e,6,Pants
16:36,85,MOVING,e,12,→ Hats & Handbags
16:36,86,MOVING,h,9,→ exit
16:36,87,IN_FITTING,a,13,9/16 min
16:36,88,MOVING,f,4,→ Stockings
16:36,89,JOINED_QUEUE,b,9,"position #2, 2 item(s)"
16:36,90,BROWSING,c,3,Stockings
16:36,91,BROWSING,b,3,Underwear
16:36,92,ARRIVED_SECTION,f,13,Skirts & Dresses
16:36,93,PAUSED,h,13,→ Jeans
16:36,94,MOVING,g,4,→ Stockings
16:36,95,ARRIVED_SECTION,d,3,Stockings
16:37,89,CHECKOUT_CALLED,b,9,lane 2
16:37,51,BROWSING,b,3,Underwear
16:37,55,PUT_BACK_SHELF,c,3,Stockings
16:37,55,HEADING,c,3,checkout
16:37,65,AT_CHECKOUT,b,9,3/4 min
16:37,67,IN_FITTING,a,14,8/11 min
16:37,68,IN_FITTING,a,12,8/13 min
16:37,72,MOVING,g,5,→ Jeans
16:37,73,MOVING,e,3,→ Jeans
16:37,74,MOVING,b,5,→ Stockings
16:37,75,BROWSING,e,6,Pants
16:37,76,EXITED,h,8,
16:37,77,ARRIVED_SECTION,d,13,Hats & Handbags
16:37,78,BROWSING,f,13,Tops
16:37,79,PAUSED,h,6,→ Jeans
16:37,80,BROWSING,g,3,Jeans
16:37,82,NO_PICK,b,3,Underwear
16:37,83,BROWSING,d,3,Stockings
16:37,84,PICKED_ITEM,e,6,Pants
16:37,84,HEADING,e,6,checkout
16:37,85,PAUSED,e,12,→ Hats & Handbags
16:37,86,EXITED,h,8,
16:37,87,IN_FITTING,a,13,10/16 min
16:37,88,MOVING,e,4,→ Stockings
16:37,89,AT_CHECKOUT,b,9,1/6 min
16:37,90,BROWSING,c,3,Stockings
16:37,91,BROWSING,b,3,Underwear
16:37,92,BROWSING,f,13,Skirts & Dresses
16:37,93,PAUSED,h,13,→ Jeans
16:37,94,MOVING,f,4,→ Stockings
16:37,95,BROWSING,d,3,Stockings
16:38,51,BROWSING,b,3,Underwear
16:38,55,MOVING,b,3,→ checkout
16:38,65,PURCHASED,b,9,1 item(s): Underwear
16:38,67,IN_FITTING,a,14,9/11 min
16:38,68,IN_FITTING,a,12,9/13 min
16:38,72,ARRIVED_SECTION,g,3,Jeans
16:38,73,ARRIVED_SECTION,g,3,Jeans
16:38,74,MOVING,b,4,→ Stockings
16:38,75,BROWSING,e,6,Pants
16:38,77,BROWSING,d,13,Hats & Handbags
16:38,78,BROWSING,f,13,Tops
16:38,79,ARRIVED_SECTION,h,3,Jeans
16:38,80,NO_PICK,g,3,Jeans
16:38,82,MOVING,c,3,→ Jeans
16:38,83,BROWSING,d,3,Stockings
16:38,84,MOVING,c,6,→ checkout
16:38,85,PAUSED,e,12,→ Hats & Handbags
16:38,87,IN_FITTING,a,13,11/16 min
16:38,88,MOVING,d,4,→ Stockings
16:38,89,AT_CHECKOUT,b,9,2/6 min
16:38,90,BROWSING,c,3,Stockings
16:38,91,BROWSING,b,3,Underwear
16:38,92,BROWSING,f,13,Skirts & Dresses
16:38,93,PAUSED,h,13,→ Jeans
16:38,94,MOVING,e,4,→ Stockings
16:38,95,BROWSING,d,3,Stockings
16:39,96,ENTERED,h,8,"profile=browser gender=female age=senior speed=1 plan=[Pants, Tops, Stockings, Skirts & Dresses, Underwear, Hats & Handbags]"
16:39,51,BROWSING,b,3,Underwear
16:39,55,MOVING,b,4,→ checkout
16:39,65,MOVING,e,9,→ exit
16:39,67,IN_FITTING,a,14,10/11 min
16:39,68,IN_FITTING,a,12,10/13 min
16:39,72,BROWSING,g,3,Jeans
16:39,73,BROWSING,g,3,Jeans
16:39,74,MOVING,c,4,→ Stockings
16:39,75,BROWSING,e,6,Pants
16:39,77,BROWSING,d,13,Hats & Handbags
16:39,78,BROWSING,f,13,Tops
16:39,79,BROWSING,h,3,Jeans
16:39,80,MOVING,e,3,→ Stockings
16:39,82,MOVING,d,3,→ Jeans
16:39,83,BROWSING,d,3,Stockings
16:39,84,MOVING,b,7,→ checkout
16:39,85,PAUSED,e,12,→ Hats & Handbags
16:39,87,IN_FITTING,a,13,12/16 min
16:39,88,ARRIVED_SECTION,d,3,Stockings
16:39,89,AT_CHECKOUT,b,9,3/6 min
16:39,90,BROWSING,c,3,Stockings
16:39,91,BROWSING,b,3,Underwear
16:39,92,BROWSING,f,13,Skirts & Dresses
16:39,93,MOVING,h,10,→ Jeans
16:39,94,MOVING,d,4,→ Stockings
16:39,95,BROWSING,d,3,Stockings
16:39,96,PAUSED,h,8,→ Pants
16:40,51,BROWSING,b,3,Underwear
16:40,55,MOVING,b,5,→ checkout
16:40,65,MOVING,h,9,→ exit
16:40,67,LEFT_FITTING,a,14,"keeping=2, returned_to_shelf=1"
16:40,67,HEADING,a,14,checkout
16:40,68,IN_FITTING,a,12,11/13 min
16:40,72,BROWSING,g,3,Jeans
16:40,73,BROWSING,g,3,Jeans
16:40,74,ARRIVED_SECTION,c,3,Stockings
16:40,75,BROWSING,e,6,Pants
16:40,77,BROWSING,d,13,Hats & Handbags
16:40,78,BROWSING,f,13,Tops
16:40,79,BROWSING,h,3,Jeans
16:40,80,PAUSED,e,3,→ Stockings
16:40,82,MOVING,e,3,→ Jeans
16:40,83,NO_PICK,d,3,Stockings
16:40,84,JOINED_QUEUE,b,9,"position #2, 4 item(s)"
16:40,85,PAUSED,e,12,→ Hats & Handbags
16:40,87,IN_FITTING,a,13,13/16 min
16:40,88,BROWSING,d,3,Stockings
16:40,89,AT_CHECKOUT,b,9,4/6 min
16:40,90,BROWSING,c,3,Stockings
16:40,91,BROWSING,b,3,Underwear
16:40,92,BROWSING,f,13,Skirts & Dresses
16:40,93,PAUSED,h,10,→ Jeans
16:40,94,ARRIVED_SECTION,d,3,Stockings
16:40,95,BROWSING,d,3,Stockings
16:40,96,PAUSED,h,8,→ Pants
16:41,84,CHECKOUT_CALLED,b,9,lane 2
16:41,51,BROWSING,b,3,Underwear
16:41,55,MOVING,b,6,→ checkout
16:41,65,EXITED,h,8,
16:41,67,MOVING,b,13,→ checkout
16:41,68,IN_FITTING,a,12,12/13 min
16:41,72,BROWSING,g,3,Jeans
16:41,73,BROWSING,g,3,Jeans
16:41,74,BROWSING,c,3,Stockings
16:41,75,NO_PICK,e,6,Pants
16:41,77,BROWSING,d,13,Hats & Handbags
16:41,78,BROWSING,f,13,Tops
16:41,79,BROWSING,h,3,Jeans
16:41,80,PAUSED,e,3,→ Stockings
16:41,82,MOVING,f,3,→ Jeans
16:41,83,MOVING,c,3,→ Underwear
16:41,84,AT_CHECKOUT,b,9,1/13 min
16:41,85,PAUSED,e,12,→ Hats & Handbags
16:41,87,IN_FITTING,a,13,14/16 min
16:41,88,BROWSING,d,3,Stockings
16:41,89,AT_CHECKOUT,b,9,5/6 min
16:41,90,BROWSING,c,3,Stockings
16:41,91,NO_PICK,b,3,Underwear
16:41,91,HEADING,b,3,exit
16:41,92,BROWSING,f,13,Skirts & Dresses
16:41,93,PAUSED,h,10,→ Jeans
16:41,94,BROWSING,d,3,Stockings
16:41,95,BROWSING,d,3,Stockings
16:41,96,PAUSED,h,8,→ Pants
16:42,51,BROWSING,b,3,Underwear
16:42,55,MOVING,b,7,→ checkout
16:42,67,MOVING,b,11,→ checkout
16:42,68,LEFT_FITTING,a,12,"keeping=1, returned_to_shelf=1"
16:42,68,HEADING,a,12,checkout
16:42,72,BROWSING,g,3,Jeans
16:42,73,BROWSING,g,3,Jeans
16:42,74,BROWSING,c,3,Stockings
16:42,75,MOVING,d,6,→ Stockings
16:42,77,BROWSING,d,13,Hats & Handbags
16:42,78,BROWSING,f,13,Tops
16:42,79,BROWSING,h,3,Jeans
16:42,80,PAUSED,e,3,→ Stockings
16:42,82,ARRIVED_SECTION,g,3,Jeans
16:42,83,ARRIVED_SECTION,b,3,Underwear
16:42,84,AT_CHECKOUT,b,9,2/13 min
16:42,85,PAUSED,e,12,→ Hats & Handbags
16:42,87,IN_FITTING,a,13,15/16 min
16:42,88,BROWSING,d,3,Stockings
16:42,89,PURCHASED,b,9,"2 item(s): Underwear, Skirts & Dresses"
16:42,90,BROWSING,c,3,Stockings
16:42,91,MOVING,c,3,→ exit
16:42,92,BROWSING,f,13,Skirts & Dresses
16:42,93,PAUSED,h,10,→ Jeans
16:42,94,BROWSING,d,3,Stockings
16:42,95,BROWSING,d,3,Stockings
16:42,96,PAUSED,h,8,→ Pants
16:43,51,BROWSING,b,3,Underwear
16:43,55,MOVING,b,8,→ checkout
16:43,67,JOINED_QUEUE,b,9,"position #2, 2 item(s)"
16:43,68,MOVING,b,11,→ checkout
16:43,72,BROWSING,g,3,Jeans
16:43,73,BROWSING,g,3,Jeans
16:43,74,BROWSING,c,3,Stockings
16:43,75,MOVING,c,6,→ Stockings
16:43,77,BROWSING,d,13,Hats & Handbags
16:43,78,BROWSING,f,13,Tops
16:43,79,BROWSING,h,3,Jeans
16:43,80,PAUSED,e,3,→ Stockings
16:43,82,BROWSING,g,3,Jeans
16:43,83,BROWSING,b,3,Underwear
16:43,84,AT_CHECKOUT,b,9,3/13 min
16:43,85,PAUSED,e,12,→ Hats & Handbags
16:43,87,LEFT_FITTING,a,13,"keeping=2, returned_to_shelf=1"
16:43,87,HEADING,a,13,checkout
16:43,88,BROWSING,d,3,Stockings
16:43,89,PAUSED,b,9,→ exit
16:43,90,PICKED_ITEM,c,3,Stockings
16:43,91,MOVING,d,3,→ exit
16:43,92,NO_PICK,f,13,Skirts & Dresses
16:43,93,MOVING,h,7,→ Jeans
16:43,94,BROWSING,d,3,Stockings
16:43,95,BROWSING,d,3,Stockings
16:43,96,MOVING,g,8,→ Pants
16:44,97,ENTERED,h,8,"profile=regular gender=male age=adult speed=1 plan=[Underwear, Pants, Stockings]"
16:44,67,CHECKOUT_CALLED,b,9,lane 2
16:44,51,BROWSING,b,3,Underwear
16:44,55,JOINED_QUEUE,b,9,"position #3, 1 item(s)"
16:44,67,AT_CHECKOUT,b,9,1/7 min
16:44,68,JOINED_QUEUE,b,9,"position #4, 1 item(s)"
16:44,72,BROWSING,g,3,Jeans
16:44,73,NO_PICK,g,3,Jeans
16:44,73,HEADING,g,3,exit
16:44,74,BROWSING,c,3,Stockings
16:44,75,MOVING,b,6,→ Stockings
16:44,77,BROWSING,d,13,Hats & Handbags
16:44,78,BROWSING,f,13,Tops
16:44,79,BROWSING,h,3,Jeans
16:44,80,ARRIVED_SECTION,d,3,Stockings
16:44,82,BROWSING,g,3,Jeans
16:44,83,BROWSING,b,3,Underwear
16:44,84,AT_CHECKOUT,b,9,4/13 min
16:44,85,MOVING,e,13,→ Hats & Handbags
16:44,87,MOVING,b,11,→ checkout
16:44,88,BROWSING,d,3,Stockings
16:44,89,PAUSED,b,9,→ exit
16:44,90,MOVING,b,4,→ Tops
16:44,91,MOVING,e,3,→ exit
16:44,92,MOVING,h,12,→ Jeans
16:44,93,MOVING,h,4,→ Jeans
16:44,94,BROWSING,d,3,Stockings
16:44,95,BROWSING,d,3,Stockings
16:44,96,MOVING,f,8,→ Pants
16:44,97,MOVING,g,8,→ Underwear
16:45,51,BROWSING,b,3,Underwear
16:45,55,IN_QUEUE,b,9,position #3
16:45,67,AT_CHECKOUT,b,9,2/7 min
16:45,68,IN_QUEUE,b,9,position #4
16:45,72,BROWSING,g,3,Jeans
16:45,73,MOVING,h,4,→ exit
16:45,74,BROWSING,c,3,Stockings
16:45,75,MOVING,b,5,→ Stockings
16:45,77,BROWSING,d,13,Hats & Handbags
16:45,78,NO_PICK,f,13,Tops
16:45,78,HEADING,f,13,fitting room
16:45,79,BROWSING,h,3,Jeans
16:45,80,BROWSING,d,3,Stockings
16:45,82,BROWSING,g,3,Jeans
16:45,83,BROWSING,b,3,Underwear
16:45,84,AT_CHECKOUT,b,9,5/13 min
16:45,85,ARRIVED_SECTION,d,13,Hats & Handbags
16:45,87,JOINED_QUEUE,b,9,"position #5, 2 item(s)"
16:45,88,BROWSING,d,3,Stockings
16:45,89,MOVING,e,9,→ exit
16:45,90,MOVING,b,6,→ Tops
16:45,91,MOVING,f,3,→ exit
16:45,92,MOVING,h,9,→ Jeans
16:45,93,ARRIVED_SECTION,h,3,Jeans
16:45,94,BROWSING,d,3,Stockings
16:45,95,BROWSING,d,3,Stockings
16:45,96,MOVING,f,7,→ Pants
16:45,97,MOVING,f,8,→ Underwear
16:46,51,BROWSING,b,3,Underwear
16:46,55,IN_QUEUE,b,9,position #3
16:46,67,AT_CHECKOUT,b,9,3/7 min
16:46,68,IN_QUEUE,b,9,position #4
16:46,72,BROWSING,g,3,Jeans
16:46,73,PAUSED,h,4,→ exit
16:46,74,BROWSING,c,3,Stockings
16:46,75,MOVING,b,4,→ Stockings
16:46,77,BROWSING,d,13,Hats & Handbags
16:46,78,MOVING,e,13,→ fitting room
16:46,79,NO_PICK,h,3,Jeans
16:46,79,HEADING,h,3,exit
16:46,80,BROWSING,d,3,Stockings
16:46,82,BROWSING,g,3,Jeans
16:46,83,BROWSING,b,3,Underwear
16:46,84,AT_CHECKOUT,b,9,6/13 min
16:46,85,BROWSING,d,13,Hats & Handbags
16:46,87,IN_QUEUE,b,9,position #5
16:46,88,BROWSING,d,3,Stockings
16:46,89,MOVING,h,9,→ exit
16:46,90,MOVING,b,8,→ Tops
16:46,91,MOVING,g,3,→ exit
16:46,92,MOVING,h,6,→ Jeans
16:46,93,BROWSING,h,3,Jeans
16:46,94,NO_PICK,d,3,Stockings
16:46,95,BROWSING,d,3,Stockings
16:46,96,ARRIVED_SECTION,f,6,Pants
16:46,97,MOVING,e,8,→ Underwear
16:47,51,BROWSING,b,3,Underwear
16:47,55,IN_QUEUE,b,9,position #3
16:47,67,AT_CHECKOUT,b,9,4/7 min
16:47,68,IN_QUEUE,b,9,position #4
16:47,72,BROWSING,g,3,Jeans
16:47,73,PAUSED,h,4,→ exit
16:47,74,PICKED_ITEM,c,3,Stockings
16:47,75,MOVING,c,4,→ Stockings
16:47,77,BROWSING,d,13,Hats & Handbags
16:47,78,MOVING,d,13,→ fitting room
16:47,79,PAUSED,h,3,→ exit
16:47,80,BROWSING,d,3,Stockings
16:47,82,BROWSING,g,3,Jeans
16:47,83,BROWSING,b,3,Underwear
16:47,84,AT_CHECKOUT,b,9,7/13 min
16:47,85,BROWSING,d,13,Hats & Handbags
16:47,87,IN_QUEUE,b,9,position #5
16:47,88,BROWSING,d,3,Stockings
16:47,89,PAUSED,h,9,→ exit
16:47,90,MOVING,c,9,→ Tops
16:47,91,MOVING,h,3,→ exit
16:47,92,ARRIVED_SECTION,h,3,Jeans
16:47,93,BROWSING,h,3,Jeans
16:47,94,MOVING,c,3,→ Underwear
16:47,95,NO_PICK,d,3,Stockings
16:47,96,BROWSING,f,6,Pants
16:47,97,MOVING,d,8,→ Underwear
16:48,51,BROWSING,b,3,Underwear
16:48,55,IN_QUEUE,b,9,position #3
16:48,67,AT_CHECKOUT,b,9,5/7 min
16:48,68,IN_QUEUE,b,9,position #4
16:48,72,PICKED_ITEM,g,3,Jeans
16:48,72,HEADING,g,3,fitting room
16:48,73,MOVING,h,6,→ exit
16:48,74,ARRIVED_SECTION,b,3,Underwear
16:48,75,ARRIVED_SECTION,c,3,Stockings
16:48,77,PICKED_ITEM,d,13,Hats & Handbags
16:48,77,HEADING,d,13,fitting room
16:48,78,PAUSED,d,13,→ fitting room
16:48,79,PAUSED,h,3,→ exit
16:48,80,BROWSING,d,3,Stockings
16:48,82,BROWSING,g,3,Jeans
16:48,83,BROWSING,b,3,Underwear
16:48,84,AT_CHECKOUT,b,9,8/13 min
16:48,85,PICKED_ITEM,d,13,Hats & Handbags
16:48,85,HEADING,d,13,checkout
16:48,87,IN_QUEUE,b,9,position #5
16:48,88,BROWSING,d,3,Stockings
16:48,89,PAUSED,h,9,→ exit
16:48,90,ARRIVED_SECTION,c,10,Tops
16:48,91,MOVING,h,4,→ exit
16:48,92,BROWSING,h,3,Jeans
16:48,93,NO_PICK,h,3,Jeans
16:48,93,HEADING,h,3,exit
16:48,94,ARRIVED_SECTION,b,3,Underwear
16:48,95,MOVING,b,4,→ Hats & Handbags
16:48,96,BROWSING,f,6,Pants
16:48,97,MOVING,d,7,→ Underwear
16:49,98,ENTERED,h,8,"profile=window_shopper gender=female age=adult speed=2 plan=[Hats & Handbags, Pants, Underwear, Tops]"
16:49,51,BROWSING,b,3,Underwear
16:49,55,IN_QUEUE,b,9,position #3
16:49,67,AT_CHECKOUT,b,9,6/7 min
16:49,68,IN_QUEUE,b,9,position #4
16:49,72,MOVING,e,3,→ fitting room
16:49,73,EXITED,h,8,
16:49,74,BROWSING,b,3,Underwear
16:49,75,BROWSING,c,3,Stockings
16:49,77,ARRIVED_FITTING_AREA,a,13,1 item(s)
16:49,78,PAUSED,d,13,→ fitting room
16:49,79,PAUSED,h,3,→ exit
16:49,80,BROWSING,d,3,Stockings
16:49,82,BROWSING,g,3,Jeans
16:49,83,NO_PICK,b,3,Underwear
16:49,83,HEADING,b,3,checkout
16:49,84,AT_CHECKOUT,b,9,9/13 min
16:49,85,MOVING,c,13,→ checkout
16:49,87,IN_QUEUE,b,9,position #5
16:49,88,BROWSING,d,3,Stockings
16:49,89,PAUSED,h,9,→ exit
16:49,90,BROWSING,c,10,Tops
16:49,91,MOVING,h,5,→ exit
16:49,92,BROWSING,h,3,Jeans
16:49,93,PAUSED,h,3,→ exit
16:49,94,BROWSING,b,3,Underwear
16:49,95,MOVING,b,7,→ Hats & Handbags
16:49,96,BROWSING,f,6,Pants
16:49,97,MOVING,d,6,→ Underwear
16:49,98,MOVING,f,8,→ Hats & Handbags
16:50,51,BROWSING,b,3,Underwear
16:50,55,IN_QUEUE,b,9,position #3
16:50,67,PURCHASED,b,9,"2 item(s): Jeans, Underwear"
16:50,68,IN_QUEUE,b,9,position #3
16:50,72,MOVING,c,3,→ fitting room
16:50,74,BROWSING,b,3,Underwear
16:50,75,BROWSING,c,3,Stockings
16:50,77,ENTERED_FITTING,a,13,"1 item(s) to try on, waited 0 ticks"
16:50,78,PAUSED,d,13,→ fitting room
16:50,79,PAUSED,h,3,→ exit
16:50,80,BROWSING,d,3,Stockings
16:50,82,BROWSING,g,3,Jeans
16:50,83,MOVING,b,4,→ checkout
16:50,84,AT_CHECKOUT,b,9,10/13 min
16:50,85,MOVING,b,13,→ checkout
16:50,87,IN_QUEUE,b,9,position #4
16:50,88,NO_PICK,d,3,Stockings
16:50,89,PAUSED,h,9,→ exit
16:50,90,BROWSING,c,10,Tops
16:50,91,MOVING,h,6,→ exit
16:50,92,BROWSING,h,3,Jeans
16:50,93,PAUSED,h,3,→ exit
16:50,94,BROWSING,b,3,Underwear
16:50,95,MOVING,b,10,→ Hats & Handbags
16:50,96,BROWSING,f,6,Pants
16:50,97,MOVING,c,6,→ Underwear
16:50,98,MOVING,e,9,→ Hats & Handbags
16:51,55,CHECKOUT_CALLED,b,9,lane 2
16:51,51,NO_PICK,b,3,Underwear
16:51,51,HEADING,b,3,fitting room
16:51,55,AT_CHECKOUT,b,9,1/7 min
16:51,67,PAUSED,b,9,→ exit
16:51,68,IN_QUEUE,b,9,position #3
16:51,72,MOVING,a,3,→ fitting room
16:51,74,BROWSING,b,3,Underwear
16:51,75,BROWSING,c,3,Stockings
16:51,77,IN_FITTING,a,13,1/11 min
16:51,78,PAUSED,d,13,→ fitting room
16:51,79,MOVING,h,6,→ exit
16:51,80,BROWSING,d,3,Stockings
16:51,82,BROWSING,g,3,Jeans
16:51,83,MOVING,b,5,→ checkout
16:51,84,AT_CHECKOUT,b,9,11/13 min
16:51,85,MOVING,b,12,→ checkout
16:51,87,IN_QUEUE,b,9,position #4
16:51,88,MOVING,c,3,→ Hats & Handbags
16:51,89,PAUSED,h,9,→ exit
16:51,90,BROWSING,c,10,Tops
16:51,91,MOVING,h,7,→ exit
16:51,92,BROWSING,h,3,Jeans
16:51,93,PAUSED,h,3,→ exit
16:51,94,BROWSING,b,3,Underwear
16:51,95,MOVING,b,13,→ Hats & Handbags
16:51,96,BROWSING,f,6,Pants
16:51,97,MOVING,b,6,→ Underwear
16:51,98,PAUSED,e,9,→ Hats & Handbags
16:52,51,MOVING,a,3,→ fitting room
16:52,55,AT_CHECKOUT,b,9,2/7 min
16:52,67,PAUSED,b,9,→ exit
16:52,68,IN_QUEUE,b,9,position #3
16:52,72,MOVING,a,5,→ fitting room
16:52,74,BROWSING,b,3,Underwear
16:52,75,BROWSING,c,3,Stockings
16:52,77,IN_FITTING,a,13,2/11 min
16:52,78,MOVING,c,13,→ fitting room
16:52,79,PAUSED,h,6,→ exit
16:52,80,BROWSING,d,3,Stockings
16:52,82,BROWSING,g,3,Jeans
16:52,83,MOVING,b,6,→ checkout
16:52,84,AT_CHECKOUT,b,9,12/13 min
16:52,85,MOVING,b,11,→ checkout
16:52,87,IN_QUEUE,b,9,position #4
16:52,88,MOVING,b,3,→ Hats & Handbags
16:52,89,PAUSED,h,9,→ exit
16:52,90,BROWSING,c,10,Tops
16:52,91,EXITED,h,8,
16:52,92,PICKED_ITEM,h,3,Jeans
16:52,93,PAUSED,h,3,→ exit
16:52,94,BROWSING,b,3,Underwear
16:52,95,ARRIVED_SECTION,c,13,Hats & Handbags
16:52,96,BROWSING,f,6,Pants
16:52,97,MOVING,b,5,→ Underwear
16:52,98,PAUSED,e,9,→ Hats & Handbags
16:53,51,MOVING,a,4,→ fitting room
16:53,55,AT_CHECKOUT,b,9,3/7 min
16:53,67,PAUSED,b,9,→ exit
16:53,68,IN_QUEUE,b,9,position #3
16:53,72,MOVING,a,7,→ fitting room
16:53,74,BROWSING,b,3,Underwear
16:53,75,BROWSING,c,3,Stockings
16:53,77,IN_FITTING,a,13,3/11 min
16:53,78,MOVING,b,13,→ fitting room
16:53,79,PAUSED,h,6,→ exit
16:53,80,BROWSING,d,3,Stockings
16:53,82,BROWSING,g,3,Jeans
16:53,83,MOVING,b,7,→ checkout
16:53,84,PURCHASED,b,9,"4 item(s): Jeans, Underwear, Skirts & Dresses, Pants"
16:53,85,MOVING,b,10,→ checkout
16:53,87,ABANDONED_QUEUE,b,9,"position #3, left 2 item(s)"
16:53,88,MOVING,b,4,→ Hats & Handbags
16:53,89,PAUSED,h,9,→ exit
16:53,90,BROWSING,c,10,Tops
16:53,92,MOVING,e,3,→ Stockings
16:53,93,PAUSED,h,3,→ exit
16:53,94,BROWSING,b,3,Underwear
16:53,95,BROWSING,c,13,Hats & Handbags
16:53,96,BROWSING,f,6,Pants
16:53,97,MOVING,b,4,→ Underwear
16:53,98,PAUSED,e,9,→ Hats & Handbags
16:54,68,CHECKOUT_CALLED,b,9,lane 2
16:54,51,MOVING,a,5,→ fitting room
16:54,55,AT_CHECKOUT,b,9,4/7 min
16:54,67,MOVING,d,9,→ exit
16:54,68,AT_CHECKOUT,b,9,1/8 min
16:54,72,MOVING,a,9,→ fitting room
16:54,74,BROWSING,b,3,Underwear
16:54,75,NO_PICK,c,3,Stockings
16:54,77,IN_FITTING,a,13,4/11 min
16:54,78,ARRIVED_FITTING_AREA,a,13,1 item(s)
16:54,79,PAUSED,h,6,→ exit
16:54,80,BROWSING,d,3,Stockings
16:54,82,BROWSING,g,3,Jeans
16:54,83,MOVING,b,8,→ checkout
16:54,84,MOVING,d,9,→ exit
16:54,85,JOINED_QUEUE,b,9,"position #3, 2 item(s)"
16:54,87,MOVING,e,9,→ exit
16:54,88,MOVING,b,5,→ Hats & Handbags
16:54,89,PAUSED,h,9,→ exit
16:54,90,PICKED_ITEM,c,10,Tops
16:54,92,ARRIVED_SECTION,d,3,Stockings
16:54,93,MOVING,h,6,→ exit
16:54,94,BROWSING,b,3,Underwear
16:54,95,BROWSING,c,13,Hats & Handbags
16:54,96,BROWSING,f,6,Pants
16:54,97,ARRIVED_SECTION,b,3,Underwear
16:54,98,MOVING,e,11,→ Hats & Handbags
16:55,51,MOVING,a,6,→ fitting room
16:55,55,AT_CHECKOUT,b,9,5/7 min
16:55,67,MOVING,f,9,→ exit
16:55,68,AT_CHECKOUT,b,9,2/8 min
16:55,72,MOVING,a,11,→ fitting room
16:55,74,BROWSING,b,3,Underwear
16:55,75,MOVING,b,3,→ Hats & Handbags
16:55,77,IN_FITTING,a,13,5/11 min
16:55,78,ENTERED_FITTING,a,14,"1 item(s) to try on, waited 0 ticks"
16:55,79,EXITED,h,8,
16:55,80,PICKED_ITEM,d,3,Stockings
16:55,82,PICKED_ITEM,g,3,Jeans
16:55,83,JOINED_QUEUE,b,9,"position #4, 1 item(s)"
16:55,84,MOVING,f,9,→ exit
16:55,85,IN_QUEUE,b,9,position #3
16:55,87,MOVING,h,9,→ exit
16:55,88,MOVING,b,6,→ Hats & Handbags
16:55,89,EXITED,h,8,
16:55,90,MOVING,e,10,→ Skirts & Dresses
16:55,92,BROWSING,d,3,Stockings
16:55,93,EXITED,h,8,
16:55,94,BROWSING,b,3,Underwear
16:55,95,BROWSING,c,13,Hats & Handbags
16:55,96,BROWSING,f,6,Pants
16:55,97,BROWSING,b,3,Underwear
16:55,98,MOVING,e,13,→ Hats & Handbags
16:56,51,MOVING,a,7,→ fitting room
16:56,55,AT_CHECKOUT,b,9,6/7 min
16:56,67,MOVING,h,9,→ exit
16:56,68,AT_CHECKOUT,b,9,3/8 min
16:56,72,ARRIVED_FITTING_AREA,a,12,3 item(s)
16:56,74,BROWSING,b,3,Underwear
16:56,75,MOVING,b,4,→ Hats & Handbags
16:56,77,IN_FITTING,a,13,6/11 min
16:56,78,IN_FITTING,a,14,1/11 min
16:56,80,MOVING,b,3,→ Hats & Handbags
16:56,82,MOVING,f,3,→ Stockings
16:56,83,IN_QUEUE,b,9,position #4
16:56,84,MOVING,h,9,→ exit
16:56,85,IN_QUEUE,b,9,position #3
16:56,87,PAUSED,h,9,→ exit
16:56,88,MOVING,b,7,→ Hats & Handbags
16:56,90,MOVING,e,12,→ Skirts & Dresses
16:56,92,BROWSING,d,3,Stockings
16:56,94,PICKED_ITEM,b,3,Underwear
16:56,95,BROWSING,c,13,Hats & Handbags
16:56,96,BROWSING,f,6,Pants
16:56,97,BROWSING,b,3,Underwear
16:56,98,ARRIVED_SECTION,d,13,Hats & Handbags
16:57,99,ENTERED,h,8,profile=quick_buyer gender=male age=adult speed=2 plan=[Stockings]
16:57,51,MOVING,a,8,→ fitting room
16:57,55,PURCHASED,b,9,1 item(s): Jeans
16:57,67,EXITED,h,8,
16:57,68,AT_CHECKOUT,b,9,4/8 min
16:57,72,ENTERED_FITTING,a,12,"3 item(s) to try on, waited 0 ticks"
16:57,74,BROWSING,b,3,Underwear
16:57,75,MOVING,b,5,→ Hats & Handbags
16:57,77,IN_FITTING,a,13,7/11 min
16:57,78,IN_FITTING,a,14,2/11 min
16:57,80,MOVING,b,5,→ Hats & Handbags
16:57,82,MOVING,e,3,→ Stockings
16:57,83,IN_QUEUE,b,9,position #3
16:57,84,EXITED,h,8,
16:57,85,IN_QUEUE,b,9,position #2
16:57,87,PAUSED,h,9,→ exit
16:57,88,MOVING,b,8,→ Hats & Handbags
16:57,90,ARRIVED_SECTION,f,13,Skirts & Dresses
16:57,92,BROWSING,d,3,Stockings
16:57,94,MOVING,b,4,→ Skirts & Dresses
16:57,95,BROWSING,c,13,Hats & Handbags
16:57,96,BROWSING,f,6,Pants
16:57,97,BROWSING,b,3,Underwear
16:57,98,BROWSING,d,13,Hats & Handbags
16:57,99,MOVING,g,7,→ Stockings
16:58,100,ENTERED,h,8,"profile=indecisive gender=male age=adult speed=2 plan=[Hats & Handbags, Tops, Skirts & Dresses, Stockings]"
16:58,85,CHECKOUT_CALLED,b,9,lane 2
16:58,51,MOVING,a,9,→ fitting room
16:58,55,MOVING,c,9,→ exit
16:58,68,AT_CHECKOUT,b,9,5/8 min
16:58,72,IN_FITTING,a,12,1/15 min
16:58,74,NO_PICK,b,3,Underwear
16:58,75,MOVING,b,6,→ Hats & Handbags
16:58,77,IN_FITTING,a,13,8/11 min
16:58,78,IN_FITTING,a,14,3/11 min
16:58,80,MOVING,b,7,→ Hats & Handbags
16:58,82,ARRIVED_SECTION,d,3,Stockings
16:58,83,IN_QUEUE,b,9,position #3
16:58,85,AT_CHECKOUT,b,9,1/9 min
16:58,87,EXITED,h,8,
16:58,88,MOVING,b,9,→ Hats & Handbags
16:58,90,BROWSING,f,13,Skirts & Dresses
16:58,92,BROWSING,d,3,Stockings
16:58,94,MOVING,b,5,→ Skirts & Dresses
16:58,95,BROWSING,c,13,Hats & Handbags
16:58,96,BROWSING,f,6,Pants
16:58,97,BROWSING,b,3,Underwear
16:58,98,BROWSING,d,13,Hats & Handbags
16:58,99,MOVING,g,5,→ Stockings
16:58,100,MOVING,f,8,→ Hats & Handbags
16:59,51,MOVING,a,10,→ fitting room
16:59,55,MOVING,d,9,→ exit
16:59,68,AT_CHECKOUT,b,9,6/8 min
16:59,72,IN_FITTING,a,12,2/15 min
16:59,74,MOVING,c,3,→ Jeans
16:59,75,MOVING,b,7,→ Hats & Handbags
16:59,77,IN_FITTING,a,13,9/11 min
16:59,78,IN_FITTING,a,14,4/11 min
16:59,80,MOVING,b,9,→ Hats & Handbags
16:59,82,BROWSING,d,3,Stockings
16:59,83,IN_QUEUE,b,9,position #3
16:59,85,AT_CHECKOUT,b,9,2/9 min
16:59,88,MOVING,b,10,→ Hats & Handbags
16:59,90,BROWSING,f,13,Skirts & Dresses
16:59,92,BROWSING,d,3,Stockings
16:59,94,MOVING,b,6,→ Skirts & Dresses
16:59,95,BROWSING,c,13,Hats & Handbags
16:59,96,BROWSING,f,6,Pants
16:59,97,BROWSING,b,3,Underwear
16:59,98,BROWSING,d,13,Hats & Handbags
16:59,99,MOVING,f,4,→ Stockings
16:59,100,MOVING,e,9,→ Hats & Handbags
17:00,51,MOVING,a,11,→ fitting room
17:00,55,MOVING,e,9,→ exit
17:00,68,AT_CHECKOUT,b,9,7/8 min
17:00,72,IN_FITTING,a,12,3/15 min
17:00,74,MOVING,d,3,→ Jeans
17:00,75,MOVING,b,8,→ Hats & Handbags
17:00,77,IN_FITTING,a,13,10/11 min
17:00,78,IN_FITTING,a,14,5/11 min
17:00,80,MOVING,b,11,→ Hats & Handbags
17:00,82,BROWSING,d,3,Stockings
17:00,83,IN_QUEUE,b,9,position #3
17:00,85,AT_CHECKOUT,b,9,3/9 min
17:00,88,MOVING,b,11,→ Hats & Handbags
17:00,90,BROWSING,f,13,Skirts & Dresses
17:00,92,BROWSING,d,3,Stockings
17:00,94,MOVING,c,6,→ Skirts & Dresses
17:00,95,BROWSING,c,13,Hats & Handbags
17:00,96,NO_PICK,f,6,Pants
17:00,97,NO_PICK,b,3,Underwear
17:00,98,BROWSING,d,13,Hats & Handbags
17:00,99,MOVING,d,4,→ Stockings
17:00,100,MOVING,e,11,→ Hats & Handbags
17:01,51,PAUSED,a,11,→ fitting room
17:01,55,MOVING,f,9,→ exit
17:01,68,PURCHASED,b,9,1 item(s): Hats & Handbags
17:01,72,IN_FITTING,a,12,4/15 min
17:01,74,MOVING,e,3,→ Jeans
17:01,75,MOVING,b,9,→ Hats & Handbags
17:01,77,LEFT_FITTING,a,13,left_in_room=1
17:01,77,HEADING,a,13,exit
17:01,78,IN_FITTING,a,14,6/11 min
17:01,80,MOVING,b,13,→ Hats & Handbags
17:01,82,BROWSING,d,3,Stockings
17:01,83,IN_QUEUE,b,9,position #2
17:01,85,AT_CHECKOUT,b,9,4/9 min
17:01,88,MOVING,b,12,→ Hats & Handbags
17:01,90,BROWSING,f,13,Skirts & Dresses
17:01,92,BROWSING,d,3,Stockings
17:01,94,MOVING,d,6,→ Skirts & Dresses
17:01,95,BROWSING,c,13,Hats & Handbags
17:01,96,MOVING,f,7,→ Tops
17:01,97,MOVING,c,3,→ Pants
17:01,98,NO_PICK,d,13,Hats & Handbags
17:01,99,ARRIVED_SECTION,d,3,Stockings
17:01,100,MOVING,e,13,→ Hats & Handbags
17:02,83,CHECKOUT_CALLED,b,9,lane 2
17:02,51,PAUSED,a,11,→ fitting room
17:02,55,MOVING,g,9,→ exit
17:02,68,MOVING,d,9,→ exit
17:02,72,IN_FITTING,a,12,5/15 min
17:02,74,MOVING,f,3,→ Jeans
17:02,75,MOVING,b,10,→ Hats & Handbags
17:02,77,MOVING,d,13,→ exit
17:02,78,IN_FITTING,a,14,7/11 min
17:02,80,ARRIVED_SECTION,c,13,Hats & Handbags
17:02,82,BROWSING,d,3,Stockings
17:02,83,AT_CHECKOUT,b,9,1/4 min
17:02,85,AT_CHECKOUT,b,9,5/9 min
17:02,88,MOVING,b,13,→ Hats & Handbags
17:02,90,BROWSING,f,13,Skirts & Dresses
17:02,92,NO_PICK,d,3,Stockings
17:02,94,MOVING,e,6,→ Skirts & Dresses
17:02,95,BROWSING,c,13,Hats & Handbags
17:02,96,MOVING,f,8,→ Tops
17:02,97,PAUSED,c,3,→ Pants
17:02,98,MOVING,e,12,→ Pants
17:02,99,BROWSING,d,3,Stockings
17:02,100,ARRIVED_SECTION,d,13,Hats & Handbags
17:03,51,PAUSED,a,11,→ fitting room
17:03,55,MOVING,h,9,→ exit
17:03,68,MOVING,f,9,→ exit
17:03,72,IN_FITTING,a,12,6/15 min
17:03,74,ARRIVED_SECTION,g,3,Jeans
17:03,75,MOVING,b,11,→ Hats & Handbags
17:03,77,PAUSED,d,13,→ exit
17:03,78,IN_FITTING,a,14,8/11 min
17:03,80,BROWSING,c,13,Hats & Handbags
17:03,82,BROWSING,d,3,Stockings
17:03,83,AT_CHECKOUT,b,9,2/4 min
17:03,85,AT_CHECKOUT,b,9,6/9 min
17:03,88,PAUSED,b,13,→ Hats & Handbags
17:03,90,PUT_BACK_SHELF,f,13,Skirts & Dresses
17:03,90,HEADING,f,13,checkout
17:03,92,MOVING,b,4,→ Tops
17:03,94,MOVING,e,7,→ Skirts & Dresses
17:03,95,BROWSING,c,13,Hats & Handbags
17:03,96,MOVING,f,9,→ Tops
17:03,97,PAUSED,c,3,→ Pants
17:03,98,MOVING,e,10,→ Pants
17:03,99,BROWSING,d,3,Stockings
17:03,100,BROWSING,d,13,Hats & Handbags
17:04,101,ENTERED,h,8,"profile=window_shopper gender=male age=young speed=2 plan=[Stockings, Tops, Pants, Jeans, Underwear]"
17:04,51,PAUSED,a,11,→ fitting room
17:04,55,EXITED,h,8,
17:04,68,MOVING,h,9,→ exit
17:04,72,IN_FITTING,a,12,7/15 min
17:04,74,BROWSING,g,3,Jeans
17:04,75,MOVING,b,12,→ Hats & Handbags
17:04,77,PAUSED,d,13,→ exit
17:04,78,IN_FITTING,a,14,9/11 min
17:04,80,BROWSING,c,13,Hats & Handbags
17:04,82,BROWSING,d,3,Stockings
17:04,83,AT_CHECKOUT,b,9,3/4 min
17:04,85,AT_CHECKOUT,b,9,7/9 min
17:04,88,PAUSED,b,13,→ Hats & Handbags
17:04,90,MOVING,d,13,→ checkout
17:04,92,MOVING,b,7,→ Tops
17:04,94,MOVING,e,8,→ Skirts & Dresses
17:04,95,BROWSING,c,13,Hats & Handbags
17:04,96,ARRIVED_SECTION,f,10,Tops
17:04,97,ARRIVED_SECTION,c,4,Pants
17:04,98,MOVING,e,8,→ Pants
17:04,99,BROWSING,d,3,Stockings
17:04,100,BROWSING,d,13,Hats & Handbags
17:04,101,PAUSED,h,8,→ Stockings
17:05,51,ARRIVED_FITTING_AREA,a,12,4 item(s)
17:05,68,PAUSED,h,9,→ exit
17:05,72,IN_FITTING,a,12,8/15 min
17:05,74,BROWSING,g,3,Jeans
17:05,75,MOVING,b,13,→ Hats & Handbags
17:05,77,PAUSED,d,13,→ exit
17:05,78,IN_FITTING,a,14,10/11 min
17:05,80,BROWSING,c,13,Hats & Handbags
17:05,82,BROWSING,d,3,Stockings
17:05,83,PURCHASED,b,9,1 item(s): Pants
17:05,85,AT_CHECKOUT,b,9,8/9 min
17:05,88,PAUSED,b,13,→ Hats & Handbags
17:05,90,MOVING,b,13,→ checkout
17:05,92,MOVING,c,9,→ Tops
17:05,94,MOVING,e,9,→ Skirts & Dresses
17:05,95,BROWSING,c,13,Hats & Handbags
17:05,96,BROWSING,f,10,Tops
17:05,97,BROWSING,c,4,Pants
17:05,98,ARRIVED_SECTION,e,6,Pants
17:05,99,BROWSING,d,3,Stockings
17:05,100,BROWSING,d,13,Hats & Handbags
17:05,101,PAUSED,h,8,→ Stockings
17:06,51,ENTERED_FITTING,a,13,"4 item(s) to try on, waited 0 ticks"
17:06,68,PAUSED,h,9,→ exit
17:06,72,IN_FITTING,a,12,9/15 min
17:06,74,BROWSING,g,3,Jeans
17:06,75,ARRIVED_SECTION,c,13,Hats & Handbags
17:06,77,PAUSED,d,13,→ exit
17:06,78,LEFT_FITTING,a,14,keeping=1
17:06,78,HEADING,a,14,checkout
17:06,80,BROWSING,c,13,Hats & Handbags
17:06,82,BROWSING,d,3,Stockings
17:06,83,MOVING,c,9,→ exit
17:06,85,PURCHASED,b,9,"2 item(s): Tops, Hats & Handbags"
17:06,88,PAUSED,b,13,→ Hats & Handbags
17:06,90,MOVING,b,11,→ checkout
17:06,92,ARRIVED_SECTION,c,10,Tops
17:06,94,MOVING,e,10,→ Skirts & Dresses
17:06,95,BROWSING,c,13,Hats & Handbags
17:06,96,BROWSING,f,10,Tops
17:06,97,BROWSING,c,4,Pants
17:06,98,BROWSING,e,6,Pants
17:06,99,PICKED_ITEM,d,3,Stockings
17:06,99,HEADING,d,3,checkout
17:06,100,BROWSING,d,13,Hats & Handbags
17:06,101,PAUSED,h,8,→ Stockings
17:07,51,IN_FITTING,a,13,1/14 min
17:07,68,EXITED,h,8,
17:07,72,IN_FITTING,a,12,10/15 min
17:07,74,BROWSING,g,3,Jeans
17:07,75,BROWSING,c,13,Hats & Handbags
17:07,77,PAUSED,d,13,→ exit
17:07,78,MOVING,b,14,→ checkout
17:07,80,BROWSING,c,13,Hats & Handbags
17:07,82,NO_PICK,d,3,Stockings
17:07,83,MOVING,d,9,→ exit
17:07,85,PAUSED,b,9,→ exit
17:07,88,ARRIVED_SECTION,c,13,Hats & Handbags
17:07,90,JOINED_QUEUE,b,9,"position #1, 2 item(s)"
17:07,92,BROWSING,c,10,Tops
17:07,94,MOVING,e,11,→ Skirts & Dresses
17:07,95,BROWSING,c,13,Hats & Handbags
17:07,96,BROWSING,f,10,Tops
17:07,97,NO_PICK,c,4,Pants
17:07,98,BROWSING,e,6,Pants
17:07,99,MOVING,b,3,→ checkout
17:07,100,BROWSING,d,13,Hats & Handbags
17:07,101,MOVING,g,7,→ Stockings
17:08,102,ENTERED,h,8,"profile=regular gender=female age=adult speed=1 plan=[Stockings, Tops, Underwear, Hats & Handbags, Skirts & Dresses, Pants]"
17:08,90,CHECKOUT_CALLED,b,9,lane 1
17:08,51,IN_FITTING,a,13,2/14 min
17:08,72,IN_FITTING,a,12,11/15 min
17:08,74,BROWSING,g,3,Jeans
17:08,75,BROWSING,c,13,Hats & Handbags
17:08,77,PAUSED,d,13,→ exit
17:08,78,MOVING,b,13,→ checkout
17:08,80,BROWSING,c,13,Hats & Handbags
17:08,82,PAUSED,d,3,→ Tops
17:08,83,MOVING,e,9,→ exit
17:08,85,PAUSED,b,9,→ exit
17:08,88,BROWSING,c,13,Hats & Handbags
17:08,90,AT_CHECKOUT,b,9,1/6 min
17:08,92,BROWSING,c,10,Tops
17:08,94,MOVING,e,12,→ Skirts & Dresses
17:08,95,NO_PICK,c,13,Hats & Handbags
17:08,96,BROWSING,f,10,Tops
17:08,97,ARRIVED_SECTION,c,3,Stockings
17:08,98,BROWSING,e,6,Pants
17:08,99,MOVING,b,5,→ checkout
17:08,100,BROWSING,d,13,Hats & Handbags
17:08,101,MOVING,g,5,→ Stockings
17:08,102,MOVING,g,8,→ Stockings
17:09,103,ENTERED,h,8,"profile=quick_buyer gender=female age=young speed=4 plan=[Hats & Handbags, Jeans, Tops, Underwear]"
17:09,51,IN_FITTING,a,13,3/14 min
17:09,72,IN_FITTING,a,12,12/15 min
17:09,74,BROWSING,g,3,Jeans
17:09,75,BROWSING,c,13,Hats & Handbags
17:09,77,MOVING,g,13,→ exit
17:09,78,MOVING,b,12,→ checkout
17:09,80,BROWSING,c,13,Hats & Handbags
17:09,82,PAUSED,d,3,→ Tops
17:09,83,MOVING,f,9,→ exit
17:09,85,MOVING,c,9,→ exit
17:09,88,BROWSING,c,13,Hats & Handbags
17:09,90,AT_CHECKOUT,b,9,2/6 min
17:09,92,BROWSING,c,10,Tops
17:09,94,MOVING,e,13,→ Skirts & Dresses
17:09,95,MOVING,b,11,→ Underwear
17:09,96,BROWSING,f,10,Tops
17:09,97,BROWSING,c,3,Stockings
17:09,98,BROWSING,e,6,Pants
17:09,99,MOVING,b,7,→ checkout
17:09,100,BROWSING,d,13,Hats & Handbags
17:09,101,MOVING,f,4,→ Stockings
17:09,102,MOVING,g,7,→ Stockings
17:09,103,MOVING,e,9,→ Hats & Handbags
17:10,51,IN_FITTING,a,13,4/14 min
17:10,72,IN_FITTING,a,12,13/15 min
17:10,74,BROWSING,g,3,Jeans
17:10,75,BROWSING,c,13,Hats & Handbags
17:10,77,MOVING,h,11,→ exit
17:10,78,MOVING,b,11,→ checkout
17:10,80,BROWSING,c,13,Hats & Handbags
17:10,82,MOVING,c,3,→ Tops
17:10,83,MOVING,g,9,→ exit
17:10,85,MOVING,d,9,→ exit
17:10,88,BROWSING,c,13,Hats & Handbags
17:10,90,AT_CHECKOUT,b,9,3/6 min
17:10,92,BROWSING,c,10,Tops
17:10,94,ARRIVED_SECTION,f,13,Skirts & Dresses
17:10,95,MOVING,b,8,→ Underwear
17:10,96,BROWSING,f,10,Tops
17:10,97,BROWSING,c,3,Stockings
17:10,98,BROWSING,e,6,Pants
17:10,99,JOINED_QUEUE,b,9,"position #2, 1 item(s)"
17:10,100,BROWSING,d,13,Hats & Handbags
17:10,101,MOVING,d,4,→ Stockings
17:10,102,MOVING,g,6,→ Stockings
17:10,103,MOVING,e,13,→ Hats & Handbags
17:11,104,ENTERED,h,8,"profile=indecisive gender=female age=senior speed=1 plan=[Underwear, Pants, Tops, Stockings, Jeans, Skirts & Dresses]"
17:11,99,CHECKOUT_CALLED,b,9,lane 2
17:11,51,IN_FITTING,a,13,5/14 min
17:11,72,IN_FITTING,a,12,14/15 min
17:11,74,BROWSING,g,3,Jeans
17:11,75,BROWSING,c,13,Hats & Handbags
17:11,77,EXITED,h,8,
17:11,78,MOVING,b,10,→ checkout
17:11,80,BROWSING,c,13,Hats & Handbags
17:11,82,MOVING,b,3,→ Tops
17:11,83,MOVING,h,9,→ exit
17:11,85,MOVING,e,9,→ exit
17:11,88,BROWSING,c,13,Hats & Handbags
17:11,90,AT_CHECKOUT,b,9,4/6 min
17:11,92,BROWSING,c,10,Tops
17:11,94,BROWSING,f,13,Skirts & Dresses
17:11,95,MOVING,b,5,→ Underwear
17:11,96,BROWSING,f,10,Tops
17:11,97,BROWSING,c,3,Stockings
17:11,98,BROWSING,e,6,Pants
17:11,99,AT_CHECKOUT,b,9,1/6 min
17:11,100,BROWSING,d,13,Hats & Handbags
17:11,101,ARRIVED_SECTION,d,3,Stockings
17:11,102,MOVING,g,5,→ Stockings
17:11,103,ARRIVED_SECTION,d,13,Hats & Handbags
17:11,104,MOVING,g,8,→ Underwear
17:12,51,IN_FITTING,a,13,6/14 min
17:12,72,LEFT_FITTING,a,12,"keeping=2, returned_to_shelf=1"
17:12,72,HEADING,a,12,checkout
17:12,74,BROWSING,g,3,Jeans
17:12,75,BROWSING,c,13,Hats & Handbags
17:12,78,JOINED_QUEUE,b,9,"position #3, 1 item(s)"
17:12,80,NO_PICK,c,13,Hats & Handbags
17:12,80,HEADING,c,13,checkout
17:12,82,MOVING,b,4,→ Tops
17:12,83,EXITED,h,8,
17:12,85,MOVING,f,9,→ exit
17:12,88,BROWSING,c,13,Hats & Handbags
17:12,90,AT_CHECKOUT,b,9,5/6 min
17:12,92,BROWSING,c,10,Tops
17:12,94,BROWSING,f,13,Skirts & Dresses
17:12,95,ARRIVED_SECTION,b,3,Underwear
17:12,96,BROWSING,f,10,Tops
17:12,97,BROWSING,c,3,Stockings
17:12,98,NO_PICK,e,6,Pants
17:12,99,AT_CHECKOUT,b,9,2/6 min
17:12,100,BROWSING,d,13,Hats & Handbags
17:12,101,BROWSING,d,3,Stockings
17:12,102,MOVING,g,4,→ Stockings
17:12,103,BROWSING,d,13,Hats & Handbags
17:12,104,MOVING,f,8,→ Underwear
17:13,51,IN_FITTING,a,13,7/14 min
17:13,72,MOVING,b,11,→ checkout
17:13,74,BROWSING,g,3,Jeans
17:13,75,BROWSING,c,13,Hats & Handbags
17:13,78,IN_QUEUE,b,9,position #3
17:13,80,MOVING,b,12,→ checkout
17:13,82,MOVING,b,5,→ Tops
17:13,85,MOVING,g,9,→ exit
17:13,88,BROWSING,c,13,Hats & Handbags
17:13,90,PURCHASED,b,9,"2 item(s): Stockings, Tops"
17:13,92,BROWSING,c,10,Tops
17:13,94,BROWSING,f,13,Skirts & Dresses
17:13,95,BROWSING,b,3,Underwear
17:13,96,BROWSING,f,10,Tops
17:13,97,BROWSING,c,3,Stockings
17:13,98,MOVING,c,6,→ Underwear
17:13,99,AT_CHECKOUT,b,9,3/6 min
17:13,100,BROWSING,d,13,Hats & Handbags
17:13,101,BROWSING,d,3,Stockings
17:13,102,MOVING,f,4,→ Stockings
17:13,103,BROWSING,d,13,Hats & Handbags
17:13,104,MOVING,e,8,→ Underwear
17:14,78,CHECKOUT_CALLED,b,9,lane 2
17:14,51,IN_FITTING,a,13,8/14 min
17:14,72,JOINED_QUEUE,b,9,"position #3, 2 item(s)"
17:14,74,BROWSING,g,3,Jeans
17:14,75,BROWSING,c,13,Hats & Handbags
17:14,78,AT_CHECKOUT,b,9,1/4 min
17:14,80,PAUSED,b,12,→ checkout
17:14,82,MOVING,b,6,→ Tops
17:14,85,MOVING,h,9,→ exit
17:14,88,BROWSING,c,13,Hats & Handbags
17:14,90,MOVING,d,9,→ exit
17:14,92,BROWSING,c,10,Tops
17:14,94,PICKED_ITEM,f,13,Skirts & Dresses
17:14,95,BROWSING,b,3,Underwear
17:14,96,NO_PICK,f,10,Tops
17:14,97,BROWSING,c,3,Stockings
17:14,98,MOVING,b,5,→ Underwear
17:14,99,AT_CHECKOUT,b,9,4/6 min
17:14,100,BROWSING,d,13,Hats & Handbags
17:14,101,NO_PICK,d,3,Stockings
17:14,102,MOVING,e,4,→ Stockings
17:14,103,BROWSING,d,13,Hats & Handbags
17:14,104,MOVING,d,8,→ Underwear
17:15,51,IN_FITTING,a,13,9/14 min
17:15,72,IN_QUEUE,b,9,position #3
17:15,74,PICKED_ITEM,g,3,Jeans
17:15,74,HEADING,g,3,fitting room
17:15,75,NO_PICK,c,13,Hats & Handbags
17:15,75,HEADING,c,13,exit
17:15,78,AT_CHECKOUT,b,9,2/4 min
17:15,80,PAUSED,b,12,→ checkout
17:15,82,PAUSED,b,6,→ Tops
17:15,85,EXITED,h,8,
17:15,88,BROWSING,c,13,Hats & Handbags
17:15,90,MOVING,f,9,→ exit
17:15,92,BROWSING,c,10,Tops
17:15,94,ARRIVED_SECTION,f,13,Tops
17:15,95,BROWSING,b,3,Underwear
17:15,96,MOVING,g,10,→ Stockings
17:15,97,PICKED_ITEM,c,3,Stockings
17:15,97,HEADING,c,3,checkout
17:15,98,ARRIVED_SECTION,b,3,Underwear
17:15,99,AT_CHECKOUT,b,9,5/6 min
17:15,100,PICKED_ITEM,d,13,Hats & Handbags
17:15,101,MOVING,b,3,→ Tops
17:15,102,MOVING,d,4,→ Stockings
17:15,103,PICKED_ITEM,d,13,Hats & Handbags
17:15,104,MOVING,d,7,→ Underwear
17:16,51,IN_FITTING,a,13,10/14 min
17:16,72,IN_QUEUE,b,9,position #3
17:16,74,MOVING,f,3,→ fitting room
17:16,75,MOVING,d,13,→ exit
17:16,78,AT_CHECKOUT,b,9,3/4 min
17:16,80,PAUSED,b,12,→ checkout
17:16,82,PAUSED,b,6,→ Tops
17:16,88,BROWSING,c,13,Hats & Handbags
17:16,90,MOVING,h,9,→ exit
17:16,92,BROWSING,c,10,Tops
17:16,94,BROWSING,f,13,Tops
17:16,95,BROWSING,b,3,Underwear
17:16,96,MOVING,g,9,→ Stockings
17:16,97,MOVING,b,3,→ checkout
17:16,98,BROWSING,b,3,Underwear
17:16,99,PURCHASED,b,9,1 item(s): Stockings
17:16,100,ARRIVED_SECTION,d,13,Tops
17:16,101,MOVING,b,5,→ Tops
17:16,102,ARRIVED_SECTION,d,3,Stockings
17:16,103,MOVING,e,10,→ Jeans
17:16,104,PAUSED,d,7,→ Underwear
17:17,72,CHECKOUT_CALLED,b,9,lane 2
17:17,51,IN_FITTING,a,13,11/14 min
17:17,72,AT_CHECKOUT,b,9,1/4 min
17:17,74,MOVING,e,3,→ fitting room
17:17,75,MOVING,e,13,→ exit
17:17,78,PURCHASED,b,9,1 item(s): Pants
17:17,80,PAUSED,b,12,→ checkout
17:17,82,PAUSED,b,6,→ Tops
17:17,88,BROWSING,c,13,Hats & Handbags
17:17,90,EXITED,h,8,
17:17,92,BROWSING,c,10,Tops
17:17,94,BROWSING,f,13,Tops
17:17,95,BROWSING,b,3,Underwear
17:17,96,MOVING,g,8,→ Stockings
17:17,97,MOVING,b,4,→ checkout
17:17,98,BROWSING,b,3,Underwear
17:17,99,MOVING,d,9,→ exit
17:17,100,BROWSING,d,13,Tops
17:17,101,MOVING,b,7,→ Tops
17:17,102,BROWSING,d,3,Stockings
17:17,103,MOVING,g,8,→ Jeans
17:17,104,PAUSED,d,7,→ Underwear
17:18,105,ENTERED,h,8,"profile=quick_buyer gender=female age=senior speed=1 plan=[Skirts & Dresses, Jeans]"
17:18,51,IN_FITTING,a,13,12/14 min
17:18,72,AT_CHECKOUT,b,9,2/4 min
17:18,74,MOVING,d,3,→ fitting room
17:18,75,MOVING,f,13,→ exit
17:18,78,MOVING,c,9,→ exit
17:18,80,PAUSED,b,12,→ checkout
17:18,82,PAUSED,b,6,→ Tops
17:18,88,BROWSING,c,13,Hats & Handbags
17:18,92,PICKED_ITEM,c,10,Tops
17:18,92,HEADING,c,10,fitting room
17:18,94,BROWSING,f,13,Tops
17:18,95,BROWSING,b,3,Underwear
17:18,96,MOVING,g,7,→ Stockings
17:18,97,MOVING,b,5,→ checkout
17:18,98,BROWSING,b,3,Underwear
17:18,99,MOVING,f,9,→ exit
17:18,100,BROWSING,d,13,Tops
17:18,101,MOVING,b,9,→ Tops
17:18,102,BROWSING,d,3,Stockings
17:18,103,MOVING,g,4,→ Jeans
17:18,104,PAUSED,d,7,→ Underwear
17:18,105,MOVING,h,9,→ Skirts & Dresses
17:19,51,IN_FITTING,a,13,13/14 min
17:19,72,AT_CHECKOUT,b,9,3/4 min
17:19,74,MOVING,c,3,→ fitting room
17:19,75,MOVING,g,13,→ exit
17:19,78,MOVING,d,9,→ exit
17:19,80,PAUSED,b,12,→ checkout
17:19,82,MOVING,b,7,→ Tops
17:19,88,BROWSING,c,13,Hats & Handbags
17:19,92,MOVING,a,11,→ fitting room
17:19,94,BROWSING,f,13,Tops
17:19,95,BROWSING,b,3,Underwear
17:19,96,MOVING,g,6,→ Stockings
17:19,97,MOVING,b,6,→ checkout
17:19,98,BROWSING,b,3,Underwear
17:19,99,MOVING,h,9,→ exit
17:19,100,BROWSING,d,13,Tops
17:19,101,ARRIVED_SECTION,c,10,Tops
17:19,102,BROWSING,d,3,Stockings
17:19,103,ARRIVED_SECTION,g,3,Jeans
17:19,104,PAUSED,d,7,→ Underwear
17:19,105,MOVING,h,10,→ Skirts & Dresses
17:20,51,LEFT_FITTING,a,13,"returned_to_shelf=3, left_in_room=1"
17:20,51,HEADING,a,13,exit
17:20,72,PURCHASED,b,9,"2 item(s): Underwear, Jeans"
17:20,74,MOVING,b,3,→ fitting room
17:20,75,MOVING,h,13,→ exit
17:20,78,MOVING,e,9,→ exit
17:20,80,MOVING,b,10,→ checkout
17:20,82,MOVING,b,8,→ Tops
17:20,88,BROWSING,c,13,Hats & Handbags
17:20,92,PAUSED,a,11,→ fitting room
17:20,94,BROWSING,f,13,Tops
17:20,95,BROWSING,b,3,Underwear
17:20,96,MOVING,g,5,→ Stockings
17:20,97,MOVING,b,7,→ checkout
17:20,98,BROWSING,b,3,Underwear
17:20,99,EXITED,h,8,
17:20,100,BROWSING,d,13,Tops
17:20,101,BROWSING,c,10,Tops
17:20,102,BROWSING,d,3,Stockings
17:20,103,BROWSING,g,3,Jeans
17:20,104,MOVING,d,6,→ Underwear
17:20,105,MOVING,h,11,→ Skirts & Dresses
17:21,51,MOVING,b,13,→ exit
17:21,72,MOVING,d,9,→ exit
17:21,74,MOVING,a,3,→ fitting room
17:21,75,MOVING,h,12,→ exit
17:21,78,MOVING,f,9,→ exit
17:21,80,JOINED_QUEUE,b,9,"position #1, 3 item(s)"
17:21,82,MOVING,b,9,→ Tops
17:21,88,BROWSING,c,13,Hats & Handbags
17:21,92,PAUSED,a,11,→ fitting room
17:21,94,BROWSING,f,13,Tops
17:21,95,BROWSING,b,3,Underwear
17:21,96,MOVING,g,4,→ Stockings
17:21,97,MOVING,b,8,→ checkout
17:21,98,BROWSING,b,3,Underwear
17:21,100,BROWSING,d,13,Tops
17:21,101,BROWSING,c,10,Tops
17:21,102,BROWSING,d,3,Stockings
17:21,103,BROWSING,g,3,Jeans
17:21,104,MOVING,c,6,→ Underwear
17:21,105,MOVING,h,12,→ Skirts & Dresses
17:22,80,CHECKOUT_CALLED,b,9,lane 1
17:22,51,MOVING,c,13,→ exit
17:22,72,MOVING,f,9,→ exit
17:22,74,MOVING,a,4,→ fitting room
17:22,75,MOVING,h,11,→ exit
17:22,78,MOVING,g,9,→ exit
17:22,80,AT_CHECKOUT,b,9,1/5 min
17:22,82,MOVING,c,9,→ Tops
17:22,88,BROWSING,c,13,Hats & Handbags
17:22,92,ARRIVED_FITTING_AREA,a,12,3 item(s)
17:22,94,NO_PICK,f,13,Tops
17:22,94,HEADING,f,13,checkout
17:22,95,BROWSING,b,3,Underwear
17:22,96,MOVING,f,4,→ Stockings
17:22,97,JOINED_QUEUE,b,9,"position #2, 1 item(s)"
17:22,98,BROWSING,b,3,Underwear
17:22,100,BROWSING,d,13,Tops
17:22,101,BROWSING,c,10,Tops
17:22,102,BROWSING,d,3,Stockings
17:22,103,PUT_BACK_SHELF,g,3,Jeans
17:22,104,MOVING,b,6,→ Underwear
17:22,105,ARRIVED_SECTION,h,13,Skirts & Dresses
17:23,97,CHECKOUT_CALLED,b,9,lane 2
17:23,51,MOVING,d,13,→ exit
17:23,72,MOVING,h,9,→ exit
17:23,74,MOVING,a,5,→ fitting room
17:23,75,MOVING,h,10,→ exit
17:23,78,MOVING,h,9,→ exit
17:23,80,AT_CHECKOUT,b,9,2/5 min
17:23,82,ARRIVED_SECTION,c,10,Tops
17:23,88,NO_PICK,c,13,Hats & Handbags
17:23,92,ENTERED_FITTING,a,12,"3 item(s) to try on, waited 0 ticks"
17:23,94,MOVING,e,13,→ checkout
17:23,95,BROWSING,b,3,Underwear
17:23,96,MOVING,e,4,→ Stockings
17:23,97,AT_CHECKOUT,b,9,1/4 min
17:23,98,BROWSING,b,3,Underwear
17:23,100,BROWSING,d,13,Tops
17:23,101,NO_PICK,c,10,Tops
17:23,102,BROWSING,d,3,Stockings
17:23,103,MOVING,g,7,→ Tops
17:23,104,MOVING,b,5,→ Underwear
17:23,105,BROWSING,h,13,Skirts & Dresses
17:24,51,MOVING,e,13,→ exit
17:24,72,EXITED,h,8,
17:24,74,MOVING,a,6,→ fitting room
17:24,75,MOVING,h,9,→ exit
17:24,78,EXITED,h,8,
17:24,80,AT_CHECKOUT,b,9,3/5 min
17:24,82,BROWSING,c,10,Tops
17:24,88,ARRIVED_SECTION,c,13,Tops
17:24,92,IN_FITTING,a,12,1/17 min
17:24,94,MOVING,d,13,→ checkout
17:24,95,BROWSING,b,3,Underwear
17:24,96,MOVING,d,4,→ Stockings
17:24,97,AT_CHECKOUT,b,9,2/4 min
17:24,98,BROWSING,b,3,Underwear
17:24,100,BROWSING,d,13,Tops
17:24,101,MOVING,d,9,→ Pants
17:24,102,BROWSING,d,3,Stockings
17:24,103,ARRIVED_SECTION,g,10,Tops
17:24,104,MOVING,b,4,→ Underwear
17:24,105,BROWSING,h,13,Skirts & Dresses
17:25,51,MOVING,f,13,→ exit
17:25,74,MOVING,a,7,→ fitting room
17:25,75,EXITED,h,8,
17:25,80,AT_CHECKOUT,b,9,4/5 min
17:25,82,BROWSING,c,10,Tops
17:25,88,BROWSING,c,13,Tops
17:25,92,IN_FITTING,a,12,2/17 min
17:25,94,MOVING,c,13,→ checkout
17:25,95,PICKED_ITEM,b,3,Underwear
17:25,96,ARRIVED_SECTION,d,3,Stockings
17:25,97,AT_CHECKOUT,b,9,3/4 min
17:25,98,BROWSING,b,3,Underwear
17:25,100,PICKED_ITEM,d,13,Tops
17:25,101,MOVING,d,7,→ Pants
17:25,102,BROWSING,d,3,Stockings
17:25,103,BROWSING,g,10,Tops
17:25,104,ARRIVED_SECTION,b,3,Underwear
17:25,105,BROWSING,h,13,Skirts & Dresses
17:26,51,MOVING,g,13,→ exit
17:26,74,PAUSED,a,7,→ fitting room
17:26,80,PURCHASED,b,9,"3 item(s): Underwear, Tops, Stockings"
17:26,82,BROWSING,c,10,Tops
17:26,88,BROWSING,c,13,Tops
17:26,92,IN_FITTING,a,12,3/17 min
17:26,94,MOVING,b,13,→ checkout
17:26,95,ARRIVED_SECTION,c,4,Pants
17:26,96,BROWSING,d,3,Stockings
17:26,97,PURCHASED,b,9,1 item(s): Stockings
17:26,98,NO_PICK,b,3,Underwear
17:26,100,ARRIVED_SECTION,f,13,Skirts & Dresses
17:26,101,ARRIVED_SECTION,d,6,Pants
17:26,102,PUT_BACK_SHELF,d,3,Stockings
17:26,103,BROWSING,g,10,Tops
17:26,104,BROWSING,b,3,Underwear
17:26,105,BROWSING,h,13,Skirts & Dresses
17:27,51,MOVING,h,13,→ exit
17:27,74,PAUSED,a,7,→ fitting room
17:27,80,MOVING,d,9,→ exit
17:27,82,BROWSING,c,10,Tops
17:27,88,BROWSING,c,13,Tops
17:27,92,IN_FITTING,a,12,4/17 min
17:27,94,MOVING,b,12,→ checkout
17:27,95,BROWSING,c,4,Pants
17:27,96,BROWSING,d,3,Stockings
17:27,97,MOVING,c,9,→ exit
17:27,98,PAUSED,b,3,→ Tops
17:27,100,BROWSING,f,13,Skirts & Dresses
17:27,101,BROWSING,d,6,Pants
17:27,102,MOVING,c,3,→ Tops
17:27,103,BROWSING,g,10,Tops
17:27,104,BROWSING,b,3,Underwear
17:27,105,NO_PICK,h,13,Skirts & Dresses
17:28,51,MOVING,h,12,→ exit
17:28,74,PAUSED,a,7,→ fitting room
17:28,80,MOVING,f,9,→ exit
17:28,82,BROWSING,c,10,Tops
17:28,88,BROWSING,c,13,Tops
17:28,92,IN_FITTING,a,12,5/17 min
17:28,94,MOVING,b,11,→ checkout
17:28,95,BROWSING,c,4,Pants
17:28,96,BROWSING,d,3,Stockings
17:28,97,MOVING,d,9,→ exit
17:28,98,PAUSED,b,3,→ Tops
17:28,100,BROWSING,f,13,Skirts & Dresses
17:28,101,BROWSING,d,6,Pants
17:28,102,MOVING,b,3,→ Tops
17:28,103,BROWSING,g,10,Tops
17:28,104,BROWSING,b,3,Underwear
17:28,105,MOVING,h,12,→ Jeans
17:29,51,MOVING,h,11,→ exit
17:29,74,PAUSED,a,7,→ fitting room
17:29,80,MOVING,h,9,→ exit
17:29,82,BROWSING,c,10,Tops
17:29,88,BROWSING,c,13,Tops
17:29,92,IN_FITTING,a,12,6/17 min
17:29,94,MOVING,b,10,→ checkout
17:29,95,BROWSING,c,4,Pants
17:29,96,BROWSING,d,3,Stockings
17:29,97,MOVING,e,9,→ exit
17:29,98,PAUSED,b,3,→ Tops
17:29,100,BROWSING,f,13,Skirts & Dresses
17:29,101,BROWSING,d,6,Pants
17:29,102,MOVING,b,4,→ Tops
17:29,103,PICKED_ITEM,g,10,Tops
17:29,104,BROWSING,b,3,Underwear
17:29,105,MOVING,h,11,→ Jeans
17:30,51,MOVING,h,10,→ exit
17:30,74,MOVING,a,8,→ fitting room
17:30,80,EXITED,h,8,
17:30,82,NO_PICK,c,10,Tops
17:30,82,HEADING,c,10,fitting room
17:30,88,BROWSING,c,13,Tops
17:30,92,IN_FITTING,a,12,7/17 min
17:30,94,JOINED_QUEUE,b,9,"position #1, 2 item(s)"
17:30,95,BROWSING,c,4,Pants
17:30,96,BROWSING,d,3,Stockings
17:30,97,MOVING,f,9,→ exit
17:30,98,MOVING,b,5,→ Tops
17:30,100,BROWSING,f,13,Skirts & Dresses
17:30,101,BROWSING,d,6,Pants
17:30,102,MOVING,b,5,→ Tops
17:30,103,MOVING,c,10,→ Underwear
17:30,104,BROWSING,b,3,Underwear
17:30,105,MOVING,h,10,→ Jeans
17:31,106,ENTERED,h,8,"profile=browser gender=female age=adult speed=1 plan=[Jeans, Underwear, Skirts & Dresses, Pants, Stockings, Hats & Handbags]"
17:31,94,CHECKOUT_CALLED,b,9,lane 1
17:31,51,MOVING,h,9,→ exit
17:31,74,MOVING,a,9,→ fitting room
17:31,82,MOVING,b,10,→ fitting room
17:31,88,BROWSING,c,13,Tops
17:31,92,IN_FITTING,a,12,8/17 min
17:31,94,AT_CHECKOUT,b,9,1/5 min
17:31,95,BROWSING,c,4,Pants
17:31,96,BROWSING,d,3,Stockings
17:31,97,MOVING,g,9,→ exit
17:31,98,MOVING,b,7,→ Tops
17:31,100,BROWSING,f,13,Skirts & Dresses
17:31,101,BROWSING,d,6,Pants
17:31,102,MOVING,b,6,→ Tops
17:31,103,MOVING,b,7,→ Underwear
17:31,104,BROWSING,b,3,Underwear
17:31,105,MOVING,h,9,→ Jeans
17:31,106,MOVING,h,7,→ Jeans
17:32,51,EXITED,h,8,
17:32,74,PAUSED,a,9,→ fitting room
17:32,82,MOVING,a,10,→ fitting room
17:32,88,BROWSING,c,13,Tops
17:32,92,IN_FITTING,a,12,9/17 min
17:32,94,AT_CHECKOUT,b,9,2/5 min
17:32,95,BROWSING,c,4,Pants
17:32,96,BROWSING,d,3,Stockings
17:32,97,MOVING,h,9,→ exit
17:32,98,MOVING,b,9,→ Tops
17:32,100,BROWSING,f,13,Skirts & Dresses
17:32,101,BROWSING,d,6,Pants
17:32,102,MOVING,b,7,→ Tops
17:32,103,ARRIVED_SECTION,b,3,Underwear
17:32,104,BROWSING,b,3,Underwear
17:32,105,MOVING,h,8,→ Jeans
17:32,106,MOVING,h,6,→ Jeans
17:33,74,PAUSED,a,9,→ fitting room
17:33,82,MOVING,a,11,→ fitting room
17:33,88,BROWSING,c,13,Tops
17:33,92,IN_FITTING,a,12,10/17 min
17:33,94,AT_CHECKOUT,b,9,3/5 min
17:33,95,BROWSING,c,4,Pants
17:33,96,BROWSING,d,3,Stockings
17:33,97,EXITED,h,8,
17:33,98,ARRIVED_SECTION,c,10,Tops
17:33,100,BROWSING,f,13,Skirts & Dresses
17:33,101,NO_PICK,d,6,Pants
17:33,102,MOVING,b,8,→ Tops
17:33,103,BROWSING,b,3,Underwear
17:33,104,BROWSING,b,3,Underwear
17:33,105,MOVING,h,7,→ Jeans
17:33,106,MOVING,h,5,→ Jeans
17:34,74,PAUSED,a,9,→ fitting room
17:34,82,ARRIVED_FITTING_AREA,a,12,1 item(s)
17:34,88,BROWSING,c,13,Tops
17:34,92,IN_FITTING,a,12,11/17 min
17:34,94,AT_CHECKOUT,b,9,4/5 min
17:34,95,PUT_BACK_SHELF,c,4,Pants
17:34,95,HEADING,c,4,fitting room
17:34,96,NO_PICK,d,3,Stockings
17:34,98,BROWSING,c,10,Tops
17:34,100,BROWSING,f,13,Skirts & Dresses
17:34,101,MOVING,f,6,→ Jeans
17:34,102,MOVING,b,9,→ Tops
17:34,103,BROWSING,b,3,Underwear
17:34,104,BROWSING,b,3,Underwear
17:34,105,MOVING,h,6,→ Jeans
17:34,106,MOVING,h,4,→ Jeans
17:35,74,MOVING,a,10,→ fitting room
17:35,82,ENTERED_FITTING,a,13,"1 item(s) to try on, waited 0 ticks"
17:35,88,BROWSING,c,13,Tops
17:35,92,IN_FITTING,a,12,12/17 min
17:35,94,PURCHASED,b,9,"2 item(s): Underwear, Skirts & Dresses"
17:35,95,MOVING,a,5,→ fitting room
17:35,96,MOVING,e,3,→ Skirts & Dresses
17:35,98,BROWSING,c,10,Tops
17:35,100,BROWSING,f,13,Skirts & Dresses
17:35,101,MOVING,g,5,→ Jeans
17:35,102,MOVING,c,9,→ Tops
17:35,103,BROWSING,b,3,Underwear
17:35,104,BROWSING,b,3,Underwear
17:35,105,MOVING,h,5,→ Jeans
17:35,106,ARRIVED_SECTION,h,3,Jeans
17:36,74,MOVING,a,11,→ fitting room
17:36,82,IN_FITTING,a,13,1/8 min
17:36,88,BROWSING,c,13,Tops
17:36,92,IN_FITTING,a,12,13/17 min
17:36,94,MOVING,c,9,→ exit
17:36,95,MOVING,a,8,→ fitting room
17:36,96,MOVING,f,3,→ Skirts & Dresses
17:36,98,BROWSING,c,10,Tops
17:36,100,BROWSING,f,13,Skirts & Dresses
17:36,101,PAUSED,g,5,→ Jeans
17:36,102,ARRIVED_SECTION,c,10,Tops
17:36,103,BROWSING,b,3,Underwear
17:36,104,BROWSING,b,3,Underwear
17:36,105,MOVING,h,4,→ Jeans
17:36,106,BROWSING,h,3,Jeans
17:37,74,ARRIVED_FITTING_AREA,a,12,4 item(s)
17:37,82,IN_FITTING,a,13,2/8 min
17:37,88,BROWSING,c,13,Tops
17:37,92,IN_FITTING,a,12,14/17 min
17:37,94,MOVING,d,9,→ exit
17:37,95,MOVING,a,11,→ fitting room
17:37,96,MOVING,g,3,→ Skirts & Dresses
17:37,98,BROWSING,c,10,Tops
17:37,100,BROWSING,f,13,Skirts & Dresses
17:37,101,PAUSED,g,5,→ Jeans
17:37,102,BROWSING,c,10,Tops
17:37,103,BROWSING,b,3,Underwear
17:37,104,BROWSING,b,3,Underwear
17:37,105,ARRIVED_SECTION,h,3,Jeans
17:37,106,BROWSING,h,3,Jeans
17:38,74,ENTERED_FITTING,a,14,"4 item(s) to try on, waited 0 ticks"
17:38,82,IN_FITTING,a,13,3/8 min
17:38,88,BROWSING,c,13,Tops
17:38,92,IN_FITTING,a,12,15/17 min
17:38,94,MOVING,e,9,→ exit
17:38,95,ARRIVED_FITTING_AREA,a,12,1 item(s)
17:38,96,MOVING,h,3,→ Skirts & Dresses
17:38,98,NO_PICK,c,10,Tops
17:38,98,HEADING,c,10,exit
17:38,100,BROWSING,f,13,Skirts & Dresses
17:38,101,PAUSED,g,5,→ Jeans
17:38,102,BROWSING,c,10,Tops
17:38,103,PICKED_ITEM,b,3,Underwear
17:38,103,HEADING,b,3,fitting room
17:38,104,BROWSING,b,3,Underwear
17:38,105,BROWSING,h,3,Jeans
17:38,106,BROWSING,h,3,Jeans
17:39,107,ENTERED,h,8,"profile=browser gender=male age=young speed=3 plan=[Hats & Handbags, Stockings, Skirts & Dresses, Tops, Underwear]"
17:39,74,IN_FITTING,a,14,1/25 min
17:39,82,IN_FITTING,a,13,4/8 min
17:39,88,BROWSING,c,13,Tops
17:39,92,IN_FITTING,a,12,16/17 min
17:39,94,MOVING,f,9,→ exit
17:39,95,GAVE_UP_FITTING,a,12,waited 0 ticks
17:39,95,HEADING,a,12,checkout
17:39,96,MOVING,h,4,→ Skirts & Dresses
17:39,98,MOVING,e,10,→ exit
17:39,100,PUT_BACK_SHELF,f,13,Skirts & Dresses
17:39,101,PAUSED,g,5,→ Jeans
17:39,102,BROWSING,c,10,Tops
17:39,103,MOVING,a,6,→ fitting room
17:39,104,BROWSING,b,3,Underwear
17:39,105,BROWSING,h,3,Jeans
17:39,106,BROWSING,h,3,Jeans
17:39,107,PAUSED,h,8,→ Hats & Handbags
17:40,74,IN_FITTING,a,14,2/25 min
17:40,82,IN_FITTING,a,13,5/8 min
17:40,88,PUT_BACK_SHELF,c,13,Tops
17:40,88,HEADING,c,13,exit
17:40,92,LEFT_FITTING,a,12,keeping=3
17:40,92,HEADING,a,12,checkout
17:40,94,PAUSED,f,9,→ exit
17:40,95,MOVING,b,10,→ checkout
17:40,96,PAUSED,h,4,→ Skirts & Dresses
17:40,98,MOVING,g,10,→ exit
17:40,100,PAUSED,f,13,→ Stockings
17:40,101,ARRIVED_SECTION,g,3,Jeans
17:40,102,BROWSING,c,10,Tops
17:40,103,MOVING,a,10,→ fitting room
17:40,104,BROWSING,b,3,Underwear
17:40,105,BROWSING,h,3,Jeans
17:40,106,BROWSING,h,3,Jeans
17:40,107,PAUSED,h,8,→ Hats & Handbags
17:41,74,IN_FITTING,a,14,3/25 min
17:41,82,IN_FITTING,a,13,6/8 min
17:41,88,MOVING,d,13,→ exit
17:41,92,MOVING,b,10,→ checkout
17:41,94,PAUSED,f,9,→ exit
17:41,95,JOINED_QUEUE,b,9,"position #1, 1 item(s)"
17:41,96,PAUSED,h,4,→ Skirts & Dresses
17:41,98,MOVING,h,9,→ exit
17:41,100,PAUSED,f,13,→ Stockings
17:41,101,BROWSING,g,3,Jeans
17:41,102,BROWSING,c,10,Tops
17:41,103,ARRIVED_FITTING_AREA,a,12,3 item(s)
17:41,104,BROWSING,b,3,Underwear
17:41,105,BROWSING,h,3,Jeans
17:41,106,BROWSING,h,3,Jeans
17:41,107,PAUSED,h,8,→ Hats & Handbags
17:42,95,CHECKOUT_CALLED,b,9,lane 1
17:42,74,IN_FITTING,a,14,4/25 min
17:42,82,IN_FITTING,a,13,7/8 min
17:42,88,MOVING,e,13,→ exit
17:42,92,JOINED_QUEUE,b,9,"position #2, 3 item(s)"
17:42,94,PAUSED,f,9,→ exit
17:42,95,AT_CHECKOUT,b,9,1/6 min
17:42,96,MOVING,h,5,→ Skirts & Dresses
17:42,98,EXITED,h,8,
17:42,100,PAUSED,f,13,→ Stockings
17:42,101,BROWSING,g,3,Jeans
17:42,102,BROWSING,c,10,Tops
17:42,103,ENTERED_FITTING,a,12,"3 item(s) to try on, waited 0 ticks"
17:42,104,BROWSING,b,3,Underwear
17:42,105,BROWSING,h,3,Jeans
17:42,106,BROWSING,h,3,Jeans
17:42,107,PAUSED,h,8,→ Hats & Handbags
17:43,108,ENTERED,h,8,"profile=regular gender=male age=adult speed=1 plan=[Hats & Handbags, Underwear, Tops]"
17:43,92,CHECKOUT_CALLED,b,9,lane 2
17:43,74,IN_FITTING,a,14,5/25 min
17:43,82,LEFT_FITTING,a,13,returned_to_shelf=1
17:43,82,HEADING,a,13,exit
17:43,88,MOVING,f,13,→ exit
17:43,92,AT_CHECKOUT,b,9,1/5 min
17:43,94,PAUSED,f,9,→ exit
17:43,95,AT_CHECKOUT,b,9,2/6 min
17:43,96,MOVING,h,6,→ Skirts & Dresses
17:43,100,MOVING,d,13,→ Stockings
17:43,101,NO_PICK,g,3,Jeans
17:43,102,BROWSING,c,10,Tops
17:43,103,IN_FITTING,a,12,1/21 min
17:43,104,BROWSING,b,3,Underwear
17:43,105,BROWSING,h,3,Jeans
17:43,106,BROWSING,h,3,Jeans
17:43,107,PAUSED,h,8,→ Hats & Handbags
17:43,108,MOVING,g,8,→ Hats & Handbags
17:44,74,IN_FITTING,a,14,6/25 min
17:44,82,MOVING,b,13,→ exit
17:44,88,MOVING,g,13,→ exit
17:44,92,AT_CHECKOUT,b,9,2/5 min
17:44,94,MOVING,g,9,→ exit
17:44,95,AT_CHECKOUT,b,9,3/6 min
17:44,96,MOVING,h,7,→ Skirts & Dresses
17:44,100,MOVING,b,13,→ Stockings
17:44,101,MOVING,e,3,→ Underwear
17:44,102,BROWSING,c,10,Tops
17:44,103,IN_FITTING,a,12,2/21 min
17:44,104,BROWSING,b,3,Underwear
17:44,105,PICKED_ITEM,h,3,Jeans
17:44,105,HEADING,h,3,fitting room
17:44,106,BROWSING,h,3,Jeans
17:44,107,PAUSED,h,8,→ Hats & Handbags
17:44,108,MOVING,f,8,→ Hats & Handbags
17:45,109,ENTERED,h,8,"profile=indecisive gender=female age=adult speed=2 plan=[Hats & Handbags, Underwear, Pants, Skirts & Dresses, Jeans, Tops]"
17:45,74,IN_FITTING,a,14,7/25 min
17:45,82,MOVING,c,13,→ exit
17:45,88,MOVING,h,13,→ exit
17:45,92,AT_CHECKOUT,b,9,3/5 min
17:45,94,MOVING,h,9,→ exit
17:45,95,AT_CHECKOUT,b,9,4/6 min
17:45,96,MOVING,h,8,→ Skirts & Dresses
17:45,100,MOVING,b,11,→ Stockings
17:45,101,PAUSED,e,3,→ Underwear
17:45,102,BROWSING,c,10,Tops
17:45,103,IN_FITTING,a,12,3/21 min
17:45,104,BROWSING,b,3,Underwear
17:45,105,MOVING,g,3,→ fitting room
17:45,106,BROWSING,h,3,Jeans
17:45,107,PAUSED,h,8,→ Hats & Handbags
17:45,108,MOVING,e,8,→ Hats & Handbags
17:45,109,MOVING,f,8,→ Hats & Handbags
17:46,74,IN_FITTING,a,14,8/25 min
17:46,82,MOVING,d,13,→ exit
17:46,88,MOVING,h,12,→ exit
17:46,92,AT_CHECKOUT,b,9,4/5 min
17:46,94,EXITED,h,8,
17:46,95,AT_CHECKOUT,b,9,5/6 min
17:46,96,MOVING,h,9,→ Skirts & Dresses
17:46,100,MOVING,b,9,→ Stockings
17:46,101,PAUSED,e,3,→ Underwear
17:46,102,BROWSING,c,10,Tops
17:46,103,IN_FITTING,a,12,4/21 min
17:46,104,BROWSING,b,3,Underwear
17:46,105,MOVING,f,3,→ fitting room
17:46,106,NO_PICK,h,3,Jeans
17:46,107,PAUSED,h,8,→ Hats & Handbags
17:46,108,MOVING,e,9,→ Hats & Handbags
17:46,109,MOVING,e,9,→ Hats & Handbags
17:47,74,IN_FITTING,a,14,9/25 min
17:47,82,MOVING,e,13,→ exit
17:47,88,MOVING,h,11,→ exit
17:47,92,PURCHASED,b,9,"3 item(s): Pants, Jeans, Tops"
17:47,95,PURCHASED,b,9,1 item(s): Underwear
17:47,96,MOVING,h,10,→ Skirts & Dresses
17:47,100,MOVING,b,7,→ Stockings
17:47,101,PAUSED,e,3,→ Underwear
17:47,102,BROWSING,c,10,Tops
17:47,103,IN_FITTING,a,12,5/21 min
17:47,104,BROWSING,b,3,Underwear
17:47,105,MOVING,e,3,→ fitting room
17:47,106,MOVING,g,3,→ Underwear
17:47,107,PAUSED,h,8,→ Hats & Handbags
17:47,108,MOVING,e,10,→ Hats & Handbags
17:47,109,MOVING,e,11,→ Hats & Handbags
17:48,74,IN_FITTING,a,14,10/25 min
17:48,82,MOVING,f,13,→ exit
17:48,88,MOVING,h,10,→ exit
17:48,92,MOVING,e,9,→ exit
17:48,95,MOVING,e,9,→ exit
17:48,96,MOVING,h,11,→ Skirts & Dresses
17:48,100,MOVING,b,5,→ Stockings
17:48,101,PAUSED,e,3,→ Underwear
17:48,102,NO_PICK,c,10,Tops
17:48,103,IN_FITTING,a,12,6/21 min
17:48,104,BROWSING,b,3,Underwear
17:48,105,MOVING,d,3,→ fitting room
17:48,106,MOVING,f,3,→ Underwear
17:48,107,MOVING,e,8,→ Hats & Handbags
17:48,108,MOVING,e,11,→ Hats & Handbags
17:48,109,MOVING,e,13,→ Hats & Handbags
17:49,110,ENTERED,h,8,"profile=quick_buyer gender=female age=adult speed=2 plan=[Underwear, Stockings, Skirts & Dresses, Hats & Handbags]"
17:49,74,IN_FITTING,a,14,11/25 min
17:49,82,MOVING,g,13,→ exit
17:49,88,MOVING,h,9,→ exit
17:49,92,MOVING,h,9,→ exit
17:49,95,MOVING,h,9,→ exit
17:49,96,MOVING,h,12,→ Skirts & Dresses
17:49,100,MOVING,c,4,→ Stockings
17:49,101,MOVING,c,3,→ Underwear
17:49,102,MOVING,b,10,→ Underwear
17:49,103,IN_FITTING,a,12,7/21 min
17:49,104,PICKED_ITEM,b,3,Underwear
17:49,105,MOVING,c,3,→ fitting room
17:49,106,MOVING,e,3,→ Underwear
17:49,107,MOVING,e,11,→ Hats & Handbags
17:49,108,PAUSED,e,11,→ Hats & Handbags
17:49,109,ARRIVED_SECTION,d,13,Hats & Handbags
17:49,110,MOVING,f,8,→ Underwear
17:50,74,IN_FITTING,a,14,12/25 min
17:50,82,MOVING,h,13,→ exit
17:50,88,EXITED,h,8,
17:50,92,PAUSED,h,9,→ exit
17:50,95,EXITED,h,8,
17:50,96,ARRIVED_SECTION,h,13,Skirts & Dresses
17:50,100,ARRIVED_SECTION,c,3,Stockings
17:50,101,PAUSED,c,3,→ Underwear
17:50,102,MOVING,b,9,→ Underwear
17:50,103,IN_FITTING,a,12,8/21 min
17:50,104,MOVING,c,3,→ Pants
17:50,105,MOVING,b,3,→ fitting room
17:50,106,MOVING,d,3,→ Underwear
17:50,107,ARRIVED_SECTION,d,13,Hats & Handbags
17:50,108,PAUSED,e,11,→ Hats & Handbags
17:50,109,BROWSING,d,13,Hats & Handbags
17:50,110,MOVING,d,8,→ Underwear
17:51,74,IN_FITTING,a,14,13/25 min
17:51,82,MOVING,h,12,→ exit
17:51,92,PAUSED,h,9,→ exit
17:51,96,BROWSING,h,13,Skirts & Dresses
17:51,100,BROWSING,c,3,Stockings
17:51,101,PAUSED,c,3,→ Underwear
17:51,102,MOVING,b,8,→ Underwear
17:51,103,IN_FITTING,a,12,9/21 min
17:51,104,ARRIVED_SECTION,c,4,Pants
17:51,105,MOVING,a,3,→ fitting room
17:51,106,MOVING,c,3,→ Underwear
17:51,107,BROWSING,d,13,Hats & Handbags
17:51,108,MOVING,e,12,→ Hats & Handbags
17:51,109,BROWSING,d,13,Hats & Handbags
17:51,110,MOVING,d,6,→ Underwear
17:52,74,IN_FITTING,a,14,14/25 min
17:52,82,MOVING,h,11,→ exit
17:52,92,PAUSED,h,9,→ exit
17:52,96,BROWSING,h,13,Skirts & Dresses
17:52,100,BROWSING,c,3,Stockings
17:52,101,PAUSED,c,3,→ Underwear
17:52,102,MOVING,b,7,→ Underwear
17:52,103,IN_FITTING,a,12,10/21 min
17:52,104,BROWSING,c,4,Pants
17:52,105,MOVING,a,4,→ fitting room
17:52,106,ARRIVED_SECTION,b,3,Underwear
17:52,107,BROWSING,d,13,Hats & Handbags
17:52,108,MOVING,e,13,→ Hats & Handbags
17:52,109,BROWSING,d,13,Hats & Handbags
17:52,110,MOVING,b,6,→ Underwear
17:53,74,IN_FITTING,a,14,15/25 min
17:53,82,MOVING,h,10,→ exit
17:53,92,PAUSED,h,9,→ exit
17:53,96,BROWSING,h,13,Skirts & Dresses
17:53,100,BROWSING,c,3,Stockings
17:53,101,PAUSED,c,3,→ Underwear
17:53,102,MOVING,b,6,→ Underwear
17:53,103,IN_FITTING,a,12,11/21 min
17:53,104,BROWSING,c,4,Pants
17:53,105,MOVING,a,5,→ fitting room
17:53,106,BROWSING,b,3,Underwear
17:53,107,BROWSING,d,13,Hats & Handbags
17:53,108,ARRIVED_SECTION,d,13,Hats & Handbags
17:53,109,BROWSING,d,13,Hats & Handbags
17:53,110,MOVING,b,4,→ Underwear
17:54,74,IN_FITTING,a,14,16/25 min
17:54,82,MOVING,h,9,→ exit
17:54,92,EXITED,h,8,
17:54,96,BROWSING,h,13,Skirts & Dresses
17:54,100,BROWSING,c,3,Stockings
17:54,101,ARRIVED_SECTION,b,3,Underwear
17:54,102,MOVING,b,5,→ Underwear
17:54,103,IN_FITTING,a,12,12/21 min
17:54,104,BROWSING,c,4,Pants
17:54,105,MOVING,a,6,→ fitting room
17:54,106,BROWSING,b,3,Underwear
17:54,107,BROWSING,d,13,Hats & Handbags
17:54,108,BROWSING,d,13,Hats & Handbags
17:54,109,BROWSING,d,13,Hats & Handbags
17:54,110,ARRIVED_SECTION,b,3,Underwear
17:55,74,IN_FITTING,a,14,17/25 min
17:55,82,EXITED,h,8,
17:55,96,BROWSING,h,13,Skirts & Dresses
17:55,100,BROWSING,c,3,Stockings
17:55,101,BROWSING,b,3,Underwear
17:55,102,MOVING,b,4,→ Underwear
17:55,103,IN_FITTING,a,12,13/21 min
17:55,104,BROWSING,c,4,Pants
17:55,105,MOVING,a,7,→ fitting room
17:55,106,BROWSING,b,3,Underwear
17:55,107,BROWSING,d,13,Hats & Handbags
17:55,108,BROWSING,d,13,Hats & Handbags
17:55,109,BROWSING,d,13,Hats & Handbags
17:55,110,BROWSING,b,3,Underwear
17:56,74,IN_FITTING,a,14,18/25 min
17:56,96,BROWSING,h,13,Skirts & Dresses
17:56,100,BROWSING,c,3,Stockings
17:56,101,BROWSING,b,3,Underwear
17:56,102,ARRIVED_SECTION,b,3,Underwear
17:56,103,IN_FITTING,a,12,14/21 min
17:56,104,BROWSING,c,4,Pants
17:56,105,MOVING,a,8,→ fitting room
17:56,106,BROWSING,b,3,Underwear
17:56,107,BROWSING,d,13,Hats & Handbags
17:56,108,NO_PICK,d,13,Hats & Handbags
17:56,109,BROWSING,d,13,Hats & Handbags
17:56,110,BROWSING,b,3,Underwear
17:57,74,IN_FITTING,a,14,19/25 min
17:57,96,BROWSING,h,13,Skirts & Dresses
17:57,100,BROWSING,c,3,Stockings
17:57,101,NO_PICK,b,3,Underwear
17:57,101,HEADING,b,3,exit
17:57,102,BROWSING,b,3,Underwear
17:57,103,IN_FITTING,a,12,15/21 min
17:57,104,BROWSING,c,4,Pants
17:57,105,MOVING,a,9,→ fitting room
17:57,106,BROWSING,b,3,Underwear
17:57,107,BROWSING,d,13,Hats & Handbags
17:57,108,MOVING,c,13,→ Underwear
17:57,109,BROWSING,d,13,Hats & Handbags
17:57,110,BROWSING,b,3,Underwear
17:58,111,ENTERED,h,8,"profile=regular gender=female age=adult speed=2 plan=[Underwear, Skirts & Dresses, Stockings]"
17:58,74,IN_FITTING,a,14,20/25 min
17:58,96,BROWSING,h,13,Skirts & Dresses
17:58,100,BROWSING,c,3,Stockings
17:58,101,MOVING,d,3,→ exit
17:58,102,BROWSING,b,3,Underwear
17:58,103,IN_FITTING,a,12,16/21 min
17:58,104,BROWSING,c,4,Pants
17:58,105,MOVING,a,10,→ fitting room
17:58,106,BROWSING,b,3,Underwear
17:58,107,BROWSING,d,13,Hats & Handbags
17:58,108,MOVING,b,13,→ Underwear
17:58,109,BROWSING,d,13,Hats & Handbags
17:58,110,BROWSING,b,3,Underwear
17:58,111,MOVING,f,8,→ Underwear
17:59,112,ENTERED,h,8,"profile=regular gender=female age=young speed=3 plan=[Pants, Hats & Handbags, Underwear, Tops, Skirts & Dresses, Jeans]"
17:59,74,IN_FITTING,a,14,21/25 min
17:59,96,BROWSING,h,13,Skirts & Dresses
17:59,100,BROWSING,c,3,Stockings
17:59,101,MOVING,f,3,→ exit
17:59,102,BROWSING,b,3,Underwear
17:59,103,IN_FITTING,a,12,17/21 min
17:59,104,BROWSING,c,4,Pants
17:59,105,MOVING,a,11,→ fitting room
17:59,106,BROWSING,b,3,Underwear
17:59,107,BROWSING,d,13,Hats & Handbags
17:59,108,MOVING,b,12,→ Underwear
17:59,109,BROWSING,d,13,Hats & Handbags
17:59,110,BROWSING,b,3,Underwear
17:59,111,MOVING,d,8,→ Underwear
17:59,112,MOVING,f,7,→ Pants
