time_s,visitor_id,map_x,map_y,n_cams,cams
0.0,1,452.7,670.1,2,0;1
0.2,1,452.7,670.1,2,0;1
0.4,1,452.7,670.1,2,0;1
0.6,1,452.7,670.1,2,0;1
0.8,1,452.7,670.1,2,0;1
1.0,1,452.7,670.1,2,0;1
1.2,1,452.7,670.1,2,0;1
1.4,1,452.4,670.2,2,0;1
1.6,1,451.2,670.2,2,0;1
1.8,1,449.4,671.0,2,0;1
2.0,1,446.4,672.2,2,0;1
2.2,1,440.9,674.0,2,0;1
2.4,1,437.4,675.1,2,0;1
2.6,1,436.2,675.4,2,0;1
2.8,1,435.6,675.4,2,0;1
3.0,1,435.3,675.5,2,0;1
3.2,1,435.1,675.5,2,0;1
3.4,1,435.0,675.5,2,0;1
3.6,1,435.0,675.5,2,0;1
3.8,1,435.2,675.4,2,0;1
4.0,1,435.3,675.4,2,0;1
4.2,1,435.2,675.4,2,0;1
4.4,1,435.0,675.5,2,0;1
4.6,1,435.4,673.9,2,0;1
4.8,1,436.2,673.2,2,0;1
5.0,1,437.7,672.7,2,0;1
5.2,1,439.3,672.5,2,0;1
5.4,1,440.0,672.4,2,0;1
5.6,1,440.4,672.6,2,0;1
5.8,1,441.3,673.3,2,0;1
6.0,1,442.7,673.7,2,0;1
6.2,1,442.2,674.3,2,0;1
6.4,1,442.3,674.5,2,0;1
6.6,1,442.3,674.6,2,0;1
6.8,1,442.2,674.7,2,0;1
7.0,1,442.2,674.6,2,0;1
7.2,1,442.3,674.6,2,0;1
7.4,1,442.4,674.6,2,0;1
7.6,1,442.0,674.7,2,0;1
7.8,1,441.8,674.7,2,0;1
8.0,1,441.9,674.7,2,0;1
8.2,1,442.0,674.7,2,0;1
8.4,1,442.0,674.7,2,0;1
8.6,1,441.9,674.8,2,0;1
8.8,1,441.6,675.2,2,0;1
9.0,1,440.4,675.6,2,0;1
9.2,1,439.2,675.9,2,0;1
9.4,1,438.2,676.0,2,0;1
9.6,1,437.6,676.1,2,0;1
9.8,1,436.9,676.2,2,0;1
10.0,1,436.7,676.3,2,0;1
10.2,1,436.6,676.3,2,0;1
10.4,1,436.5,676.3,2,0;1
10.6,1,436.4,676.3,2,0;1
10.8,1,436.4,676.3,2,0;1
11.0,1,436.4,676.3,2,0;1
11.2,1,436.3,676.3,2,0;1
11.4,1,436.3,676.3,2,0;1
11.6,1,436.4,676.3,2,0;1
11.8,1,436.4,676.3,2,0;1
12.0,1,436.3,676.3,2,0;1
12.2,1,436.4,676.3,2,0;1
12.4,1,436.3,676.3,2,0;1
12.6,1,436.4,676.3,2,0;1
12.8,1,437.7,676.2,2,0;1
13.0,1,439.1,675.9,2,0;1
13.2,1,440.0,675.6,2,0;1
13.4,1,440.8,675.4,2,0;1
13.6,1,441.4,674.7,2,0;1
13.8,1,442.2,674.2,2,0;1
14.0,1,442.6,674.0,2,0;1
14.2,1,443.0,673.9,2,0;1
14.4,1,442.7,674.0,2,0;1
14.6,1,442.8,674.0,2,0;1
14.8,1,442.8,674.0,2,0;1
15.0,1,443.0,673.9,2,0;1
15.2,1,442.9,673.9,2,0;1
15.4,1,442.9,673.9,2,0;1
15.6,1,442.8,674.0,2,0;1
15.8,1,442.8,674.0,2,0;1
16.0,1,442.7,674.0,2,0;1
16.2,1,442.8,674.0,2,0;1
16.4,1,442.8,674.0,2,0;1
16.6,1,442.9,673.9,2,0;1
16.8,1,442.9,673.9,2,0;1
17.0,1,442.8,674.0,2,0;1
17.2,1,442.8,674.0,2,0;1
17.4,1,442.8,674.0,2,0;1
17.6,1,442.8,674.0,2,0;1
17.8,1,442.7,674.0,2,0;1
18.0,1,442.7,674.0,2,0;1
18.2,1,442.8,674.0,2,0;1
18.4,1,442.9,673.9,2,0;1
18.6,1,442.9,673.9,2,0;1
18.8,1,442.7,674.0,2,0;1
19.0,1,442.6,674.0,2,0;1
19.2,1,442.5,674.0,2,0;1
19.4,1,442.6,674.0,2,0;1
19.6,1,442.6,674.0,2,0;1
19.8,1,442.6,674.0,2,0;1
20.0,1,442.6,674.0,2,0;1
20.2,1,442.6,674.0,2,0;1
20.4,1,442.6,674.0,2,0;1
20.6,1,442.7,674.0,2,0;1
20.8,1,442.5,674.0,2,0;1
21.0,1,442.5,674.0,2,0;1
21.2,1,442.5,674.0,2,0;1
21.4,1,442.8,674.0,2,0;1
21.6,1,442.7,674.0,2,0;1
21.8,1,442.5,674.2,2,0;1
22.0,1,442.0,674.6,2,0;1
22.2,1,440.8,674.9,2,0;1
22.4,1,439.2,675.1,2,0;1
22.6,1,437.1,675.4,2,0;1
22.8,1,436.1,675.5,2,0;1
23.0,1,435.7,675.7,2,0;1
23.2,1,435.3,675.9,2,0;1
23.4,1,435.3,676.0,2,0;1
23.6,1,435.1,676.1,2,0;1
23.8,1,435.2,676.1,2,0;1
24.0,1,435.2,676.1,2,0;1
24.2,1,435.3,676.1,2,0;1
24.4,1,434.8,676.2,2,0;1
24.6,1,434.8,676.1,2,0;1
24.8,1,434.9,676.1,2,0;1
25.0,1,434.6,676.1,2,0;1
25.2,1,434.4,676.2,2,0;1
25.4,1,434.5,676.2,2,0;1
25.6,1,434.5,676.2,2,0;1
25.8,1,434.8,676.3,2,0;1
26.0,1,434.1,676.8,2,0;1
26.2,1,433.6,677.0,2,0;1
26.4,1,433.7,677.0,2,0;1
26.6,1,434.6,677.0,2,0;1
26.8,1,435.5,676.9,2,0;1
27.0,1,428.3,675.9,2,0;1
27.2,1,422.8,676.7,2,0;1
27.4,1,417.0,678.4,2,0;1
27.6,1,411.6,678.7,2,0;1
27.8,1,401.5,673.6,2,0;1
28.0,1,393.7,673.0,2,0;1
28.2,1,382.0,672.6,2,0;1
28.4,1,375.4,672.3,2,0;1
28.6,1,371.3,672.5,2,0;1
28.8,1,368.3,672.7,2,0;1
29.0,1,359.3,675.0,2,0;1
29.2,1,356.2,675.5,2,0;1
29.4,1,352.2,675.8,2,0;1
29.6,1,351.7,677.4,2,0;1
29.8,1,353.2,676.9,2,0;1
30.0,1,354.6,677.2,2,0;1
30.2,1,354.6,677.2,2,0;1
30.4,1,349.7,676.4,2,0;1
30.6,1,347.4,675.9,2,0;1
30.8,1,346.9,676.2,2,0;1
31.0,1,346.6,677.5,2,0;1
31.2,1,349.5,676.0,2,0;1
31.4,1,350.9,675.9,2,0;1
31.6,1,351.6,676.0,2,0;1
31.8,1,354.7,681.0,2,0;1
32.0,1,355.8,681.7,2,0;1
32.2,1,358.6,671.5,1,0;1
32.4,1,338.0,672.6,1,0;1
32.6,1,323.8,673.3,1,0;1
32.8,1,316.1,673.7,1,0;1
33.0,1,296.9,674.7,1,0;1
33.2,1,274.2,675.9,1,0;1
33.4,1,236.0,677.8,1,0;1
33.6,1,219.2,678.7,1,0;1
33.8,1,214.8,678.9,1,0;1
0.0,2,453.6,578.2,2,0;1
0.2,2,454.2,578.7,2,0;1
0.4,2,454.1,578.6,2,0;1
0.6,2,453.9,578.7,2,0;1
0.8,2,453.0,578.8,2,0;1
1.0,2,453.1,577.8,2,0;1
1.2,2,452.7,577.3,2,0;1
1.4,2,450.8,577.9,2,0;1
1.6,2,450.8,583.2,2,0;1
1.8,2,449.1,585.0,2,0;1
2.0,2,442.3,589.3,2,0;1
2.2,2,432.8,592.0,2,0;1
2.4,2,421.4,593.2,2,0;1
2.6,2,413.6,594.6,2,0;1
2.8,2,413.0,600.2,2,0;1
3.0,2,406.5,601.0,2,0;1
3.2,2,393.9,599.3,2,0;1
3.4,2,382.9,595.3,2,0;1
3.6,2,375.1,587.4,2,0;1
3.8,2,372.2,584.6,2,0;1
4.0,2,368.5,582.2,2,0;1
4.2,2,371.3,582.4,2,0;1
4.4,2,368.8,581.7,2,0;1
4.6,2,353.1,577.3,2,0;1
4.8,2,346.5,579.9,2,0;1
5.0,2,336.5,589.6,2,0;1
5.2,2,321.5,591.0,2,0;1
5.4,2,303.3,600.0,2,0;1
5.6,2,284.7,606.5,2,0;1
5.8,2,274.1,612.9,2,0;1
6.0,2,263.6,623.6,2,0;1
6.2,2,262.7,638.5,2,0;1
6.4,2,255.9,653.4,2,0;1
6.6,2,234.0,674.3,1,0;1
6.8,2,223.7,676.1,1,0;1
0.0,3,553.5,593.6,2,0;1
0.2,3,555.9,594.7,2,0;1
0.4,3,554.1,593.9,2,0;1
0.6,3,556.1,594.7,2,0;1
0.8,3,557.9,595.3,2,0;1
1.0,3,556.2,594.5,2,0;1
1.2,3,553.8,593.4,2,0;1
1.4,3,550.6,592.0,2,0;1
1.6,3,551.3,592.3,2,0;1
1.8,3,548.6,593.6,2,0;1
2.0,3,530.2,585.3,2,0;1
2.2,3,529.1,585.9,2,0;1
2.4,3,526.1,585.9,2,0;1
2.6,3,521.5,585.1,2,0;1
2.8,3,518.2,584.2,2,0;1
3.0,3,515.7,583.7,2,0;1
3.2,3,514.0,584.2,2,0;1
3.4,3,504.6,581.7,2,0;1
3.6,3,513.7,594.1,2,0;1
3.8,3,501.9,591.8,2,0;1
4.0,3,491.6,590.8,2,0;1
4.2,3,487.1,590.4,2,0;1
4.4,3,486.7,591.7,2,0;1
4.6,3,476.3,585.4,2,0;1
4.8,3,470.1,581.3,2,0;1
5.0,3,469.2,581.3,2,0;1
5.2,3,462.8,581.4,2,0;1
5.4,3,454.1,582.1,2,0;1
5.6,3,449.7,582.7,2,0;1
5.8,3,447.9,583.7,2,0;1
6.0,3,443.2,583.2,2,0;1
6.2,3,437.3,582.6,2,0;1
6.4,3,433.5,581.7,2,0;1
6.6,3,429.9,581.5,2,0;1
6.8,3,426.8,581.4,2,0;1
7.0,3,423.3,580.4,2,0;1
7.2,3,422.8,580.3,2,0;1
7.4,3,422.6,580.2,2,0;1
7.6,3,423.1,580.6,2,0;1
7.8,3,423.4,580.7,2,0;1
8.0,3,424.8,581.0,2,0;1
8.2,3,424.5,579.1,2,0;1
8.4,3,428.3,580.5,2,0;1
8.6,3,430.6,580.9,2,0;1
8.8,3,430.7,580.6,2,0;1
9.0,3,432.2,580.1,2,0;1
9.2,3,433.1,580.2,2,0;1
9.4,3,433.0,579.7,2,0;1
9.6,3,432.3,578.8,2,0;1
9.8,3,433.0,579.2,2,0;1
10.0,3,430.7,577.9,2,0;1
10.2,3,429.8,578.0,2,0;1
10.4,3,429.4,577.7,2,0;1
10.6,3,428.1,576.9,2,0;1
10.8,3,426.4,575.9,2,0;1
11.0,3,427.7,576.7,2,0;1
11.2,3,429.3,577.7,2,0;1
11.4,3,429.9,575.8,2,0;1
11.6,3,430.9,575.0,2,0;1
11.8,3,432.5,577.0,2,0;1
12.0,3,433.4,579.6,2,0;1
12.2,3,433.0,579.4,2,0;1
12.4,3,433.3,579.6,2,0;1
12.6,3,433.4,579.7,2,0;1
12.8,3,433.8,579.9,2,0;1
13.0,3,433.7,579.8,2,0;1
13.2,3,433.5,579.7,2,0;1
13.4,3,433.3,579.6,2,0;1
13.6,3,433.3,579.6,2,0;1
13.8,3,433.3,579.6,2,0;1
14.0,3,433.0,579.4,2,0;1
14.2,3,433.0,579.4,2,0;1
14.4,3,432.8,579.3,2,0;1
14.6,3,432.6,579.1,2,0;1
14.8,3,433.6,579.6,2,0;1
15.0,3,432.7,572.0,2,0;1
15.2,3,432.6,571.9,2,0;1
15.4,3,433.1,578.1,2,0;1
15.6,3,433.6,578.9,2,0;1
15.8,3,432.9,578.7,2,0;1
16.0,3,430.5,577.3,2,0;1
16.2,3,429.9,577.2,2,0;1
16.4,3,433.1,580.5,2,0;1
16.6,3,433.2,581.9,2,0;1
16.8,3,432.5,582.9,2,0;1
17.0,3,431.2,583.8,2,0;1
17.2,3,430.4,585.2,2,0;1
17.4,3,430.1,585.2,2,0;1
17.6,3,430.5,585.5,2,0;1
17.8,3,430.8,585.8,2,0;1
18.0,3,431.8,584.9,2,0;1
18.2,3,431.9,582.5,2,0;1
18.4,3,429.5,580.5,2,0;1
18.6,3,430.6,580.8,2,0;1
18.8,3,427.2,578.3,2,0;1
19.0,3,432.0,581.6,2,0;1
19.2,3,431.5,582.2,2,0;1
19.4,3,432.9,583.7,2,0;1
19.6,3,433.4,584.5,2,0;1
19.8,3,430.2,582.5,2,0;1
20.0,3,432.6,585.4,2,0;1
20.2,3,433.1,585.8,2,0;1
20.4,3,433.3,586.0,2,0;1
20.6,3,427.3,585.5,2,0;1
20.8,3,421.2,586.9,2,0;1
21.0,3,416.9,589.0,2,0;1
21.2,3,412.8,590.3,2,0;1
21.4,3,388.1,588.1,2,0;1
21.6,3,368.6,579.5,2,0;1
21.8,3,369.0,582.4,2,0;1
22.0,3,334.6,587.8,2,0;1
22.2,3,317.8,593.9,2,0;1
22.4,3,298.9,603.4,2,0;1
22.6,3,278.6,611.7,2,0;1
22.8,3,266.5,617.1,2,0;1
23.0,3,261.0,628.2,2,0;1
23.2,3,251.2,643.4,2,0;1
23.4,3,234.4,662.5,1,0;1
23.6,3,230.1,672.7,1,0;1
0.0,4,477.2,645.5,1,0;1
0.2,4,477.2,645.5,1,0;1
0.4,4,477.2,645.6,1,0;1
0.6,4,477.4,646.7,1,0;1
0.8,4,477.4,646.8,1,0;1
1.0,4,477.4,646.9,1,0;1
1.2,4,477.4,646.9,1,0;1
1.4,4,477.5,646.9,1,0;1
1.6,4,477.5,646.9,1,0;1
1.8,4,483.2,648.2,1,0;1
2.0,4,488.8,655.7,1,0;1
2.2,4,489.0,657.0,1,0;1
2.4,4,488.9,657.5,1,0;1
2.6,4,488.9,657.7,1,0;1
2.8,4,488.9,658.1,1,0;1
3.0,4,488.5,659.9,1,0;1
3.2,4,488.5,660.3,1,0;1
3.4,4,488.5,660.3,1,0;1
3.6,4,488.5,660.3,1,0;1
3.8,4,488.5,660.3,1,0;1
4.0,4,488.5,660.3,1,0;1
4.2,4,488.5,660.3,1,0;1
4.4,4,488.5,660.1,1,0;1
4.6,4,488.5,660.0,1,0;1
4.8,4,488.5,659.9,1,0;1
5.0,4,488.5,659.7,1,0;1
5.2,4,488.5,659.6,1,0;1
5.4,4,488.5,659.5,1,0;1
5.6,4,488.5,659.3,1,0;1
5.8,4,488.5,659.2,1,0;1
6.0,4,488.5,659.1,1,0;1
6.2,4,488.5,658.9,1,0;1
6.4,4,488.5,658.8,1,0;1
6.6,4,488.5,658.7,1,0;1
6.8,4,488.6,658.6,1,0;1
7.0,4,488.5,657.2,1,0;1
7.2,4,488.3,656.6,1,0;1
7.4,4,488.3,656.6,1,0;1
7.6,4,488.3,656.6,1,0;1
7.8,4,488.3,656.6,1,0;1
8.0,4,488.3,656.6,1,0;1
8.2,4,493.0,654.6,1,0;1
8.4,4,493.2,654.5,1,0;1
8.6,4,489.7,653.1,1,0;1
8.8,4,489.7,653.1,1,0;1
9.0,4,489.7,653.1,1,0;1
9.2,4,489.7,653.1,1,0;1
9.4,4,489.7,653.1,1,0;1
9.6,4,489.7,653.1,1,0;1
9.8,4,489.7,653.1,1,0;1
10.0,4,489.7,653.1,1,0;1
10.2,4,489.7,653.1,1,0;1
10.4,4,489.6,652.9,1,0;1
10.6,4,489.1,651.6,1,0;1
10.8,4,489.1,651.5,1,0;1
11.0,4,489.3,652.0,1,0;1
11.2,4,489.9,653.2,1,0;1
11.4,4,490.6,654.5,1,0;1
11.6,4,491.1,655.6,1,0;1
11.8,4,491.5,656.0,1,0;1
12.0,4,492.4,656.5,1,0;1
12.2,4,492.7,656.6,1,0;1
12.4,4,493.0,656.6,1,0;1
12.6,4,493.0,656.6,1,0;1
12.8,4,493.0,656.6,1,0;1
13.0,4,492.9,655.0,1,0;1
13.2,4,492.8,652.5,1,0;1
13.4,4,492.8,652.5,1,0;1
13.6,4,491.6,653.5,1,0;1
13.8,4,491.2,654.5,1,0;1
14.0,4,491.0,657.7,1,0;1
14.2,4,491.0,657.7,1,0;1
14.4,4,491.0,657.7,1,0;1
14.6,4,491.0,657.7,1,0;1
14.8,4,491.0,657.7,1,0;1
15.0,4,490.2,656.4,1,0;1
15.2,4,489.7,656.1,1,0;1
15.4,4,487.3,657.1,1,0;1
15.6,4,484.9,658.0,1,0;1
15.8,4,482.2,661.2,1,0;1
16.0,4,475.0,665.2,1,0;1
16.2,4,470.6,665.6,1,0;1
16.4,4,466.3,665.9,1,0;1
16.6,4,458.9,656.1,1,0;1
16.8,4,453.8,645.7,1,0;1
17.0,4,452.2,644.0,1,0;1
17.2,4,451.2,642.9,1,0;1
17.4,4,450.6,641.9,1,0;1
17.6,4,450.5,641.7,1,0;1
17.8,4,450.3,641.2,1,0;1
18.0,4,450.3,641.2,1,0;1
18.2,4,450.3,641.2,1,0;1
18.4,4,450.3,641.2,1,0;1
18.6,4,450.3,641.2,1,0;1
18.8,4,450.5,640.5,1,0;1
19.0,4,450.8,640.1,1,0;1
19.2,4,451.5,639.6,1,0;1
19.4,4,452.6,640.0,1,0;1
19.6,4,455.0,642.2,1,0;1
19.8,4,455.7,642.9,1,0;1
20.0,4,456.1,643.2,1,0;1
20.2,4,456.1,643.3,1,0;1
20.4,4,456.3,643.5,1,0;1
20.6,4,456.1,643.5,1,0;1
20.8,4,455.6,643.0,1,0;1
21.0,4,454.4,642.4,1,0;1
21.2,4,455.0,642.1,1,0;1
21.4,4,455.9,643.2,1,0;1
21.6,4,455.8,643.3,1,0;1
21.8,4,458.3,665.1,1,0;1
22.0,4,457.5,665.7,1,0;1
22.2,4,457.4,665.8,1,0;1
22.4,4,457.4,665.8,1,0;1
22.6,4,457.4,665.8,1,0;1
22.8,4,457.4,665.8,1,0;1
23.0,4,457.4,665.8,1,0;1
23.2,4,457.4,665.8,1,0;1
23.4,4,458.0,664.6,1,0;1
23.6,4,459.1,662.2,1,0;1
23.8,4,461.9,661.6,1,0;1
24.0,4,469.7,661.4,1,0;1
24.2,4,476.1,660.8,1,0;1
24.4,4,484.7,658.0,1,0;1
24.6,4,485.0,657.8,1,0;1
24.8,4,485.3,657.7,1,0;1
25.0,4,486.5,655.2,1,0;1
25.2,4,487.1,654.6,1,0;1
25.4,4,487.0,656.7,1,0;1
25.6,4,486.8,658.9,1,0;1
25.8,4,486.6,658.9,1,0;1
26.0,4,484.8,656.3,1,0;1
26.2,4,478.6,652.8,1,0;1
26.4,4,468.3,649.5,1,0;1
26.6,4,467.5,649.4,1,0;1
26.8,4,467.4,649.4,1,0;1
27.0,4,469.8,654.3,1,0;1
27.2,4,472.2,659.3,1,0;1
27.4,4,478.9,660.2,1,0;1
27.6,4,484.8,660.3,1,0;1
27.8,4,486.4,660.4,1,0;1
28.0,4,486.7,660.6,1,0;1
28.2,4,487.8,657.5,1,0;1
28.4,4,488.6,657.0,1,0;1
28.6,4,488.9,658.8,1,0;1
28.8,4,489.3,661.8,1,0;1
29.0,4,489.5,662.5,1,0;1
29.2,4,489.8,663.3,1,0;1
29.4,4,489.8,663.3,1,0;1
29.6,4,490.1,662.8,1,0;1
29.8,4,490.3,662.5,1,0;1
30.0,4,490.3,662.5,1,0;1
30.2,4,490.9,662.1,1,0;1
30.4,4,492.7,660.7,1,0;1
30.6,4,493.6,659.5,1,0;1
30.8,4,506.6,662.9,2,0;1
31.0,4,507.1,663.0,2,0;1
31.2,4,502.9,662.9,2,0;1
31.4,4,498.7,662.3,2,0;1
31.6,4,494.8,662.1,2,0;1
31.8,4,495.2,663.8,2,0;1
32.0,4,494.5,665.5,2,0;1
32.2,4,493.0,666.1,2,0;1
32.4,4,493.1,665.8,2,0;1
32.6,4,492.9,666.0,2,0;1
32.8,4,492.6,666.2,2,0;1
33.0,4,496.9,662.9,1,0;1
33.2,4,496.9,662.9,1,0;1
33.4,4,497.2,662.0,1,0;1
33.6,4,497.8,660.2,1,0;1
33.8,4,498.0,658.8,1,0;1
34.0,4,498.1,658.6,1,0;1
34.2,4,498.1,659.1,1,0;1
34.4,4,498.2,662.5,1,0;1
34.6,4,495.9,663.5,1,0;1
34.8,4,490.2,664.6,1,0;1
35.0,4,489.0,664.7,1,0;1
35.2,4,487.7,664.8,1,0;1
35.4,4,487.7,664.8,1,0;1
35.6,4,487.7,664.8,1,0;1
35.8,4,487.4,664.8,1,0;1
36.0,4,486.6,664.9,1,0;1
36.2,4,486.2,664.5,1,0;1
36.4,4,486.0,664.5,1,0;1
36.6,4,485.7,664.0,1,0;1
36.8,4,485.6,663.9,1,0;1
37.0,4,485.1,662.4,1,0;1
37.2,4,485.1,662.4,1,0;1
37.4,4,486.9,663.2,1,0;1
37.6,4,488.8,664.0,1,0;1
37.8,4,488.8,664.0,1,0;1
38.0,4,488.3,663.3,1,0;1
38.2,4,488.3,663.3,1,0;1
38.4,4,488.3,663.3,1,0;1
38.6,4,488.3,663.3,1,0;1
38.8,4,488.5,663.5,1,0;1
39.0,4,489.9,663.1,1,0;1
39.2,4,491.2,662.5,1,0;1
39.4,4,491.2,662.5,1,0;1
39.6,4,491.2,662.5,1,0;1
39.8,4,491.1,662.8,1,0;1
40.0,4,488.3,662.7,1,0;1
40.2,4,483.2,660.2,1,0;1
40.4,4,481.7,657.9,1,0;1
40.6,4,479.1,654.9,1,0;1
40.8,4,478.9,654.7,1,0;1
41.0,4,478.8,654.6,1,0;1
41.2,4,478.9,654.7,1,0;1
41.4,4,480.7,655.5,1,0;1
41.6,4,482.0,655.8,1,0;1
41.8,4,482.1,655.9,1,0;1
42.0,4,482.3,656.0,1,0;1
42.2,4,482.4,656.3,1,0;1
42.4,4,482.6,656.9,1,0;1
42.6,4,482.7,657.2,1,0;1
42.8,4,482.9,658.0,1,0;1
43.0,4,483.0,658.2,1,0;1
43.2,4,483.3,660.0,1,0;1
43.4,4,483.3,660.0,1,0;1
43.6,4,483.3,660.0,1,0;1
43.8,4,483.2,658.8,1,0;1
44.0,4,483.2,658.8,1,0;1
44.2,4,483.2,658.8,1,0;1
44.4,4,482.3,658.7,1,0;1
44.6,4,482.2,658.6,1,0;1
44.8,4,482.2,658.6,1,0;1
45.0,4,483.4,660.0,1,0;1
45.2,4,483.6,660.3,1,0;1
45.4,4,483.6,660.3,1,0;1
45.6,4,483.1,660.4,1,0;1
45.8,4,483.1,660.4,1,0;1
46.0,4,483.1,660.4,1,0;1
46.2,4,483.0,660.5,1,0;1
46.4,4,483.0,660.5,1,0;1
46.6,4,482.7,660.3,1,0;1
46.8,4,482.5,660.1,1,0;1
47.0,4,486.1,658.8,1,0;1
47.2,4,494.7,658.3,1,0;1
47.4,4,497.5,658.3,1,0;1
47.6,4,499.1,658.3,1,0;1
47.8,4,499.9,656.6,1,0;1
48.0,4,500.2,654.9,1,0;1
48.2,4,492.0,654.5,1,0;1
48.4,4,483.1,657.0,1,0;1
48.6,4,471.1,657.8,1,0;1
48.8,4,464.3,658.1,1,0;1
49.0,4,457.3,659.5,1,0;1
49.2,4,450.8,665.5,1,0;1
49.4,4,440.5,667.1,1,0;1
49.6,4,431.0,667.8,1,0;1
49.8,4,426.7,668.0,1,0;1
50.0,4,422.1,668.2,1,0;1
50.2,4,421.5,668.3,1,0;1
50.4,4,419.4,668.4,1,0;1
50.6,4,418.2,668.4,1,0;1
50.8,4,417.7,668.5,1,0;1
51.0,4,414.2,668.6,1,0;1
51.2,4,414.1,668.6,1,0;1
51.4,4,414.0,667.9,1,0;1
51.6,4,413.8,667.1,1,0;1
51.8,4,414.5,666.5,1,0;1
52.0,4,419.7,665.5,1,0;1
52.2,4,422.6,667.1,1,0;1
52.4,4,423.3,666.8,1,0;1
52.6,4,425.5,665.7,1,0;1
52.8,4,424.5,659.4,1,0;1
53.0,4,422.7,655.2,1,0;1
53.2,4,421.9,654.7,1,0;1
53.4,4,421.7,654.6,1,0;1
53.6,4,422.8,658.1,1,0;1
53.8,4,427.8,663.2,1,0;1
54.0,4,438.6,664.6,1,0;1
54.2,4,448.9,663.7,1,0;1
54.4,4,455.9,661.4,1,0;1
54.6,4,465.1,657.4,1,0;1
54.8,4,473.1,655.0,1,0;1
55.0,4,477.2,654.7,1,0;1
55.2,4,479.1,655.3,1,0;1
55.4,4,479.1,655.3,1,0;1
55.6,4,479.1,655.3,1,0;1
55.8,4,479.2,655.2,1,0;1
56.0,4,479.4,655.5,1,0;1
56.2,4,479.9,656.2,1,0;1
56.4,4,480.7,658.1,1,0;1
56.6,4,481.2,659.4,1,0;1
56.8,4,481.4,660.0,1,0;1
57.0,4,481.5,660.3,1,0;1
57.2,4,481.5,660.3,1,0;1
57.4,4,481.5,660.3,1,0;1
57.6,4,481.5,660.3,1,0;1
57.8,4,481.5,660.3,1,0;1
58.0,4,482.3,661.8,1,0;1
58.2,4,482.9,663.1,1,0;1
58.4,4,483.1,663.4,1,0;1
58.6,4,483.2,659.6,1,0;1
58.8,4,480.5,658.0,1,0;1
59.0,4,478.7,659.5,1,0;1
59.2,4,475.0,662.6,1,0;1
59.4,4,469.4,660.2,1,0;1
59.6,4,467.6,657.3,1,0;1
59.8,4,467.6,657.3,1,0;1
60.0,4,471.1,658.4,1,0;1
60.2,4,475.7,662.0,1,0;1
60.4,4,477.9,664.2,1,0;1
60.6,4,478.6,662.3,1,0;1
60.8,4,479.8,658.9,1,0;1
61.0,4,481.3,658.2,1,0;1
61.2,4,481.4,658.1,1,0;1
61.4,4,481.4,658.1,1,0;1
61.6,4,481.4,658.1,1,0;1
61.8,4,481.3,657.7,1,0;1
62.0,4,481.3,657.6,1,0;1
62.2,4,481.3,657.6,1,0;1
62.4,4,447.5,670.8,2,0;1
62.6,4,438.3,671.0,2,0;1
62.8,4,447.9,666.4,2,0;1
63.0,4,445.7,668.1,2,0;1
63.2,4,442.0,670.4,2,0;1
63.4,4,440.6,670.7,2,0;1
63.6,4,440.3,668.5,2,0;1
63.8,4,441.0,667.5,2,0;1
64.0,4,439.9,668.4,2,0;1
64.2,4,440.5,669.2,2,0;1
64.4,4,440.1,669.7,2,0;1
64.6,4,440.3,669.5,2,0;1
64.8,4,440.5,669.3,2,0;1
65.0,4,440.1,670.0,2,0;1
65.2,4,440.0,670.4,2,0;1
65.4,4,443.2,668.9,2,0;1
65.6,4,443.8,669.5,2,0;1
65.8,4,440.6,672.7,2,0;1
66.0,4,440.9,674.1,2,0;1
66.2,4,441.0,675.3,2,0;1
66.4,4,441.4,676.1,2,0;1
66.6,4,441.5,676.2,2,0;1
66.8,4,441.4,676.4,2,0;1
67.0,4,440.8,676.6,2,0;1
67.2,4,438.9,677.2,2,0;1
67.4,4,440.1,676.8,2,0;1
67.6,4,441.2,676.8,2,0;1
67.8,4,443.0,676.7,2,0;1
68.0,4,442.8,676.7,2,0;1
68.2,4,442.3,675.1,2,0;1
68.4,4,443.4,673.3,2,0;1
68.6,4,456.2,666.1,2,0;1
68.8,4,445.4,668.7,2,0;1
69.0,4,446.4,668.7,2,0;1
69.2,4,452.0,667.9,2,0;1
69.4,4,450.3,665.6,2,0;1
69.6,4,447.5,665.7,2,0;1
69.8,4,445.7,670.5,2,0;1
70.0,4,443.8,672.2,2,0;1
70.2,4,443.2,672.4,2,0;1
70.4,4,442.7,672.6,2,0;1
70.6,4,442.0,671.5,2,0;1
70.8,4,440.6,667.1,2,0;1
71.0,4,441.3,666.2,2,0;1
71.2,4,441.1,666.5,2,0;1
71.4,4,440.8,666.9,2,0;1
71.6,4,437.2,669.9,2,0;1
71.8,4,437.9,670.6,2,0;1
72.0,4,436.0,671.9,2,0;1
72.2,4,435.0,672.6,2,0;1
72.4,4,433.5,670.9,2,0;1
72.6,4,433.6,670.7,2,0;1
72.8,4,435.6,668.6,2,0;1
73.0,4,435.8,669.3,2,0;1
73.2,4,436.5,669.2,2,0;1
73.4,4,437.4,669.4,2,0;1
73.6,4,438.4,669.1,2,0;1
73.8,4,438.4,669.4,2,0;1
74.0,4,438.4,669.6,2,0;1
74.2,4,438.8,669.3,2,0;1
74.4,4,438.9,669.4,2,0;1
74.6,4,438.8,669.4,2,0;1
74.8,4,438.4,669.7,2,0;1
75.0,4,438.4,669.7,2,0;1
75.2,4,438.4,669.7,2,0;1
75.4,4,438.4,669.8,2,0;1
75.6,4,438.5,670.1,2,0;1
75.8,4,438.7,670.0,2,0;1
76.0,4,438.6,670.1,2,0;1
76.2,4,438.4,670.3,2,0;1
76.4,4,438.3,670.5,2,0;1
76.6,4,438.3,670.8,2,0;1
76.8,4,438.2,671.0,2,0;1
77.0,4,438.3,671.7,2,0;1
77.2,4,438.5,671.6,2,0;1
77.4,4,439.0,671.3,2,0;1
77.6,4,438.6,671.5,2,0;1
77.8,4,438.9,671.1,2,0;1
78.0,4,439.8,669.9,2,0;1
78.2,4,439.3,670.2,2,0;1
78.4,4,440.4,669.8,2,0;1
78.6,4,449.2,664.2,2,0;1
78.8,4,443.5,668.7,2,0;1
79.0,4,444.4,668.6,2,0;1
79.2,4,454.3,662.6,2,0;1
79.4,4,451.0,666.3,2,0;1
79.6,4,447.9,668.7,2,0;1
79.8,4,445.7,669.4,2,0;1
80.0,4,444.9,669.9,2,0;1
80.2,4,444.5,670.2,2,0;1
80.4,4,444.3,671.0,2,0;1
80.6,4,444.3,671.0,2,0;1
80.8,4,444.2,671.1,2,0;1
81.0,4,443.3,671.3,2,0;1
81.2,4,444.0,670.9,2,0;1
81.4,4,445.5,670.6,2,0;1
81.6,4,445.0,671.9,2,0;1
81.8,4,446.1,672.7,2,0;1
82.0,4,449.5,673.0,2,0;1
82.2,4,451.6,672.3,2,0;1
82.4,4,460.1,668.9,2,0;1
82.6,4,453.7,664.6,2,0;1
82.8,4,458.1,661.4,2,0;1
83.0,4,459.4,661.4,2,0;1
83.2,4,457.3,664.7,2,0;1
83.4,4,452.7,668.7,2,0;1
83.6,4,449.9,665.5,2,0;1
83.8,4,445.8,660.0,2,0;1
84.0,4,444.3,657.8,2,0;1
84.2,4,440.0,670.1,2,0;1
84.4,4,444.6,670.7,2,0;1
84.6,4,455.7,667.4,2,0;1
84.8,4,444.0,671.5,2,0;1
85.0,4,449.2,667.9,2,0;1
85.2,4,456.3,664.1,2,0;1
85.4,4,452.1,664.3,2,0;1
85.6,4,445.3,664.6,2,0;1
85.8,4,443.5,666.8,2,0;1
86.0,4,438.1,668.2,2,0;1
86.2,4,435.6,668.9,2,0;1
86.4,4,435.3,669.9,2,0;1
86.6,4,435.6,669.8,2,0;1
86.8,4,435.9,669.8,2,0;1
87.0,4,435.1,669.1,2,0;1
87.2,4,434.0,668.2,2,0;1
87.4,4,413.2,669.5,2,0;1
87.6,4,433.4,661.0,2,0;1
87.8,4,422.3,662.5,2,0;1
88.0,4,422.1,664.3,2,0;1
88.2,4,425.6,664.3,2,0;1
88.4,4,425.0,664.7,2,0;1
88.6,4,424.1,663.4,2,0;1
88.8,4,430.0,665.9,2,0;1
89.0,4,439.1,668.7,2,0;1
89.2,4,444.2,666.9,2,0;1
89.4,4,430.4,668.3,2,0;1
89.6,4,419.6,667.9,2,0;1
89.8,4,416.7,668.2,2,0;1
90.0,4,417.7,667.7,2,0;1
90.2,4,420.7,666.0,2,0;1
90.4,4,432.3,665.5,2,0;1
90.6,4,429.6,666.7,2,0;1
90.8,4,426.1,668.3,2,0;1
91.0,4,427.2,667.2,2,0;1
91.2,4,427.8,666.8,2,0;1
91.4,4,426.6,667.3,2,0;1
91.6,4,426.8,666.6,2,0;1
91.8,4,430.2,669.1,2,0;1
92.0,4,421.2,671.2,2,0;1
92.2,4,422.8,669.6,2,0;1
92.4,4,422.8,668.8,2,0;1
92.6,4,424.5,668.4,2,0;1
92.8,4,421.0,669.5,2,0;1
93.0,4,422.2,669.3,2,0;1
93.2,4,428.9,668.6,2,0;1
93.4,4,427.9,669.6,2,0;1
93.6,4,427.5,672.0,2,0;1
93.8,4,424.4,674.1,2,0;1
94.0,4,424.9,672.9,2,0;1
94.2,4,429.2,672.6,2,0;1
94.4,4,425.9,673.7,2,0;1
94.6,4,430.7,672.8,2,0;1
94.8,4,426.2,674.3,2,0;1
95.0,4,431.4,673.9,2,0;1
95.2,4,424.9,677.0,2,0;1
95.4,4,425.9,677.2,2,0;1
95.6,4,426.1,676.6,2,0;1
95.8,4,430.5,675.3,2,0;1
96.0,4,432.7,673.8,2,0;1
96.2,4,428.1,673.7,2,0;1
96.4,4,420.5,673.5,2,0;1
96.6,4,413.8,674.7,2,0;1
96.8,4,460.4,666.4,2,0;1
97.0,4,484.6,662.3,1,0;1
97.2,4,483.9,658.7,1,0;1
97.4,4,483.9,658.6,1,0;1
97.6,4,483.9,658.6,1,0;1
97.8,4,483.9,658.6,1,0;1
98.0,4,482.8,653.5,1,0;1
98.2,4,482.7,653.2,1,0;1
98.4,4,481.6,653.5,1,0;1
98.6,4,481.2,653.8,1,0;1
98.8,4,480.9,654.9,1,0;1
99.0,4,482.9,656.6,1,0;1
99.2,4,484.5,657.1,1,0;1
99.4,4,486.4,658.1,1,0;1
99.6,4,486.8,658.5,1,0;1
99.8,4,483.5,659.5,1,0;1
100.0,4,471.6,658.5,1,0;1
100.2,4,463.4,662.0,1,0;1
100.4,4,453.6,663.3,1,0;1
100.6,4,445.5,663.8,1,0;1
100.8,4,427.9,659.1,1,0;1
101.0,4,413.5,658.6,1,0;1
101.2,4,408.1,659.7,1,0;1
101.4,4,407.8,659.8,1,0;1
101.6,4,407.8,659.8,1,0;1
101.8,4,410.7,665.6,1,0;1
102.0,4,416.1,667.8,1,0;1
102.2,4,417.3,667.6,1,0;1
102.4,4,421.4,666.5,1,0;1
102.6,4,425.6,665.2,1,0;1
102.8,4,430.2,663.3,1,0;1
103.0,4,426.2,643.8,1,0;1
103.2,4,412.9,599.2,1,0;1
103.4,4,412.8,599.0,1,0;1
103.6,4,428.5,651.1,1,0;1
103.8,4,428.5,655.0,1,0;1
104.0,4,427.4,658.8,1,0;1
104.2,4,422.1,660.1,1,0;1
104.4,4,421.8,660.0,1,0;1
104.6,4,423.2,659.1,1,0;1
104.8,4,429.7,657.4,1,0;1
105.0,4,449.0,659.2,1,0;1
105.2,4,460.4,661.5,1,0;1
105.4,4,466.5,661.5,1,0;1
105.6,4,474.7,659.5,1,0;1
105.8,4,487.5,656.9,1,0;1
106.0,4,494.7,652.4,1,0;1
106.2,4,498.3,649.1,1,0;1
106.4,4,547.9,660.9,2,0;1
106.6,4,547.5,662.2,2,0;1
106.8,4,542.5,663.2,2,0;1
107.0,4,540.1,664.6,2,0;1
107.2,4,540.4,665.9,2,0;1
107.4,4,536.4,665.6,2,0;1
107.6,4,535.3,665.5,2,0;1
107.8,4,534.2,664.9,2,0;1
108.0,4,530.6,664.1,2,0;1
108.2,4,530.4,664.2,2,0;1
108.4,4,530.1,664.2,2,0;1
108.6,4,530.3,664.2,2,0;1
108.8,4,530.1,664.2,2,0;1
109.0,4,529.6,664.0,2,0;1
109.2,4,527.7,663.2,2,0;1
109.4,4,528.1,663.2,2,0;1
109.6,4,526.6,662.4,2,0;1
109.8,4,528.7,663.2,2,0;1
110.0,4,529.6,663.5,2,0;1
110.2,4,526.9,663.1,2,0;1
110.4,4,526.5,663.8,2,0;1
110.6,4,526.4,664.8,2,0;1
110.8,4,526.2,664.9,2,0;1
111.0,4,526.1,665.2,2,0;1
111.2,4,504.6,659.3,2,0;1
111.4,4,499.9,658.5,2,0;1
111.6,4,495.5,657.4,2,0;1
111.8,4,494.8,656.7,2,0;1
112.0,4,503.9,656.8,2,0;1
112.2,4,499.3,657.1,2,0;1
112.4,4,496.3,659.0,2,0;1
112.6,4,491.0,662.9,2,0;1
112.8,4,488.4,662.8,2,0;1
113.0,4,477.8,662.5,2,0;1
113.2,4,472.1,661.7,2,0;1
113.4,4,466.3,662.4,2,0;1
113.6,4,465.6,663.2,2,0;1
113.8,4,453.9,662.3,2,0;1
114.0,4,452.1,662.9,2,0;1
114.2,4,461.9,665.9,2,0;1
114.4,4,453.6,667.1,2,0;1
114.6,4,456.5,668.0,2,0;1
114.8,4,454.2,668.2,2,0;1
115.0,4,455.5,668.1,2,0;1
115.2,4,456.3,668.1,2,0;1
115.4,4,453.9,668.1,2,0;1
115.6,4,450.8,667.7,2,0;1
115.8,4,450.3,667.6,2,0;1
116.0,4,452.1,669.6,2,0;1
116.2,4,456.3,670.6,2,0;1
116.4,4,457.4,671.0,2,0;1
116.6,4,452.9,669.9,2,0;1
116.8,4,457.3,670.9,2,0;1
117.0,4,459.9,671.5,2,0;1
117.2,4,458.9,670.9,2,0;1
117.4,4,464.8,669.7,2,0;1
117.6,4,467.6,668.0,2,0;1
117.8,4,472.6,666.0,2,0;1
118.0,4,477.6,665.3,2,0;1
118.2,4,480.4,663.5,2,0;1
118.4,4,480.9,662.9,2,0;1
118.6,4,481.7,663.4,2,0;1
118.8,4,482.1,662.9,2,0;1
119.0,4,481.8,662.3,2,0;1
119.2,4,481.7,662.2,2,0;1
119.4,4,481.8,662.2,2,0;1
119.6,4,482.4,662.8,2,0;1
119.8,4,483.0,663.4,2,0;1
120.0,4,483.9,664.2,2,0;1
120.2,4,485.2,664.9,2,0;1
120.4,4,484.0,665.7,2,0;1
120.6,4,483.0,666.1,2,0;1
120.8,4,482.5,666.1,2,0;1
121.0,4,482.4,666.0,2,0;1
121.2,4,481.6,664.8,2,0;1
121.4,4,481.4,664.2,2,0;1
121.6,4,481.0,663.3,2,0;1
121.8,4,479.6,662.6,2,0;1
122.0,4,478.4,661.8,2,0;1
122.2,4,478.9,662.4,2,0;1
122.4,4,478.9,662.4,2,0;1
122.6,4,481.5,663.1,2,0;1
122.8,4,489.0,664.4,2,0;1
123.0,4,490.2,665.3,2,0;1
123.2,4,490.1,665.7,2,0;1
123.4,4,484.9,665.6,2,0;1
123.6,4,483.5,665.9,2,0;1
123.8,4,481.7,665.7,2,0;1
124.0,4,478.2,664.8,2,0;1
124.2,4,478.9,665.2,2,0;1
124.4,4,479.3,663.4,2,0;1
124.6,4,481.2,665.5,2,0;1
124.8,4,480.3,663.0,2,0;1
125.0,4,482.4,665.5,2,0;1
125.2,4,480.3,662.7,2,0;1
125.4,4,478.0,661.4,2,0;1
125.6,4,476.6,660.6,2,0;1
125.8,4,476.5,660.5,2,0;1
126.0,4,476.5,660.0,2,0;1
126.2,4,476.2,659.4,2,0;1
126.4,4,476.4,659.6,2,0;1
126.6,4,476.5,659.0,2,0;1
126.8,4,476.7,658.7,2,0;1
127.0,4,476.6,658.3,2,0;1
127.2,4,476.5,658.1,2,0;1
127.4,4,477.6,658.3,2,0;1
127.6,4,478.5,657.3,2,0;1
127.8,4,479.0,658.0,2,0;1
128.0,4,479.3,658.3,2,0;1
128.2,4,479.0,658.0,2,0;1
128.4,4,483.8,658.6,2,0;1
128.6,4,482.2,658.3,2,0;1
128.8,4,484.2,657.6,2,0;1
129.0,4,479.5,655.1,2,0;1
129.2,4,474.7,653.0,2,0;1
129.4,4,474.5,654.0,2,0;1
129.6,4,474.2,655.1,2,0;1
129.8,4,474.0,655.1,2,0;1
130.0,4,474.1,655.1,2,0;1
130.2,4,474.3,656.0,2,0;1
130.4,4,475.3,656.9,2,0;1
130.6,4,478.8,657.9,2,0;1
130.8,4,482.8,659.6,2,0;1
131.0,4,483.1,660.3,2,0;1
131.2,4,483.0,660.5,2,0;1
131.4,4,483.5,661.2,2,0;1
131.6,4,483.7,661.6,2,0;1
131.8,4,484.3,661.3,2,0;1
132.0,4,481.6,660.1,2,0;1
132.2,4,480.1,657.3,2,0;1
132.4,4,478.6,656.9,2,0;1
132.6,4,478.0,656.9,2,0;1
132.8,4,479.3,657.4,2,0;1
133.0,4,479.1,658.1,2,0;1
133.2,4,486.5,659.8,2,0;1
133.4,4,486.8,659.4,2,0;1
133.6,4,485.8,662.8,2,0;1
133.8,4,485.9,665.3,2,0;1
134.0,4,486.1,663.7,2,0;1
134.2,4,486.7,666.6,2,0;1
134.4,4,486.5,665.0,2,0;1
134.6,4,486.8,664.1,2,0;1
134.8,4,486.8,664.0,2,0;1
135.0,4,486.9,664.6,2,0;1
135.2,4,487.0,665.2,2,0;1
135.4,4,487.0,665.3,2,0;1
135.6,4,487.0,665.3,2,0;1
135.8,4,487.0,665.3,2,0;1
136.0,4,486.9,665.0,2,0;1
136.2,4,486.1,664.5,2,0;1
136.4,4,486.9,666.0,2,0;1
136.6,4,487.1,666.1,2,0;1
136.8,4,487.4,666.5,2,0;1
137.0,4,488.8,666.5,2,0;1
137.2,4,489.8,666.5,2,0;1
137.4,4,490.0,666.3,2,0;1
137.6,4,490.2,666.0,2,0;1
137.8,4,488.7,665.8,2,0;1
138.0,4,485.4,666.4,2,0;1
138.2,4,481.5,668.6,2,0;1
138.4,4,480.3,668.8,2,0;1
138.6,4,479.6,668.7,2,0;1
138.8,4,478.7,668.8,2,0;1
139.0,4,478.7,668.6,2,0;1
139.2,4,480.1,668.2,2,0;1
139.4,4,482.5,667.8,2,0;1
139.6,4,483.3,667.1,2,0;1
139.8,4,482.7,666.1,2,0;1
140.0,4,483.6,664.5,2,0;1
140.2,4,484.0,663.8,2,0;1
140.4,4,484.5,663.2,2,0;1
140.6,4,486.9,663.1,2,0;1
140.8,4,488.1,663.1,2,0;1
141.0,4,487.9,662.8,2,0;1
141.2,4,486.0,662.6,2,0;1
141.4,4,486.7,662.6,2,0;1
141.6,4,490.6,663.0,2,0;1
141.8,4,490.6,663.0,2,0;1
142.0,4,492.3,663.2,2,0;1
142.2,4,489.1,662.8,2,0;1
142.4,4,489.0,662.8,2,0;1
142.6,4,493.5,663.5,2,0;1
142.8,4,493.7,663.8,2,0;1
143.0,4,500.7,665.0,2,0;1
143.2,4,503.8,666.6,2,0;1
143.4,4,499.9,667.1,2,0;1
143.6,4,495.7,665.3,2,0;1
143.8,4,486.8,665.5,2,0;1
144.0,4,495.3,661.6,2,0;1
144.2,4,494.4,661.8,2,0;1
144.4,4,498.5,664.0,2,0;1
144.6,4,499.6,660.0,2,0;1
144.8,4,492.3,657.0,2,0;1
145.0,4,493.1,652.4,2,0;1
145.2,4,494.1,650.9,2,0;1
145.4,4,493.9,649.6,2,0;1
145.6,4,489.7,652.3,2,0;1
145.8,4,487.2,654.0,2,0;1
146.0,4,486.9,654.7,2,0;1
146.2,4,483.5,660.0,2,0;1
146.4,4,482.5,662.4,2,0;1
146.6,4,482.7,662.2,2,0;1
146.8,4,479.1,666.2,2,0;1
147.0,4,479.9,667.7,2,0;1
147.2,4,479.3,670.5,2,0;1
147.4,4,483.7,667.3,2,0;1
147.6,4,478.8,671.0,2,0;1
147.8,4,479.3,670.9,2,0;1
148.0,4,477.1,674.6,2,0;1
148.2,4,478.0,674.1,2,0;1
148.4,4,476.4,675.3,2,0;1
148.6,4,476.9,672.8,2,0;1
148.8,4,477.5,668.3,2,0;1
149.0,4,475.8,671.7,2,0;1
149.2,4,477.6,674.9,2,0;1
149.4,4,481.7,673.4,2,0;1
149.6,4,487.7,670.4,2,0;1
149.8,4,489.3,670.5,2,0;1
150.0,4,489.6,670.1,2,0;1
150.2,4,489.4,669.3,2,0;1
150.4,4,489.2,669.0,2,0;1
150.6,4,491.3,668.3,2,0;1
150.8,4,492.1,667.5,2,0;1
151.0,4,484.7,664.7,2,0;1
151.2,4,476.7,667.7,2,0;1
151.4,4,472.7,669.2,2,0;1
151.6,4,470.6,669.3,2,0;1
151.8,4,464.9,669.2,2,0;1
152.0,4,463.9,669.6,2,0;1
152.2,4,462.8,669.7,2,0;1
152.4,4,461.9,669.7,2,0;1
152.6,4,460.8,669.4,2,0;1
152.8,4,458.5,669.2,2,0;1
153.0,4,456.2,669.1,2,0;1
153.2,4,455.3,669.0,2,0;1
153.4,4,454.8,669.0,2,0;1
153.6,4,449.4,647.7,2,0;1
153.8,4,451.7,649.8,2,0;1
154.0,4,459.5,667.7,2,0;1
154.2,4,458.7,667.6,2,0;1
154.4,4,458.8,667.6,2,0;1
154.6,4,460.3,667.7,2,0;1
154.8,4,458.1,663.9,2,0;1
155.0,4,448.7,661.4,2,0;1
155.2,4,451.5,663.3,2,0;1
155.4,4,451.2,663.7,2,0;1
155.6,4,454.6,664.3,2,0;1
155.8,4,456.9,664.6,2,0;1
156.0,4,456.2,664.7,2,0;1
156.2,4,458.6,665.3,2,0;1
156.4,4,459.6,665.4,2,0;1
156.6,4,464.6,667.4,2,0;1
156.8,4,472.5,669.8,2,0;1
157.0,4,476.6,669.4,2,0;1
157.2,4,482.4,668.4,2,0;1
157.4,4,489.8,667.2,2,0;1
157.6,4,494.4,666.2,2,0;1
157.8,4,495.9,665.4,2,0;1
158.0,4,492.8,663.8,2,0;1
158.2,4,487.2,663.1,2,0;1
158.4,4,485.3,662.8,2,0;1
158.6,4,482.9,666.4,2,0;1
158.8,4,478.8,667.4,2,0;1
159.0,4,475.7,666.2,2,0;1
159.2,4,474.4,665.8,2,0;1
159.4,4,474.3,665.6,2,0;1
159.6,4,474.0,665.7,2,0;1
159.8,4,473.4,666.1,2,0;1
160.0,4,473.8,667.0,2,0;1
160.2,4,473.7,667.2,2,0;1
160.4,4,474.9,668.2,2,0;1
160.6,4,474.8,668.3,2,0;1
160.8,4,474.0,668.1,2,0;1
161.0,4,473.5,668.3,2,0;1
161.2,4,474.0,668.8,2,0;1
161.4,4,475.0,668.8,2,0;1
161.6,4,476.5,668.6,2,0;1
161.8,4,476.5,668.3,2,0;1
162.0,4,476.7,668.0,2,0;1
162.2,4,476.1,667.4,2,0;1
162.4,4,475.4,665.7,2,0;1
162.6,4,474.5,665.5,2,0;1
162.8,4,474.8,665.9,2,0;1
163.0,4,475.6,666.1,2,0;1
163.2,4,475.6,666.1,2,0;1
163.4,4,474.5,665.6,2,0;1
163.6,4,470.0,664.8,2,0;1
163.8,4,463.2,665.5,2,0;1
164.0,4,459.1,665.9,2,0;1
164.2,4,454.6,666.4,2,0;1
164.4,4,448.6,668.1,2,0;1
164.6,4,446.3,668.7,2,0;1
164.8,4,443.5,668.7,2,0;1
165.0,4,443.1,667.8,2,0;1
165.2,4,442.8,666.2,2,0;1
165.4,4,443.5,666.4,2,0;1
165.6,4,444.9,668.7,2,0;1
165.8,4,447.6,670.4,2,0;1
166.0,4,446.4,670.1,2,0;1
166.2,4,444.7,669.1,2,0;1
166.4,4,439.5,665.8,2,0;1
166.6,4,431.7,644.0,2,0;1
166.8,4,431.1,644.6,2,0;1
167.0,4,411.6,632.0,2,0;1
167.2,4,408.9,633.7,2,0;1
167.4,4,400.0,626.5,2,0;1
167.6,4,404.5,630.1,2,0;1
167.8,4,423.5,640.1,2,0;1
168.0,4,417.3,636.0,2,0;1
168.2,4,424.0,645.1,2,0;1
168.4,4,421.8,645.9,2,0;1
168.6,4,413.3,640.4,2,0;1
168.8,4,411.8,639.1,2,0;1
169.0,4,410.7,638.0,2,0;1
169.2,4,415.5,641.9,2,0;1
169.4,4,428.1,655.0,2,0;1
169.6,4,435.6,670.5,2,0;1
169.8,4,434.7,670.2,2,0;1
170.0,4,435.7,670.6,2,0;1
170.2,4,428.2,649.0,2,0;1
170.4,4,424.7,646.6,2,0;1
170.6,4,428.5,658.8,2,0;1
170.8,4,433.4,671.9,2,0;1
171.0,4,433.6,672.2,2,0;1
171.2,4,433.8,671.9,2,0;1
171.4,4,434.4,672.4,2,0;1
171.6,4,434.2,672.2,2,0;1
171.8,4,434.4,672.1,2,0;1
172.0,4,435.3,672.5,2,0;1
172.2,4,435.3,672.7,2,0;1
172.4,4,434.6,672.9,2,0;1
172.6,4,434.2,672.3,2,0;1
172.8,4,433.2,671.9,2,0;1
173.0,4,426.7,656.3,2,0;1
173.2,4,430.6,656.6,2,0;1
173.4,4,432.9,659.7,2,0;1
173.6,4,436.6,670.4,2,0;1
173.8,4,439.3,671.8,2,0;1
174.0,4,443.1,672.8,2,0;1
174.2,4,446.2,672.7,2,0;1
174.4,4,450.2,672.4,2,0;1
174.6,4,455.6,672.1,2,0;1
174.8,4,461.2,671.7,2,0;1
175.0,4,464.0,670.3,2,0;1
175.2,4,464.5,670.3,2,0;1
175.4,4,464.4,670.3,2,0;1
175.6,4,464.2,671.0,2,0;1
175.8,4,464.3,670.9,2,0;1
176.0,4,463.5,670.3,2,0;1
176.2,4,463.6,670.0,2,0;1
176.4,4,464.2,669.6,2,0;1
176.6,4,462.6,669.0,2,0;1
176.8,4,458.5,667.6,2,0;1
177.0,4,456.1,668.0,2,0;1
177.2,4,458.1,667.3,2,0;1
177.4,4,456.1,667.0,2,0;1
177.6,4,456.8,666.9,2,0;1
177.8,4,456.1,667.0,2,0;1
178.0,4,456.6,666.9,2,0;1
178.2,4,463.1,665.6,2,0;1
178.4,4,468.7,664.5,2,0;1
178.6,4,464.6,665.2,2,0;1
178.8,4,461.0,665.4,2,0;1
179.0,4,457.8,665.3,2,0;1
179.2,4,455.2,665.8,2,0;1
179.4,4,452.7,665.6,2,0;1
179.6,4,450.4,665.8,2,0;1
179.8,4,454.8,664.9,2,0;1
180.0,4,446.5,666.6,2,0;1
180.2,4,446.6,667.3,2,0;1
180.4,4,445.4,668.1,2,0;1
180.6,4,444.7,668.9,2,0;1
180.8,4,444.8,669.1,2,0;1
181.0,4,444.5,669.3,2,0;1
181.2,4,444.4,669.3,2,0;1
181.4,4,443.4,669.4,2,0;1
181.6,4,443.4,669.4,2,0;1
181.8,4,442.0,669.1,2,0;1
182.0,4,441.3,668.9,2,0;1
182.2,4,441.5,668.9,2,0;1
182.4,4,441.7,668.9,2,0;1
182.6,4,441.9,668.8,2,0;1
182.8,4,442.0,668.8,2,0;1
183.0,4,441.4,668.6,2,0;1
183.2,4,440.7,668.6,2,0;1
183.4,4,440.7,668.6,2,0;1
183.6,4,440.6,668.6,2,0;1
183.8,4,439.9,667.8,2,0;1
184.0,4,441.2,667.3,2,0;1
184.2,4,442.1,667.0,2,0;1
184.4,4,442.8,666.8,2,0;1
184.6,4,443.5,666.7,2,0;1
184.8,4,446.7,666.6,2,0;1
185.0,4,447.7,667.1,2,0;1
185.2,4,446.6,667.6,2,0;1
185.4,4,447.8,668.0,2,0;1
185.6,4,449.4,668.6,2,0;1
185.8,4,449.9,668.7,2,0;1
186.0,4,449.7,669.7,2,0;1
186.2,4,449.4,669.9,2,0;1
186.4,4,448.7,670.0,2,0;1
186.6,4,445.4,672.0,2,0;1
186.8,4,445.3,673.8,2,0;1
187.0,4,442.6,671.3,2,0;1
187.2,4,450.5,669.6,2,0;1
187.4,4,450.3,669.5,2,0;1
187.6,4,450.8,669.4,2,0;1
187.8,4,450.5,669.4,2,0;1
188.0,4,450.4,669.4,2,0;1
188.2,4,451.6,669.5,2,0;1
188.4,4,452.5,669.2,2,0;1
188.6,4,452.4,669.1,2,0;1
188.8,4,451.2,669.0,2,0;1
189.0,4,450.1,668.9,2,0;1
189.2,4,449.6,669.0,2,0;1
189.4,4,449.1,668.9,2,0;1
189.6,4,448.3,669.0,2,0;1
189.8,4,443.3,673.7,2,0;1
190.0,4,442.4,674.2,2,0;1
190.2,4,443.4,672.6,2,0;1
190.4,4,447.6,670.6,2,0;1
190.6,4,445.5,671.2,2,0;1
190.8,4,449.5,670.7,2,0;1
191.0,4,447.3,671.1,2,0;1
191.2,4,446.1,671.3,2,0;1
191.4,4,446.1,671.3,2,0;1
191.6,4,447.1,671.1,2,0;1
191.8,4,445.5,671.4,2,0;1
192.0,4,447.5,670.8,2,0;1
192.2,4,446.6,671.0,2,0;1
192.4,4,445.7,671.4,2,0;1
192.6,4,445.6,671.4,2,0;1
192.8,4,445.6,671.5,2,0;1
193.0,4,440.7,672.5,2,0;1
193.2,4,449.8,670.7,2,0;1
193.4,4,450.4,670.6,2,0;1
193.6,4,449.4,670.8,2,0;1
193.8,4,452.2,670.3,2,0;1
194.0,4,452.9,670.1,2,0;1
194.2,4,451.9,670.5,2,0;1
194.4,4,450.2,671.1,2,0;1
194.6,4,454.1,670.5,2,0;1
194.8,4,458.5,671.1,2,0;1
195.0,4,458.3,671.7,2,0;1
195.2,4,459.4,671.5,2,0;1
195.4,4,461.9,670.9,2,0;1
195.6,4,460.9,671.2,2,0;1
195.8,4,461.9,670.9,2,0;1
196.0,4,468.6,669.0,2,0;1
196.2,4,460.3,671.4,2,0;1
196.4,4,456.4,671.3,2,0;1
196.6,4,457.0,671.0,2,0;1
196.8,4,459.1,671.3,2,0;1
197.0,4,460.3,671.2,2,0;1
197.2,4,461.0,671.1,2,0;1
197.4,4,460.7,671.1,2,0;1
197.6,4,461.3,671.0,2,0;1
197.8,4,461.0,671.1,2,0;1
198.0,4,460.9,670.8,2,0;1
198.2,4,460.8,669.6,2,0;1
198.4,4,461.0,668.0,2,0;1
198.6,4,461.0,668.0,2,0;1
198.8,4,461.4,667.9,2,0;1
199.0,4,462.3,668.5,2,0;1
199.2,4,462.9,669.9,2,0;1
199.4,4,462.6,671.7,2,0;1
199.6,4,462.8,671.7,2,0;1
199.8,4,463.2,671.6,2,0;1
200.0,4,463.3,671.6,2,0;1
200.2,4,463.7,671.5,2,0;1
200.4,4,463.8,671.5,2,0;1
200.6,4,463.8,671.5,2,0;1
200.8,4,463.4,671.6,2,0;1
201.0,4,462.7,671.9,2,0;1
201.2,4,462.5,672.0,2,0;1
201.4,4,462.3,672.2,2,0;1
201.6,4,461.8,672.3,2,0;1
201.8,4,461.3,672.5,2,0;1
202.0,4,458.4,673.4,2,0;1
202.2,4,458.1,673.5,2,0;1
202.4,4,457.5,673.7,2,0;1
202.6,4,460.8,672.6,2,0;1
202.8,4,463.6,671.8,2,0;1
203.0,4,463.3,671.9,2,0;1
203.2,4,462.8,672.0,2,0;1
203.4,4,462.1,672.3,2,0;1
203.6,4,463.5,671.8,2,0;1
203.8,4,461.6,672.4,2,0;1
204.0,4,461.0,672.6,2,0;1
204.2,4,456.4,671.9,2,0;1
204.4,4,453.8,671.9,2,0;1
204.6,4,453.2,672.0,2,0;1
204.8,4,453.1,671.5,2,0;1
205.0,4,450.7,671.7,2,0;1
205.2,4,449.3,671.8,2,0;1
205.4,4,449.8,671.7,2,0;1
205.6,4,450.3,671.4,2,0;1
205.8,4,449.1,671.3,2,0;1
206.0,4,450.3,670.5,2,0;1
206.2,4,450.2,670.1,2,0;1
206.4,4,449.9,670.1,2,0;1
206.6,4,449.2,670.1,2,0;1
206.8,4,448.7,670.2,2,0;1
207.0,4,447.0,670.5,2,0;1
207.2,4,444.6,670.9,2,0;1
207.4,4,443.5,671.1,2,0;1
207.6,4,443.0,671.2,2,0;1
207.8,4,439.7,671.8,2,0;1
208.0,4,449.8,670.1,2,0;1
208.2,4,450.2,670.2,2,0;1
208.4,4,450.3,670.6,2,0;1
208.6,4,449.9,670.9,2,0;1
208.8,4,451.9,670.7,2,0;1
209.0,4,451.6,670.7,2,0;1
209.2,4,451.8,670.7,2,0;1
209.4,4,437.1,672.7,2,0;1
209.6,4,424.5,674.4,2,0;1
209.8,4,429.7,673.6,2,0;1
210.0,4,433.9,673.0,2,0;1
210.2,4,435.6,672.8,2,0;1
210.4,4,428.0,673.8,2,0;1
210.6,4,419.6,675.0,2,0;1
210.8,4,415.9,675.5,2,0;1
211.0,4,418.9,675.0,2,0;1
211.2,4,420.8,674.7,2,0;1
211.4,4,421.3,674.6,2,0;1
211.6,4,421.9,674.5,2,0;1
211.8,4,423.0,674.3,2,0;1
212.0,4,426.6,673.7,2,0;1
212.2,4,425.4,673.1,2,0;1
212.4,4,422.3,672.3,2,0;1
212.6,4,422.7,672.3,2,0;1
212.8,4,422.2,673.0,2,0;1
213.0,4,418.9,674.4,2,0;1
213.2,4,429.9,674.4,2,0;1
213.4,4,438.1,673.7,2,0;1
213.6,4,441.8,673.4,2,0;1
213.8,4,441.0,674.3,2,0;1
214.0,4,434.7,675.3,2,0;1
214.2,4,434.6,675.0,2,0;1
214.4,4,441.4,672.6,2,0;1
214.6,4,440.4,670.5,2,0;1
214.8,4,438.7,667.2,2,0;1
215.0,4,440.5,666.5,2,0;1
215.2,4,441.2,666.1,2,0;1
215.4,4,445.7,664.8,2,0;1
215.6,4,444.3,667.0,2,0;1
215.8,4,447.9,666.3,2,0;1
216.0,4,448.6,665.7,2,0;1
216.2,4,448.6,665.2,2,0;1
216.4,4,448.3,664.9,2,0;1
216.6,4,447.2,664.7,2,0;1
216.8,4,446.6,664.7,2,0;1
217.0,4,446.2,664.6,2,0;1
217.2,4,445.9,664.3,2,0;1
217.4,4,445.8,664.1,2,0;1
217.6,4,445.5,664.0,2,0;1
217.8,4,445.2,664.3,2,0;1
218.0,4,444.5,664.6,2,0;1
218.2,4,444.4,665.4,2,0;1
218.4,4,441.4,666.3,2,0;1
218.6,4,441.7,669.1,2,0;1
218.8,4,442.2,668.9,2,0;1
219.0,4,444.8,669.0,2,0;1
219.2,4,440.8,670.4,2,0;1
219.4,4,439.9,671.5,2,0;1
219.6,4,443.7,671.5,2,0;1
219.8,4,446.9,670.6,2,0;1
220.0,4,448.4,672.2,2,0;1
220.2,4,447.4,672.5,2,0;1
220.4,4,447.9,672.9,2,0;1
220.6,4,449.1,672.8,2,0;1
220.8,4,451.8,672.2,2,0;1
221.0,4,449.0,672.9,2,0;1
221.2,4,448.5,671.4,2,0;1
221.4,4,447.6,668.8,2,0;1
221.6,4,449.1,667.9,2,0;1
221.8,4,447.6,667.8,2,0;1
222.0,4,444.0,667.5,2,0;1
222.2,4,448.6,664.9,2,0;1
222.4,4,447.8,665.4,2,0;1
222.6,4,450.3,664.3,2,0;1
222.8,4,450.5,666.0,2,0;1
223.0,4,452.3,666.4,2,0;1
223.2,4,454.5,667.6,2,0;1
223.4,4,452.3,668.9,2,0;1
223.6,4,453.5,668.8,2,0;1
223.8,4,453.6,669.1,2,0;1
224.0,4,455.9,668.9,2,0;1
224.2,4,455.1,669.2,2,0;1
224.4,4,453.9,669.7,2,0;1
224.6,4,448.4,670.8,2,0;1
224.8,4,449.3,669.9,2,0;1
225.0,4,449.4,669.3,2,0;1
225.2,4,448.6,669.1,2,0;1
225.4,4,448.5,668.6,2,0;1
225.6,4,450.2,666.3,2,0;1
225.8,4,449.6,666.1,2,0;1
226.0,4,448.0,666.4,2,0;1
226.2,4,442.7,668.3,2,0;1
226.4,4,442.1,668.1,2,0;1
226.6,4,441.3,668.5,2,0;1
226.8,4,441.0,668.7,2,0;1
227.0,4,442.2,668.1,2,0;1
227.2,4,442.6,668.6,2,0;1
227.4,4,442.1,669.2,2,0;1
227.6,4,443.2,668.8,2,0;1
227.8,4,443.1,669.1,2,0;1
228.0,4,442.6,669.3,2,0;1
228.2,4,444.2,668.6,2,0;1
228.4,4,447.7,666.9,2,0;1
228.6,4,450.4,665.7,2,0;1
228.8,4,447.3,667.4,2,0;1
229.0,4,446.7,668.2,2,0;1
229.2,4,448.9,667.0,2,0;1
229.4,4,450.0,665.6,2,0;1
229.6,4,448.6,666.4,2,0;1
229.8,4,452.0,665.6,2,0;1
230.0,4,458.5,662.5,2,0;1
230.2,4,461.9,664.5,2,0;1
230.4,4,457.6,667.6,2,0;1
230.6,4,459.3,669.9,2,0;1
230.8,4,455.1,667.8,2,0;1
231.0,4,452.6,666.4,2,0;1
231.2,4,447.9,664.6,2,0;1
231.4,4,445.3,664.3,2,0;1
231.6,4,442.0,665.1,2,0;1
231.8,4,443.6,664.7,2,0;1
232.0,4,446.7,663.2,2,0;1
232.2,4,443.5,663.7,2,0;1
232.4,4,441.5,664.1,2,0;1
232.6,4,436.1,664.9,2,0;1
232.8,4,437.7,665.6,2,0;1
233.0,4,432.7,669.9,2,0;1
233.2,4,446.7,671.4,2,0;1
233.4,4,454.4,672.8,2,0;1
233.6,4,459.9,673.4,2,0;1
233.8,4,453.0,673.8,2,0;1
234.0,4,452.5,673.8,2,0;1
234.2,4,452.2,673.7,2,0;1
234.4,4,453.6,673.1,2,0;1
234.6,4,452.3,671.6,2,0;1
234.8,4,452.7,670.2,2,0;1
235.0,4,450.9,669.5,2,0;1
235.2,4,441.4,671.9,2,0;1
235.4,4,434.1,671.0,2,0;1
235.6,4,427.3,670.6,2,0;1
235.8,4,424.7,669.7,2,0;1
236.0,4,424.5,669.0,2,0;1
236.2,4,425.4,668.8,2,0;1
236.4,4,429.0,669.1,2,0;1
236.6,4,433.3,667.6,2,0;1
236.8,4,438.4,666.7,2,0;1
237.0,4,400.0,687.2,1,0;1
237.2,4,400.0,687.2,1,0;1
237.4,4,400.9,685.9,1,0;1
237.6,4,400.9,685.7,1,0;1
237.8,4,401.9,685.6,1,0;1
238.0,4,408.0,686.9,1,0;1
238.2,4,408.8,687.3,1,0;1
238.4,4,409.6,688.0,1,0;1
238.6,4,407.5,689.6,1,0;1
238.8,4,405.1,691.0,1,0;1
239.0,4,393.4,689.9,1,0;1
239.2,4,403.3,690.3,1,0;1
239.4,4,393.8,688.5,1,0;1
239.6,4,383.4,686.6,1,0;1
239.8,4,378.8,685.5,1,0;1
240.0,4,377.3,683.4,1,0;1
240.2,4,375.7,681.2,1,0;1
240.4,4,374.7,679.4,1,0;1
240.6,4,374.6,678.9,1,0;1
240.8,4,376.3,678.5,1,0;1
241.0,4,378.1,677.8,1,0;1
241.2,4,379.6,677.6,1,0;1
241.4,4,381.8,676.5,1,0;1
241.6,4,382.4,675.9,1,0;1
241.8,4,382.1,674.5,1,0;1
242.0,4,382.1,674.5,1,0;1
242.2,4,382.1,674.5,1,0;1
242.4,4,382.1,676.8,1,0;1
242.6,4,381.7,677.6,1,0;1
242.8,4,374.7,680.3,1,0;1
243.0,4,371.6,680.7,1,0;1
243.2,4,368.2,681.1,1,0;1
243.4,4,360.4,684.8,1,0;1
243.6,4,328.5,680.8,1,0;1
243.8,4,326.8,680.8,1,0;1
244.0,4,324.2,682.1,1,0;1
244.2,4,313.8,681.5,1,0;1
244.4,4,313.8,681.5,1,0;1
244.6,4,307.2,680.0,1,0;1
244.8,4,311.1,679.3,1,0;1
245.0,4,315.9,678.8,1,0;1
245.2,4,320.0,678.8,1,0;1
245.4,4,320.9,682.0,1,0;1
245.6,4,321.1,685.4,1,0;1
245.8,4,321.1,685.4,1,0;1
246.0,4,321.2,684.8,1,0;1
246.2,4,325.1,681.5,1,0;1
246.4,4,325.3,681.3,1,0;1
246.6,4,323.8,680.3,1,0;1
246.8,4,323.8,680.3,1,0;1
247.0,4,331.1,680.9,1,0;1
247.2,4,331.5,680.9,1,0;1
247.4,4,331.8,681.0,1,0;1
247.6,4,325.6,680.0,1,0;1
247.8,4,314.1,678.3,1,0;1
248.0,4,308.4,677.4,1,0;1
248.2,4,313.0,676.2,1,0;1
248.4,4,313.0,676.2,1,0;1
248.6,4,314.4,676.2,1,0;1
248.8,4,314.4,676.2,1,0;1
249.0,4,315.1,676.3,1,0;1
249.2,4,320.2,673.1,1,0;1
249.4,4,336.7,670.8,1,0;1
249.6,4,348.2,669.3,1,0;1
249.8,4,354.7,669.5,1,0;1
250.0,4,357.0,669.1,1,0;1
250.2,4,356.8,669.8,1,0;1
250.4,4,357.7,673.8,1,0;1
250.6,4,357.2,675.7,1,0;1
250.8,4,357.6,678.1,1,0;1
251.0,4,368.6,683.3,1,0;1
251.2,4,368.7,683.4,1,0;1
251.4,4,367.9,685.0,1,0;1
251.6,4,366.8,687.1,1,0;1
251.8,4,369.0,688.5,1,0;1
252.0,4,374.5,692.2,1,0;1
252.2,4,375.7,692.7,1,0;1
252.4,4,377.4,693.2,1,0;1
252.6,4,379.9,694.1,1,0;1
252.8,4,388.1,696.8,1,0;1
253.0,4,391.4,697.7,1,0;1
253.2,4,394.2,698.4,1,0;1
253.4,4,394.6,698.3,1,0;1
253.6,4,394.6,698.3,1,0;1
253.8,4,394.6,698.3,1,0;1
254.0,4,387.8,697.2,1,0;1
254.2,4,380.9,696.2,1,0;1
254.4,4,378.1,695.8,1,0;1
254.6,4,377.9,695.8,1,0;1
254.8,4,377.7,695.8,1,0;1
255.0,4,377.0,695.6,1,0;1
255.2,4,376.4,695.5,1,0;1
255.4,4,376.4,695.5,1,0;1
255.6,4,377.1,695.2,1,0;1
255.8,4,393.0,696.8,1,0;1
256.0,4,395.3,697.0,1,0;1
256.2,4,395.4,697.0,1,0;1
256.4,4,394.7,696.7,1,0;1
256.6,4,393.9,696.5,1,0;1
256.8,4,393.0,696.3,1,0;1
257.0,4,393.0,696.3,1,0;1
257.2,4,391.7,696.0,1,0;1
257.4,4,383.0,694.5,1,0;1
257.6,4,377.9,693.6,1,0;1
257.8,4,377.9,693.6,1,0;1
258.0,4,377.9,693.6,1,0;1
258.2,4,378.1,693.6,1,0;1
258.4,4,382.6,694.2,1,0;1
258.6,4,383.1,693.9,1,0;1
258.8,4,385.2,692.2,1,0;1
259.0,4,387.8,691.4,1,0;1
259.2,4,388.0,691.3,1,0;1
259.4,4,388.4,693.2,1,0;1
259.6,4,399.8,697.8,1,0;1
259.8,4,405.4,698.8,1,0;1
260.0,4,405.6,698.8,1,0;1
260.2,4,392.0,696.0,1,0;1
260.4,4,378.5,693.8,1,0;1
260.6,4,378.2,693.8,1,0;1
260.8,4,385.7,695.6,1,0;1
261.0,4,391.2,696.4,1,0;1
261.2,4,392.0,696.4,1,0;1
261.4,4,392.0,696.4,1,0;1
261.6,4,392.0,696.4,1,0;1
261.8,4,390.7,695.9,1,0;1
262.0,4,389.3,695.3,1,0;1
262.2,4,389.2,695.3,1,0;1
262.4,4,391.2,696.0,1,0;1
262.6,4,391.2,696.0,1,0;1
262.8,4,389.8,696.0,1,0;1
263.0,4,389.8,696.0,1,0;1
263.2,4,392.1,696.1,1,0;1
263.4,4,394.6,696.4,1,0;1
263.6,4,394.6,696.4,1,0;1
263.8,4,383.2,694.8,1,0;1
264.0,4,383.2,694.8,1,0;1
264.2,4,383.9,695.1,1,0;1
264.4,4,384.6,695.4,1,0;1
264.6,4,384.4,695.3,1,0;1
264.8,4,381.3,694.6,1,0;1
265.0,4,381.3,694.6,1,0;1
265.2,4,381.3,694.6,1,0;1
265.4,4,380.9,693.7,1,0;1
265.6,4,378.6,692.0,1,0;1
265.8,4,371.7,690.3,1,0;1
266.0,4,357.7,687.5,1,0;1
266.2,4,357.7,687.5,1,0;1
266.4,4,364.3,689.5,1,0;1
266.6,4,365.8,691.2,1,0;1
266.8,4,357.7,691.4,1,0;1
267.0,4,354.8,692.9,1,0;1
267.2,4,354.0,693.8,1,0;1
267.4,4,346.6,692.9,1,0;1
267.6,4,342.9,691.9,1,0;1
267.8,4,337.7,690.8,1,0;1
268.0,4,330.7,689.9,1,0;1
268.2,4,318.1,692.2,1,0;1
268.4,4,308.7,692.1,1,0;1
268.6,4,303.0,692.2,1,0;1
0.0,5,418.3,629.0,1,0;1
0.2,5,418.3,629.0,1,0;1
0.4,5,418.3,629.0,1,0;1
0.6,5,418.3,629.0,1,0;1
0.8,5,418.3,629.0,1,0;1
1.0,5,418.3,629.0,1,0;1
1.2,5,418.3,629.0,1,0;1
1.4,5,418.3,629.0,1,0;1
1.6,5,437.2,637.0,2,0;1
1.8,5,437.1,637.0,2,0;1
2.0,5,438.8,637.7,2,0;1
2.2,5,440.1,638.6,2,0;1
2.4,5,440.8,639.3,2,0;1
2.6,5,441.4,639.6,2,0;1
2.8,5,441.3,639.7,2,0;1
3.0,5,442.5,640.0,2,0;1
3.2,5,443.4,640.2,2,0;1
3.4,5,443.8,640.2,2,0;1
3.6,5,443.8,640.2,2,0;1
3.8,5,444.2,640.5,2,0;1
4.0,5,444.5,640.6,2,0;1
4.2,5,444.7,640.7,2,0;1
4.4,5,444.4,640.6,2,0;1
4.6,5,444.2,640.4,2,0;1
4.8,5,443.7,640.2,2,0;1
5.0,5,445.6,640.6,2,0;1
5.2,5,445.6,640.5,2,0;1
5.4,5,457.9,646.3,2,0;1
5.6,5,446.0,640.7,2,0;1
5.8,5,446.2,640.8,2,0;1
6.0,5,444.8,640.8,2,0;1
6.2,5,444.4,640.7,2,0;1
6.4,5,444.7,640.8,2,0;1
6.6,5,444.9,640.9,2,0;1
6.8,5,444.9,640.9,2,0;1
7.0,5,444.6,640.8,2,0;1
7.2,5,444.4,640.7,2,0;1
7.4,5,444.4,640.7,2,0;1
7.6,5,444.6,640.8,2,0;1
7.8,5,444.7,640.9,2,0;1
8.0,5,445.7,640.4,2,0;1
8.2,5,446.1,640.6,2,0;1
8.4,5,446.0,640.5,2,0;1
8.6,5,445.3,640.3,2,0;1
8.8,5,444.7,640.4,2,0;1
9.0,5,445.2,640.7,2,0;1
9.2,5,445.3,640.8,2,0;1
9.4,5,445.3,640.8,2,0;1
9.6,5,445.4,640.9,2,0;1
9.8,5,445.1,640.7,2,0;1
10.0,5,445.2,640.8,2,0;1
10.2,5,445.2,640.8,2,0;1
10.4,5,445.3,640.8,2,0;1
10.6,5,445.4,640.9,2,0;1
10.8,5,445.3,640.8,2,0;1
11.0,5,445.5,640.9,2,0;1
11.2,5,445.3,640.8,2,0;1
11.4,5,445.3,640.2,2,0;1
11.6,5,445.4,639.7,2,0;1
11.8,5,445.7,639.5,2,0;1
12.0,5,445.9,639.3,2,0;1
12.2,5,446.3,639.4,2,0;1
12.4,5,446.3,639.4,2,0;1
12.6,5,446.2,639.3,2,0;1
12.8,5,446.0,639.3,2,0;1
13.0,5,446.0,639.0,2,0;1
13.2,5,446.3,638.8,2,0;1
13.4,5,446.5,638.9,2,0;1
13.6,5,446.4,638.8,2,0;1
13.8,5,446.5,639.3,2,0;1
14.0,5,446.5,639.4,2,0;1
14.2,5,446.4,639.4,2,0;1
14.4,5,446.4,639.4,2,0;1
14.6,5,446.6,639.5,2,0;1
14.8,5,446.6,639.5,2,0;1
15.0,5,446.5,638.7,2,0;1
15.2,5,445.7,638.3,2,0;1
15.4,5,435.9,637.2,2,0;1
15.6,5,428.3,636.1,2,0;1
15.8,5,403.7,622.6,1,0;1
16.0,5,403.2,621.7,1,0;1
16.2,5,401.2,620.8,1,0;1
16.4,5,401.1,620.7,1,0;1
16.6,5,399.7,620.3,1,0;1
16.8,5,398.7,620.0,1,0;1
17.0,5,398.6,620.0,1,0;1
17.2,5,398.6,620.0,1,0;1
17.4,5,398.6,620.0,1,0;1
17.6,5,398.6,620.0,1,0;1
17.8,5,398.6,620.0,1,0;1
18.0,5,401.8,619.9,1,0;1
18.2,5,402.0,619.9,1,0;1
18.4,5,402.2,619.9,1,0;1
18.6,5,402.2,619.9,1,0;1
18.8,5,402.2,619.9,1,0;1
19.0,5,401.9,619.9,1,0;1
19.2,5,401.6,619.8,1,0;1
19.4,5,401.6,619.8,1,0;1
19.6,5,401.6,619.8,1,0;1
19.8,5,401.6,619.8,1,0;1
20.0,5,401.6,619.8,1,0;1
20.2,5,400.8,619.7,1,0;1
20.4,5,400.8,619.7,1,0;1
20.6,5,400.8,619.7,1,0;1
20.8,5,400.8,619.7,1,0;1
21.0,5,401.0,619.7,1,0;1
21.2,5,401.0,619.7,1,0;1
21.4,5,401.0,619.7,1,0;1
21.6,5,401.0,619.7,1,0;1
21.8,5,400.5,619.8,1,0;1
22.0,5,400.5,619.8,1,0;1
22.2,5,400.4,619.8,1,0;1
22.4,5,399.3,620.1,1,0;1
22.6,5,399.1,620.1,1,0;1
22.8,5,399.1,620.1,1,0;1
23.0,5,399.1,620.1,1,0;1
23.2,5,399.1,620.1,1,0;1
23.4,5,399.5,620.2,1,0;1
23.6,5,399.6,620.2,1,0;1
23.8,5,402.3,620.1,1,0;1
24.0,5,405.2,620.1,1,0;1
24.2,5,406.0,619.7,1,0;1
24.4,5,410.2,617.6,1,0;1
24.6,5,415.3,616.4,1,0;1
24.8,5,416.8,616.1,1,0;1
25.0,5,416.8,616.1,1,0;1
25.2,5,416.8,616.1,1,0;1
25.4,5,416.9,616.1,1,0;1
25.6,5,418.3,617.4,1,0;1
25.8,5,417.4,621.2,1,0;1
26.0,5,415.2,623.6,1,0;1
26.2,5,410.7,624.5,1,0;1
26.4,5,410.3,624.6,1,0;1
26.6,5,410.4,629.5,1,0;1
26.8,5,410.4,629.5,1,0;1
27.0,5,410.4,629.5,1,0;1
27.2,5,411.9,625.2,1,0;1
27.4,5,414.9,623.1,1,0;1
27.6,5,417.5,619.7,1,0;1
27.8,5,417.8,619.0,1,0;1
28.0,5,417.5,618.5,1,0;1
28.2,5,417.5,618.4,1,0;1
28.4,5,417.4,618.3,1,0;1
28.6,5,417.4,618.3,1,0;1
28.8,5,417.4,618.3,1,0;1
29.0,5,417.4,618.3,1,0;1
29.2,5,417.4,618.3,1,0;1
29.4,5,417.4,618.3,1,0;1
29.6,5,417.4,618.3,1,0;1
29.8,5,417.4,618.3,1,0;1
30.0,5,417.4,618.3,1,0;1
30.2,5,417.4,618.3,1,0;1
30.4,5,417.4,618.3,1,0;1
30.6,5,417.4,618.3,1,0;1
30.8,5,417.4,618.3,1,0;1
31.0,5,417.4,618.3,1,0;1
31.2,5,417.4,618.3,1,0;1
31.4,5,417.4,618.3,1,0;1
31.6,5,417.4,618.3,1,0;1
31.8,5,417.4,618.3,1,0;1
32.0,5,417.4,618.3,1,0;1
32.2,5,417.4,618.3,1,0;1
32.4,5,417.6,618.7,1,0;1
32.6,5,417.7,618.7,1,0;1
32.8,5,417.7,618.7,1,0;1
33.0,5,417.7,618.7,1,0;1
33.2,5,417.7,618.7,1,0;1
33.4,5,417.7,618.7,1,0;1
33.6,5,417.7,618.7,1,0;1
33.8,5,417.7,618.7,1,0;1
34.0,5,417.7,618.7,1,0;1
34.2,5,417.7,618.8,1,0;1
34.4,5,417.6,618.7,1,0;1
34.6,5,417.6,618.7,1,0;1
34.8,5,417.6,618.7,1,0;1
35.0,5,417.6,618.7,1,0;1
35.2,5,417.6,618.7,1,0;1
35.4,5,417.6,618.7,1,0;1
35.6,5,417.6,618.7,1,0;1
35.8,5,417.6,618.7,1,0;1
36.0,5,417.6,618.7,1,0;1
36.2,5,417.6,618.8,1,0;1
36.4,5,417.6,618.8,1,0;1
36.6,5,417.6,618.8,1,0;1
36.8,5,417.6,618.8,1,0;1
37.0,5,417.6,618.8,1,0;1
37.2,5,417.6,618.8,1,0;1
37.4,5,417.6,618.8,1,0;1
37.6,5,417.5,618.8,1,0;1
37.8,5,417.5,618.9,1,0;1
38.0,5,417.5,618.9,1,0;1
38.2,5,417.5,618.9,1,0;1
38.4,5,417.4,618.8,1,0;1
38.6,5,417.2,618.9,1,0;1
38.8,5,417.1,618.9,1,0;1
39.0,5,416.5,619.6,1,0;1
39.2,5,416.0,621.5,1,0;1
39.4,5,416.0,622.2,1,0;1
39.6,5,416.1,622.5,1,0;1
39.8,5,408.4,623.2,1,0;1
40.0,5,405.2,623.2,1,0;1
40.2,5,403.1,624.6,1,0;1
40.4,5,401.6,627.3,1,0;1
40.6,5,403.4,629.0,1,0;1
40.8,5,407.6,632.0,1,0;1
41.0,5,408.8,632.5,1,0;1
41.2,5,409.2,632.7,1,0;1
41.4,5,409.2,632.7,1,0;1
41.6,5,409.2,632.7,1,0;1
41.8,5,409.2,632.7,1,0;1
42.0,5,409.2,632.7,1,0;1
42.2,5,409.2,632.7,1,0;1
42.4,5,409.2,632.7,1,0;1
42.6,5,409.2,632.7,1,0;1
42.8,5,409.2,632.7,1,0;1
43.0,5,409.2,632.7,1,0;1
43.2,5,409.7,632.5,1,0;1
43.4,5,411.6,630.1,1,0;1
43.6,5,412.3,628.7,1,0;1
43.8,5,412.3,628.7,1,0;1
44.0,5,412.3,628.7,1,0;1
44.2,5,412.3,628.7,1,0;1
44.4,5,412.3,628.7,1,0;1
44.6,5,412.3,628.7,1,0;1
44.8,5,412.3,628.7,1,0;1
45.0,5,412.3,628.7,1,0;1
45.2,5,412.3,628.7,1,0;1
45.4,5,412.3,628.7,1,0;1
45.6,5,412.3,628.7,1,0;1
45.8,5,412.3,628.7,1,0;1
46.0,5,412.3,628.7,1,0;1
46.2,5,412.3,628.7,1,0;1
46.4,5,412.3,628.7,1,0;1
46.6,5,413.2,623.3,1,0;1
46.8,5,413.6,620.6,1,0;1
47.0,5,415.0,618.3,1,0;1
47.2,5,418.2,616.3,1,0;1
47.4,5,418.2,616.3,1,0;1
47.6,5,418.0,616.2,1,0;1
47.8,5,409.5,617.1,1,0;1
48.0,5,403.2,620.2,1,0;1
48.2,5,401.2,622.8,1,0;1
48.4,5,400.7,623.6,1,0;1
48.6,5,400.5,624.1,1,0;1
48.8,5,400.4,624.6,1,0;1
49.0,5,373.8,624.7,1,0;1
49.2,5,356.1,626.2,1,0;1
49.4,5,352.4,627.1,1,0;1
49.6,5,350.9,627.3,1,0;1
49.8,5,350.6,627.3,1,0;1
50.0,5,350.6,627.3,1,0;1
50.2,5,350.6,627.3,1,0;1
50.4,5,350.6,627.5,1,0;1
50.6,5,360.2,629.7,1,0;1
50.8,5,362.4,630.0,1,0;1
51.0,5,388.3,630.7,1,0;1
51.2,5,406.2,631.8,1,0;1
51.4,5,399.3,631.3,1,0;1
51.6,5,358.8,627.3,1,0;1
51.8,5,356.0,627.0,1,0;1
52.0,5,354.8,625.5,1,0;1
52.2,5,354.7,623.0,1,0;1
52.4,5,358.1,623.0,1,0;1
52.6,5,346.7,622.8,1,0;1
52.8,5,340.3,623.1,1,0;1
53.0,5,340.2,623.1,1,0;1
53.2,5,340.2,623.1,1,0;1
53.4,5,342.7,623.2,1,0;1
53.6,5,346.8,623.4,1,0;1
53.8,5,381.8,619.2,1,0;1
54.0,5,383.4,619.2,1,0;1
54.2,5,383.6,619.3,1,0;1
54.4,5,384.8,620.3,1,0;1
54.6,5,392.7,625.4,1,0;1
54.8,5,405.2,630.1,1,0;1
55.0,5,407.6,631.2,1,0;1
55.2,5,408.5,632.0,1,0;1
55.4,5,408.7,632.3,1,0;1
55.6,5,408.8,632.4,1,0;1
55.8,5,408.8,632.4,1,0;1
56.0,5,408.8,632.4,1,0;1
56.2,5,408.8,632.4,1,0;1
56.4,5,408.8,632.4,1,0;1
56.6,5,408.8,632.4,1,0;1
56.8,5,408.8,632.4,1,0;1
57.0,5,408.8,632.4,1,0;1
57.2,5,408.8,632.4,1,0;1
57.4,5,408.8,632.4,1,0;1
57.6,5,408.8,632.4,1,0;1
57.8,5,408.8,632.4,1,0;1
58.0,5,408.8,632.4,1,0;1
58.2,5,409.2,631.4,1,0;1
58.4,5,409.5,630.6,1,0;1
58.6,5,409.5,630.6,1,0;1
58.8,5,409.5,630.6,1,0;1
59.0,5,409.5,630.6,1,0;1
59.2,5,409.5,630.6,1,0;1
59.4,5,409.5,630.6,1,0;1
59.6,5,409.5,630.6,1,0;1
59.8,5,409.5,630.6,1,0;1
60.0,5,409.5,630.5,1,0;1
60.2,5,409.5,630.4,1,0;1
60.4,5,409.6,630.4,1,0;1
60.6,5,408.3,626.3,1,0;1
60.8,5,406.9,622.1,1,0;1
61.0,5,405.5,621.4,1,0;1
61.2,5,405.4,621.3,1,0;1
61.4,5,405.4,621.3,1,0;1
61.6,5,405.4,621.3,1,0;1
61.8,5,405.4,621.3,1,0;1
62.0,5,405.4,621.3,1,0;1
62.2,5,405.4,621.3,1,0;1
62.4,5,405.4,621.3,1,0;1
62.6,5,405.4,621.3,1,0;1
62.8,5,411.0,627.7,1,0;1
63.0,5,411.1,627.7,1,0;1
63.2,5,411.1,627.8,1,0;1
63.4,5,411.1,627.8,1,0;1
63.6,5,411.1,627.8,1,0;1
63.8,5,411.1,627.8,1,0;1
64.0,5,411.1,627.8,1,0;1
64.2,5,411.1,627.8,1,0;1
64.4,5,411.1,627.8,1,0;1
64.6,5,411.1,627.8,1,0;1
64.8,5,411.1,627.8,1,0;1
65.0,5,411.1,627.8,1,0;1
65.2,5,411.1,627.8,1,0;1
65.4,5,411.1,627.8,1,0;1
65.6,5,411.1,627.8,1,0;1
65.8,5,411.1,627.8,1,0;1
66.0,5,411.1,627.8,1,0;1
66.2,5,411.1,627.8,1,0;1
66.4,5,411.1,627.8,1,0;1
66.6,5,413.1,623.8,1,0;1
66.8,5,413.7,620.5,1,0;1
67.0,5,413.9,619.2,1,0;1
67.2,5,413.8,618.9,1,0;1
67.4,5,413.1,618.2,1,0;1
67.6,5,412.2,617.5,1,0;1
67.8,5,412.1,617.5,1,0;1
68.0,5,412.1,617.4,1,0;1
68.2,5,412.1,617.4,1,0;1
68.4,5,412.1,617.4,1,0;1
68.6,5,411.6,617.6,1,0;1
68.8,5,411.1,617.8,1,0;1
69.0,5,410.7,618.0,1,0;1
69.2,5,410.2,618.7,1,0;1
69.4,5,409.4,621.8,1,0;1
69.6,5,409.2,624.4,1,0;1
69.8,5,404.3,624.6,1,0;1
70.0,5,392.6,623.7,1,0;1
70.2,5,392.6,623.7,1,0;1
70.4,5,392.6,623.7,1,0;1
70.6,5,394.0,623.6,1,0;1
70.8,5,394.1,623.6,1,0;1
71.0,5,394.2,623.6,1,0;1
71.2,5,394.2,623.6,1,0;1
71.4,5,394.2,623.6,1,0;1
71.6,5,406.1,625.8,1,0;1
71.8,5,406.2,625.8,1,0;1
72.0,5,403.0,624.2,1,0;1
72.2,5,396.6,620.6,1,0;1
72.4,5,393.9,618.0,1,0;1
72.6,5,392.9,614.5,1,0;1
72.8,5,392.6,612.6,1,0;1
73.0,5,392.6,611.3,1,0;1
73.2,5,392.6,609.6,1,0;1
73.4,5,392.5,608.8,1,0;1
73.6,5,392.5,608.7,1,0;1
73.8,5,392.5,608.7,1,0;1
74.0,5,392.5,608.7,1,0;1
74.2,5,392.5,608.7,1,0;1
74.4,5,392.5,608.7,1,0;1
74.6,5,392.5,608.7,1,0;1
74.8,5,392.5,608.7,1,0;1
75.0,5,392.5,608.7,1,0;1
75.2,5,392.5,608.7,1,0;1
75.4,5,392.5,608.7,1,0;1
75.6,5,392.5,608.7,1,0;1
75.8,5,392.5,608.7,1,0;1
76.0,5,392.5,608.7,1,0;1
76.2,5,392.5,608.7,1,0;1
76.4,5,392.5,608.7,1,0;1
76.6,5,392.5,608.7,1,0;1
76.8,5,392.5,608.7,1,0;1
77.0,5,392.5,608.7,1,0;1
77.2,5,392.5,608.7,1,0;1
77.4,5,392.5,608.7,1,0;1
77.6,5,392.5,608.7,1,0;1
77.8,5,392.5,608.7,1,0;1
78.0,5,392.5,608.7,1,0;1
78.2,5,392.5,608.7,1,0;1
78.4,5,392.5,608.7,1,0;1
78.6,5,392.5,608.7,1,0;1
78.8,5,392.5,608.7,1,0;1
79.0,5,392.5,608.7,1,0;1
79.2,5,392.5,608.7,1,0;1
79.4,5,392.5,608.7,1,0;1
79.6,5,392.5,608.7,1,0;1
79.8,5,392.5,608.7,1,0;1
80.0,5,392.5,608.7,1,0;1
80.2,5,392.5,608.7,1,0;1
80.4,5,392.5,608.7,1,0;1
80.6,5,392.5,608.7,1,0;1
80.8,5,392.5,608.7,1,0;1
81.0,5,392.5,608.7,1,0;1
81.2,5,392.5,608.7,1,0;1
81.4,5,392.6,609.2,1,0;1
81.6,5,393.0,610.5,1,0;1
81.8,5,393.1,610.7,1,0;1
82.0,5,393.2,610.8,1,0;1
82.2,5,395.0,611.0,1,0;1
82.4,5,397.8,611.2,1,0;1
82.6,5,400.1,611.3,1,0;1
82.8,5,401.1,611.6,1,0;1
83.0,5,403.5,615.1,1,0;1
83.2,5,404.5,619.6,1,0;1
83.4,5,404.5,622.4,1,0;1
83.6,5,404.2,623.4,1,0;1
83.8,5,404.2,623.4,1,0;1
84.0,5,404.2,623.4,1,0;1
84.2,5,404.2,623.4,1,0;1
84.4,5,404.2,622.9,1,0;1
84.6,5,404.5,620.6,1,0;1
84.8,5,405.6,616.2,1,0;1
85.0,5,405.8,615.7,1,0;1
85.2,5,405.8,615.7,1,0;1
85.4,5,405.7,615.9,1,0;1
85.6,5,405.1,617.6,1,0;1
85.8,5,405.0,618.1,1,0;1
86.0,5,405.0,618.2,1,0;1
86.2,5,405.0,618.2,1,0;1
86.4,5,405.0,618.2,1,0;1
86.6,5,405.0,618.2,1,0;1
86.8,5,404.7,617.6,1,0;1
87.0,5,404.2,616.6,1,0;1
87.2,5,404.0,615.9,1,0;1
87.4,5,404.0,615.7,1,0;1
87.6,5,404.0,615.5,1,0;1
87.8,5,403.9,615.3,1,0;1
88.0,5,403.9,615.2,1,0;1
88.2,5,403.9,615.2,1,0;1
88.4,5,403.9,615.2,1,0;1
88.6,5,403.9,615.2,1,0;1
88.8,5,403.9,615.2,1,0;1
89.0,5,403.9,615.2,1,0;1
89.2,5,403.9,615.2,1,0;1
89.4,5,403.9,615.2,1,0;1
89.6,5,403.9,615.2,1,0;1
89.8,5,403.9,615.2,1,0;1
90.0,5,403.9,615.2,1,0;1
90.2,5,403.9,615.2,1,0;1
90.4,5,403.9,615.2,1,0;1
90.6,5,403.9,615.2,1,0;1
90.8,5,403.9,615.2,1,0;1
91.0,5,403.9,615.2,1,0;1
91.2,5,403.9,615.2,1,0;1
91.4,5,403.9,615.2,1,0;1
91.6,5,403.8,615.6,1,0;1
91.8,5,404.8,617.9,1,0;1
92.0,5,408.2,620.1,1,0;1
92.2,5,410.3,621.4,1,0;1
92.4,5,413.1,623.2,1,0;1
92.6,5,415.2,624.8,1,0;1
92.8,5,415.5,625.1,1,0;1
93.0,5,415.5,625.1,1,0;1
93.2,5,415.5,625.1,1,0;1
93.4,5,415.5,625.1,1,0;1
93.6,5,415.2,626.3,1,0;1
93.8,5,414.1,628.9,1,0;1
94.0,5,413.6,631.2,1,0;1
94.2,5,413.6,631.2,1,0;1
94.4,5,413.6,631.2,1,0;1
94.6,5,413.6,631.2,1,0;1
94.8,5,413.6,631.2,1,0;1
95.0,5,413.6,631.2,1,0;1
95.2,5,413.7,631.1,1,0;1
95.4,5,413.7,631.0,1,0;1
95.6,5,413.7,630.9,1,0;1
95.8,5,414.1,629.7,1,0;1
96.0,5,414.1,629.5,1,0;1
96.2,5,414.1,629.5,1,0;1
96.4,5,414.1,629.5,1,0;1
96.6,5,414.1,629.5,1,0;1
96.8,5,414.1,629.5,1,0;1
97.0,5,414.1,629.5,1,0;1
97.2,5,414.1,629.5,1,0;1
97.4,5,414.1,629.5,1,0;1
97.6,5,414.1,629.5,1,0;1
97.8,5,414.1,629.5,1,0;1
98.0,5,414.1,629.5,1,0;1
98.2,5,414.1,629.5,1,0;1
98.4,5,414.1,629.5,1,0;1
98.6,5,414.1,629.5,1,0;1
98.8,5,414.1,629.5,1,0;1
99.0,5,414.1,629.5,1,0;1
99.2,5,412.3,628.8,1,0;1
99.4,5,404.5,625.6,1,0;1
99.6,5,401.1,623.4,1,0;1
99.8,5,400.9,623.3,1,0;1
100.0,5,400.9,623.2,1,0;1
100.2,5,378.2,621.4,1,0;1
100.4,5,369.8,624.2,1,0;1
100.6,5,368.8,624.9,1,0;1
100.8,5,366.5,626.3,1,0;1
101.0,5,365.4,627.0,1,0;1
101.2,5,356.7,629.2,1,0;1
101.4,5,347.9,628.5,1,0;1
101.6,5,340.9,627.1,1,0;1
101.8,5,339.9,625.3,1,0;1
102.0,5,337.5,621.3,1,0;1
102.2,5,339.1,620.2,1,0;1
102.4,5,342.4,619.5,1,0;1
102.6,5,346.9,619.5,1,0;1
102.8,5,356.1,619.6,1,0;1
103.0,5,358.1,620.1,1,0;1
103.2,5,358.9,620.6,1,0;1
103.4,5,361.5,621.2,1,0;1
103.6,5,361.7,621.2,1,0;1
103.8,5,374.1,622.9,1,0;1
104.0,5,374.6,622.9,1,0;1
104.2,5,374.6,622.9,1,0;1
104.4,5,374.6,622.9,1,0;1
104.6,5,374.6,622.9,1,0;1
104.8,5,386.2,623.4,1,0;1
105.0,5,394.4,627.3,1,0;1
105.2,5,394.7,627.4,1,0;1
105.4,5,397.1,625.8,1,0;1
105.6,5,403.1,623.2,1,0;1
105.8,5,409.6,620.2,1,0;1
106.0,5,415.6,617.6,1,0;1
106.2,5,417.3,616.3,1,0;1
106.4,5,417.9,615.7,1,0;1
106.6,5,417.9,615.7,1,0;1
106.8,5,418.0,615.7,1,0;1
107.0,5,418.1,615.5,1,0;1
107.2,5,418.2,615.5,1,0;1
107.4,5,418.2,615.5,1,0;1
107.6,5,418.2,615.5,1,0;1
107.8,5,418.2,615.5,1,0;1
108.0,5,418.2,615.5,1,0;1
108.2,5,418.2,615.5,1,0;1
108.4,5,418.2,615.5,1,0;1
108.6,5,418.2,615.4,1,0;1
108.8,5,418.2,615.4,1,0;1
109.0,5,418.2,615.4,1,0;1
109.2,5,418.2,615.4,1,0;1
109.4,5,418.2,615.4,1,0;1
109.6,5,418.2,615.4,1,0;1
109.8,5,418.2,615.4,1,0;1
110.0,5,418.2,615.4,1,0;1
110.2,5,418.2,615.4,1,0;1
110.4,5,418.2,615.4,1,0;1
110.6,5,418.2,615.4,1,0;1
110.8,5,418.2,615.4,1,0;1
111.0,5,418.2,615.4,1,0;1
111.2,5,418.2,615.4,1,0;1
111.4,5,414.2,615.4,1,0;1
111.6,5,408.9,615.7,1,0;1
111.8,5,407.6,616.2,1,0;1
112.0,5,405.7,617.3,1,0;1
112.2,5,404.2,617.6,1,0;1
112.4,5,387.5,617.4,1,0;1
112.6,5,381.2,617.3,1,0;1
112.8,5,379.4,617.2,1,0;1
113.0,5,377.1,618.4,1,0;1
113.2,5,387.8,624.8,1,0;1
113.4,5,391.3,628.2,1,0;1
113.6,5,392.3,630.2,1,0;1
113.8,5,392.1,630.3,1,0;1
114.0,5,392.0,630.4,1,0;1
114.2,5,392.0,630.4,1,0;1
114.4,5,392.0,630.4,1,0;1
114.6,5,392.0,630.4,1,0;1
114.8,5,392.0,630.4,1,0;1
115.0,5,392.0,630.4,1,0;1
115.2,5,392.0,630.4,1,0;1
115.4,5,392.1,631.4,1,0;1
115.6,5,359.1,629.5,1,0;1
115.8,5,359.0,629.5,1,0;1
116.0,5,359.0,629.5,1,0;1
116.2,5,358.3,629.6,1,0;1
116.4,5,357.5,629.6,1,0;1
116.6,5,341.2,627.2,1,0;1
116.8,5,339.8,624.6,1,0;1
117.0,5,346.8,621.7,1,0;1
117.2,5,348.9,619.9,1,0;1
117.4,5,360.4,619.8,1,0;1
117.6,5,371.5,620.6,1,0;1
117.8,5,383.7,623.1,1,0;1
118.0,5,387.3,623.6,1,0;1
118.2,5,387.3,623.6,1,0;1
118.4,5,387.3,623.6,1,0;1
118.6,5,387.3,623.6,1,0;1
118.8,5,387.3,623.6,1,0;1
119.0,5,387.2,627.0,1,0;1
119.2,5,387.1,630.3,1,0;1
119.4,5,387.0,633.7,1,0;1
119.6,5,386.9,637.0,1,0;1
119.8,5,386.8,640.4,1,0;1
120.0,5,386.7,643.7,1,0;1
120.2,5,386.6,647.1,1,0;1
120.4,5,386.5,650.4,1,0;1
120.6,5,386.4,653.7,1,0;1
120.8,5,386.3,657.1,1,0;1
121.0,5,386.2,660.4,1,0;1
121.2,5,386.1,663.8,1,0;1
121.4,5,386.0,667.1,1,0;1
121.6,5,385.9,670.5,1,0;1
121.8,5,385.7,673.8,1,0;1
122.0,5,385.6,677.2,1,0;1
122.2,5,385.5,680.5,1,0;1
122.4,5,385.4,683.9,1,0;1
122.6,5,385.3,687.2,1,0;1
122.8,5,385.2,690.6,1,0;1
123.0,5,385.1,693.9,1,0;1
123.2,5,385.0,697.2,1,0;1
123.4,5,384.9,700.6,1,0;1
123.6,5,384.9,702.0,1,0;1
123.8,5,389.8,702.6,1,0;1
124.0,5,404.2,701.6,1,0;1
124.2,5,409.1,701.6,1,0;1
124.4,5,442.3,704.2,1,0;1
124.6,5,445.1,702.1,1,0;1
124.8,5,446.0,701.0,1,0;1
125.0,5,451.6,698.0,1,0;1
125.2,5,461.8,696.2,1,0;1
125.4,5,483.9,698.2,1,0;1
125.6,5,505.3,700.7,1,0;1
125.8,5,505.7,700.0,1,0;1
126.0,5,502.3,696.1,1,0;1
126.2,5,501.1,693.0,1,0;1
126.4,5,500.9,691.8,1,0;1
126.6,5,507.8,690.9,1,0;1
126.8,5,509.8,688.7,1,0;1
127.0,5,515.3,687.8,1,0;1
127.2,5,524.4,686.2,1,0;1
127.4,5,526.4,682.8,1,0;1
127.6,5,532.3,680.1,1,0;1
127.8,5,545.0,679.4,1,0;1
128.0,5,551.9,678.6,1,0;1
128.2,5,558.9,675.9,1,0;1
128.4,5,561.1,674.9,1,0;1
128.6,5,570.5,671.4,1,0;1
128.8,5,579.8,667.9,1,0;1
129.0,5,589.2,665.0,1,0;1
129.2,5,596.8,664.0,1,0;1
129.4,5,601.2,664.0,1,0;1
129.6,5,602.1,663.6,1,0;1
129.8,5,602.9,662.6,1,0;1
130.0,5,603.7,661.4,1,0;1
130.2,5,606.7,660.2,1,0;1
130.4,5,614.2,659.6,1,0;1
0.0,6,411.2,503.8,1,0;1
0.2,6,425.4,515.1,1,0;1
0.4,6,441.2,516.4,1,0;1
0.6,6,442.3,517.4,1,0;1
0.8,6,442.3,517.5,1,0;1
1.0,6,440.1,518.1,1,0;1
1.2,6,424.3,518.4,1,0;1
1.4,6,416.9,516.7,1,0;1
1.6,6,413.1,509.2,1,0;1
1.8,6,410.5,501.1,1,0;1
2.0,6,404.1,497.9,1,0;1
2.2,6,401.0,495.6,1,0;1
2.4,6,399.7,493.7,1,0;1
2.6,6,399.4,492.7,1,0;1
2.8,6,399.3,492.6,1,0;1
3.0,6,399.3,492.6,1,0;1
3.2,6,399.3,492.6,1,0;1
3.4,6,401.6,494.5,1,0;1
3.6,6,405.1,499.1,1,0;1
3.8,6,406.9,502.2,1,0;1
4.0,6,406.0,503.5,1,0;1
4.2,6,405.7,503.8,1,0;1
4.4,6,405.6,503.9,1,0;1
4.6,6,413.0,510.0,1,0;1
4.8,6,408.1,507.5,1,0;1
5.0,6,413.2,508.8,1,0;1
5.2,6,413.2,508.8,1,0;1
5.4,6,413.2,508.8,1,0;1
5.6,6,413.2,508.8,1,0;1
5.8,6,413.2,508.8,1,0;1
6.0,6,413.2,508.8,1,0;1
6.2,6,413.2,508.8,1,0;1
6.4,6,413.2,508.8,1,0;1
6.6,6,413.2,508.9,1,0;1
6.8,6,413.2,508.9,1,0;1
7.0,6,413.2,508.9,1,0;1
7.2,6,413.2,508.9,1,0;1
7.4,6,413.2,508.8,1,0;1
7.6,6,404.6,506.7,1,0;1
7.8,6,394.0,506.2,1,0;1
8.0,6,394.0,506.2,1,0;1
8.2,6,402.1,507.6,1,0;1
8.4,6,409.9,509.0,1,0;1
8.6,6,409.9,509.0,1,0;1
8.8,6,410.3,509.0,1,0;1
9.0,6,411.0,508.9,1,0;1
9.2,6,411.9,508.5,1,0;1
9.4,6,403.9,507.0,1,0;1
9.6,6,389.4,505.5,1,0;1
9.8,6,384.6,505.4,1,0;1
10.0,6,384.6,505.4,1,0;1
10.2,6,407.5,508.6,1,0;1
10.4,6,409.1,509.2,1,0;1
10.6,6,409.4,509.3,1,0;1
10.8,6,409.6,509.3,1,0;1
11.0,6,409.6,509.3,1,0;1
11.2,6,410.0,509.1,1,0;1
11.4,6,410.2,507.6,1,0;1
11.6,6,406.6,503.9,1,0;1
11.8,6,395.0,502.1,1,0;1
12.0,6,382.0,501.5,1,0;1
12.2,6,381.9,501.5,1,0;1
12.4,6,384.7,502.1,1,0;1
12.6,6,390.5,503.2,1,0;1
12.8,6,395.8,504.2,1,0;1
13.0,6,395.9,506.1,1,0;1
13.2,6,395.9,506.2,1,0;1
13.4,6,395.8,506.3,1,0;1
13.6,6,395.8,506.3,1,0;1
13.8,6,395.4,505.5,1,0;1
14.0,6,395.3,504.4,1,0;1
14.2,6,388.1,503.1,1,0;1
14.4,6,380.2,502.4,1,0;1
14.6,6,386.3,502.0,1,0;1
14.8,6,374.5,502.6,1,0;1
15.0,6,373.8,502.9,1,0;1
15.2,6,373.7,502.9,1,0;1
15.4,6,373.7,502.9,1,0;1
15.6,6,373.7,502.9,1,0;1
15.8,6,373.7,502.9,1,0;1
16.0,6,374.6,502.5,1,0;1
16.2,6,385.8,501.1,1,0;1
16.4,6,397.1,500.7,1,0;1
16.6,6,397.4,500.8,1,0;1
16.8,6,398.8,501.9,1,0;1
17.0,6,399.7,503.6,1,0;1
17.2,6,398.9,505.1,1,0;1
17.4,6,385.7,506.6,1,0;1
17.6,6,383.3,506.7,1,0;1
17.8,6,383.3,506.7,1,0;1
18.0,6,383.4,506.7,1,0;1
18.2,6,391.3,504.2,1,0;1
18.4,6,393.1,501.8,1,0;1
18.6,6,390.6,496.6,1,0;1
18.8,6,388.0,492.3,1,0;1
19.0,6,375.7,490.9,1,0;1
19.2,6,352.6,489.8,1,0;1
19.4,6,349.1,489.3,1,0;1
19.6,6,349.0,489.3,1,0;1
19.8,6,353.9,489.8,1,0;1
20.0,6,356.1,489.9,1,0;1
20.2,6,355.6,489.8,1,0;1
20.4,6,354.7,489.4,1,0;1
20.6,6,353.8,488.3,1,0;1
20.8,6,353.8,488.3,1,0;1
21.0,6,356.6,487.5,1,0;1
21.2,6,363.8,487.3,1,0;1
21.4,6,381.5,487.1,1,0;1
21.6,6,382.5,487.3,1,0;1
21.8,6,385.2,489.3,1,0;1
22.0,6,385.9,490.6,1,0;1
22.2,6,386.3,491.7,1,0;1
22.4,6,386.9,494.8,1,0;1
22.6,6,386.9,498.2,1,0;1
22.8,6,384.5,505.0,1,0;1
23.0,6,383.9,506.7,1,0;1
23.2,6,383.9,506.8,1,0;1
23.4,6,383.9,506.8,1,0;1
23.6,6,383.6,506.5,1,0;1
23.8,6,383.3,506.1,1,0;1
24.0,6,382.7,505.2,1,0;1
24.2,6,382.7,504.9,1,0;1
24.4,6,382.9,504.3,1,0;1
24.6,6,385.3,500.3,1,0;1
24.8,6,386.5,499.2,1,0;1
25.0,6,386.5,499.2,1,0;1
25.2,6,386.3,499.5,1,0;1
25.4,6,384.7,501.6,1,0;1
25.6,6,384.7,501.4,1,0;1
25.8,6,391.9,510.5,2,0;1
26.0,6,394.4,513.2,2,0;1
26.2,6,382.8,481.4,2,0;1
26.4,6,380.3,474.7,2,0;1
26.6,6,381.3,478.8,2,0;1
26.8,6,388.8,503.4,2,0;1
27.0,6,390.3,506.9,2,0;1
27.2,6,391.9,509.0,2,0;1
27.4,6,392.2,509.6,2,0;1
27.6,6,391.4,508.3,2,0;1
27.8,6,391.0,507.6,2,0;1
28.0,6,390.7,507.2,2,0;1
28.2,6,391.0,507.9,2,0;1
28.4,6,392.2,510.3,2,0;1
28.6,6,391.8,510.1,2,0;1
28.8,6,389.2,505.5,2,0;1
29.0,6,390.9,508.9,2,0;1
29.2,6,392.8,515.0,2,0;1
29.4,6,386.2,513.3,2,0;1
29.6,6,378.5,510.5,2,0;1
29.8,6,366.1,510.5,2,0;1
30.0,6,366.6,511.1,2,0;1
30.2,6,387.6,511.2,2,0;1
30.4,6,391.0,514.1,2,0;1
30.6,6,389.5,510.4,2,0;1
30.8,6,390.5,511.1,2,0;1
31.0,6,392.3,514.6,2,0;1
31.2,6,391.9,514.1,2,0;1
31.4,6,390.8,508.1,2,0;1
31.6,6,390.7,510.1,2,0;1
31.8,6,387.7,504.9,2,0;1
32.0,6,394.9,520.8,2,0;1
32.2,6,394.1,519.3,2,0;1
32.4,6,393.2,512.3,2,0;1
32.6,6,398.8,520.6,2,0;1
32.8,6,398.7,519.8,2,0;1
33.0,6,398.5,518.8,2,0;1
33.2,6,398.0,516.9,2,0;1
33.4,6,370.5,519.6,2,0;1
33.6,6,368.9,522.4,2,0;1
33.8,6,364.2,516.0,2,0;1
34.0,6,385.1,517.9,2,0;1
34.2,6,386.1,516.4,2,0;1
34.4,6,380.3,506.4,2,0;1
34.6,6,384.9,513.8,2,0;1
34.8,6,384.8,513.4,2,0;1
35.0,6,374.7,511.8,2,0;1
35.2,6,356.5,508.0,2,0;1
35.4,6,355.4,508.1,2,0;1
35.6,6,353.2,507.8,2,0;1
35.8,6,351.2,508.8,2,0;1
36.0,6,350.2,508.7,2,0;1
36.2,6,350.6,510.0,2,0;1
36.4,6,357.2,513.8,2,0;1
36.6,6,353.3,511.9,2,0;1
36.8,6,360.8,517.0,2,0;1
37.0,6,360.6,518.2,2,0;1
37.2,6,358.5,517.3,2,0;1
37.4,6,354.9,517.0,2,0;1
37.6,6,354.8,517.3,2,0;1
37.8,6,359.0,519.9,2,0;1
38.0,6,361.5,521.4,2,0;1
38.2,6,362.4,522.0,2,0;1
38.4,6,359.4,520.1,2,0;1
38.6,6,361.0,520.0,2,0;1
38.8,6,359.8,517.9,2,0;1
39.0,6,359.1,515.9,2,0;1
39.2,6,369.6,516.4,2,0;1
39.4,6,367.8,514.3,2,0;1
39.6,6,371.3,517.2,2,0;1
39.8,6,371.0,516.3,2,0;1
40.0,6,367.8,511.2,2,0;1
40.2,6,368.8,513.6,2,0;1
40.4,6,385.5,513.0,2,0;1
40.6,6,376.0,513.6,2,0;1
40.8,6,368.1,516.5,2,0;1
41.0,6,360.3,508.5,2,0;1
41.2,6,353.9,498.6,2,0;1
41.4,6,352.4,497.6,2,0;1
41.6,6,352.3,501.7,2,0;1
41.8,6,356.7,501.9,2,0;1
42.0,6,365.1,501.3,2,0;1
42.2,6,367.4,503.2,2,0;1
42.4,6,367.7,503.2,2,0;1
42.6,6,366.7,502.2,2,0;1
42.8,6,371.6,504.6,2,0;1
43.0,6,373.2,504.7,2,0;1
43.2,6,369.7,501.8,2,0;1
43.4,6,374.6,506.5,2,0;1
43.6,6,378.2,507.0,2,0;1
43.8,6,376.8,507.1,2,0;1
44.0,6,376.0,507.8,2,0;1
44.2,6,374.8,507.7,2,0;1
44.4,6,378.7,510.9,2,0;1
44.6,6,377.3,507.6,2,0;1
44.8,6,376.8,508.4,2,0;1
45.0,6,387.4,514.2,2,0;1
45.2,6,388.9,514.1,2,0;1
45.4,6,388.8,512.1,2,0;1
45.6,6,391.0,518.7,2,0;1
45.8,6,376.6,514.8,2,0;1
46.0,6,372.3,512.5,2,0;1
46.2,6,363.8,495.8,2,0;1
46.4,6,361.2,495.3,2,0;1
46.6,6,362.1,495.8,2,0;1
46.8,6,361.7,500.8,2,0;1
47.0,6,371.0,507.0,2,0;1
47.2,6,374.0,507.8,2,0;1
47.4,6,370.8,505.2,2,0;1
47.6,6,375.7,511.8,2,0;1
47.8,6,383.0,518.6,2,0;1
48.0,6,386.5,521.8,2,0;1
48.2,6,385.6,519.0,2,0;1
48.4,6,388.1,518.2,2,0;1
48.6,6,392.3,518.1,2,0;1
48.8,6,393.5,516.4,2,0;1
49.0,6,399.3,522.2,2,0;1
49.2,6,394.7,511.1,2,0;1
49.4,6,392.3,516.2,2,0;1
49.6,6,387.9,512.5,2,0;1
49.8,6,387.3,512.2,2,0;1
50.0,6,385.8,510.0,2,0;1
50.2,6,374.7,509.3,2,0;1
50.4,6,364.0,511.6,2,0;1
50.6,6,376.9,514.3,2,0;1
50.8,6,389.3,510.0,2,0;1
51.0,6,390.8,505.5,2,0;1
51.2,6,390.4,504.0,2,0;1
51.4,6,392.5,511.2,2,0;1
51.6,6,390.9,511.3,2,0;1
51.8,6,393.3,510.9,2,0;1
52.0,6,397.9,510.3,2,0;1
52.2,6,406.6,510.6,2,0;1
52.4,6,407.3,506.3,2,0;1
52.6,6,407.6,509.0,2,0;1
52.8,6,408.5,508.5,2,0;1
53.0,6,414.1,512.6,2,0;1
53.2,6,414.4,513.1,2,0;1
53.4,6,419.9,513.3,2,0;1
53.6,6,423.6,514.3,2,0;1
53.8,6,443.8,515.8,2,0;1
54.0,6,445.9,515.6,2,0;1
54.2,6,446.8,516.1,2,0;1
54.4,6,445.8,517.4,2,0;1
54.6,6,449.1,518.6,2,0;1
54.8,6,445.5,516.8,2,0;1
55.0,6,444.9,516.7,2,0;1
55.2,6,443.1,515.8,2,0;1
55.4,6,443.0,515.7,2,0;1
55.6,6,443.4,515.8,2,0;1
55.8,6,444.2,515.8,2,0;1
56.0,6,445.2,516.2,2,0;1
56.2,6,442.5,514.9,2,0;1
56.4,6,440.2,514.1,2,0;1
56.6,6,441.1,514.6,2,0;1
56.8,6,441.3,514.7,2,0;1
57.0,6,440.7,514.5,2,0;1
57.2,6,441.7,514.9,2,0;1
57.4,6,441.4,515.0,2,0;1
57.6,6,441.2,515.0,2,0;1
57.8,6,440.8,514.9,2,0;1
58.0,6,436.4,513.0,2,0;1
58.2,6,437.4,513.4,2,0;1
58.4,6,441.6,515.2,2,0;1
58.6,6,443.1,516.3,2,0;1
58.8,6,441.7,516.4,2,0;1
59.0,6,443.6,517.3,2,0;1
59.2,6,441.0,516.0,2,0;1
59.4,6,437.9,514.6,2,0;1
59.6,6,439.7,515.4,2,0;1
59.8,6,440.6,516.1,2,0;1
60.0,6,442.4,516.9,2,0;1
60.2,6,442.4,516.9,2,0;1
60.4,6,443.1,517.3,2,0;1
60.6,6,442.6,517.0,2,0;1
60.8,6,443.2,517.3,2,0;1
61.0,6,440.2,515.9,2,0;1
61.2,6,439.8,515.7,2,0;1
61.4,6,443.6,517.5,2,0;1
61.6,6,445.0,518.1,2,0;1
61.8,6,446.7,519.0,2,0;1
62.0,6,446.3,518.7,2,0;1
62.2,6,443.7,517.5,2,0;1
62.4,6,444.5,517.9,2,0;1
62.6,6,445.2,518.3,2,0;1
62.8,6,445.6,518.4,2,0;1
63.0,6,444.9,518.1,2,0;1
63.2,6,446.0,518.6,2,0;1
63.4,6,446.1,518.6,2,0;1
63.6,6,445.6,518.3,2,0;1
63.8,6,444.8,517.9,2,0;1
64.0,6,444.4,517.8,2,0;1
64.2,6,445.2,517.8,2,0;1
64.4,6,444.8,517.4,2,0;1
64.6,6,444.9,517.5,2,0;1
64.8,6,444.4,517.2,2,0;1
65.0,6,445.5,517.8,2,0;1
65.2,6,444.9,517.5,2,0;1
65.4,6,444.6,517.3,2,0;1
65.6,6,447.5,518.7,2,0;1
65.8,6,447.9,518.8,2,0;1
66.0,6,447.8,518.5,2,0;1
66.2,6,447.8,518.0,2,0;1
66.4,6,443.4,515.7,2,0;1
66.6,6,444.2,516.0,2,0;1
66.8,6,441.2,514.7,2,0;1
67.0,6,442.7,515.1,2,0;1
67.2,6,446.6,516.4,2,0;1
67.4,6,447.3,517.3,2,0;1
67.6,6,447.8,518.9,2,0;1
67.8,6,450.3,518.8,2,0;1
68.0,6,448.6,517.9,2,0;1
68.2,6,447.8,517.5,2,0;1
68.4,6,444.3,516.1,2,0;1
68.6,6,444.8,516.4,2,0;1
68.8,6,445.4,516.7,2,0;1
69.0,6,445.2,516.8,2,0;1
69.2,6,444.2,516.8,2,0;1
69.4,6,443.4,516.5,2,0;1
69.6,6,440.5,515.1,2,0;1
69.8,6,438.6,514.1,2,0;1
70.0,6,438.2,513.9,2,0;1
70.2,6,434.6,512.0,2,0;1
70.4,6,433.5,511.3,2,0;1
70.6,6,432.1,510.4,2,0;1
70.8,6,432.8,510.7,2,0;1
71.0,6,432.5,511.1,2,0;1
71.2,6,430.5,510.7,2,0;1
71.4,6,430.1,510.5,2,0;1
71.6,6,432.0,511.3,2,0;1
71.8,6,433.3,511.8,2,0;1
72.0,6,434.6,512.4,2,0;1
72.2,6,436.0,513.0,2,0;1
72.4,6,437.6,513.7,2,0;1
72.6,6,438.5,514.1,2,0;1
72.8,6,439.6,514.5,2,0;1
73.0,6,440.4,515.1,2,0;1
73.2,6,439.7,515.3,2,0;1
73.4,6,439.8,515.4,2,0;1
73.6,6,442.1,516.3,2,0;1
73.8,6,442.2,516.4,2,0;1
74.0,6,442.0,516.3,2,0;1
74.2,6,441.6,516.2,2,0;1
74.4,6,441.7,516.2,2,0;1
74.6,6,442.1,516.4,2,0;1
74.8,6,440.6,515.7,2,0;1
75.0,6,440.4,515.6,2,0;1
75.2,6,438.1,514.7,2,0;1
75.4,6,438.1,514.7,2,0;1
75.6,6,430.6,511.1,2,0;1
75.8,6,433.3,512.6,2,0;1
76.0,6,440.0,516.4,2,0;1
76.2,6,433.9,514.2,2,0;1
76.4,6,427.4,511.2,2,0;1
76.6,6,429.8,512.5,2,0;1
76.8,6,434.2,515.5,2,0;1
77.0,6,434.5,515.9,2,0;1
77.2,6,436.2,517.1,2,0;1
77.4,6,436.9,517.5,2,0;1
77.6,6,435.8,516.8,2,0;1
77.8,6,434.0,515.9,2,0;1
78.0,6,432.1,514.8,2,0;1
78.2,6,434.0,516.3,2,0;1
78.4,6,433.7,516.1,2,0;1
78.6,6,434.7,516.8,2,0;1
78.8,6,435.0,516.6,2,0;1
79.0,6,433.1,514.3,2,0;1
79.2,6,438.1,515.5,2,0;1
79.4,6,438.8,515.3,2,0;1
79.6,6,434.5,513.1,2,0;1
79.8,6,435.5,513.3,2,0;1
80.0,6,437.6,513.7,2,0;1
80.2,6,437.8,513.7,2,0;1
80.4,6,436.3,513.1,2,0;1
80.6,6,435.7,512.9,2,0;1
80.8,6,437.4,513.6,2,0;1
81.0,6,433.7,512.1,2,0;1
81.2,6,431.1,511.0,2,0;1
81.4,6,428.2,510.0,2,0;1
81.6,6,442.4,516.2,2,0;1
81.8,6,447.0,518.8,2,0;1
82.0,6,447.3,520.5,2,0;1
82.2,6,447.7,522.5,2,0;1
82.4,6,450.9,523.8,2,0;1
82.6,6,450.3,525.8,2,0;1
82.8,6,449.8,528.1,2,0;1
83.0,6,449.5,530.4,2,0;1
83.2,6,448.2,533.1,2,0;1
83.4,6,451.1,535.4,2,0;1
83.6,6,452.6,537.8,2,0;1
83.8,6,455.3,539.7,2,0;1
84.0,6,456.9,541.9,2,0;1
84.2,6,455.6,545.7,2,0;1
84.4,6,455.1,550.6,2,0;1
84.6,6,455.5,554.1,2,0;1
84.8,6,458.7,555.5,2,0;1
85.0,6,459.8,558.4,2,0;1
85.2,6,459.4,562.7,2,0;1
85.4,6,463.6,562.2,2,0;1
85.6,6,464.5,565.5,2,0;1
85.8,6,466.2,567.7,2,0;1
86.0,6,465.5,572.5,2,0;1
86.2,6,465.7,576.5,2,0;1
86.4,6,466.6,579.5,2,0;1
86.6,6,467.3,582.8,2,0;1
86.8,6,468.4,585.2,2,0;1
87.0,6,469.1,589.0,2,0;1
87.2,6,469.1,594.4,2,0;1
87.4,6,471.0,594.7,2,0;1
87.6,6,472.0,597.6,2,0;1
87.8,6,473.0,600.8,2,0;1
88.0,6,474.0,603.6,2,0;1
88.2,6,475.3,605.0,2,0;1
88.4,6,476.4,606.5,2,0;1
88.6,6,477.5,608.8,2,0;1
88.8,6,478.5,612.5,2,0;1
89.0,6,479.5,617.4,2,0;1
89.2,6,480.0,615.2,2,0;1
89.4,6,481.2,598.4,2,0;1
89.6,6,478.4,603.7,2,0;1
89.8,6,473.3,612.6,2,0;1
90.0,6,468.0,618.3,2,0;1
90.2,6,462.1,624.2,2,0;1
90.4,6,458.9,625.7,2,0;1
90.6,6,459.6,623.3,2,0;1
90.8,6,474.1,593.7,2,0;1
91.0,6,477.8,596.4,2,0;1
91.2,6,478.4,591.9,2,0;1
91.4,6,477.8,569.0,2,0;1
91.6,6,470.0,586.9,2,0;1
91.8,6,464.4,604.3,2,0;1
92.0,6,462.2,611.4,2,0;1
92.2,6,485.1,539.0,1,0;1
92.4,6,485.0,538.6,1,0;1
92.6,6,485.0,538.6,1,0;1
92.8,6,485.0,538.6,1,0;1
93.0,6,485.0,538.6,1,0;1
93.2,6,485.0,538.6,1,0;1
93.4,6,485.0,538.6,1,0;1
93.6,6,485.0,538.6,1,0;1
93.8,6,485.0,538.6,1,0;1
94.0,6,484.8,538.7,1,0;1
94.2,6,484.5,538.6,1,0;1
94.4,6,483.8,537.3,1,0;1
94.6,6,483.9,536.7,1,0;1
94.8,6,483.9,536.7,1,0;1
95.0,6,483.9,536.5,1,0;1
95.2,6,483.9,536.5,1,0;1
95.4,6,483.9,536.5,1,0;1
95.6,6,483.9,536.5,1,0;1
95.8,6,483.9,536.5,1,0;1
96.0,6,483.9,536.5,1,0;1
96.2,6,484.0,536.5,1,0;1
96.4,6,484.2,536.9,1,0;1
96.6,6,484.2,536.9,1,0;1
96.8,6,484.2,537.0,1,0;1
97.0,6,484.2,537.0,1,0;1
97.2,6,484.2,537.0,1,0;1
97.4,6,484.2,537.0,1,0;1
97.6,6,484.2,537.0,1,0;1
97.8,6,484.2,537.0,1,0;1
98.0,6,484.2,537.0,1,0;1
98.2,6,484.2,537.0,1,0;1
98.4,6,484.2,537.0,1,0;1
98.6,6,484.2,537.0,1,0;1
98.8,6,484.2,537.0,1,0;1
99.0,6,484.2,537.0,1,0;1
99.2,6,484.2,537.0,1,0;1
99.4,6,484.2,537.0,1,0;1
99.6,6,484.2,537.0,1,0;1
99.8,6,484.2,537.0,1,0;1
100.0,6,484.3,537.1,1,0;1
100.2,6,484.3,537.2,1,0;1
100.4,6,484.4,537.3,1,0;1
100.6,6,484.4,537.3,1,0;1
100.8,6,484.4,537.3,1,0;1
101.0,6,484.4,537.4,1,0;1
101.2,6,484.4,537.4,1,0;1
101.4,6,484.4,537.4,1,0;1
101.6,6,484.4,537.4,1,0;1
101.8,6,484.4,537.4,1,0;1
102.0,6,484.4,537.4,1,0;1
102.2,6,484.5,537.4,1,0;1
102.4,6,484.5,537.4,1,0;1
102.6,6,484.5,537.4,1,0;1
102.8,6,484.5,537.4,1,0;1
103.0,6,484.5,537.4,1,0;1
103.2,6,484.5,537.4,1,0;1
103.4,6,484.5,537.4,1,0;1
103.6,6,484.5,537.4,1,0;1
103.8,6,484.5,537.6,1,0;1
104.0,6,484.6,537.9,1,0;1
104.2,6,484.6,537.9,1,0;1
104.4,6,484.6,537.9,1,0;1
104.6,6,484.6,537.9,1,0;1
104.8,6,484.6,537.9,1,0;1
105.0,6,484.7,538.0,1,0;1
105.2,6,484.7,538.0,1,0;1
105.4,6,484.7,538.0,1,0;1
105.6,6,484.7,538.0,1,0;1
105.8,6,484.7,538.0,1,0;1
106.0,6,484.7,538.0,1,0;1
106.2,6,484.7,538.0,1,0;1
106.4,6,484.7,538.0,1,0;1
106.6,6,484.7,538.0,1,0;1
106.8,6,485.0,538.5,1,0;1
107.0,6,486.4,540.7,1,0;1
107.2,6,488.0,542.8,1,0;1
107.4,6,488.4,543.5,1,0;1
107.6,6,488.5,543.7,1,0;1
107.8,6,488.5,543.7,1,0;1
108.0,6,487.2,544.2,1,0;1
108.2,6,487.2,544.2,1,0;1
108.4,6,487.2,544.2,1,0;1
108.6,6,487.1,544.4,1,0;1
108.8,6,487.1,544.4,1,0;1
109.0,6,487.1,544.4,1,0;1
109.2,6,487.1,544.4,1,0;1
109.4,6,487.1,544.4,1,0;1
109.6,6,487.1,544.3,1,0;1
109.8,6,486.8,544.3,1,0;1
110.0,6,486.2,544.0,1,0;1
110.2,6,486.2,544.0,1,0;1
110.4,6,486.1,544.1,1,0;1
110.6,6,486.3,546.8,1,0;1
110.8,6,486.3,546.8,1,0;1
111.0,6,487.3,550.2,1,0;1
111.2,6,487.2,550.0,1,0;1
111.4,6,487.1,550.0,1,0;1
111.6,6,486.9,550.3,1,0;1
111.8,6,486.6,550.6,1,0;1
112.0,6,486.2,551.1,1,0;1
112.2,6,486.2,551.1,1,0;1
112.4,6,485.0,547.1,1,0;1
112.6,6,484.4,544.2,1,0;1
112.8,6,483.9,539.8,1,0;1
113.0,6,483.9,539.7,1,0;1
113.2,6,483.9,539.6,1,0;1
113.4,6,483.9,539.6,1,0;1
113.6,6,483.9,539.6,1,0;1
113.8,6,483.9,539.6,1,0;1
114.0,6,483.9,539.6,1,0;1
114.2,6,483.9,539.6,1,0;1
114.4,6,483.9,539.6,1,0;1
114.6,6,483.9,539.6,1,0;1
114.8,6,483.9,539.6,1,0;1
115.0,6,483.9,539.6,1,0;1
115.2,6,483.9,539.6,1,0;1
115.4,6,483.8,539.6,1,0;1
115.6,6,483.8,539.5,1,0;1
115.8,6,483.8,539.5,1,0;1
116.0,6,483.8,539.5,1,0;1
116.2,6,483.8,539.5,1,0;1
116.4,6,483.8,539.4,1,0;1
116.6,6,484.1,539.1,1,0;1
116.8,6,484.3,538.7,1,0;1
117.0,6,484.3,538.7,1,0;1
117.2,6,484.5,539.1,1,0;1
117.4,6,485.4,541.7,1,0;1
117.6,6,485.5,543.1,1,0;1
117.8,6,485.5,543.1,1,0;1
118.0,6,485.5,543.1,1,0;1
118.2,6,485.5,543.1,1,0;1
118.4,6,485.5,543.1,1,0;1
118.6,6,485.5,543.1,1,0;1
118.8,6,485.3,542.8,1,0;1
119.0,6,484.9,541.3,1,0;1
119.2,6,484.9,541.3,1,0;1
119.4,6,484.9,541.3,1,0;1
119.6,6,484.9,541.3,1,0;1
119.8,6,484.9,541.3,1,0;1
120.0,6,484.9,541.3,1,0;1
120.2,6,484.9,541.3,1,0;1
120.4,6,436.7,515.7,2,0;1
120.6,6,456.9,526.4,2,0;1
120.8,6,434.0,514.2,2,0;1
121.0,6,436.6,515.8,2,0;1
121.2,6,444.5,520.5,2,0;1
121.4,6,444.8,520.6,2,0;1
121.6,6,457.5,527.7,2,0;1
121.8,6,449.4,523.2,2,0;1
122.0,6,445.6,521.1,2,0;1
122.2,6,445.1,520.8,2,0;1
122.4,6,450.5,523.8,2,0;1
122.6,6,439.1,517.3,2,0;1
122.8,6,435.4,515.1,2,0;1
123.0,6,434.8,514.8,2,0;1
123.2,6,434.5,514.6,2,0;1
123.4,6,435.1,514.9,2,0;1
123.6,6,440.7,518.4,2,0;1
123.8,6,442.5,519.5,2,0;1
124.0,6,442.8,519.7,2,0;1
124.2,6,444.3,520.5,2,0;1
124.4,6,445.1,521.0,2,0;1
124.6,6,440.3,518.3,2,0;1
124.8,6,436.0,515.8,2,0;1
125.0,6,434.9,515.2,2,0;1
125.2,6,437.4,516.6,2,0;1
125.4,6,441.6,519.2,2,0;1
125.6,6,447.0,522.7,2,0;1
125.8,6,448.2,523.4,2,0;1
126.0,6,451.5,525.2,2,0;1
126.2,6,440.4,519.2,2,0;1
126.4,6,434.8,516.2,2,0;1
126.6,6,447.7,523.2,2,0;1
126.8,6,445.9,522.2,2,0;1
127.0,6,442.9,520.2,2,0;1
127.2,6,428.9,512.8,2,0;1
127.4,6,430.8,513.8,2,0;1
127.6,6,438.9,518.0,2,0;1
127.8,6,430.3,513.5,2,0;1
128.0,6,446.0,522.0,2,0;1
128.2,6,444.5,521.2,2,0;1
128.4,6,440.1,518.9,2,0;1
128.6,6,439.7,518.8,2,0;1
128.8,6,437.2,517.6,2,0;1
129.0,6,433.7,515.9,2,0;1
129.2,6,431.5,514.8,2,0;1
129.4,6,436.6,517.5,2,0;1
129.6,6,433.9,516.0,2,0;1
129.8,6,432.3,515.2,2,0;1
130.0,6,443.0,521.0,2,0;1
130.2,6,435.7,517.0,2,0;1
130.4,6,442.8,521.1,2,0;1
130.6,6,448.3,524.1,2,0;1
130.8,6,464.6,533.1,2,0;1
131.0,6,446.6,523.2,2,0;1
131.2,6,443.5,521.5,2,0;1
131.4,6,443.0,521.2,2,0;1
131.6,6,441.7,520.8,2,0;1
131.8,6,444.2,522.2,2,0;1
132.0,6,446.5,523.3,2,0;1
132.2,6,445.0,522.5,2,0;1
132.4,6,444.5,522.2,2,0;1
132.6,6,448.8,524.4,2,0;1
132.8,6,443.4,520.5,2,0;1
133.0,6,442.1,519.8,2,0;1
133.2,6,444.1,521.0,2,0;1
133.4,6,446.8,522.6,2,0;1
133.6,6,449.0,523.9,2,0;1
133.8,6,448.4,523.6,2,0;1
134.0,6,447.7,524.2,2,0;1
134.2,6,450.5,527.0,2,0;1
134.4,6,452.6,530.4,2,0;1
134.6,6,452.4,530.6,2,0;1
134.8,6,449.3,528.6,2,0;1
135.0,6,453.9,531.8,2,0;1
135.2,6,458.2,535.0,2,0;1
135.4,6,463.5,539.3,2,0;1
135.6,6,448.7,529.9,2,0;1
135.8,6,458.9,538.6,2,0;1
136.0,6,465.8,545.9,2,0;1
136.2,6,453.0,535.2,2,0;1
136.4,6,448.5,528.3,2,0;1
136.6,6,459.0,528.7,2,0;1
136.8,6,453.2,519.9,2,0;1
137.0,6,443.6,516.9,2,0;1
137.2,6,441.8,516.7,2,0;1
137.4,6,471.2,533.5,1,0;1
137.6,6,471.2,533.5,1,0;1
137.8,6,471.2,533.5,1,0;1
138.0,6,471.2,533.5,1,0;1
138.2,6,469.8,532.8,1,0;1
138.4,6,463.2,530.7,1,0;1
138.6,6,462.0,537.5,1,0;1
138.8,6,461.7,540.4,1,0;1
139.0,6,462.0,549.4,1,0;1
139.2,6,462.2,551.6,1,0;1
139.4,6,462.3,553.0,1,0;1
139.6,6,459.7,553.3,1,0;1
139.8,6,459.7,554.1,1,0;1
140.0,6,458.9,550.5,1,0;1
140.2,6,461.7,549.3,1,0;1
140.4,6,462.8,549.0,1,0;1
140.6,6,462.8,544.4,1,0;1
140.8,6,462.8,539.7,1,0;1
141.0,6,456.7,530.1,1,0;1
141.2,6,456.3,529.6,1,0;1
141.4,6,456.1,529.3,1,0;1
141.6,6,456.0,529.1,1,0;1
141.8,6,455.7,528.5,1,0;1
142.0,6,455.7,528.5,1,0;1
142.2,6,461.9,544.0,1,0;1
142.4,6,464.0,554.4,1,0;1
142.6,6,462.9,559.0,1,0;1
142.8,6,461.4,560.6,1,0;1
143.0,6,461.4,560.6,1,0;1
143.2,6,461.3,561.0,1,0;1
143.4,6,461.3,561.0,1,0;1
143.6,6,460.5,558.3,1,0;1
143.8,6,460.5,558.3,1,0;1
144.0,6,460.2,555.9,1,0;1
144.2,6,460.2,555.9,1,0;1
144.4,6,459.3,552.1,1,0;1
144.6,6,458.6,548.6,1,0;1
144.8,6,461.7,545.6,1,0;1
145.0,6,461.7,545.6,1,0;1
145.2,6,461.7,545.6,1,0;1
145.4,6,459.0,538.1,1,0;1
145.6,6,456.2,533.1,1,0;1
145.8,6,455.5,530.5,1,0;1
146.0,6,455.5,530.5,1,0;1
146.2,6,456.3,531.3,1,0;1
146.4,6,457.8,535.6,1,0;1
146.6,6,456.0,544.6,1,0;1
146.8,6,456.2,557.8,1,0;1
147.0,6,456.4,558.9,1,0;1
147.2,6,456.6,560.3,1,0;1
147.4,6,456.6,560.4,1,0;1
147.6,6,456.5,560.5,1,0;1
147.8,6,456.5,560.7,1,0;1
148.0,6,456.8,562.4,1,0;1
148.2,6,456.9,562.7,1,0;1
148.4,6,457.0,563.1,1,0;1
148.6,6,457.0,563.1,1,0;1
148.8,6,457.0,563.1,1,0;1
149.0,6,457.5,560.4,1,0;1
149.2,6,458.2,549.4,1,0;1
149.4,6,459.6,546.2,1,0;1
149.6,6,461.1,545.2,1,0;1
149.8,6,467.5,545.6,1,0;1
150.0,6,475.8,548.3,1,0;1
150.2,6,482.6,550.0,1,0;1
150.4,6,484.6,550.1,1,0;1
150.6,6,484.8,536.6,1,0;1
150.8,6,484.7,536.3,1,0;1
151.0,6,482.3,534.1,1,0;1
151.2,6,477.0,532.0,1,0;1
151.4,6,470.0,530.0,1,0;1
151.6,6,465.8,528.0,1,0;1
151.8,6,465.1,527.9,1,0;1
152.0,6,464.8,527.9,1,0;1
152.2,6,466.3,547.7,1,0;1
152.4,6,466.3,547.7,1,0;1
152.6,6,464.9,545.7,1,0;1
152.8,6,462.4,539.2,1,0;1
153.0,6,463.0,538.3,1,0;1
153.2,6,465.0,537.8,1,0;1
153.4,6,472.5,540.0,1,0;1
153.6,6,474.1,540.3,1,0;1
153.8,6,474.4,537.8,1,0;1
154.0,6,474.7,535.0,1,0;1
154.2,6,471.1,530.8,1,0;1
154.4,6,461.9,526.4,1,0;1
154.6,6,457.4,525.3,1,0;1
154.8,6,456.5,526.7,1,0;1
155.0,6,456.4,529.5,1,0;1
155.2,6,456.4,529.5,1,0;1
155.4,6,456.6,521.3,1,0;1
155.6,6,456.9,517.9,1,0;1
155.8,6,456.8,517.7,1,0;1
156.0,6,456.7,516.3,1,0;1
156.2,6,456.4,514.8,1,0;1
156.4,6,450.7,512.0,1,0;1
156.6,6,444.9,513.8,1,0;1
156.8,6,442.9,554.7,1,0;1
157.0,6,440.5,555.9,1,0;1
157.2,6,435.9,551.3,1,0;1
157.4,6,428.7,546.6,1,0;1
157.6,6,421.6,546.6,1,0;1
157.8,6,417.8,546.1,1,0;1
158.0,6,417.1,546.2,1,0;1
158.2,6,416.6,547.7,1,0;1
158.4,6,416.6,547.9,1,0;1
158.6,6,420.3,555.2,1,0;1
158.8,6,420.8,556.3,1,0;1
159.0,6,420.8,556.3,1,0;1
159.2,6,400.4,535.9,1,0;1
159.4,6,385.5,492.9,1,0;1
159.6,6,394.2,529.0,1,0;1
159.8,6,396.4,539.7,1,0;1
160.0,6,396.9,540.6,1,0;1
160.2,6,398.0,541.6,1,0;1
160.4,6,402.6,543.6,1,0;1
160.6,6,416.6,544.0,1,0;1
160.8,6,422.2,539.3,1,0;1
161.0,6,432.2,535.0,1,0;1
161.2,6,438.3,530.9,1,0;1
161.4,6,452.7,531.6,1,0;1
161.6,6,457.3,530.9,1,0;1
161.8,6,459.5,528.6,1,0;1
162.0,6,461.8,524.9,1,0;1
162.2,6,467.5,523.3,1,0;1
162.4,6,470.4,523.4,1,0;1
162.6,6,471.7,522.7,1,0;1
162.8,6,471.8,522.7,1,0;1
163.0,6,471.9,523.5,1,0;1
163.2,6,471.7,525.0,1,0;1
163.4,6,471.4,528.3,1,0;1
163.6,6,471.2,530.7,1,0;1
163.8,6,471.2,530.7,1,0;1
164.0,6,471.2,530.7,1,0;1
164.2,6,471.2,530.8,1,0;1
164.4,6,471.2,530.8,1,0;1
164.6,6,471.2,531.9,1,0;1
164.8,6,471.3,533.2,1,0;1
165.0,6,471.3,533.2,1,0;1
165.2,6,471.3,533.4,1,0;1
165.4,6,471.4,533.7,1,0;1
165.6,6,471.5,533.9,1,0;1
165.8,6,471.5,533.9,1,0;1
166.0,6,471.5,533.9,1,0;1
166.2,6,471.5,533.9,1,0;1
166.4,6,471.5,533.9,1,0;1
166.6,6,471.4,534.0,1,0;1
166.8,6,471.3,535.9,1,0;1
167.0,6,471.5,539.4,1,0;1
167.2,6,471.6,541.1,1,0;1
167.4,6,471.7,541.7,1,0;1
167.6,6,471.7,541.7,1,0;1
167.8,6,472.3,538.0,1,0;1
168.0,6,472.3,533.1,1,0;1
168.2,6,471.7,531.9,1,0;1
168.4,6,466.9,530.0,1,0;1
168.6,6,463.0,531.9,1,0;1
168.8,6,461.9,532.1,1,0;1
169.0,6,461.8,532.1,1,0;1
169.2,6,461.8,532.1,1,0;1
169.4,6,461.8,532.1,1,0;1
169.6,6,461.9,533.3,1,0;1
169.8,6,462.2,534.9,1,0;1
170.0,6,463.9,538.9,1,0;1
170.2,6,466.0,541.7,1,0;1
170.4,6,467.0,544.4,1,0;1
170.6,6,466.4,545.1,1,0;1
170.8,6,465.7,543.8,1,0;1
171.0,6,464.9,540.3,1,0;1
171.2,6,464.9,540.3,1,0;1
171.4,6,464.8,540.9,1,0;1
171.6,6,464.0,548.6,1,0;1
171.8,6,463.3,554.5,1,0;1
172.0,6,463.3,556.6,1,0;1
172.2,6,461.1,557.4,1,0;1
172.4,6,458.9,560.1,1,0;1
172.6,6,458.7,563.3,1,0;1
172.8,6,458.8,566.1,1,0;1
173.0,6,459.0,565.1,1,0;1
173.2,6,459.5,563.4,1,0;1
173.4,6,459.6,563.3,1,0;1
173.6,6,459.6,563.3,1,0;1
173.8,6,460.6,564.8,1,0;1
174.0,6,460.9,565.1,1,0;1
174.2,6,460.8,556.5,1,0;1
174.4,6,460.8,556.3,1,0;1
174.6,6,460.8,556.3,1,0;1
174.8,6,460.7,556.6,1,0;1
175.0,6,460.5,558.1,1,0;1
175.2,6,460.5,558.1,1,0;1
175.4,6,460.4,557.9,1,0;1
175.6,6,458.2,556.3,1,0;1
175.8,6,457.7,555.7,1,0;1
176.0,6,456.8,552.8,1,0;1
176.2,6,457.8,547.3,1,0;1
176.4,6,461.9,543.5,1,0;1
176.6,6,465.4,544.0,1,0;1
176.8,6,473.1,545.5,1,0;1
177.0,6,479.1,546.7,1,0;1
177.2,6,483.0,546.2,1,0;1
177.4,6,483.5,542.4,1,0;1
177.6,6,482.4,541.0,1,0;1
177.8,6,479.8,536.6,1,0;1
178.0,6,475.8,532.1,1,0;1
178.2,6,475.7,532.1,1,0;1
178.4,6,475.9,534.2,1,0;1
178.6,6,480.1,536.8,1,0;1
178.8,6,485.3,537.5,1,0;1
179.0,6,486.0,536.1,1,0;1
179.2,6,486.3,534.0,1,0;1
179.4,6,486.2,533.8,1,0;1
179.6,6,486.0,534.1,1,0;1
179.8,6,485.2,534.5,1,0;1
180.0,6,483.1,536.5,1,0;1
180.2,6,475.1,544.0,1,0;1
180.4,6,470.4,548.0,1,0;1
180.6,6,471.7,562.4,1,0;1
180.8,6,472.6,563.2,1,0;1
181.0,6,471.3,546.9,1,0;1
181.2,6,471.3,546.9,1,0;1
181.4,6,471.4,546.8,1,0;1
181.6,6,471.6,546.7,1,0;1
181.8,6,472.3,545.6,1,0;1
182.0,6,472.9,537.8,1,0;1
182.2,6,472.9,536.9,1,0;1
182.4,6,472.9,536.7,1,0;1
182.6,6,472.9,535.4,1,0;1
182.8,6,472.5,525.3,1,0;1
183.0,6,472.4,525.1,1,0;1
183.2,6,472.5,530.3,1,0;1
183.4,6,471.6,531.2,1,0;1
183.6,6,470.2,530.1,1,0;1
183.8,6,467.7,528.0,1,0;1
184.0,6,466.5,526.7,1,0;1
184.2,6,466.5,526.7,1,0;1
184.4,6,467.0,528.0,1,0;1
184.6,6,467.7,530.0,1,0;1
184.8,6,469.5,531.5,1,0;1
185.0,6,470.2,517.4,1,0;1
185.2,6,471.3,511.9,1,0;1
185.4,6,474.6,519.1,1,0;1
185.6,6,477.7,522.2,1,0;1
185.8,6,479.0,526.0,1,0;1
186.0,6,480.2,529.8,1,0;1
186.2,6,481.1,532.6,1,0;1
186.4,6,481.3,532.9,1,0;1
186.6,6,481.4,533.1,1,0;1
186.8,6,481.7,533.4,1,0;1
187.0,6,481.8,533.5,1,0;1
187.2,6,481.9,533.6,1,0;1
187.4,6,482.1,534.1,1,0;1
187.6,6,482.3,534.6,1,0;1
187.8,6,482.4,534.9,1,0;1
188.0,6,482.5,534.9,1,0;1
188.2,6,482.7,535.7,1,0;1
188.4,6,483.1,536.8,1,0;1
188.6,6,483.1,536.9,1,0;1
188.8,6,483.1,536.9,1,0;1
189.0,6,483.1,536.9,1,0;1
189.2,6,483.1,536.9,1,0;1
189.4,6,483.1,536.9,1,0;1
189.6,6,483.1,536.9,1,0;1
189.8,6,483.1,536.9,1,0;1
190.0,6,483.1,536.9,1,0;1
190.2,6,483.1,536.9,1,0;1
190.4,6,483.1,536.9,1,0;1
190.6,6,483.1,536.9,1,0;1
190.8,6,483.1,536.9,1,0;1
191.0,6,483.1,536.9,1,0;1
191.2,6,483.1,536.9,1,0;1
191.4,6,483.1,536.9,1,0;1
191.6,6,483.1,536.9,1,0;1
191.8,6,483.1,536.9,1,0;1
192.0,6,483.2,536.7,1,0;1
192.2,6,483.2,536.7,1,0;1
192.4,6,483.2,536.7,1,0;1
192.6,6,483.2,536.6,1,0;1
192.8,6,483.2,536.4,1,0;1
193.0,6,483.2,536.4,1,0;1
193.2,6,483.2,536.4,1,0;1
193.4,6,483.2,536.4,1,0;1
193.6,6,483.3,536.0,1,0;1
193.8,6,483.3,535.5,1,0;1
194.0,6,483.3,534.4,1,0;1
194.2,6,483.3,534.4,1,0;1
194.4,6,483.3,534.4,1,0;1
194.6,6,482.3,537.2,1,0;1
194.8,6,482.2,538.2,1,0;1
195.0,6,482.2,538.2,1,0;1
195.2,6,482.2,538.2,1,0;1
195.4,6,484.9,536.5,1,0;1
195.6,6,485.4,535.9,1,0;1
195.8,6,485.4,535.9,1,0;1
196.0,6,485.5,536.5,1,0;1
196.2,6,485.1,540.6,1,0;1
196.4,6,485.1,543.4,1,0;1
196.6,6,485.5,546.5,1,0;1
196.8,6,486.3,549.3,1,0;1
197.0,6,486.6,549.9,1,0;1
197.2,6,486.7,549.7,1,0;1
197.4,6,486.9,547.8,1,0;1
197.6,6,486.9,545.8,1,0;1
197.8,6,484.5,536.6,1,0;1
198.0,6,481.3,526.6,1,0;1
198.2,6,478.8,520.5,1,0;1
198.4,6,478.6,520.0,1,0;1
198.6,6,478.6,520.0,1,0;1
198.8,6,479.7,523.2,1,0;1
199.0,6,481.2,524.5,1,0;1
199.2,6,482.0,525.0,1,0;1
199.4,6,482.0,525.0,1,0;1
199.6,6,482.1,524.4,1,0;1
199.8,6,482.0,524.4,1,0;1
200.0,6,481.9,524.5,1,0;1
200.2,6,481.4,526.1,1,0;1
200.4,6,481.4,526.4,1,0;1
200.6,6,482.9,528.4,1,0;1
200.8,6,483.6,528.8,1,0;1
201.0,6,484.3,527.7,1,0;1
201.2,6,484.3,527.7,1,0;1
201.4,6,484.7,530.2,1,0;1
201.6,6,485.0,532.7,1,0;1
201.8,6,485.0,532.7,1,0;1
202.0,6,485.0,532.7,1,0;1
202.2,6,484.9,532.2,1,0;1
202.4,6,484.8,532.1,1,0;1
202.6,6,484.8,532.2,1,0;1
202.8,6,484.9,532.3,1,0;1
203.0,6,485.6,535.3,1,0;1
203.2,6,485.7,535.6,1,0;1
203.4,6,485.8,537.7,1,0;1
203.6,6,486.0,539.6,1,0;1
203.8,6,486.0,539.6,1,0;1
204.0,6,486.4,545.9,1,0;1
204.2,6,486.3,547.6,1,0;1
204.4,6,484.6,548.5,1,0;1
204.6,6,483.6,548.8,1,0;1
204.8,6,483.2,548.7,1,0;1
205.0,6,483.2,548.7,1,0;1
205.2,6,483.2,548.7,1,0;1
205.4,6,483.0,547.8,1,0;1
205.6,6,482.3,542.5,1,0;1
205.8,6,482.0,540.1,1,0;1
206.0,6,482.0,540.0,1,0;1
206.2,6,481.8,540.1,1,0;1
206.4,6,480.9,540.8,1,0;1
206.6,6,480.6,541.0,1,0;1
206.8,6,479.3,540.9,1,0;1
207.0,6,477.6,538.8,1,0;1
207.2,6,477.5,538.7,1,0;1
207.4,6,477.5,538.6,1,0;1
207.6,6,477.5,538.6,1,0;1
207.8,6,477.5,537.7,1,0;1
208.0,6,477.6,534.9,1,0;1
208.2,6,477.3,531.8,1,0;1
208.4,6,477.3,531.2,1,0;1
208.6,6,477.3,531.2,1,0;1
208.8,6,477.3,531.2,1,0;1
209.0,6,477.3,531.2,1,0;1
209.2,6,477.3,531.2,1,0;1
209.4,6,477.3,531.2,1,0;1
209.6,6,477.3,531.2,1,0;1
209.8,6,477.3,531.2,1,0;1
210.0,6,477.3,531.2,1,0;1
210.2,6,477.9,530.6,1,0;1
210.4,6,478.1,530.3,1,0;1
210.6,6,478.2,530.3,1,0;1
210.8,6,478.2,530.1,1,0;1
211.0,6,478.4,529.3,1,0;1
211.2,6,478.5,528.4,1,0;1
211.4,6,478.5,528.3,1,0;1
211.6,6,478.5,528.3,1,0;1
211.8,6,478.5,528.3,1,0;1
212.0,6,478.5,528.3,1,0;1
212.2,6,478.5,528.3,1,0;1
212.4,6,478.5,528.3,1,0;1
212.6,6,478.5,528.3,1,0;1
212.8,6,478.5,528.3,1,0;1
213.0,6,478.5,528.3,1,0;1
213.2,6,478.6,528.4,1,0;1
213.4,6,479.2,533.2,1,0;1
213.6,6,479.4,536.4,1,0;1
213.8,6,479.0,536.7,1,0;1
214.0,6,478.2,535.5,1,0;1
214.2,6,477.0,531.6,1,0;1
214.4,6,476.9,531.4,1,0;1
214.6,6,476.1,527.5,1,0;1
214.8,6,476.0,527.4,1,0;1
215.0,6,475.6,528.1,1,0;1
215.2,6,475.4,528.6,1,0;1
215.4,6,475.3,528.8,1,0;1
215.6,6,475.3,528.8,1,0;1
215.8,6,476.5,528.5,1,0;1
216.0,6,476.7,528.4,1,0;1
216.2,6,477.9,527.3,1,0;1
216.4,6,479.2,525.4,1,0;1
216.6,6,479.6,525.2,1,0;1
216.8,6,479.8,525.1,1,0;1
217.0,6,480.3,525.2,1,0;1
217.2,6,483.1,530.4,1,0;1
217.4,6,487.8,537.7,1,0;1
217.6,6,489.1,540.9,1,0;1
217.8,6,489.1,541.0,1,0;1
218.0,6,489.3,541.2,1,0;1
218.2,6,488.7,537.8,1,0;1
218.4,6,487.8,532.3,1,0;1
218.6,6,484.8,527.5,1,0;1
218.8,6,483.6,526.6,1,0;1
219.0,6,481.8,526.8,1,0;1
219.2,6,481.0,526.8,1,0;1
219.4,6,481.0,526.8,1,0;1
219.6,6,480.7,530.7,1,0;1
219.8,6,481.7,533.8,1,0;1
220.0,6,481.9,534.3,1,0;1
220.2,6,481.9,534.3,1,0;1
220.4,6,481.9,534.3,1,0;1
220.6,6,480.3,531.0,1,0;1
220.8,6,479.5,529.7,1,0;1
221.0,6,479.3,529.5,1,0;1
221.2,6,479.1,529.3,1,0;1
221.4,6,478.8,529.1,1,0;1
221.6,6,478.8,529.1,1,0;1
221.8,6,478.8,529.1,1,0;1
222.0,6,478.8,529.1,1,0;1
222.2,6,480.2,530.2,1,0;1
222.4,6,480.5,530.8,1,0;1
222.6,6,480.5,530.8,1,0;1
222.8,6,480.5,530.8,1,0;1
223.0,6,480.8,530.8,1,0;1
223.2,6,481.0,530.6,1,0;1
223.4,6,481.1,530.5,1,0;1
223.6,6,481.3,530.4,1,0;1
223.8,6,481.6,530.3,1,0;1
224.0,6,481.6,530.3,1,0;1
224.2,6,481.6,530.3,1,0;1
224.4,6,481.6,530.3,1,0;1
224.6,6,481.6,530.3,1,0;1
224.8,6,481.7,530.3,1,0;1
225.0,6,482.8,532.7,1,0;1
225.2,6,483.2,533.6,1,0;1
225.4,6,483.2,533.8,1,0;1
225.6,6,483.2,533.8,1,0;1
225.8,6,483.6,535.3,1,0;1
226.0,6,483.1,537.7,1,0;1
226.2,6,482.9,538.7,1,0;1
226.4,6,482.7,539.1,1,0;1
226.6,6,482.7,539.1,1,0;1
226.8,6,482.1,539.0,1,0;1
227.0,6,481.5,538.0,1,0;1
227.2,6,481.4,537.8,1,0;1
227.4,6,481.4,537.7,1,0;1
227.6,6,563.2,551.8,2,0;1
227.8,6,568.6,553.0,2,0;1
228.0,6,572.3,553.7,2,0;1
228.2,6,568.7,554.0,2,0;1
228.4,6,561.2,554.4,2,0;1
228.6,6,557.6,554.8,2,0;1
228.8,6,554.4,556.1,2,0;1
229.0,6,544.7,555.6,2,0;1
229.2,6,542.2,555.5,2,0;1
229.4,6,541.3,556.6,2,0;1
229.6,6,530.4,556.6,2,0;1
229.8,6,524.9,557.7,2,0;1
230.0,6,522.0,559.4,2,0;1
230.2,6,513.6,560.2,2,0;1
230.4,6,507.8,560.4,2,0;1
230.6,6,507.7,561.2,2,0;1
230.8,6,499.4,560.2,2,0;1
231.0,6,490.8,559.5,2,0;1
231.2,6,487.9,558.3,2,0;1
231.4,6,477.9,557.9,2,0;1
231.6,6,468.7,553.9,2,0;1
231.8,6,464.8,554.5,2,0;1
232.0,6,454.0,554.0,2,0;1
232.2,6,443.4,554.7,2,0;1
232.4,6,439.5,556.2,2,0;1
232.6,6,429.3,558.5,2,0;1
232.8,6,412.4,560.8,2,0;1
233.0,6,404.0,562.8,2,0;1
233.2,6,384.2,566.6,2,0;1
233.4,6,373.5,563.8,2,0;1
233.6,6,372.1,563.1,2,0;1
233.8,6,355.3,563.9,2,0;1
234.0,6,335.5,564.7,2,0;1
234.2,6,331.0,566.0,2,0;1
234.4,6,312.4,565.1,2,0;1
234.6,6,286.3,568.5,2,0;1
234.8,6,261.4,573.7,2,0;1
235.0,6,272.9,569.1,2,0;1
235.2,6,303.6,558.7,2,0;1
235.4,6,317.7,553.5,2,0;1
235.6,6,334.8,546.0,2,0;1
235.8,6,341.1,531.4,2,0;1
236.0,6,336.2,522.4,2,0;1
236.2,6,374.5,526.2,2,0;1
236.4,6,425.0,534.0,1,0;1
236.6,6,422.3,529.3,1,0;1
236.8,6,419.4,522.0,1,0;1
237.0,6,415.9,509.0,1,0;1
237.2,6,414.9,505.9,1,0;1
237.4,6,407.8,481.7,1,0;1
237.6,6,401.1,458.2,1,0;1
237.8,6,401.0,458.1,1,0;1
238.0,6,401.0,459.6,1,0;1
238.2,6,401.0,459.6,1,0;1
238.4,6,401.0,459.6,1,0;1
238.6,6,401.1,459.5,1,0;1
238.8,6,401.8,457.1,1,0;1
239.0,6,402.0,452.7,1,0;1
239.2,6,399.8,437.6,1,0;1
239.4,6,396.0,417.0,1,0;1
239.6,6,395.0,407.7,1,0;1
239.8,6,392.6,390.7,1,0;1
240.0,6,393.1,381.1,1,0;1
240.2,6,395.0,370.6,1,0;1
240.4,6,394.5,355.1,1,0;1
240.6,6,392.4,342.4,1,0;1
240.8,6,386.8,315.1,1,0;1
241.0,6,385.1,306.7,1,0;1
241.2,6,383.7,300.5,1,0;1
241.4,6,379.5,281.5,1,0;1
241.6,6,377.7,274.0,1,0;1
241.8,6,374.7,260.1,1,0;1
242.0,6,372.1,245.4,1,0;1
242.2,6,370.8,233.3,1,0;1
242.4,6,370.5,219.1,1,0;1
242.6,6,370.3,208.3,1,0;1
242.8,6,370.1,202.1,1,0;1
243.0,6,369.1,194.5,1,0;1
3.2,7,464.3,556.3,1,0;1
3.4,7,463.7,552.4,1,0;1
3.6,7,463.1,547.8,1,0;1
3.8,7,465.2,539.9,1,0;1
4.0,7,469.7,536.3,1,0;1
4.2,7,474.7,539.2,1,0;1
4.4,7,481.1,545.2,1,0;1
4.6,7,484.0,557.7,1,0;1
4.8,7,484.1,558.0,1,0;1
5.0,7,482.6,549.1,1,0;1
5.2,7,478.1,536.9,1,0;1
5.4,7,473.1,531.4,1,0;1
5.6,7,464.6,523.6,1,0;1
5.8,7,461.8,521.0,1,0;1
6.0,7,461.3,522.3,1,0;1
6.2,7,460.5,534.3,1,0;1
6.4,7,459.0,535.6,1,0;1
6.6,7,458.9,536.1,1,0;1
6.8,7,458.7,536.6,1,0;1
7.0,7,458.5,537.2,1,0;1
7.2,7,458.4,537.7,1,0;1
7.4,7,458.2,538.2,1,0;1
7.6,7,458.1,538.7,1,0;1
7.8,7,457.9,539.3,1,0;1
8.0,7,457.7,539.8,1,0;1
8.2,7,457.6,540.3,1,0;1
8.4,7,457.4,540.9,1,0;1
8.6,7,457.2,541.4,1,0;1
8.8,7,457.1,541.9,1,0;1
9.0,7,456.9,542.4,1,0;1
9.2,7,456.7,543.0,1,0;1
9.4,7,456.6,543.5,1,0;1
9.6,7,456.4,544.0,1,0;1
9.8,7,456.3,544.6,1,0;1
10.0,7,456.1,545.1,1,0;1
10.2,7,455.9,545.6,1,0;1
10.4,7,455.8,546.2,1,0;1
10.6,7,455.6,546.7,1,0;1
10.8,7,455.4,547.2,1,0;1
11.0,7,455.3,547.7,1,0;1
11.2,7,455.1,548.3,1,0;1
11.4,7,455.0,548.8,1,0;1
11.6,7,454.8,549.3,1,0;1
11.8,7,454.6,549.9,1,0;1
12.0,7,454.5,550.4,1,0;1
12.2,7,454.3,550.9,1,0;1
12.4,7,454.5,555.7,1,0;1
12.6,7,455.3,555.2,1,0;1
12.8,7,456.9,556.1,1,0;1
13.0,7,457.2,553.9,1,0;1
13.2,7,456.6,549.3,1,0;1
13.4,7,458.5,562.6,1,0;1
13.6,7,458.2,560.9,1,0;1
13.8,7,458.2,560.9,1,0;1
14.0,7,457.9,558.9,1,0;1
14.2,7,456.7,552.8,1,0;1
14.4,7,455.2,550.2,1,0;1
14.6,7,453.0,544.9,1,0;1
14.8,7,450.5,538.3,1,0;1
15.0,7,450.6,536.7,1,0;1
15.2,7,450.7,536.7,1,0;1
15.4,7,451.7,536.7,1,0;1
15.6,7,451.7,536.6,1,0;1
15.8,7,451.9,536.1,1,0;1
16.0,7,450.7,534.3,1,0;1
16.2,7,443.6,534.1,1,0;1
16.4,7,434.5,542.4,1,0;1
16.6,7,429.9,544.5,1,0;1
16.8,7,427.3,554.3,1,0;1
17.0,7,424.7,557.6,1,0;1
17.2,7,423.3,559.0,1,0;1
17.4,7,422.8,559.0,1,0;1
17.6,7,422.7,558.9,1,0;1
17.8,7,421.9,557.7,1,0;1
18.0,7,421.1,556.1,1,0;1
18.2,7,420.9,555.5,1,0;1
18.4,7,420.6,555.0,1,0;1
18.6,7,420.6,555.0,1,0;1
18.8,7,418.4,554.4,1,0;1
19.0,7,417.5,557.7,1,0;1
19.2,7,417.5,561.4,1,0;1
19.4,7,417.5,561.4,1,0;1
19.6,7,417.5,561.4,1,0;1
19.8,7,417.6,561.2,1,0;1
20.0,7,417.6,561.0,1,0;1
20.2,7,416.2,559.4,1,0;1
20.4,7,415.1,557.4,1,0;1
20.6,7,414.3,555.0,1,0;1
20.8,7,414.4,553.2,1,0;1
21.0,7,416.0,555.7,1,0;1
21.2,7,417.4,558.5,1,0;1
21.4,7,417.6,558.9,1,0;1
21.6,7,417.7,559.0,1,0;1
21.8,7,417.7,559.0,1,0;1
22.0,7,415.3,555.4,1,0;1
22.2,7,414.0,554.1,1,0;1
22.4,7,410.8,548.7,1,0;1
22.6,7,390.0,479.1,1,0;1
22.8,7,389.0,475.5,1,0;1
23.0,7,397.5,502.3,1,0;1
23.2,7,406.0,529.9,1,0;1
23.4,7,406.0,529.9,1,0;1
23.6,7,406.0,529.9,1,0;1
23.8,7,404.9,528.7,1,0;1
24.0,7,399.0,513.8,1,0;1
24.2,7,392.3,495.7,1,0;1
24.4,7,389.2,486.2,1,0;1
24.6,7,386.5,476.9,1,0;1
24.8,7,383.6,467.5,1,0;1
25.0,7,396.7,504.7,1,0;1
25.2,7,406.4,538.8,1,0;1
25.4,7,409.8,545.8,1,0;1
25.6,7,411.6,550.2,1,0;1
25.8,7,412.4,554.5,1,0;1
26.0,7,412.4,556.3,1,0;1
26.2,7,402.2,528.9,2,0;1
26.4,7,399.2,521.0,2,0;1
26.6,7,393.1,526.3,2,0;1
26.8,7,384.5,527.5,2,0;1
27.0,7,385.3,535.3,2,0;1
27.2,7,385.0,537.7,2,0;1
27.4,7,384.8,538.0,2,0;1
27.6,7,382.3,536.6,2,0;1
27.8,7,382.8,536.9,2,0;1
28.0,7,384.2,537.6,2,0;1
28.2,7,387.6,536.1,2,0;1
28.4,7,392.8,535.2,2,0;1
28.6,7,397.7,534.9,2,0;1
28.8,7,397.4,533.6,2,0;1
29.0,7,396.0,531.2,2,0;1
29.2,7,394.5,528.9,2,0;1
29.4,7,386.3,537.4,2,0;1
29.6,7,411.3,553.2,1,0;1
29.8,7,411.3,553.2,1,0;1
30.0,7,410.9,551.6,1,0;1
30.2,7,410.8,551.4,1,0;1
30.4,7,408.4,549.3,1,0;1
30.6,7,408.4,549.3,1,0;1
30.8,7,408.4,549.3,1,0;1
31.0,7,408.4,549.3,1,0;1
31.2,7,408.4,549.3,1,0;1
31.4,7,408.4,549.3,1,0;1
31.6,7,408.4,549.3,1,0;1
31.8,7,408.4,549.3,1,0;1
32.0,7,408.4,549.3,1,0;1
32.2,7,408.4,549.3,1,0;1
32.4,7,408.4,549.3,1,0;1
32.6,7,408.4,549.3,1,0;1
32.8,7,408.4,549.3,1,0;1
33.0,7,408.4,549.3,1,0;1
33.2,7,408.4,549.3,1,0;1
33.4,7,408.4,549.3,1,0;1
33.6,7,408.4,549.3,1,0;1
33.8,7,407.8,549.5,1,0;1
34.0,7,403.6,550.7,1,0;1
34.2,7,402.5,550.8,1,0;1
34.4,7,401.4,550.8,1,0;1
34.6,7,400.4,550.8,1,0;1
34.8,7,399.3,550.9,1,0;1
35.0,7,398.2,550.9,1,0;1
35.2,7,397.5,550.9,1,0;1
35.4,7,397.6,551.0,1,0;1
35.6,7,397.6,551.0,1,0;1
35.8,7,397.6,551.0,1,0;1
36.0,7,397.6,551.0,1,0;1
36.2,7,397.6,551.0,1,0;1
36.4,7,397.6,551.0,1,0;1
36.6,7,397.6,551.0,1,0;1
36.8,7,397.6,551.0,1,0;1
37.0,7,397.6,551.0,1,0;1
37.2,7,397.6,551.0,1,0;1
37.4,7,397.6,551.0,1,0;1
37.6,7,397.6,551.0,1,0;1
37.8,7,397.6,551.0,1,0;1
38.0,7,397.6,551.0,1,0;1
38.2,7,397.6,551.0,1,0;1
38.4,7,397.6,551.0,1,0;1
38.6,7,397.6,551.0,1,0;1
38.8,7,402.8,551.2,1,0;1
39.0,7,407.5,552.1,1,0;1
39.2,7,407.5,552.1,1,0;1
39.4,7,407.5,552.1,1,0;1
39.6,7,407.5,552.1,1,0;1
39.8,7,407.5,552.1,1,0;1
40.0,7,407.5,552.1,1,0;1
40.2,7,407.5,552.1,1,0;1
40.4,7,406.8,553.9,1,0;1
40.6,7,406.3,559.7,1,0;1
40.8,7,405.2,561.1,1,0;1
41.0,7,390.0,519.9,1,0;1
41.2,7,384.2,505.2,1,0;1
41.4,7,383.3,503.9,1,0;1
41.6,7,382.3,502.6,1,0;1
41.8,7,381.4,501.3,1,0;1
42.0,7,380.4,499.9,1,0;1
42.2,7,379.8,499.1,1,0;1
42.4,7,376.9,492.8,1,0;1
42.6,7,381.5,493.1,1,0;1
42.8,7,388.8,506.7,1,0;1
43.0,7,397.4,523.8,1,0;1
43.2,7,406.0,540.9,1,0;1
43.4,7,406.2,541.2,1,0;1
43.6,7,406.2,541.2,1,0;1
43.8,7,406.2,541.2,1,0;1
44.0,7,406.5,542.7,1,0;1
44.2,7,407.8,549.0,1,0;1
44.4,7,407.8,549.2,1,0;1
44.6,7,407.8,549.2,1,0;1
44.8,7,407.8,549.2,1,0;1
45.0,7,407.8,549.2,1,0;1
45.2,7,407.8,549.2,1,0;1
45.4,7,407.8,549.2,1,0;1
45.6,7,405.0,549.5,1,0;1
45.8,7,404.9,549.5,1,0;1
46.0,7,404.9,549.5,1,0;1
46.2,7,404.8,549.5,1,0;1
46.4,7,404.7,549.5,1,0;1
46.6,7,404.6,549.5,1,0;1
46.8,7,404.6,549.5,1,0;1
47.0,7,404.5,549.7,1,0;1
47.2,7,404.7,550.0,1,0;1
47.4,7,404.9,550.3,1,0;1
47.6,7,405.1,550.6,1,0;1
47.8,7,405.3,550.9,1,0;1
48.0,7,405.5,551.2,1,0;1
48.2,7,405.7,551.5,1,0;1
48.4,7,405.8,551.8,1,0;1
48.6,7,406.0,552.1,1,0;1
48.8,7,406.2,552.4,1,0;1
49.0,7,406.7,553.0,1,0;1
28.6,8,678.1,655.1,1,0
28.8,8,677.5,655.1,1,0
29.0,8,674.1,655.3,1,0
29.2,8,668.3,655.6,1,0
29.4,8,664.2,655.8,1,0
29.6,8,662.3,655.9,1,0
29.8,8,658.1,656.1,1,0
30.0,8,652.7,656.4,1,0
30.2,8,648.9,656.6,1,0
30.4,8,646.2,656.7,1,0
30.6,8,640.7,657.0,1,0
30.8,8,633.2,657.4,1,0
31.0,8,629.3,657.6,1,0
31.2,8,626.5,657.7,1,0
31.4,8,621.4,658.0,1,0
31.6,8,615.1,658.3,1,0
31.8,8,609.9,658.6,1,0
32.0,8,608.6,658.6,1,0
32.2,8,603.8,658.9,1,0
32.4,8,595.6,659.3,1,0
32.6,8,591.0,659.5,1,0
32.8,8,588.6,659.7,1,0
33.0,8,584.3,659.9,1,0
33.2,8,578.3,660.2,1,0
33.4,8,576.1,660.3,1,0
33.6,8,570.9,660.6,1,0
33.8,8,566.6,660.8,1,0
34.0,8,563.3,661.0,1,0
34.2,8,563.2,661.0,1,0
34.4,8,563.2,661.0,1,0
34.6,8,563.2,661.0,1,0
34.8,8,563.2,661.0,1,0
35.0,8,563.2,661.0,1,0
35.2,8,563.2,661.0,1,0
35.4,8,563.2,661.0,1,0
35.6,8,563.2,661.0,1,0
35.8,8,563.2,661.0,1,0
36.0,8,563.2,661.0,1,0
36.2,8,563.2,661.0,1,0
36.4,8,563.2,661.0,1,0
36.6,8,562.9,661.0,1,0
36.8,8,562.6,661.0,1,0
37.0,8,561.0,661.1,1,0
37.2,8,560.9,661.1,1,0
37.4,8,560.6,661.1,1,0
37.6,8,560.6,661.1,1,0
37.8,8,560.6,661.1,1,0
38.0,8,560.6,661.1,1,0
38.2,8,560.6,661.1,1,0
38.4,8,559.3,661.2,1,0
38.6,8,559.3,661.2,1,0
38.8,8,559.3,661.2,1,0
39.0,8,559.3,661.2,1,0
39.2,8,559.3,661.2,1,0
39.4,8,559.3,661.2,1,0
39.6,8,559.5,661.2,1,0
39.8,8,559.9,661.1,1,0
40.0,8,560.0,661.1,1,0
40.2,8,560.0,661.1,1,0
40.4,8,560.0,661.1,1,0
40.6,8,560.0,661.1,1,0
40.8,8,560.0,661.1,1,0
41.0,8,560.0,661.1,1,0
41.2,8,560.0,661.1,1,0
41.4,8,560.0,661.1,1,0
41.6,8,560.0,661.1,1,0
41.8,8,560.0,661.1,1,0
42.0,8,560.0,661.1,1,0
42.2,8,560.0,661.1,1,0
42.4,8,560.0,661.1,1,0
42.6,8,560.0,661.1,1,0
42.8,8,560.0,661.1,1,0
43.0,8,560.0,661.1,1,0
43.2,8,560.0,661.1,1,0
43.4,8,560.0,661.1,1,0
43.6,8,560.0,661.1,1,0
43.8,8,560.0,661.1,1,0
44.0,8,560.0,661.1,1,0
44.2,8,560.0,661.1,1,0
44.4,8,560.0,661.1,1,0
44.6,8,560.0,661.1,1,0
44.8,8,560.0,661.1,1,0
45.0,8,560.0,661.1,1,0
45.2,8,560.0,661.1,1,0
45.4,8,560.0,661.1,1,0
45.6,8,560.0,661.1,1,0
45.8,8,560.0,661.1,1,0
46.0,8,560.0,661.1,1,0
46.2,8,560.0,661.1,1,0
46.4,8,560.0,661.1,1,0
46.6,8,560.0,661.1,1,0
46.8,8,560.0,661.1,1,0
47.0,8,560.0,661.1,1,0
47.2,8,560.0,661.1,1,0
47.4,8,560.0,661.1,1,0
47.6,8,560.0,661.1,1,0
47.8,8,560.0,661.1,1,0
48.0,8,560.0,661.1,1,0
48.2,8,560.0,661.1,1,0
48.4,8,560.0,661.1,1,0
48.6,8,560.3,661.1,1,0
48.8,8,560.6,661.1,1,0
49.0,8,560.9,661.1,1,0
49.2,8,560.9,661.1,1,0
49.4,8,560.9,661.1,1,0
49.6,8,560.9,661.1,1,0
49.8,8,560.9,661.1,1,0
50.0,8,560.9,661.1,1,0
50.2,8,560.9,661.1,1,0
50.4,8,560.9,661.1,1,0
50.6,8,560.9,661.1,1,0
50.8,8,560.9,661.1,1,0
51.0,8,560.9,661.1,1,0
51.2,8,560.9,661.1,1,0
51.4,8,560.9,661.1,1,0
51.6,8,560.9,661.1,1,0
51.8,8,560.9,661.1,1,0
52.0,8,560.9,661.1,1,0
52.2,8,560.9,661.1,1,0
52.4,8,560.9,661.1,1,0
52.6,8,560.9,661.1,1,0
52.8,8,560.9,661.1,1,0
53.0,8,560.9,661.1,1,0
53.2,8,560.9,661.1,1,0
53.4,8,560.9,661.1,1,0
53.6,8,560.9,661.1,1,0
53.8,8,560.9,661.1,1,0
54.0,8,560.9,661.1,1,0
54.2,8,560.9,661.1,1,0
54.4,8,560.9,661.1,1,0
54.6,8,560.9,661.1,1,0
54.8,8,560.9,661.1,1,0
55.0,8,560.9,661.1,1,0
55.2,8,560.9,661.1,1,0
55.4,8,560.9,661.1,1,0
55.6,8,560.9,661.1,1,0
55.8,8,560.9,661.1,1,0
56.0,8,560.9,661.1,1,0
56.2,8,560.9,661.1,1,0
56.4,8,560.8,661.1,1,0
56.6,8,560.6,661.1,1,0
56.8,8,560.5,661.1,1,0
57.0,8,560.1,661.1,1,0
57.2,8,559.7,661.2,1,0
57.4,8,559.7,661.2,1,0
57.6,8,559.7,661.2,1,0
57.8,8,559.7,661.2,1,0
58.0,8,559.7,661.2,1,0
58.2,8,558.8,661.2,1,0
58.4,8,558.4,661.2,1,0
58.6,8,557.9,661.2,1,0
58.8,8,557.6,661.3,1,0
59.0,8,554.4,661.4,1,0
59.2,8,550.3,661.6,1,0
59.4,8,547.3,661.8,1,0
59.6,8,546.3,661.8,1,0
59.8,8,540.7,662.1,1,0
60.0,8,534.2,662.5,1,0
60.2,8,529.6,662.7,1,0
60.4,8,520.2,663.2,1,0
60.6,8,517.5,663.3,1,0
60.8,8,511.4,663.6,1,0
61.0,8,508.3,663.8,1,0
61.2,8,505.6,663.9,1,0
61.4,8,502.5,664.1,1,0
61.6,8,492.8,664.6,1,0
61.8,8,478.5,665.3,1,0
62.0,8,472.1,665.7,1,0
62.2,8,472.1,665.7,1,0
62.4,8,472.1,665.7,1,0
62.6,8,472.1,665.7,1,0
62.8,8,472.1,665.7,1,0
63.0,8,473.4,665.6,1,0
63.2,8,476.4,665.4,1,0
63.4,8,491.5,664.7,1,0
63.6,8,498.8,664.3,1,0
63.8,8,498.8,664.3,1,0
64.0,8,498.9,664.3,1,0
64.2,8,493.7,664.6,1,0
64.4,8,493.7,664.6,1,0
64.6,8,493.0,664.6,1,0
64.8,8,484.8,665.0,1,0
65.0,8,484.8,665.0,1,0
65.2,8,484.8,665.0,1,0
65.4,8,484.8,665.0,1,0
65.6,8,484.8,665.0,1,0
65.8,8,484.7,665.0,1,0
66.0,8,484.2,665.0,1,0
66.2,8,484.0,665.1,1,0
66.4,8,483.9,665.1,1,0
66.6,8,483.9,665.1,1,0
66.8,8,483.9,665.1,1,0
67.0,8,483.9,665.1,1,0
67.2,8,483.9,665.1,1,0
67.4,8,483.9,665.1,1,0
67.6,8,483.9,665.1,1,0
67.8,8,485.1,665.0,1,0
68.0,8,485.1,665.0,1,0
68.2,8,485.1,665.0,1,0
68.4,8,485.1,665.0,1,0
68.6,8,485.0,665.0,1,0
68.8,8,482.6,665.1,1,0
69.0,8,480.5,665.2,1,0
69.2,8,476.3,665.4,1,0
69.4,8,476.3,665.4,1,0
69.6,8,476.3,665.4,1,0
69.8,8,476.3,665.4,1,0
70.0,8,476.3,665.4,1,0
70.2,8,476.6,665.4,1,0
70.4,8,478.0,665.4,1,0
70.6,8,478.6,665.3,1,0
70.8,8,478.7,665.3,1,0
71.0,8,479.0,665.3,1,0
71.2,8,479.0,665.3,1,0
71.4,8,479.0,665.3,1,0
71.6,8,479.0,665.3,1,0
71.8,8,479.0,665.3,1,0
72.0,8,479.0,665.3,1,0
72.2,8,479.0,665.3,1,0
72.4,8,479.0,665.3,1,0
72.6,8,479.0,665.3,1,0
72.8,8,479.0,665.3,1,0
73.0,8,479.0,665.3,1,0
73.2,8,479.0,665.3,1,0
73.4,8,479.0,665.3,1,0
73.6,8,479.1,665.3,1,0
73.8,8,479.1,665.3,1,0
74.0,8,479.1,665.3,1,0
74.2,8,479.1,665.3,1,0
74.4,8,479.1,665.3,1,0
74.6,8,479.1,665.3,1,0
74.8,8,479.1,665.3,1,0
75.0,8,479.1,665.3,1,0
75.2,8,479.1,665.3,1,0
75.4,8,479.1,665.3,1,0
75.6,8,479.1,665.3,1,0
75.8,8,479.1,665.3,1,0
76.0,8,479.1,665.3,1,0
76.2,8,479.1,665.3,1,0
76.4,8,479.1,665.3,1,0
76.6,8,479.1,665.3,1,0
76.8,8,479.1,665.3,1,0
77.0,8,479.1,665.3,1,0
77.2,8,479.1,665.3,1,0
77.4,8,479.1,665.3,1,0
77.6,8,479.1,665.3,1,0
77.8,8,479.1,665.3,1,0
78.0,8,479.1,665.3,1,0
78.2,8,479.1,665.3,1,0
78.4,8,479.1,665.3,1,0
78.6,8,479.1,665.3,1,0
78.8,8,479.1,665.3,1,0
79.0,8,479.0,665.3,1,0
79.2,8,478.7,665.3,1,0
79.4,8,478.5,665.3,1,0
79.6,8,478.4,665.3,1,0
79.8,8,478.4,665.3,1,0
80.0,8,478.4,665.3,1,0
80.2,8,478.4,665.3,1,0
80.4,8,478.4,665.3,1,0
80.6,8,478.4,665.3,1,0
80.8,8,478.4,665.3,1,0
81.0,8,478.4,665.3,1,0
81.2,8,478.4,665.3,1,0
81.4,8,478.4,665.3,1,0
81.6,8,478.4,665.3,1,0
81.8,8,478.5,665.3,1,0
82.0,8,478.7,665.3,1,0
82.2,8,478.7,665.3,1,0
82.4,8,472.9,665.6,1,0
82.6,8,472.9,665.6,1,0
82.8,8,472.9,665.6,1,0
83.0,8,480.5,665.2,1,0
83.2,8,480.5,665.2,1,0
83.4,8,480.5,665.2,1,0
83.6,8,480.5,665.2,1,0
83.8,8,480.5,665.2,1,0
84.0,8,480.5,665.2,1,0
84.2,8,480.5,665.2,1,0
84.4,8,480.5,665.2,1,0
84.6,8,475.0,665.5,1,0
84.8,8,469.3,665.8,1,0
85.0,8,464.5,666.1,1,0
85.2,8,463.5,666.1,1,0
85.4,8,464.1,666.1,1,0
85.6,8,467.4,665.9,1,0
85.8,8,467.6,665.9,1,0
86.0,8,467.6,665.9,1,0
86.2,8,464.3,666.1,1,0
86.4,8,452.2,666.7,1,0
86.6,8,439.4,667.3,1,0
86.8,8,436.1,667.5,1,0
87.0,8,435.2,667.6,1,0
87.2,8,434.3,667.6,1,0
87.4,8,433.5,667.6,1,0
87.6,8,428.7,667.9,1,0
87.8,8,425.1,668.1,1,0
88.0,8,423.7,668.2,1,0
88.2,8,421.7,668.3,1,0
88.4,8,417.0,668.5,1,0
88.6,8,414.2,668.6,1,0
88.8,8,412.6,668.7,1,0
89.0,8,412.6,668.7,1,0
89.2,8,412.6,668.7,1,0
89.4,8,412.6,668.7,1,0
89.6,8,412.6,668.7,1,0
89.8,8,412.6,668.7,1,0
90.0,8,412.6,668.7,1,0
90.2,8,411.8,668.8,1,0
90.4,8,410.8,668.8,1,0
90.6,8,404.9,669.1,1,0
90.8,8,404.9,669.1,1,0
91.0,8,404.9,669.1,1,0
91.2,8,404.9,669.1,1,0
91.4,8,404.9,669.1,1,0
91.6,8,404.9,669.1,1,0
91.8,8,404.9,669.1,1,0
92.0,8,404.9,669.1,1,0
92.2,8,404.9,669.1,1,0
92.4,8,408.9,668.9,1,0
92.6,8,410.9,668.8,1,0
92.8,8,411.8,668.8,1,0
93.0,8,415.4,668.6,1,0
93.2,8,416.4,668.5,1,0
93.4,8,416.5,668.5,1,0
93.6,8,416.5,668.5,1,0
93.8,8,416.0,668.6,1,0
94.0,8,399.0,669.4,1,0
94.2,8,397.7,669.5,1,0
94.4,8,397.5,669.5,1,0
94.6,8,394.7,669.6,1,0
94.8,8,391.8,669.8,1,0
95.0,8,391.6,669.8,1,0
95.2,8,391.6,669.8,1,0
95.4,8,390.4,669.9,1,0
95.6,8,386.0,670.1,1,0
95.8,8,382.3,670.3,1,0
96.0,8,375.9,670.6,1,0
96.2,8,368.2,671.0,1,0
96.4,8,360.6,671.4,1,0
96.6,8,347.3,672.1,1,0
96.8,8,325.9,673.2,1,0
97.0,8,310.3,674.0,1,0
97.2,8,289.5,675.1,1,0
97.4,8,271.1,676.0,1,0
97.6,8,255.8,676.8,1,0
97.8,8,244.1,677.4,1,0
98.0,8,234.4,677.9,1,0
98.2,8,223.4,678.5,1,0
98.4,8,217.2,678.8,1,0
98.6,8,209.4,679.2,1,0
98.8,8,206.9,679.3,1,0
29.2,9,559.2,667.3,1,0;1
29.4,9,555.9,666.9,1,0;1
29.6,9,548.1,665.7,1,0;1
29.8,9,546.1,665.5,1,0;1
30.0,9,542.7,665.0,1,0;1
30.2,9,538.4,664.6,1,0;1
30.4,9,529.9,664.7,1,0;1
30.6,9,522.3,664.7,1,0;1
30.8,9,518.7,665.5,1,0;1
31.0,9,514.9,665.9,1,0;1
31.2,9,509.9,665.8,1,0;1
31.4,9,509.9,665.8,1,0;1
31.6,9,509.3,665.7,1,0;1
31.8,9,503.9,665.4,1,0;1
32.0,9,500.6,665.8,1,0;1
32.2,9,496.1,666.7,1,0;1
32.4,9,494.6,667.7,1,0;1
32.6,9,494.5,667.7,1,0;1
32.8,9,491.7,667.8,1,0;1
33.0,9,486.3,666.7,1,0;1
33.2,9,480.1,665.6,1,0;1
33.4,9,479.2,665.6,1,0;1
33.6,9,478.3,666.0,1,0;1
33.8,9,481.4,667.7,1,0;1
34.0,9,484.0,668.7,1,0;1
34.2,9,484.0,668.7,1,0;1
34.4,9,483.8,668.7,1,0;1
34.6,9,482.3,667.0,1,0;1
34.8,9,483.8,665.0,1,0;1
35.0,9,484.8,662.1,1,0;1
35.2,9,488.6,660.1,1,0;1
35.4,9,510.2,660.2,1,0;1
35.6,9,528.0,661.4,1,0;1
35.8,9,528.0,661.4,1,0;1
36.0,9,480.4,656.4,1,0;1
36.2,9,472.2,657.7,1,0;1
36.4,9,469.7,659.4,1,0;1
36.6,9,469.1,659.9,1,0;1
36.8,9,469.0,660.1,1,0;1
37.0,9,469.1,660.4,1,0;1
37.2,9,469.2,660.5,1,0;1
37.4,9,471.3,661.2,1,0;1
37.6,9,471.3,661.2,1,0;1
37.8,9,471.6,661.2,1,0;1
38.0,9,471.6,661.2,1,0;1
38.2,9,471.6,661.2,1,0;1
38.4,9,471.6,661.2,1,0;1
38.6,9,476.9,662.4,2,0;1
38.8,9,475.9,662.5,2,0;1
39.0,9,477.1,662.7,2,0;1
39.2,9,472.9,661.9,2,0;1
39.4,9,474.9,662.6,2,0;1
39.6,9,476.3,662.9,2,0;1
39.8,9,477.3,663.1,2,0;1
40.0,9,477.8,663.2,2,0;1
40.2,9,478.7,663.4,2,0;1
40.4,9,479.7,663.6,2,0;1
40.6,9,472.2,662.3,1,0;1
40.8,9,474.1,662.8,1,0;1
41.0,9,474.1,662.8,1,0;1
41.2,9,473.1,662.8,1,0;1
41.4,9,473.1,662.8,1,0;1
41.6,9,473.1,662.8,1,0;1
41.8,9,473.1,662.8,1,0;1
42.0,9,473.1,662.8,1,0;1
42.2,9,473.1,662.8,1,0;1
42.4,9,473.1,662.8,1,0;1
42.6,9,473.1,662.8,1,0;1
42.8,9,472.9,662.8,1,0;1
43.0,9,472.8,662.8,1,0;1
43.2,9,472.8,662.8,1,0;1
43.4,9,472.9,662.7,1,0;1
43.6,9,477.7,662.8,1,0;1
43.8,9,480.4,662.9,1,0;1
44.0,9,481.0,662.7,1,0;1
44.2,9,481.0,662.7,1,0;1
44.4,9,481.0,662.7,1,0;1
44.6,9,481.0,662.7,1,0;1
44.8,9,481.0,662.7,1,0;1
45.0,9,481.0,662.7,1,0;1
45.2,9,481.0,662.7,1,0;1
45.4,9,481.0,662.7,1,0;1
45.6,9,481.0,662.7,1,0;1
45.8,9,481.4,662.6,1,0;1
46.0,9,482.2,662.6,1,0;1
46.2,9,482.3,662.5,1,0;1
46.4,9,482.3,662.5,1,0;1
46.6,9,482.3,662.5,1,0;1
46.8,9,482.3,662.5,1,0;1
47.0,9,482.3,662.5,1,0;1
47.2,9,482.3,662.5,1,0;1
47.4,9,482.3,662.5,1,0;1
47.6,9,482.3,662.5,1,0;1
47.8,9,482.3,662.5,1,0;1
48.0,9,482.3,662.5,1,0;1
48.2,9,474.5,662.2,1,0;1
48.4,9,466.7,661.9,1,0;1
48.6,9,466.6,661.9,1,0;1
48.8,9,466.6,661.9,1,0;1
49.0,9,466.6,661.9,1,0;1
49.2,9,466.6,661.9,1,0;1
49.4,9,466.8,662.0,1,0;1
49.6,9,467.7,662.3,1,0;1
49.8,9,467.7,662.3,1,0;1
50.0,9,467.7,662.3,1,0;1
50.2,9,467.7,662.3,1,0;1
50.4,9,467.7,662.3,1,0;1
50.6,9,467.7,662.3,1,0;1
50.8,9,467.7,662.3,1,0;1
51.0,9,467.7,662.3,1,0;1
51.2,9,467.7,662.3,1,0;1
51.4,9,467.7,662.3,1,0;1
51.6,9,467.7,662.3,1,0;1
51.8,9,468.6,662.4,1,0;1
52.0,9,468.7,662.4,1,0;1
52.2,9,468.7,662.4,1,0;1
52.4,9,468.7,662.4,1,0;1
52.6,9,468.7,662.4,1,0;1
52.8,9,468.7,662.4,1,0;1
53.0,9,468.7,662.4,1,0;1
53.2,9,468.7,662.4,1,0;1
53.4,9,468.7,662.4,1,0;1
53.6,9,468.7,662.4,1,0;1
53.8,9,468.7,662.4,1,0;1
54.0,9,468.7,662.4,1,0;1
54.2,9,468.7,662.4,1,0;1
54.4,9,468.7,662.4,1,0;1
54.6,9,469.9,662.7,1,0;1
54.8,9,471.0,663.0,1,0;1
55.0,9,471.3,663.0,1,0;1
55.2,9,472.0,663.0,1,0;1
55.4,9,472.7,662.9,1,0;1
55.6,9,473.2,662.8,1,0;1
55.8,9,474.6,662.8,1,0;1
56.0,9,475.1,662.7,1,0;1
56.2,9,476.1,662.8,1,0;1
56.4,9,477.0,662.8,1,0;1
56.6,9,477.0,662.8,1,0;1
56.8,9,476.3,662.7,1,0;1
57.0,9,475.4,662.6,1,0;1
57.2,9,475.2,662.6,1,0;1
57.4,9,475.2,662.6,1,0;1
57.6,9,475.8,663.2,1,0;1
57.8,9,476.5,664.4,1,0;1
58.0,9,477.7,665.6,1,0;1
58.2,9,478.1,666.0,1,0;1
58.4,9,478.3,666.4,1,0;1
58.6,9,473.3,667.5,1,0;1
58.8,9,462.6,667.2,1,0;1
59.0,9,462.0,667.2,1,0;1
59.2,9,460.9,667.1,1,0;1
59.4,9,459.8,668.8,1,0;1
59.6,9,452.8,672.4,1,0;1
59.8,9,447.1,673.4,1,0;1
60.0,9,437.2,673.0,1,0;1
60.2,9,436.4,673.3,1,0;1
60.4,9,432.6,673.5,1,0;1
60.6,9,432.6,673.5,1,0;1
60.8,9,432.6,673.5,1,0;1
61.0,9,428.4,675.1,1,0;1
61.2,9,423.4,676.5,1,0;1
61.4,9,413.3,678.6,1,0;1
61.6,9,408.8,680.2,1,0;1
61.8,9,404.0,680.1,1,0;1
62.0,9,411.5,681.8,1,0;1
62.2,9,410.5,681.6,1,0;1
62.4,9,410.5,681.6,1,0;1
62.6,9,410.5,681.4,1,0;1
62.8,9,410.6,681.2,1,0;1
63.0,9,410.6,681.2,1,0;1
63.2,9,410.6,681.2,1,0;1
63.4,9,410.6,681.2,1,0;1
63.6,9,410.6,681.2,1,0;1
63.8,9,410.6,681.1,1,0;1
64.0,9,410.7,681.1,1,0;1
64.2,9,410.7,681.1,1,0;1
64.4,9,410.7,681.1,1,0;1
64.6,9,410.7,681.1,1,0;1
64.8,9,410.7,681.1,1,0;1
65.0,9,410.7,681.0,1,0;1
65.2,9,410.7,681.0,1,0;1
65.4,9,410.7,681.0,1,0;1
65.6,9,410.4,680.8,1,0;1
65.8,9,409.5,680.4,1,0;1
66.0,9,408.7,680.2,1,0;1
66.2,9,407.5,680.0,1,0;1
66.4,9,406.2,679.8,1,0;1
66.6,9,408.0,680.2,1,0;1
66.8,9,410.4,680.5,1,0;1
67.0,9,414.8,680.7,1,0;1
67.2,9,419.2,681.0,1,0;1
67.4,9,423.6,681.3,1,0;1
67.6,9,428.0,681.6,1,0;1
67.8,9,430.9,681.8,1,0;1
68.0,9,430.9,681.8,1,0;1
68.2,9,430.9,681.8,1,0;1
68.4,9,417.9,679.6,1,0;1
68.6,9,417.7,679.6,1,0;1
68.8,9,417.7,679.6,1,0;1
69.0,9,428.2,681.1,1,0;1
69.2,9,438.8,682.7,1,0;1
69.4,9,449.4,684.3,1,0;1
69.6,9,453.1,684.8,1,0;1
69.8,9,452.3,684.3,1,0;1
70.0,9,438.3,681.5,1,0;1
70.2,9,430.8,680.2,1,0;1
70.4,9,420.5,677.6,1,0;1
70.6,9,419.1,676.9,1,0;1
70.8,9,419.1,676.9,1,0;1
71.0,9,429.0,678.7,1,0;1
71.2,9,429.0,678.7,1,0;1
71.4,9,429.0,678.7,1,0;1
71.6,9,422.9,677.9,1,0;1
71.8,9,423.5,678.1,1,0;1
72.0,9,424.2,678.2,1,0;1
72.2,9,431.0,678.6,1,0;1
72.4,9,439.7,677.6,1,0;1
72.6,9,448.4,676.6,1,0;1
72.8,9,457.1,675.5,1,0;1
73.0,9,465.8,674.5,1,0;1
73.2,9,474.5,673.5,1,0;1
73.4,9,483.2,672.5,1,0;1
73.6,9,491.8,671.4,1,0;1
73.8,9,500.5,670.4,1,0;1
74.0,9,509.2,669.4,1,0;1
74.2,9,517.9,668.3,1,0;1
74.4,9,526.6,667.3,1,0;1
74.6,9,535.3,666.3,1,0;1
74.8,9,544.0,665.2,1,0;1
75.0,9,552.7,664.2,1,0;1
75.2,9,561.4,663.2,1,0;1
75.4,9,572.9,662.9,1,0;1
75.6,9,578.7,663.4,1,0;1
75.8,9,571.6,663.1,1,0;1
76.0,9,630.1,658.4,2,0;1
76.2,9,592.0,661.8,2,0;1
76.4,9,586.0,664.0,2,0;1
76.6,9,585.0,666.2,2,0;1
76.8,9,603.5,665.0,2,0;1
77.0,9,590.0,668.3,2,0;1
77.2,9,573.5,670.4,2,0;1
77.4,9,563.8,672.2,2,0;1
77.6,9,556.8,673.7,2,0;1
77.8,9,555.4,674.1,2,0;1
78.0,9,554.2,674.0,2,0;1
78.2,9,549.9,673.3,2,0;1
78.4,9,547.2,672.4,2,0;1
78.6,9,547.4,670.6,2,0;1
78.8,9,551.2,668.2,2,0;1
79.0,9,547.8,668.2,2,0;1
79.2,9,548.0,668.0,2,0;1
79.4,9,546.5,667.7,2,0;1
79.6,9,545.0,667.9,2,0;1
79.8,9,548.5,667.3,2,0;1
80.0,9,530.7,670.5,2,0;1
80.2,9,548.2,668.8,2,0;1
80.4,9,543.1,670.0,2,0;1
80.6,9,542.8,669.9,2,0;1
80.8,9,542.8,669.7,2,0;1
81.0,9,543.6,669.6,2,0;1
81.2,9,543.4,669.6,2,0;1
81.4,9,541.1,668.9,2,0;1
81.6,9,538.8,669.3,2,0;1
81.8,9,538.9,665.9,2,0;1
82.0,9,530.9,665.6,2,0;1
82.2,9,526.3,665.3,2,0;1
82.4,9,518.4,664.8,2,0;1
82.6,9,516.0,662.9,2,0;1
82.8,9,516.9,661.5,2,0;1
83.0,9,521.1,660.1,2,0;1
83.2,9,521.5,659.6,2,0;1
83.4,9,519.5,659.5,2,0;1
83.6,9,515.7,659.5,2,0;1
83.8,9,514.6,660.1,2,0;1
84.0,9,513.9,662.0,2,0;1
84.2,9,514.5,663.5,2,0;1
84.4,9,516.7,666.2,2,0;1
84.6,9,513.9,668.7,2,0;1
84.8,9,516.6,669.7,2,0;1
85.0,9,527.6,670.7,2,0;1
85.2,9,531.8,670.4,2,0;1
85.4,9,536.0,670.5,2,0;1
85.6,9,541.9,670.2,2,0;1
85.8,9,543.1,671.2,2,0;1
86.0,9,548.8,671.4,2,0;1
86.2,9,549.9,671.5,2,0;1
86.4,9,552.4,671.3,2,0;1
86.6,9,547.9,671.4,2,0;1
86.8,9,541.0,670.9,2,0;1
87.0,9,539.1,670.9,2,0;1
87.2,9,538.1,670.7,2,0;1
87.4,9,535.8,668.5,2,0;1
87.6,9,536.5,666.3,2,0;1
87.8,9,530.8,666.1,2,0;1
88.0,9,532.8,664.4,2,0;1
88.2,9,542.3,664.9,2,0;1
88.4,9,537.4,665.0,2,0;1
88.6,9,541.1,665.3,2,0;1
88.8,9,535.8,665.0,2,0;1
89.0,9,532.1,665.2,2,0;1
89.2,9,528.7,666.5,2,0;1
89.4,9,525.1,666.8,2,0;1
89.6,9,522.5,666.8,2,0;1
89.8,9,517.0,666.1,2,0;1
90.0,9,516.1,665.4,2,0;1
90.2,9,517.2,665.1,2,0;1
90.4,9,508.0,665.8,2,0;1
90.6,9,515.7,664.8,2,0;1
90.8,9,511.6,665.2,2,0;1
91.0,9,511.5,665.1,2,0;1
91.2,9,511.2,664.9,2,0;1
91.4,9,511.0,662.7,2,0;1
91.6,9,516.3,660.2,2,0;1
91.8,9,525.0,660.4,2,0;1
92.0,9,520.7,660.0,2,0;1
92.2,9,512.6,659.5,2,0;1
92.4,9,514.4,659.3,2,0;1
92.6,9,514.1,659.2,2,0;1
92.8,9,515.4,659.2,2,0;1
93.0,9,515.3,659.2,2,0;1
93.2,9,522.7,660.2,2,0;1
93.4,9,525.4,660.5,2,0;1
93.6,9,525.4,660.5,2,0;1
93.8,9,522.4,660.4,2,0;1
94.0,9,523.5,661.7,2,0;1
94.2,9,517.4,662.2,2,0;1
94.4,9,511.9,663.4,2,0;1
94.6,9,519.1,663.7,2,0;1
94.8,9,504.1,670.7,2,0;1
95.0,9,506.5,670.6,2,0;1
95.2,9,493.6,672.8,2,0;1
95.4,9,491.5,673.2,2,0;1
95.6,9,489.5,673.7,2,0;1
95.8,9,486.6,674.7,2,0;1
96.0,9,485.3,675.3,2,0;1
96.2,9,483.2,676.0,2,0;1
96.4,9,479.6,677.2,2,0;1
96.6,9,475.3,678.8,2,0;1
96.8,9,472.4,679.4,2,0;1
97.0,9,499.3,675.1,2,0;1
97.2,9,501.6,674.4,2,0;1
97.4,9,496.5,675.3,2,0;1
97.6,9,492.7,674.7,2,0;1
97.8,9,490.0,675.3,2,0;1
98.0,9,490.0,675.1,2,0;1
98.2,9,490.2,674.7,2,0;1
98.4,9,486.5,673.0,2,0;1
98.6,9,482.3,672.0,2,0;1
98.8,9,480.2,670.9,2,0;1
99.0,9,475.7,670.0,2,0;1
99.2,9,469.9,670.1,2,0;1
99.4,9,460.9,670.8,2,0;1
99.6,9,449.3,671.1,2,0;1
99.8,9,440.8,671.9,2,0;1
100.0,9,436.6,672.3,2,0;1
100.2,9,428.2,672.6,2,0;1
100.4,9,418.2,672.9,2,0;1
100.6,9,414.7,673.2,2,0;1
100.8,9,415.7,672.9,2,0;1
101.0,9,415.1,672.9,2,0;1
101.2,9,408.4,673.2,2,0;1
101.4,9,407.0,673.4,2,0;1
101.6,9,407.9,673.3,2,0;1
101.8,9,409.3,673.0,2,0;1
102.0,9,405.0,673.8,2,0;1
102.2,9,404.2,674.3,2,0;1
102.4,9,405.6,674.2,2,0;1
102.6,9,402.4,674.2,2,0;1
102.8,9,397.8,674.5,2,0;1
103.0,9,396.6,674.7,2,0;1
103.2,9,395.8,674.9,2,0;1
103.4,9,395.0,674.9,2,0;1
103.6,9,395.2,674.9,2,0;1
103.8,9,396.5,674.9,2,0;1
104.0,9,399.1,675.0,2,0;1
104.2,9,400.7,674.8,2,0;1
104.4,9,399.3,675.1,2,0;1
104.6,9,399.6,674.6,2,0;1
104.8,9,399.2,674.4,2,0;1
105.0,9,400.6,674.1,2,0;1
105.2,9,400.6,674.0,2,0;1
105.4,9,400.1,674.1,2,0;1
105.6,9,400.3,674.0,2,0;1
105.8,9,400.8,673.9,2,0;1
106.0,9,400.9,673.9,2,0;1
106.2,9,400.5,674.0,2,0;1
106.4,9,400.4,674.0,2,0;1
106.6,9,398.7,674.1,2,0;1
106.8,9,398.8,674.0,2,0;1
107.0,9,398.4,674.1,2,0;1
107.2,9,398.7,674.1,2,0;1
107.4,9,397.4,674.2,2,0;1
107.6,9,400.0,674.5,2,0;1
107.8,9,400.4,674.4,2,0;1
108.0,9,399.5,674.6,2,0;1
108.2,9,398.9,674.7,2,0;1
108.4,9,398.0,674.8,2,0;1
108.6,9,400.7,674.4,2,0;1
108.8,9,407.1,674.0,2,0;1
109.0,9,413.2,674.3,2,0;1
109.2,9,419.5,674.0,2,0;1
109.4,9,425.4,673.8,2,0;1
109.6,9,435.2,677.3,2,0;1
109.8,9,436.6,677.4,2,0;1
110.0,9,437.7,677.0,2,0;1
110.2,9,438.2,676.0,2,0;1
110.4,9,438.1,674.7,2,0;1
110.6,9,438.2,674.2,2,0;1
110.8,9,438.8,673.8,2,0;1
111.0,9,440.6,673.6,2,0;1
111.2,9,442.1,673.4,2,0;1
111.4,9,443.0,673.3,2,0;1
111.6,9,442.7,673.4,2,0;1
111.8,9,442.9,673.4,2,0;1
112.0,9,443.1,673.3,2,0;1
112.2,9,443.2,673.3,2,0;1
112.4,9,443.1,673.4,2,0;1
112.6,9,442.6,673.5,2,0;1
112.8,9,442.2,673.6,2,0;1
113.0,9,442.2,673.6,2,0;1
113.2,9,441.6,673.7,2,0;1
113.4,9,439.9,673.7,2,0;1
113.6,9,440.9,673.4,2,0;1
113.8,9,442.0,673.4,2,0;1
114.0,9,443.6,673.3,2,0;1
114.2,9,444.0,673.2,2,0;1
114.4,9,444.0,673.3,2,0;1
114.6,9,444.0,673.3,2,0;1
114.8,9,444.2,673.2,2,0;1
115.0,9,444.3,673.1,2,0;1
115.2,9,444.2,672.8,2,0;1
115.4,9,444.2,672.7,2,0;1
115.6,9,443.8,672.8,2,0;1
115.8,9,444.1,672.7,2,0;1
116.0,9,444.3,672.6,2,0;1
116.2,9,444.4,672.5,2,0;1
116.4,9,445.2,672.4,2,0;1
116.6,9,446.2,672.3,2,0;1
116.8,9,446.0,672.3,2,0;1
117.0,9,445.8,672.4,2,0;1
117.2,9,444.6,672.5,2,0;1
117.4,9,443.9,672.6,2,0;1
117.6,9,444.0,672.6,2,0;1
117.8,9,444.3,672.5,2,0;1
118.0,9,444.6,672.4,2,0;1
118.2,9,444.2,672.5,2,0;1
118.4,9,443.9,672.6,2,0;1
118.6,9,443.5,672.7,2,0;1
118.8,9,442.7,672.8,2,0;1
119.0,9,442.0,672.8,2,0;1
119.2,9,441.6,672.8,2,0;1
119.4,9,441.6,672.8,2,0;1
119.6,9,441.5,672.8,2,0;1
119.8,9,441.5,672.8,2,0;1
120.0,9,441.5,672.8,2,0;1
120.2,9,441.5,672.8,2,0;1
120.4,9,441.3,672.8,2,0;1
120.6,9,441.5,672.8,2,0;1
120.8,9,441.5,672.8,2,0;1
121.0,9,441.7,672.7,2,0;1
121.2,9,442.0,672.7,2,0;1
121.4,9,442.0,672.7,2,0;1
121.6,9,442.1,672.7,2,0;1
121.8,9,442.4,672.6,2,0;1
122.0,9,442.4,672.6,2,0;1
122.2,9,442.4,672.6,2,0;1
122.4,9,442.4,672.7,2,0;1
122.6,9,442.3,672.7,2,0;1
122.8,9,442.6,672.7,2,0;1
123.0,9,442.6,672.7,2,0;1
123.2,9,442.8,672.6,2,0;1
123.4,9,443.0,672.6,2,0;1
123.6,9,442.9,672.6,2,0;1
123.8,9,443.6,672.6,2,0;1
124.0,9,443.9,672.6,2,0;1
124.2,9,442.2,672.9,2,0;1
124.4,9,442.0,672.9,2,0;1
124.6,9,443.1,672.7,2,0;1
124.8,9,443.9,672.5,2,0;1
125.0,9,444.0,672.5,2,0;1
125.2,9,444.1,672.4,2,0;1
125.4,9,444.2,672.4,2,0;1
125.6,9,444.3,672.4,2,0;1
125.8,9,446.4,672.3,2,0;1
126.0,9,447.0,672.2,2,0;1
126.2,9,446.5,672.3,2,0;1
126.4,9,443.8,672.6,2,0;1
126.6,9,443.3,672.7,2,0;1
126.8,9,443.4,672.6,2,0;1
127.0,9,443.4,672.6,2,0;1
127.2,9,442.7,672.7,2,0;1
127.4,9,442.7,672.7,2,0;1
127.6,9,442.5,672.7,2,0;1
127.8,9,442.8,672.8,2,0;1
128.0,9,443.2,672.8,2,0;1
128.2,9,442.8,672.6,2,0;1
128.4,9,443.1,672.4,2,0;1
128.6,9,443.1,672.2,2,0;1
128.8,9,443.2,672.1,2,0;1
129.0,9,443.4,672.1,2,0;1
129.2,9,443.4,672.1,2,0;1
129.4,9,443.5,672.1,2,0;1
129.6,9,443.6,672.1,2,0;1
129.8,9,443.6,672.1,2,0;1
130.0,9,443.7,672.0,2,0;1
130.2,9,443.9,672.0,2,0;1
130.4,9,444.0,672.0,2,0;1
130.6,9,444.1,672.0,2,0;1
130.8,9,444.1,672.0,2,0;1
131.0,9,444.2,672.0,2,0;1
131.2,9,444.1,672.0,2,0;1
131.4,9,444.1,672.0,2,0;1
131.6,9,444.1,672.0,2,0;1
131.8,9,444.1,672.0,2,0;1
132.0,9,444.0,672.0,2,0;1
132.2,9,444.1,672.0,2,0;1
132.4,9,444.1,672.0,2,0;1
132.6,9,444.2,672.0,2,0;1
132.8,9,444.2,672.0,2,0;1
133.0,9,444.4,671.9,2,0;1
133.2,9,443.5,672.0,2,0;1
133.4,9,443.1,672.0,2,0;1
133.6,9,442.6,672.1,2,0;1
133.8,9,442.5,672.7,2,0;1
134.0,9,442.6,673.8,2,0;1
134.2,9,443.8,672.1,2,0;1
134.4,9,436.8,673.4,2,0;1
134.6,9,426.8,674.4,2,0;1
134.8,9,417.4,675.4,2,0;1
135.0,9,408.4,676.0,2,0;1
135.2,9,407.0,675.9,2,0;1
135.4,9,404.7,676.1,2,0;1
135.6,9,402.5,675.5,2,0;1
135.8,9,402.2,675.6,2,0;1
136.0,9,402.2,675.6,2,0;1
136.2,9,402.4,675.5,2,0;1
136.4,9,401.8,675.8,2,0;1
136.6,9,402.5,675.5,2,0;1
136.8,9,402.2,675.6,2,0;1
137.0,9,402.2,675.6,2,0;1
137.2,9,402.1,675.6,2,0;1
137.4,9,403.6,675.5,2,0;1
137.6,9,405.9,675.3,2,0;1
137.8,9,405.1,675.5,2,0;1
138.0,9,405.1,675.5,2,0;1
138.2,9,404.6,675.3,2,0;1
138.4,9,404.7,675.3,2,0;1
138.6,9,404.4,675.0,2,0;1
138.8,9,404.2,674.6,2,0;1
139.0,9,403.8,674.6,2,0;1
139.2,9,402.6,674.7,2,0;1
139.4,9,403.5,674.9,2,0;1
139.6,9,402.9,675.3,2,0;1
139.8,9,403.1,675.2,2,0;1
140.0,9,402.4,675.4,2,0;1
140.2,9,397.3,675.6,2,0;1
140.4,9,396.3,675.6,2,0;1
140.6,9,396.8,675.5,2,0;1
140.8,9,397.0,675.4,2,0;1
141.0,9,397.2,675.4,2,0;1
141.2,9,397.5,675.4,2,0;1
141.4,9,399.4,676.1,2,0;1
141.6,9,399.6,676.2,2,0;1
141.8,9,399.7,676.2,2,0;1
142.0,9,399.6,676.1,2,0;1
142.2,9,398.4,676.0,2,0;1
142.4,9,397.8,675.7,2,0;1
142.6,9,394.8,675.0,2,0;1
142.8,9,393.7,674.8,2,0;1
143.0,9,393.7,674.7,2,0;1
143.2,9,393.8,674.7,2,0;1
143.4,9,394.0,674.7,2,0;1
143.6,9,394.0,674.6,2,0;1
143.8,9,393.9,674.7,2,0;1
144.0,9,394.1,674.7,2,0;1
144.2,9,395.2,674.9,2,0;1
144.4,9,395.7,674.9,2,0;1
144.6,9,396.0,674.8,2,0;1
144.8,9,395.8,674.9,2,0;1
145.0,9,394.4,674.3,2,0;1
145.2,9,394.4,674.1,2,0;1
145.4,9,394.0,673.8,2,0;1
145.6,9,394.1,673.3,2,0;1
145.8,9,397.1,673.3,2,0;1
146.0,9,394.8,673.5,2,0;1
146.2,9,383.4,672.9,2,0;1
146.4,9,375.8,672.4,2,0;1
146.6,9,374.4,671.7,2,0;1
146.8,9,373.4,671.1,2,0;1
147.0,9,374.5,670.5,2,0;1
147.2,9,371.8,670.1,2,0;1
147.4,9,372.5,670.1,2,0;1
147.6,9,373.6,670.3,2,0;1
147.8,9,374.8,670.9,2,0;1
148.0,9,374.9,671.1,2,0;1
148.2,9,371.0,671.0,2,0;1
148.4,9,370.7,671.0,2,0;1
148.6,9,371.1,671.0,2,0;1
148.8,9,370.5,671.0,2,0;1
149.0,9,370.6,671.0,2,0;1
149.2,9,370.2,671.1,2,0;1
149.4,9,369.0,671.5,2,0;1
149.6,9,367.3,671.9,2,0;1
149.8,9,367.5,673.1,2,0;1
150.0,9,369.5,675.7,2,0;1
150.2,9,363.6,677.5,2,0;1
150.4,9,363.0,677.4,2,0;1
150.6,9,360.0,677.8,2,0;1
150.8,9,360.3,677.7,2,0;1
151.0,9,358.8,677.7,2,0;1
151.2,9,357.6,676.7,2,0;1
151.4,9,356.7,674.5,2,0;1
151.6,9,357.8,673.1,2,0;1
151.8,9,357.5,672.6,2,0;1
152.0,9,357.1,672.6,2,0;1
152.2,9,357.5,672.5,2,0;1
152.4,9,357.2,672.3,2,0;1
152.6,9,359.0,671.4,2,0;1
152.8,9,359.3,671.2,2,0;1
153.0,9,360.2,671.2,2,0;1
153.2,9,360.5,671.3,2,0;1
153.4,9,360.8,671.3,2,0;1
153.6,9,370.7,670.2,2,0;1
153.8,9,357.7,671.3,2,0;1
154.0,9,355.8,671.8,2,0;1
154.2,9,355.2,671.9,2,0;1
154.4,9,356.0,671.9,2,0;1
154.6,9,355.3,671.9,2,0;1
154.8,9,357.5,671.7,2,0;1
155.0,9,357.0,671.8,2,0;1
155.2,9,358.5,671.9,2,0;1
155.4,9,357.3,672.7,2,0;1
155.6,9,357.5,673.0,2,0;1
155.8,9,356.4,673.0,2,0;1
156.0,9,357.1,672.6,2,0;1
156.2,9,352.7,673.9,2,0;1
156.4,9,352.1,674.5,2,0;1
156.6,9,351.2,676.2,2,0;1
156.8,9,357.9,675.7,2,0;1
157.0,9,353.7,677.5,2,0;1
157.2,9,348.6,678.3,2,0;1
157.4,9,349.5,677.5,2,0;1
157.6,9,350.1,676.8,2,0;1
157.8,9,348.3,677.2,2,0;1
158.0,9,345.0,676.0,2,0;1
158.2,9,340.4,675.7,2,0;1
158.4,9,340.2,675.5,2,0;1
158.6,9,336.8,675.6,2,0;1
158.8,9,335.4,675.8,2,0;1
159.0,9,340.7,677.5,2,0;1
159.2,9,342.6,678.0,2,0;1
159.4,9,345.4,678.6,2,0;1
159.6,9,348.4,679.1,2,0;1
159.8,9,357.6,680.4,2,0;1
160.0,9,358.0,680.4,2,0;1
160.2,9,351.3,679.4,2,0;1
160.4,9,341.3,678.3,2,0;1
160.6,9,340.0,678.4,2,0;1
160.8,9,338.5,678.7,2,0;1
161.0,9,334.8,678.4,2,0;1
161.2,9,329.3,678.2,2,0;1
161.4,9,328.1,678.5,2,0;1
161.6,9,324.6,678.5,2,0;1
161.8,9,313.7,680.3,2,0;1
162.0,9,307.7,680.0,2,0;1
162.2,9,286.4,679.9,2,0;1
162.4,9,263.7,680.1,2,0;1
162.6,9,239.0,679.3,2,0;1
162.8,9,228.6,678.8,2,0;1
163.0,9,243.3,680.6,1,0;1
163.2,9,243.3,680.6,1,0;1
70.0,10,172.0,641.4,1,0
70.2,10,168.6,637.8,1,0
70.4,10,155.2,623.1,1,0
70.6,10,153.9,617.0,1,0
70.8,10,155.1,610.3,1,0
71.0,10,148.1,591.9,1,0
71.2,10,151.6,577.9,1,0
71.4,10,162.8,573.3,1,0
71.6,10,163.6,558.2,1,0
71.8,10,163.6,543.0,1,0
72.0,10,169.1,537.8,1,0
72.2,10,171.0,526.6,1,0
72.4,10,166.5,508.1,1,0
72.6,10,168.7,500.4,1,0
72.8,10,173.9,491.4,1,0
73.0,10,171.8,468.5,1,0
73.2,10,161.1,433.0,1,0
73.4,10,162.6,428.6,1,0
73.6,10,159.8,414.7,1,0
73.8,10,162.5,411.5,1,0
74.0,10,169.2,408.6,1,0
74.2,10,172.9,400.2,1,0
74.4,10,172.0,383.2,1,0
74.6,10,172.2,377.1,1,0
74.8,10,169.2,365.4,1,0
75.0,10,160.4,341.6,1,0
75.2,10,158.9,331.3,1,0
75.4,10,160.5,323.8,1,0
75.6,10,158.5,305.3,1,0
75.8,10,154.3,281.2,1,0
76.0,10,140.0,235.0,1,0
76.2,10,130.1,199.5,1,0
76.4,10,133.0,189.4,1,0
76.6,10,146.1,192.0,1,0
76.8,10,161.8,196.9,1,0
77.0,10,177.3,199.3,1,0
77.2,10,191.8,203.0,1,0
77.4,10,215.2,213.9,1,0
77.6,10,231.5,221.3,1,0
77.8,10,249.1,224.8,1,0
78.0,10,264.1,231.0,1,0
78.2,10,279.0,237.3,1,0
78.4,10,294.0,243.6,1,0
78.6,10,308.9,249.9,1,0
78.8,10,323.8,256.1,1,0
79.0,10,335.8,261.2,1,0
79.2,10,344.6,265.6,1,0
79.4,10,354.6,271.4,1,0
79.6,10,360.0,274.2,1,0
79.8,10,366.9,275.7,1,0
80.0,10,379.0,279.6,1,0
80.2,10,383.3,281.5,1,0
80.4,10,381.6,255.4,1,0
80.6,10,377.5,230.3,1,0
80.8,10,376.2,223.5,1,0
81.0,10,377.9,213.1,1,0
81.2,10,380.9,197.3,1,0
81.4,10,379.8,166.7,1,0
81.6,10,375.6,124.6,1,0
81.8,10,375.7,121.2,1,0
82.0,10,375.8,120.1,1,0
71.4,11,237.1,467.5,1,1
71.6,11,237.1,459.0,1,1
71.8,11,237.0,444.5,1,1
72.0,11,237.0,429.9,1,1
72.2,11,237.0,418.5,1,1
72.4,11,237.0,413.3,1,1
72.6,11,237.0,404.5,1,1
72.8,11,236.9,393.5,1,1
73.0,11,236.9,393.5,1,1
73.2,11,236.9,393.5,1,1
73.4,11,236.9,393.5,1,1
73.6,11,236.9,386.5,1,1
77.6,12,466.1,503.3,1,1
77.8,12,466.1,503.3,1,1
78.0,12,466.1,503.3,1,1
78.2,12,466.1,503.3,1,1
78.4,12,466.1,503.3,1,1
78.6,12,465.0,503.1,1,1
78.8,12,463.8,503.1,1,1
79.0,12,462.0,503.4,1,1
79.2,12,421.5,505.5,1,1
79.4,12,421.5,505.5,1,1
79.6,12,421.5,505.5,1,1
79.8,12,421.5,505.5,1,1
80.0,12,421.5,505.5,1,1
80.2,12,421.5,505.5,1,1
80.4,12,421.5,505.5,1,1
80.6,12,421.5,505.5,1,1
80.8,12,421.5,505.5,1,1
81.0,12,424.1,505.4,1,1
81.2,12,431.8,504.9,1,1
81.4,12,439.5,504.4,1,1
81.6,12,447.2,504.0,1,1
81.8,12,448.9,503.8,1,1
82.0,12,423.8,505.3,1,1
82.2,12,421.1,505.4,1,1
82.4,12,421.1,505.4,1,1
82.6,12,421.1,505.4,1,1
82.8,12,421.1,505.4,1,1
83.0,12,421.1,505.4,1,1
83.2,12,421.1,505.4,1,1
83.4,12,421.1,505.4,1,1
83.6,12,421.1,505.4,1,1
83.8,12,421.1,505.4,1,1
84.0,12,421.1,505.4,1,1
84.2,12,421.1,505.4,1,1
84.4,12,421.1,505.4,1,1
84.6,12,421.1,505.4,1,1
84.8,12,420.1,505.4,1,1
85.0,12,419.6,505.3,1,1
85.2,12,419.3,505.4,1,1
85.4,12,416.3,505.5,1,1
85.6,12,416.1,505.5,1,1
85.8,12,416.1,505.5,1,1
86.0,12,416.1,505.5,1,1
86.2,12,416.0,505.5,1,1
86.4,12,415.2,505.5,1,1
86.6,12,414.9,505.5,1,1
86.8,12,414.5,505.5,1,1
87.0,12,414.5,505.5,1,1
87.2,12,414.5,505.5,1,1
87.4,12,414.5,505.5,1,1
87.6,12,414.5,505.5,1,1
87.8,12,414.5,505.5,1,1
88.0,12,414.5,505.5,1,1
88.2,12,414.5,505.5,1,1
88.4,12,414.5,505.5,1,1
88.6,12,414.5,505.5,1,1
88.8,12,414.5,505.5,1,1
89.0,12,414.5,505.5,1,1
89.2,12,414.5,505.5,1,1
89.4,12,414.5,505.5,1,1
89.6,12,414.5,505.5,1,1
89.8,12,414.5,505.5,1,1
90.0,12,414.5,505.5,1,1
90.2,12,414.5,505.5,1,1
90.4,12,414.5,505.5,1,1
90.6,12,414.5,505.5,1,1
90.8,12,414.5,505.5,1,1
91.0,12,414.5,505.5,1,1
91.2,12,414.5,505.5,1,1
91.4,12,414.5,505.5,1,1
91.6,12,414.5,505.5,1,1
91.8,12,414.7,505.5,1,1
92.0,12,416.3,505.5,1,1
92.2,12,416.6,505.5,1,1
92.4,12,417.0,505.5,1,1
92.6,12,417.0,505.5,1,1
92.8,12,417.0,505.5,1,1
93.0,12,417.0,505.5,1,1
93.2,12,417.0,505.5,1,1
93.4,12,417.0,505.5,1,1
93.6,12,417.0,505.5,1,1
93.8,12,417.0,505.5,1,1
94.0,12,417.0,505.5,1,1
94.2,12,417.3,505.4,1,1
94.4,12,417.6,505.4,1,1
94.6,12,417.6,505.4,1,1
94.8,12,417.6,505.4,1,1
95.0,12,416.7,505.5,1,1
95.2,12,416.1,505.5,1,1
95.4,12,415.9,505.5,1,1
95.6,12,415.7,505.5,1,1
95.8,12,415.5,505.5,1,1
96.0,12,414.3,505.6,1,1
96.2,12,414.3,505.6,1,1
96.4,12,414.3,505.6,1,1
96.6,12,414.3,505.6,1,1
96.8,12,414.3,505.6,1,1
97.0,12,414.3,505.6,1,1
97.2,12,414.3,505.6,1,1
97.4,12,414.3,505.6,1,1
97.6,12,414.3,505.6,1,1
97.8,12,414.3,505.6,1,1
98.0,12,414.3,505.6,1,1
98.2,12,414.3,505.6,1,1
98.4,12,414.3,505.6,1,1
98.6,12,414.3,505.6,1,1
98.8,12,414.3,505.6,1,1
99.0,12,414.3,505.6,1,1
99.2,12,414.3,505.6,1,1
99.4,12,413.0,505.7,1,1
99.6,12,412.1,505.7,1,1
99.8,12,412.1,505.7,1,1
100.0,12,412.1,505.7,1,1
100.2,12,412.1,505.7,1,1
100.4,12,412.7,505.7,1,1
100.6,12,413.8,505.7,1,1
100.8,12,414.6,505.8,1,1
101.0,12,414.6,505.8,1,1
101.2,12,414.6,505.8,1,1
101.4,12,414.6,505.8,1,1
101.6,12,414.6,505.8,1,1
101.8,12,414.9,505.8,1,1
102.0,12,415.2,505.8,1,1
102.2,12,415.2,505.8,1,1
102.4,12,415.2,505.8,1,1
102.6,12,415.2,505.8,1,1
102.8,12,415.2,505.8,1,1
103.0,12,415.2,505.8,1,1
103.2,12,415.2,505.8,1,1
103.4,12,415.2,505.8,1,1
103.6,12,415.2,505.8,1,1
103.8,12,415.2,505.8,1,1
104.0,12,415.3,505.8,1,1
104.2,12,415.3,505.8,1,1
104.4,12,415.3,505.8,1,1
104.6,12,415.3,505.8,1,1
104.8,12,415.3,505.8,1,1
105.0,12,415.3,505.8,1,1
105.2,12,415.3,505.8,1,1
105.4,12,415.3,505.8,1,1
105.6,12,415.3,505.8,1,1
105.8,12,415.3,505.8,1,1
106.0,12,415.3,505.8,1,1
106.2,12,415.3,505.8,1,1
106.4,12,415.3,505.8,1,1
106.6,12,415.3,505.8,1,1
106.8,12,421.1,505.2,1,1
107.0,12,422.5,505.0,1,1
107.2,12,422.6,505.0,1,1
107.4,12,422.6,505.0,1,1
107.6,12,422.6,505.0,1,1
107.8,12,419.2,505.3,1,1
108.0,12,411.9,505.9,1,1
108.2,12,411.9,505.9,1,1
108.4,12,411.9,505.9,1,1
108.6,12,411.9,505.9,1,1
108.8,12,411.9,505.9,1,1
109.0,12,411.9,505.9,1,1
109.2,12,411.9,505.9,1,1
109.4,12,411.9,505.9,1,1
109.6,12,411.9,505.9,1,1
109.8,12,416.1,505.8,1,1
110.0,12,418.4,505.7,1,1
110.2,12,425.0,505.4,1,1
110.4,12,437.0,505.1,1,1
110.6,12,442.9,504.3,1,1
110.8,12,445.0,504.2,1,1
111.0,12,445.0,504.2,1,1
111.2,12,445.0,504.2,1,1
111.4,12,445.7,504.3,1,1
111.6,12,455.2,504.5,1,1
111.8,12,456.3,503.9,1,1
112.0,12,456.3,503.9,1,1
112.2,12,445.0,504.6,1,1
112.4,12,427.1,505.4,1,1
112.6,12,418.9,505.5,1,1
112.8,12,418.9,505.5,1,1
113.0,12,420.3,505.5,1,1
113.2,12,421.8,505.6,1,1
113.4,12,421.8,505.6,1,1
113.6,12,421.8,505.6,1,1
113.8,12,421.8,505.6,1,1
114.0,12,421.6,505.6,1,1
114.2,12,421.1,505.7,1,1
114.4,12,420.6,505.7,1,1
114.6,12,420.5,505.8,1,1
114.8,12,418.3,506.0,1,1
115.0,12,417.3,506.0,1,1
115.2,12,416.7,506.1,1,1
115.4,12,416.7,506.1,1,1
115.6,12,416.7,506.1,1,1
115.8,12,416.7,506.1,1,1
116.0,12,416.7,506.1,1,1
116.2,12,416.7,506.1,1,1
116.4,12,416.7,506.1,1,1
116.6,12,414.1,506.2,1,1
116.8,12,413.0,506.2,1,1
117.0,12,412.6,506.2,1,1
117.2,12,411.0,506.2,1,1
117.4,12,409.1,506.2,1,1
117.6,12,409.1,506.2,1,1
117.8,12,409.1,506.2,1,1
118.0,12,409.1,506.2,1,1
118.2,12,409.1,506.2,1,1
118.4,12,409.1,506.2,1,1
118.6,12,409.1,506.2,1,1
118.8,12,409.1,506.2,1,1
119.0,12,409.1,506.2,1,1
119.2,12,409.1,506.2,1,1
119.4,12,408.1,506.2,1,1
119.6,12,407.2,506.2,1,1
119.8,12,407.2,506.2,1,1
120.0,12,407.2,506.2,1,1
120.2,12,408.3,506.2,1,1
120.4,12,409.5,506.1,1,1
120.6,12,409.5,506.1,1,1
120.8,12,409.5,506.1,1,1
121.0,12,409.5,506.1,1,1
121.2,12,409.5,506.1,1,1
121.4,12,409.5,506.1,1,1
121.6,12,409.5,506.1,1,1
121.8,12,409.7,506.1,1,1
122.0,12,411.0,506.1,1,1
122.2,12,411.0,506.1,1,1
122.4,12,411.0,506.1,1,1
122.6,12,411.0,506.1,1,1
122.8,12,411.0,506.1,1,1
123.0,12,411.0,506.1,1,1
123.2,12,411.0,506.1,1,1
123.4,12,411.0,506.1,1,1
123.6,12,411.0,506.1,1,1
123.8,12,410.0,505.8,1,1
124.0,12,410.0,505.8,1,1
124.2,12,410.0,505.8,1,1
124.4,12,410.0,505.8,1,1
124.6,12,410.0,505.8,1,1
124.8,12,410.0,505.8,1,1
125.0,12,410.0,505.8,1,1
125.2,12,410.0,505.8,1,1
125.4,12,405.1,506.1,1,1
125.6,12,404.0,506.2,1,1
125.8,12,404.0,506.2,1,1
126.0,12,404.0,506.2,1,1
126.2,12,404.0,506.2,1,1
126.4,12,404.0,506.2,1,1
126.6,12,404.0,506.2,1,1
126.8,12,404.0,506.2,1,1
127.0,12,404.0,506.2,1,1
127.2,12,404.0,506.2,1,1
127.4,12,404.0,506.2,1,1
127.6,12,404.0,506.2,1,1
127.8,12,404.0,506.2,1,1
128.0,12,404.0,506.2,1,1
128.2,12,404.0,506.2,1,1
128.4,12,404.0,506.2,1,1
128.6,12,404.5,506.1,1,1
128.8,12,404.9,506.1,1,1
129.0,12,405.1,506.1,1,1
129.2,12,411.9,506.0,1,1
129.4,12,412.1,506.0,1,1
129.6,12,412.1,506.0,1,1
129.8,12,412.1,506.0,1,1
130.0,12,412.8,505.9,1,1
130.2,12,412.8,505.9,1,1
130.4,12,409.2,506.1,1,1
130.6,12,406.9,506.1,1,1
130.8,12,406.5,506.1,1,1
131.0,12,406.0,506.2,1,1
131.2,12,405.6,506.2,1,1
131.4,12,405.6,506.2,1,1
131.6,12,405.6,506.2,1,1
131.8,12,405.6,506.2,1,1
132.0,12,405.6,506.2,1,1
132.2,12,404.8,506.2,1,1
132.4,12,404.5,506.2,1,1
132.6,12,404.5,506.2,1,1
132.8,12,408.8,506.1,1,1
133.0,12,409.8,505.8,1,1
133.2,12,410.9,505.6,1,1
133.4,12,410.9,505.6,1,1
133.6,12,410.9,505.6,1,1
133.8,12,410.9,505.6,1,1
134.0,12,410.9,505.6,1,1
134.2,12,410.9,505.6,1,1
134.4,12,410.9,505.6,1,1
134.6,12,415.6,505.3,1,1
134.8,12,417.9,505.2,1,1
135.0,12,420.6,505.1,1,1
135.2,12,420.6,505.1,1,1
135.4,12,422.9,505.2,1,1
135.6,12,420.1,505.3,1,1
135.8,12,420.1,505.3,1,1
136.0,12,420.0,505.6,1,1
136.2,12,421.5,505.9,1,1
136.4,12,423.0,506.2,1,1
136.6,12,413.2,506.4,1,1
136.8,12,402.8,506.3,1,1
137.0,12,399.0,505.7,1,1
137.2,12,399.0,505.7,1,1
137.4,12,399.0,505.7,1,1
137.6,12,400.2,505.4,1,1
137.8,12,404.5,504.8,1,1
138.0,12,405.2,504.3,1,1
138.2,12,402.7,500.5,1,1
138.4,12,400.8,497.6,1,1
138.6,12,400.2,496.3,1,1
138.8,12,399.6,495.3,1,1
139.0,12,399.3,494.7,1,1
139.2,12,399.1,494.3,1,1
139.4,12,398.9,493.7,1,1
139.6,12,398.8,493.2,1,1
139.8,12,398.8,493.2,1,1
140.0,12,398.8,493.2,1,1
140.2,12,398.8,493.2,1,1
140.4,12,398.8,493.2,1,1
140.6,12,398.8,493.2,1,1
140.8,12,398.8,493.2,1,1
141.0,12,398.8,493.2,1,1
141.2,12,398.8,493.2,1,1
141.4,12,398.8,493.2,1,1
141.6,12,398.8,493.2,1,1
141.8,12,398.8,493.2,1,1
142.0,12,398.8,493.2,1,1
142.2,12,398.8,493.2,1,1
142.4,12,398.8,493.2,1,1
142.6,12,398.8,493.2,1,1
142.8,12,398.7,493.3,1,1
143.0,12,398.7,493.3,1,1
143.2,12,398.7,493.4,1,1
143.4,12,398.7,493.4,1,1
143.6,12,398.7,493.4,1,1
143.8,12,398.7,493.4,1,1
144.0,12,398.7,493.4,1,1
144.2,12,398.7,493.4,1,1
144.4,12,398.7,493.4,1,1
144.6,12,398.7,493.4,1,1
144.8,12,398.7,493.4,1,1
145.0,12,398.7,493.4,1,1
145.2,12,398.7,493.4,1,1
145.4,12,398.7,493.4,1,1
145.6,12,398.7,493.4,1,1
145.8,12,398.7,493.4,1,1
146.0,12,398.7,493.4,1,1
146.2,12,398.7,493.4,1,1
146.4,12,398.7,493.4,1,1
146.6,12,398.7,493.4,1,1
146.8,12,398.7,493.4,1,1
147.0,12,398.7,493.4,1,1
147.2,12,398.7,493.2,1,1
147.4,12,398.7,493.2,1,1
147.6,12,398.7,493.2,1,1
147.8,12,398.7,493.2,1,1
148.0,12,398.7,493.2,1,1
148.2,12,398.7,493.2,1,1
148.4,12,398.7,493.2,1,1
148.6,12,398.7,493.2,1,1
148.8,12,398.7,493.2,1,1
149.0,12,398.7,493.2,1,1
149.2,12,398.7,493.2,1,1
149.4,12,398.7,493.2,1,1
149.6,12,398.7,493.2,1,1
149.8,12,399.6,494.1,1,1
150.0,12,400.6,494.7,1,1
150.2,12,400.8,494.8,1,1
150.4,12,400.8,494.8,1,1
150.6,12,401.2,494.8,1,1
150.8,12,401.5,494.9,1,1
151.0,12,402.6,495.4,1,1
151.2,12,404.3,497.4,1,1
151.4,12,405.0,500.0,1,1
151.6,12,404.3,503.8,1,1
151.8,12,403.9,506.4,1,1
152.0,12,403.9,507.4,1,1
152.2,12,407.1,508.5,1,1
152.4,12,407.3,508.5,1,1
152.6,12,409.3,507.7,1,1
152.8,12,409.8,507.3,1,1
153.0,12,410.2,506.8,1,1
153.2,12,410.5,506.3,1,1
153.4,12,413.6,508.1,1,1
153.6,12,416.1,508.8,1,1
153.8,12,416.1,508.8,1,1
154.0,12,415.6,507.5,1,1
154.2,12,405.4,505.8,1,1
154.4,12,396.2,505.4,1,1
154.6,12,395.6,505.3,1,1
154.8,12,390.0,505.1,1,1
155.0,12,389.0,505.1,1,1
155.2,12,388.6,505.1,1,1
155.4,12,388.6,505.1,1,1
155.6,12,388.2,505.0,1,1
155.8,12,391.1,505.9,1,1
156.0,12,394.1,506.9,1,1
156.2,12,394.1,506.9,1,1
156.4,12,394.3,505.2,1,1
156.6,12,393.0,496.8,1,1
156.8,12,391.5,492.6,1,1
157.0,12,366.7,491.4,1,1
157.2,12,366.6,491.4,1,1
157.4,12,366.6,491.4,1,1
157.6,12,366.6,491.4,1,1
157.8,12,364.7,490.8,1,1
158.0,12,364.4,490.6,1,1
158.2,12,362.6,490.4,1,1
158.4,12,367.6,489.9,1,1
158.6,12,359.5,491.8,1,1
158.8,12,359.6,493.1,1,1
159.0,12,365.6,496.1,1,1
159.2,12,363.3,498.1,1,1
159.4,12,333.0,500.4,1,1
159.6,12,332.7,500.5,1,1
159.8,12,357.5,500.4,1,1
160.0,12,380.3,499.5,1,1
160.2,12,382.5,496.2,1,1
160.4,12,383.1,492.4,1,1
160.6,12,375.6,489.9,1,1
160.8,12,379.5,489.6,1,1
161.0,12,394.8,491.3,1,1
161.2,12,397.3,494.9,1,1
161.4,12,399.0,499.8,1,1
161.6,12,406.7,503.4,1,1
161.8,12,411.5,505.4,1,1
162.0,12,412.4,506.1,1,1
162.2,12,412.4,506.1,1,1
162.4,12,412.4,506.1,1,1
162.6,12,412.4,506.1,1,1
162.8,12,412.4,506.1,1,1
163.0,12,412.4,506.1,1,1
163.2,12,412.4,506.1,1,1
163.4,12,412.4,506.1,1,1
163.6,12,412.4,506.1,1,1
163.8,12,412.4,506.1,1,1
164.0,12,412.4,506.1,1,1
164.2,12,412.4,506.1,1,1
164.4,12,412.4,506.1,1,1
164.6,12,412.4,506.1,1,1
164.8,12,412.4,506.1,1,1
165.0,12,412.4,506.1,1,1
165.2,12,412.4,506.1,1,1
165.4,12,412.4,506.1,1,1
165.6,12,412.4,506.1,1,1
165.8,12,412.4,506.1,1,1
166.0,12,412.5,506.2,1,1
166.2,12,412.5,506.2,1,1
166.4,12,412.5,506.2,1,1
166.6,12,412.8,506.7,1,1
166.8,12,413.3,508.9,1,1
167.0,12,413.4,509.7,1,1
167.2,12,413.5,510.2,1,1
167.4,12,413.5,510.2,1,1
167.6,12,413.5,510.2,1,1
167.8,12,411.6,507.3,1,1
168.0,12,405.0,503.7,1,1
168.2,12,401.4,500.0,1,1
168.4,12,400.0,497.0,1,1
168.6,12,399.7,495.5,1,1
168.8,12,399.7,495.3,1,1
169.0,12,399.7,495.3,1,1
169.2,12,399.7,495.3,1,1
169.4,12,399.7,495.3,1,1
169.6,12,399.7,495.3,1,1
169.8,12,399.7,495.3,1,1
170.0,12,399.7,495.3,1,1
170.2,12,399.7,495.3,1,1
170.4,12,399.7,495.3,1,1
170.6,12,399.7,495.3,1,1
170.8,12,399.7,495.3,1,1
171.0,12,399.7,495.3,1,1
171.2,12,399.7,495.3,1,1
171.4,12,399.7,495.3,1,1
171.6,12,399.7,495.2,1,1
171.8,12,399.7,495.1,1,1
172.0,12,399.7,495.0,1,1
172.2,12,399.6,494.9,1,1
172.4,12,399.5,494.4,1,1
172.6,12,399.5,494.1,1,1
172.8,12,399.5,493.4,1,1
173.0,12,399.5,492.9,1,1
173.2,12,399.5,492.7,1,1
173.4,12,399.5,492.7,1,1
173.6,12,399.5,492.7,1,1
173.8,12,399.5,492.7,1,1
174.0,12,399.5,492.7,1,1
174.2,12,399.5,492.7,1,1
174.4,12,399.5,492.7,1,1
174.6,12,399.5,492.7,1,1
174.8,12,399.5,492.7,1,1
175.0,12,399.5,492.7,1,1
175.2,12,399.5,492.7,1,1
175.4,12,399.5,492.7,1,1
175.6,12,399.5,492.7,1,1
175.8,12,399.5,492.7,1,1
176.0,12,399.5,492.7,1,1
176.2,12,399.5,492.7,1,1
176.4,12,399.6,493.1,1,1
176.6,12,399.6,493.1,1,1
176.8,12,399.6,493.1,1,1
177.0,12,402.2,493.7,1,1
177.2,12,404.4,494.0,1,1
177.4,12,408.6,495.2,1,1
177.6,12,410.3,495.9,1,1
177.8,12,411.7,497.5,1,1
178.0,12,412.1,500.1,1,1
178.2,12,411.4,503.3,1,1
178.4,12,410.5,506.2,1,1
178.6,12,410.5,509.6,1,1
178.8,12,411.4,512.2,1,1
179.0,12,411.6,513.2,1,1
179.2,12,411.7,513.4,1,1
179.4,12,411.7,513.4,1,1
179.6,12,411.6,512.6,1,1
179.8,12,411.5,505.9,1,1
180.0,12,411.7,503.3,1,1
180.2,12,412.5,502.1,1,1
180.4,12,413.3,500.7,1,1
180.6,12,414.3,498.1,1,1
180.8,12,414.5,497.0,1,1
181.0,12,414.6,496.8,1,1
181.2,12,414.6,496.7,1,1
181.4,12,414.6,496.7,1,1
181.6,12,414.6,496.7,1,1
181.8,12,414.6,496.7,1,1
182.0,12,414.6,496.7,1,1
182.2,12,414.6,496.7,1,1
182.4,12,414.5,496.9,1,1
182.6,12,414.5,497.2,1,1
182.8,12,414.5,497.2,1,1
183.0,12,414.5,497.2,1,1
183.2,12,414.5,497.2,1,1
183.4,12,414.5,497.2,1,1
183.6,12,399.1,499.4,1,1
183.8,12,399.0,499.4,1,1
184.0,12,411.1,496.7,1,1
184.2,12,411.8,496.6,1,1
184.4,12,412.1,496.7,1,1
184.6,12,419.9,499.6,1,1
184.8,12,435.7,502.3,1,1
185.0,12,441.6,503.4,1,1
185.2,12,444.0,504.1,1,1
185.4,12,444.0,504.1,1,1
185.6,12,444.0,504.1,1,1
185.8,12,444.0,504.1,1,1
186.0,12,444.0,504.1,1,1
186.2,12,444.0,504.1,1,1
186.4,12,444.0,504.1,1,1
186.6,12,444.0,504.1,1,1
186.8,12,444.0,504.1,1,1
187.0,12,444.2,503.9,1,1
187.2,12,444.4,503.7,1,1
187.4,12,444.4,503.7,1,1
187.6,12,444.4,503.7,1,1
187.8,12,444.4,503.7,1,1
188.0,12,444.4,503.7,1,1
188.2,12,444.4,503.7,1,1
188.4,12,444.4,503.7,1,1
188.6,12,444.4,503.7,1,1
188.8,12,444.4,503.7,1,1
189.0,12,444.4,503.7,1,1
189.2,12,444.4,503.7,1,1
189.4,12,444.4,503.7,1,1
189.6,12,444.4,503.7,1,1
189.8,12,444.4,503.7,1,1
190.0,12,444.4,503.7,1,1
190.2,12,444.4,503.7,1,1
190.4,12,444.4,503.7,1,1
190.6,12,444.4,503.7,1,1
190.8,12,444.4,503.7,1,1
191.0,12,444.4,503.7,1,1
191.2,12,444.4,503.7,1,1
191.4,12,444.4,503.7,1,1
191.6,12,444.4,503.7,1,1
191.8,12,444.4,503.7,1,1
192.0,12,444.1,503.5,1,1
192.2,12,444.1,503.5,1,1
192.4,12,444.1,503.5,1,1
192.6,12,444.1,503.5,1,1
192.8,12,444.1,503.5,1,1
193.0,12,443.6,503.4,1,1
193.2,12,442.8,503.1,1,1
193.4,12,442.8,503.1,1,1
193.6,12,442.8,503.1,1,1
193.8,12,442.8,503.1,1,1
194.0,12,442.8,503.1,1,1
194.2,12,443.3,502.5,1,1
194.4,12,443.8,501.9,1,1
194.6,12,444.0,501.5,1,1
194.8,12,444.1,501.4,1,1
195.0,12,444.6,500.8,1,1
195.2,12,444.6,500.8,1,1
195.4,12,425.6,499.6,1,1
195.6,12,419.6,499.7,1,1
195.8,12,419.3,499.7,1,1
196.0,12,419.2,499.7,1,1
196.2,12,417.7,499.4,1,1
196.4,12,416.7,499.2,1,1
196.6,12,415.5,498.7,1,1
196.8,12,415.4,498.7,1,1
197.0,12,415.4,498.7,1,1
197.2,12,415.4,498.7,1,1
197.4,12,415.2,499.0,1,1
197.6,12,415.9,501.3,1,1
197.8,12,419.6,503.5,1,1
198.0,12,421.7,504.3,1,1
198.2,12,424.9,504.7,1,1
198.4,12,429.9,505.0,1,1
198.6,12,433.1,504.9,1,1
198.8,12,435.3,504.8,1,1
199.0,12,435.3,504.8,1,1
199.2,12,435.4,504.8,1,1
199.4,12,437.1,505.1,1,1
199.6,12,446.0,505.3,1,1
199.8,12,447.7,503.9,1,1
200.0,12,436.2,501.2,1,1
200.2,12,424.8,500.3,1,1
200.4,12,421.0,500.1,1,1
200.6,12,420.2,500.0,1,1
200.8,12,419.9,500.0,1,1
201.0,12,419.9,500.0,1,1
201.2,12,419.9,500.0,1,1
201.4,12,419.8,500.4,1,1
201.6,12,419.8,500.9,1,1
201.8,12,419.8,500.9,1,1
202.0,12,419.8,500.9,1,1
202.2,12,419.8,500.9,1,1
202.4,12,419.8,500.9,1,1
202.6,12,419.8,500.9,1,1
202.8,12,419.8,500.9,1,1
203.0,12,419.9,500.6,1,1
203.2,12,419.9,500.5,1,1
203.4,12,419.9,500.5,1,1
203.6,12,419.9,500.5,1,1
203.8,12,419.8,500.4,1,1
204.0,12,419.8,500.3,1,1
204.2,12,419.8,500.3,1,1
204.4,12,419.8,500.3,1,1
204.6,12,419.8,500.3,1,1
204.8,12,419.8,500.3,1,1
205.0,12,419.9,500.7,1,1
205.2,12,419.8,501.1,1,1
205.4,12,418.7,501.8,1,1
205.6,12,418.1,502.3,1,1
205.8,12,417.5,502.7,1,1
206.0,12,417.3,502.9,1,1
206.2,12,417.3,503.0,1,1
206.4,12,417.3,503.0,1,1
206.6,12,417.3,503.0,1,1
206.8,12,417.3,503.0,1,1
207.0,12,417.3,503.0,1,1
207.2,12,417.3,503.0,1,1
207.4,12,417.3,503.0,1,1
207.6,12,417.4,503.0,1,1
207.8,12,421.7,504.0,1,1
208.0,12,424.1,504.1,1,1
208.2,12,425.0,504.1,1,1
208.4,12,428.9,503.9,1,1
208.6,12,430.0,503.8,1,1
208.8,12,430.1,503.8,1,1
209.0,12,419.8,505.8,1,1
209.2,12,419.7,505.8,1,1
209.4,12,419.7,505.8,1,1
209.6,12,429.1,503.9,1,1
209.8,12,429.7,503.8,1,1
210.0,12,429.7,503.8,1,1
210.2,12,429.7,503.8,1,1
210.4,12,424.9,505.4,1,1
210.6,12,426.6,504.9,1,1
210.8,12,428.3,504.4,1,1
211.0,12,428.5,504.4,1,1
211.2,12,428.7,504.3,1,1
211.4,12,429.0,504.3,1,1
211.6,12,429.4,504.2,1,1
211.8,12,430.2,504.0,1,1
212.0,12,430.3,504.0,1,1
212.2,12,430.5,503.9,1,1
212.4,12,430.7,503.9,1,1
212.6,12,431.0,503.9,1,1
212.8,12,431.0,503.9,1,1
213.0,12,431.2,503.8,1,1
213.2,12,431.2,503.8,1,1
213.4,12,431.2,503.8,1,1
213.6,12,431.1,503.7,1,1
213.8,12,429.7,502.5,1,1
214.0,12,426.8,501.4,1,1
214.2,12,426.1,501.0,1,1
214.4,12,425.7,500.7,1,1
214.6,12,425.7,500.7,1,1
214.8,12,425.7,500.7,1,1
215.0,12,425.7,500.7,1,1
215.2,12,425.7,500.7,1,1
215.4,12,425.7,500.7,1,1
215.6,12,425.7,500.7,1,1
215.8,12,425.7,500.7,1,1
216.0,12,425.7,500.7,1,1
216.2,12,426.2,501.3,1,1
216.4,12,426.3,501.4,1,1
216.6,12,426.3,501.4,1,1
216.8,12,426.3,501.4,1,1
217.0,12,426.3,501.4,1,1
217.2,12,426.3,501.4,1,1
217.4,12,426.3,501.4,1,1
217.6,12,426.3,501.4,1,1
217.8,12,426.3,501.4,1,1
218.0,12,426.3,501.4,1,1
218.2,12,426.3,501.4,1,1
218.4,12,426.3,501.4,1,1
218.6,12,426.3,501.4,1,1
218.8,12,429.0,501.9,1,1
219.0,12,434.8,502.8,1,1
219.2,12,438.8,503.0,1,1
219.4,12,438.8,503.0,1,1
219.6,12,438.5,503.0,1,1
219.8,12,433.6,502.5,1,1
220.0,12,424.7,502.6,1,1
220.2,12,420.9,502.8,1,1
220.4,12,419.8,502.9,1,1
220.6,12,419.1,503.2,1,1
220.8,12,418.6,503.4,1,1
221.0,12,418.1,503.8,1,1
221.2,12,432.9,505.1,1,1
221.4,12,433.7,505.1,1,1
221.6,12,433.8,505.1,1,1
221.8,12,425.7,505.7,1,1
222.0,12,420.4,506.1,1,1
222.2,12,419.1,506.2,1,1
222.4,12,418.8,506.2,1,1
222.6,12,418.8,506.2,1,1
222.8,12,418.8,506.2,1,1
223.0,12,418.8,506.2,1,1
223.2,12,418.8,506.2,1,1
223.4,12,418.8,506.2,1,1
223.6,12,418.8,506.2,1,1
223.8,12,418.8,506.2,1,1
224.0,12,418.8,506.2,1,1
224.2,12,418.8,506.2,1,1
224.4,12,418.8,506.2,1,1
224.6,12,418.8,506.2,1,1
224.8,12,418.8,506.2,1,1
225.0,12,418.8,506.2,1,1
225.2,12,418.8,506.2,1,1
225.4,12,418.8,506.2,1,1
225.6,12,418.8,506.2,1,1
225.8,12,418.8,506.2,1,1
226.0,12,418.8,506.2,1,1
226.2,12,418.8,506.2,1,1
226.4,12,418.8,506.2,1,1
226.6,12,418.8,506.2,1,1
226.8,12,418.8,506.2,1,1
227.0,12,418.8,506.2,1,1
227.2,12,418.8,506.2,1,1
227.4,12,418.8,506.2,1,1
227.6,12,418.8,506.2,1,1
227.8,12,418.8,506.2,1,1
228.0,12,418.8,506.2,1,1
228.2,12,418.7,506.2,1,1
228.4,12,418.1,505.9,1,1
228.6,12,417.6,505.4,1,1
228.8,12,417.5,505.4,1,1
229.0,12,417.3,505.3,1,1
229.2,12,417.2,505.1,1,1
229.4,12,417.1,504.9,1,1
229.6,12,416.6,503.8,1,1
229.8,12,416.4,502.4,1,1
230.0,12,416.4,502.1,1,1
230.2,12,416.4,501.9,1,1
230.4,12,416.4,501.9,1,1
230.6,12,416.4,501.9,1,1
230.8,12,416.4,501.9,1,1
231.0,12,416.4,501.9,1,1
231.2,12,416.4,501.9,1,1
231.4,12,418.4,501.8,1,1
231.6,12,420.5,501.7,1,1
231.8,12,420.6,501.6,1,1
232.0,12,420.6,501.6,1,1
232.2,12,413.4,503.7,1,1
232.4,12,413.4,503.7,1,1
232.6,12,408.5,504.5,1,1
232.8,12,403.1,505.0,1,1
233.0,12,397.6,505.2,1,1
233.2,12,397.5,505.2,1,1
233.4,12,410.2,497.2,1,1
233.6,12,410.2,497.2,1,1
233.8,12,410.2,497.2,1,1
234.0,12,410.2,497.2,1,1
234.2,12,410.0,497.2,1,1
234.4,12,406.1,497.1,1,1
234.6,12,403.4,496.5,1,1
234.8,12,401.5,494.9,1,1
235.0,12,399.5,492.3,1,1
235.2,12,396.7,490.5,1,1
235.4,12,395.2,488.6,1,1
235.6,12,395.1,488.1,1,1
235.8,12,394.6,487.6,1,1
236.0,12,359.5,486.0,1,1
236.2,12,357.9,484.7,1,1
236.4,12,357.6,479.0,1,1
236.6,12,363.6,469.2,1,1
236.8,12,360.3,462.2,1,1
237.0,12,354.9,457.6,1,1
237.2,12,350.5,452.0,1,1
237.4,12,349.3,442.0,1,1
237.6,12,349.3,433.0,1,1
237.8,12,349.6,422.3,1,1
238.0,12,349.9,411.7,1,1
238.2,12,352.0,402.6,1,1
238.4,12,354.5,391.4,1,1
238.6,12,368.2,383.3,1,1
238.8,12,366.3,370.2,1,1
239.0,12,378.8,362.5,1,1
239.2,12,379.5,361.0,1,1
81.6,13,629.5,563.3,1,0;1
81.8,13,624.4,563.1,1,0;1
82.0,13,613.5,562.7,1,0;1
82.2,13,607.2,562.3,1,0;1
82.4,13,604.2,562.2,1,0;1
82.6,13,588.3,562.5,1,0;1
82.8,13,608.5,575.5,2,0;1
83.0,13,602.3,575.6,2,0;1
83.2,13,596.5,576.2,2,0;1
83.4,13,587.1,574.0,2,0;1
83.6,13,570.6,572.2,2,0;1
83.8,13,559.0,572.7,2,0;1
84.0,13,550.9,572.4,2,0;1
84.2,13,541.2,573.1,2,0;1
84.4,13,529.0,573.6,2,0;1
84.6,13,521.8,576.8,2,0;1
84.8,13,511.0,579.1,2,0;1
85.0,13,501.0,578.6,2,0;1
85.2,13,485.8,572.7,2,0;1
85.4,13,487.0,573.3,2,0;1
85.6,13,483.8,571.5,2,0;1
85.8,13,482.6,571.0,2,0;1
86.0,13,477.8,567.9,2,0;1
86.2,13,476.8,567.7,2,0;1
86.4,13,468.9,563.1,2,0;1
86.6,13,473.7,566.3,2,0;1
86.8,13,477.8,569.1,2,0;1
87.0,13,476.1,571.8,2,0;1
87.2,13,477.3,574.9,2,0;1
87.4,13,477.6,574.8,2,0;1
87.6,13,480.2,575.4,2,0;1
87.8,13,480.5,572.4,2,0;1
88.0,13,480.0,569.4,2,0;1
88.2,13,479.9,569.3,2,0;1
88.4,13,482.0,570.2,2,0;1
88.6,13,481.8,570.1,2,0;1
88.8,13,480.0,571.9,2,0;1
89.0,13,480.9,572.6,2,0;1
89.2,13,480.9,572.8,2,0;1
89.4,13,479.4,572.1,2,0;1
89.6,13,481.1,573.2,2,0;1
89.8,13,477.9,570.8,2,0;1
90.0,13,478.0,570.7,2,0;1
90.2,13,478.8,571.1,2,0;1
90.4,13,477.9,570.5,2,0;1
90.6,13,478.1,569.8,2,0;1
90.8,13,478.3,569.3,2,0;1
91.0,13,478.2,569.2,2,0;1
91.2,13,477.8,569.0,2,0;1
91.4,13,479.3,571.4,2,0;1
91.6,13,479.9,573.4,2,0;1
91.8,13,479.5,573.2,2,0;1
92.0,13,480.8,573.6,2,0;1
92.2,13,481.3,574.0,2,0;1
92.4,13,482.8,574.9,2,0;1
92.6,13,483.5,576.1,2,0;1
92.8,13,484.1,577.6,2,0;1
93.0,13,481.5,575.9,2,0;1
93.2,13,480.8,575.4,2,0;1
93.4,13,482.8,577.5,2,0;1
93.6,13,481.4,577.2,2,0;1
93.8,13,482.7,578.3,2,0;1
94.0,13,483.1,578.6,2,0;1
94.2,13,483.5,579.0,2,0;1
94.4,13,482.3,576.2,2,0;1
94.6,13,482.0,575.9,2,0;1
94.8,13,480.5,574.8,2,0;1
95.0,13,482.7,576.3,2,0;1
95.2,13,483.6,576.6,2,0;1
95.4,13,483.2,575.6,2,0;1
95.6,13,483.4,575.1,2,0;1
95.8,13,483.3,574.8,2,0;1
96.0,13,483.7,572.1,2,0;1
96.2,13,483.9,572.1,2,0;1
96.4,13,483.8,572.1,2,0;1
96.6,13,484.0,575.4,2,0;1
96.8,13,483.5,575.2,2,0;1
97.0,13,481.9,574.2,2,0;1
97.2,13,478.1,572.4,2,0;1
97.4,13,480.6,574.4,2,0;1
97.6,13,483.8,576.5,2,0;1
97.8,13,485.3,577.5,2,0;1
98.0,13,486.5,576.9,2,0;1
98.2,13,486.8,577.1,2,0;1
98.4,13,485.7,576.4,2,0;1
98.6,13,484.5,575.7,2,0;1
98.8,13,485.0,576.0,2,0;1
99.0,13,483.9,575.4,2,0;1
99.2,13,485.2,576.2,2,0;1
99.4,13,484.4,576.9,2,0;1
99.6,13,484.3,577.2,2,0;1
99.8,13,485.7,578.0,2,0;1
100.0,13,484.5,574.6,2,0;1
100.2,13,483.1,573.8,2,0;1
100.4,13,483.8,574.0,2,0;1
100.6,13,483.4,575.4,2,0;1
100.8,13,482.6,575.4,2,0;1
101.0,13,481.2,573.4,2,0;1
101.2,13,480.2,574.0,2,0;1
101.4,13,481.6,575.0,2,0;1
101.6,13,483.2,576.4,2,0;1
101.8,13,481.9,575.5,2,0;1
102.0,13,482.0,575.6,2,0;1
102.2,13,482.6,576.0,2,0;1
102.4,13,483.3,576.5,2,0;1
102.6,13,482.7,576.1,2,0;1
102.8,13,483.6,576.7,2,0;1
103.0,13,483.6,576.7,2,0;1
103.2,13,484.9,577.6,2,0;1
103.4,13,483.8,576.1,2,0;1
103.6,13,480.7,573.5,2,0;1
103.8,13,482.3,574.5,2,0;1
104.0,13,485.0,576.1,2,0;1
104.2,13,482.6,574.6,2,0;1
104.4,13,480.3,573.2,2,0;1
104.6,13,481.4,573.6,2,0;1
104.8,13,481.7,573.5,2,0;1
105.0,13,481.0,573.0,2,0;1
105.2,13,482.7,574.5,2,0;1
105.4,13,482.4,574.7,2,0;1
105.6,13,482.5,575.1,2,0;1
105.8,13,481.3,575.2,2,0;1
106.0,13,481.2,575.1,2,0;1
106.2,13,483.0,576.4,2,0;1
106.4,13,484.5,576.4,2,0;1
106.6,13,484.0,576.0,2,0;1
106.8,13,482.4,575.0,2,0;1
107.0,13,482.3,574.9,2,0;1
107.2,13,483.0,575.4,2,0;1
107.4,13,482.4,575.0,2,0;1
107.6,13,481.8,574.6,2,0;1
107.8,13,480.7,573.9,2,0;1
108.0,13,482.6,575.1,2,0;1
108.2,13,480.3,573.7,2,0;1
108.4,13,480.5,573.9,2,0;1
108.6,13,478.1,571.8,2,0;1
108.8,13,478.3,571.3,2,0;1
109.0,13,478.7,571.5,2,0;1
109.2,13,476.9,570.5,2,0;1
109.4,13,480.6,572.8,2,0;1
109.6,13,481.0,573.3,2,0;1
109.8,13,481.2,573.5,2,0;1
110.0,13,481.4,573.5,2,0;1
110.2,13,480.6,573.4,2,0;1
110.4,13,479.9,573.2,2,0;1
110.6,13,480.3,573.4,2,0;1
110.8,13,482.5,574.8,2,0;1
111.0,13,482.5,574.8,2,0;1
111.2,13,483.5,575.4,2,0;1
111.4,13,483.0,575.1,2,0;1
111.6,13,482.5,574.8,2,0;1
111.8,13,482.6,574.9,2,0;1
112.0,13,482.4,574.6,2,0;1
112.2,13,484.4,575.8,2,0;1
112.4,13,485.3,576.3,2,0;1
112.6,13,483.7,575.3,2,0;1
112.8,13,481.3,573.5,2,0;1
113.0,13,481.3,573.4,2,0;1
113.2,13,482.9,574.3,2,0;1
113.4,13,483.4,574.6,2,0;1
113.6,13,482.8,574.3,2,0;1
113.8,13,483.3,574.6,2,0;1
114.0,13,483.3,574.5,2,0;1
114.2,13,479.9,572.6,2,0;1
114.4,13,476.9,570.8,2,0;1
114.6,13,477.1,570.9,2,0;1
114.8,13,480.6,573.0,2,0;1
115.0,13,477.1,571.0,2,0;1
115.2,13,479.3,572.2,2,0;1
115.4,13,483.6,574.4,2,0;1
115.6,13,484.0,574.6,2,0;1
115.8,13,485.7,575.2,2,0;1
116.0,13,486.5,575.6,2,0;1
116.2,13,486.1,575.2,2,0;1
116.4,13,486.5,575.4,2,0;1
116.6,13,486.6,576.0,2,0;1
116.8,13,486.1,576.4,2,0;1
117.0,13,485.4,576.6,2,0;1
117.2,13,485.6,576.8,2,0;1
117.4,13,486.3,577.3,2,0;1
117.6,13,483.7,575.8,2,0;1
117.8,13,482.8,575.3,2,0;1
118.0,13,486.0,577.3,2,0;1
118.2,13,485.4,577.3,2,0;1
118.4,13,485.0,577.1,2,0;1
118.6,13,485.2,577.4,2,0;1
118.8,13,484.6,577.0,2,0;1
119.0,13,484.2,576.7,2,0;1
119.2,13,483.7,575.9,2,0;1
119.4,13,483.6,575.9,2,0;1
119.6,13,483.4,575.7,2,0;1
119.8,13,483.0,575.5,2,0;1
120.0,13,482.6,575.3,2,0;1
120.2,13,481.2,574.5,2,0;1
120.4,13,482.7,575.8,2,0;1
120.6,13,483.5,576.4,2,0;1
120.8,13,483.1,576.3,2,0;1
121.0,13,483.2,576.3,2,0;1
121.2,13,483.5,576.6,2,0;1
121.4,13,483.6,576.6,2,0;1
121.6,13,483.8,576.7,2,0;1
121.8,13,483.7,576.7,2,0;1
122.0,13,483.8,576.7,2,0;1
122.2,13,483.8,576.7,2,0;1
122.4,13,483.4,576.5,2,0;1
122.6,13,484.9,577.1,2,0;1
122.8,13,486.1,577.8,2,0;1
123.0,13,485.8,577.7,2,0;1
123.2,13,484.8,577.0,2,0;1
123.4,13,484.6,576.9,2,0;1
123.6,13,484.7,576.9,2,0;1
123.8,13,483.6,576.2,2,0;1
124.0,13,484.6,576.4,2,0;1
124.2,13,484.6,576.4,2,0;1
124.4,13,483.4,575.7,2,0;1
124.6,13,482.4,575.1,2,0;1
124.8,13,482.2,574.9,2,0;1
125.0,13,481.5,574.6,2,0;1
125.2,13,482.0,575.0,2,0;1
125.4,13,482.1,575.2,2,0;1
125.6,13,482.2,575.5,2,0;1
125.8,13,481.2,575.0,2,0;1
126.0,13,481.2,575.3,2,0;1
126.2,13,480.6,575.0,2,0;1
126.4,13,481.2,575.4,2,0;1
126.6,13,484.0,576.8,2,0;1
126.8,13,485.5,577.8,2,0;1
127.0,13,485.6,577.9,2,0;1
127.2,13,485.5,577.8,2,0;1
127.4,13,484.9,577.4,2,0;1
127.6,13,484.4,577.1,2,0;1
127.8,13,484.6,577.0,2,0;1
128.0,13,484.4,574.9,2,0;1
128.2,13,484.8,575.1,2,0;1
128.4,13,485.4,575.5,2,0;1
128.6,13,485.5,576.7,2,0;1
128.8,13,485.2,576.6,2,0;1
129.0,13,484.3,576.1,2,0;1
129.2,13,485.4,576.1,2,0;1
129.4,13,485.6,576.1,2,0;1
129.6,13,484.8,575.6,2,0;1
129.8,13,482.9,574.5,2,0;1
130.0,13,482.3,574.1,2,0;1
130.2,13,482.0,573.9,2,0;1
130.4,13,483.6,574.7,2,0;1
130.6,13,483.5,574.7,2,0;1
130.8,13,483.6,574.5,2,0;1
131.0,13,484.6,574.8,2,0;1
131.2,13,485.2,574.9,2,0;1
131.4,13,484.2,574.3,2,0;1
131.6,13,483.5,574.6,2,0;1
131.8,13,482.0,573.7,2,0;1
132.0,13,483.9,574.9,2,0;1
132.2,13,482.7,574.1,2,0;1
132.4,13,485.5,575.8,2,0;1
132.6,13,484.9,575.4,2,0;1
132.8,13,483.4,574.6,2,0;1
133.0,13,485.3,575.4,2,0;1
133.2,13,485.6,575.2,2,0;1
133.4,13,485.1,574.9,2,0;1
133.6,13,485.6,575.2,2,0;1
133.8,13,486.0,575.4,2,0;1
134.0,13,484.2,576.8,2,0;1
134.2,13,484.9,577.5,2,0;1
134.4,13,484.3,577.2,2,0;1
134.6,13,482.0,575.3,2,0;1
134.8,13,481.5,574.7,2,0;1
135.0,13,481.5,574.8,2,0;1
135.2,13,481.1,574.8,2,0;1
135.4,13,481.8,575.4,2,0;1
135.6,13,483.2,576.3,2,0;1
135.8,13,484.5,576.5,2,0;1
136.0,13,489.4,577.4,2,0;1
136.2,13,502.1,586.1,2,0;1
136.4,13,501.6,585.7,2,0;1
136.6,13,502.9,585.5,2,0;1
136.8,13,504.5,585.9,2,0;1
137.0,13,508.1,585.6,2,0;1
137.2,13,499.3,577.5,2,0;1
137.4,13,495.1,574.4,2,0;1
137.6,13,494.6,575.0,2,0;1
137.8,13,495.8,576.3,2,0;1
138.0,13,506.0,585.2,2,0;1
138.2,13,495.5,579.3,2,0;1
138.4,13,502.6,585.1,2,0;1
138.6,13,500.0,584.2,2,0;1
138.8,13,496.2,580.9,2,0;1
139.0,13,494.5,579.7,2,0;1
139.2,13,509.3,588.3,2,0;1
139.4,13,506.3,585.3,2,0;1
139.6,13,498.2,579.4,2,0;1
139.8,13,512.9,589.7,2,0;1
140.0,13,501.8,586.6,2,0;1
140.2,13,498.2,585.5,2,0;1
140.4,13,493.1,581.8,2,0;1
140.6,13,488.0,578.9,2,0;1
140.8,13,483.1,575.5,2,0;1
141.0,13,486.0,578.8,2,0;1
141.2,13,487.4,580.5,2,0;1
141.4,13,496.2,582.1,2,0;1
141.6,13,497.8,583.0,2,0;1
141.8,13,496.5,582.1,2,0;1
142.0,13,495.3,581.2,2,0;1
142.2,13,504.9,590.1,2,0;1
142.4,13,504.8,592.9,2,0;1
142.6,13,503.6,593.7,2,0;1
142.8,13,500.6,593.2,2,0;1
143.0,13,497.8,592.0,2,0;1
143.2,13,496.3,592.3,2,0;1
143.4,13,497.4,593.3,2,0;1
143.6,13,496.6,592.4,2,0;1
143.8,13,496.5,593.1,2,0;1
144.0,13,492.2,591.5,2,0;1
144.2,13,491.4,587.1,2,0;1
144.4,13,492.5,582.2,2,0;1
144.6,13,488.8,580.0,2,0;1
144.8,13,503.0,586.8,2,0;1
145.0,13,498.7,582.5,2,0;1
145.2,13,493.4,579.8,2,0;1
145.4,13,485.8,576.7,2,0;1
145.6,13,486.0,577.9,2,0;1
145.8,13,504.4,593.0,2,0;1
146.0,13,499.5,590.9,2,0;1
146.2,13,501.1,591.5,2,0;1
146.4,13,499.7,590.3,2,0;1
146.6,13,498.9,589.6,2,0;1
146.8,13,499.4,589.2,2,0;1
147.0,13,503.1,591.9,2,0;1
147.2,13,512.9,599.7,2,0;1
147.4,13,488.0,579.5,2,0;1
147.6,13,487.3,578.9,2,0;1
147.8,13,488.2,579.4,2,0;1
148.0,13,490.1,580.9,2,0;1
148.2,13,498.0,587.2,2,0;1
148.4,13,507.4,595.6,2,0;1
148.6,13,506.3,595.1,2,0;1
148.8,13,505.0,594.0,2,0;1
149.0,13,503.5,591.4,2,0;1
149.2,13,502.0,584.0,2,0;1
149.4,13,500.5,582.8,2,0;1
149.6,13,503.1,584.2,2,0;1
149.8,13,501.6,583.7,2,0;1
150.0,13,502.7,584.4,2,0;1
150.2,13,500.3,581.9,2,0;1
150.4,13,499.7,580.0,2,0;1
150.6,13,498.6,579.5,2,0;1
150.8,13,496.0,578.1,2,0;1
151.0,13,493.2,576.5,2,0;1
151.2,13,495.9,578.5,2,0;1
151.4,13,497.4,580.5,2,0;1
151.6,13,498.5,584.0,2,0;1
151.8,13,496.2,584.7,2,0;1
152.0,13,495.2,585.3,2,0;1
152.2,13,487.8,584.9,2,0;1
152.4,13,487.4,586.9,2,0;1
152.6,13,488.3,590.0,2,0;1
152.8,13,485.1,591.3,2,0;1
153.0,13,486.4,592.2,2,0;1
153.2,13,492.8,595.0,2,0;1
153.4,13,480.1,584.5,2,0;1
153.6,13,476.8,581.9,2,0;1
153.8,13,472.6,580.7,2,0;1
154.0,13,471.0,581.0,2,0;1
154.2,13,472.1,582.7,2,0;1
154.4,13,470.8,581.0,2,0;1
154.6,13,470.8,582.2,2,0;1
154.8,13,470.3,581.4,2,0;1
155.0,13,469.3,580.1,2,0;1
155.2,13,469.5,579.8,2,0;1
155.4,13,469.4,579.4,2,0;1
155.6,13,469.9,579.7,2,0;1
155.8,13,472.2,581.6,2,0;1
156.0,13,471.0,580.6,2,0;1
156.2,13,470.4,580.1,2,0;1
156.4,13,471.2,580.8,2,0;1
156.6,13,471.7,581.2,2,0;1
156.8,13,471.8,581.2,2,0;1
157.0,13,470.9,580.1,2,0;1
157.2,13,470.4,578.9,2,0;1
157.4,13,470.7,578.8,2,0;1
157.6,13,472.1,578.0,2,0;1
157.8,13,471.4,577.5,2,0;1
158.0,13,471.4,577.5,2,0;1
158.2,13,470.7,577.1,2,0;1
158.4,13,471.5,577.8,2,0;1
158.6,13,470.4,577.0,2,0;1
158.8,13,470.0,576.4,2,0;1
159.0,13,471.4,577.6,2,0;1
159.2,13,470.1,577.2,2,0;1
159.4,13,472.2,579.9,2,0;1
159.6,13,471.6,579.9,2,0;1
159.8,13,470.4,578.4,2,0;1
160.0,13,467.4,577.7,2,0;1
160.2,13,467.2,577.8,2,0;1
160.4,13,465.4,578.5,2,0;1
160.6,13,466.0,576.9,2,0;1
160.8,13,465.5,575.2,2,0;1
161.0,13,464.9,573.5,2,0;1
161.2,13,464.3,571.8,2,0;1
161.4,13,464.5,569.7,2,0;1
161.6,13,464.0,566.8,2,0;1
161.8,13,463.7,566.3,2,0;1
162.0,13,463.8,566.3,2,0;1
162.2,13,462.6,569.4,2,0;1
162.4,13,461.4,572.3,2,0;1
162.6,13,460.1,576.1,2,0;1
162.8,13,461.3,577.7,2,0;1
163.0,13,460.6,578.7,2,0;1
163.2,13,461.0,579.3,2,0;1
163.4,13,460.8,579.1,2,0;1
163.6,13,461.1,579.2,2,0;1
163.8,13,461.4,579.3,2,0;1
164.0,13,462.0,579.7,2,0;1
164.2,13,461.2,579.0,2,0;1
164.4,13,460.6,578.6,2,0;1
164.6,13,462.2,580.0,2,0;1
164.8,13,461.1,579.7,2,0;1
165.0,13,461.6,580.7,2,0;1
165.2,13,461.9,580.8,2,0;1
165.4,13,461.6,580.7,2,0;1
165.6,13,461.0,580.2,2,0;1
165.8,13,460.3,579.8,2,0;1
166.0,13,460.1,579.7,2,0;1
166.2,13,460.6,580.2,2,0;1
166.4,13,461.5,581.0,2,0;1
166.6,13,459.3,579.5,2,0;1
166.8,13,458.9,579.3,2,0;1
167.0,13,460.9,580.7,2,0;1
167.2,13,461.0,580.7,2,0;1
167.4,13,461.2,580.9,2,0;1
167.6,13,461.9,581.3,2,0;1
167.8,13,462.3,581.6,2,0;1
168.0,13,462.1,581.5,2,0;1
168.2,13,461.7,581.2,2,0;1
168.4,13,462.1,581.5,2,0;1
168.6,13,461.6,581.1,2,0;1
168.8,13,459.8,579.9,2,0;1
169.0,13,460.2,580.3,2,0;1
169.2,13,461.1,581.4,2,0;1
169.4,13,461.6,582.8,2,0;1
169.6,13,461.6,582.9,2,0;1
169.8,13,461.8,583.0,2,0;1
170.0,13,461.0,582.4,2,0;1
170.2,13,460.5,582.0,2,0;1
170.4,13,459.6,581.4,2,0;1
170.6,13,461.6,582.9,2,0;1
170.8,13,462.6,583.6,2,0;1
171.0,13,462.2,583.4,2,0;1
171.2,13,461.7,583.2,2,0;1
171.4,13,462.2,580.8,2,0;1
171.6,13,460.7,581.4,2,0;1
171.8,13,461.0,583.0,2,0;1
172.0,13,459.5,583.5,2,0;1
172.2,13,460.4,584.2,2,0;1
172.4,13,461.2,584.9,2,0;1
172.6,13,460.3,584.5,2,0;1
172.8,13,460.5,584.7,2,0;1
173.0,13,460.5,584.1,2,0;1
173.2,13,459.4,582.3,2,0;1
173.4,13,459.1,581.9,2,0;1
173.6,13,458.9,578.0,2,0;1
173.8,13,458.7,577.3,2,0;1
174.0,13,459.5,577.5,2,0;1
174.2,13,459.5,577.5,2,0;1
174.4,13,459.5,577.4,2,0;1
174.6,13,457.5,576.3,2,0;1
174.8,13,458.5,580.0,2,0;1
175.0,13,456.9,579.1,2,0;1
175.2,13,458.5,580.1,2,0;1
175.4,13,457.7,579.4,2,0;1
175.6,13,459.4,578.6,2,0;1
175.8,13,461.5,577.9,2,0;1
176.0,13,463.2,577.7,2,0;1
176.2,13,463.3,577.3,2,0;1
176.4,13,463.3,577.1,2,0;1
176.6,13,463.5,577.2,2,0;1
176.8,13,463.0,577.1,2,0;1
177.0,13,463.7,577.6,2,0;1
177.2,13,463.9,577.9,2,0;1
177.4,13,464.0,577.3,2,0;1
177.6,13,464.2,576.6,2,0;1
177.8,13,464.0,575.5,2,0;1
178.0,13,463.8,574.6,2,0;1
178.2,13,463.5,573.7,2,0;1
178.4,13,462.8,572.9,2,0;1
178.6,13,463.0,572.3,2,0;1
178.8,13,463.1,572.3,2,0;1
179.0,13,463.1,572.2,2,0;1
179.2,13,462.6,571.9,2,0;1
179.4,13,461.8,571.4,2,0;1
179.6,13,461.7,571.7,2,0;1
179.8,13,457.3,575.4,2,0;1
180.0,13,453.7,578.4,2,0;1
180.2,13,451.5,583.7,2,0;1
180.4,13,444.0,586.5,2,0;1
180.6,13,425.9,586.7,2,0;1
180.8,13,415.9,588.7,2,0;1
181.0,13,409.7,588.9,2,0;1
181.2,13,396.7,590.9,2,0;1
181.4,13,387.4,595.7,2,0;1
181.6,13,385.3,598.9,2,0;1
181.8,13,376.2,596.8,2,0;1
182.0,13,383.8,604.8,2,0;1
182.2,13,366.7,585.5,2,0;1
182.4,13,368.5,583.5,2,0;1
182.6,13,359.6,577.2,2,0;1
182.8,13,362.6,579.1,2,0;1
183.0,13,361.9,578.9,2,0;1
183.2,13,347.9,571.0,2,0;1
183.4,13,357.5,577.7,2,0;1
183.6,13,350.7,577.5,2,0;1
183.8,13,323.5,580.0,2,0;1
184.0,13,316.9,585.1,2,0;1
184.2,13,305.5,588.9,2,0;1
184.4,13,279.5,589.1,2,0;1
184.6,13,268.6,596.1,2,0;1
184.8,13,262.5,605.5,2,0;1
185.0,13,252.0,611.4,2,0;1
185.2,13,239.1,615.3,2,0;1
185.4,13,217.5,620.8,2,0;1
185.6,13,194.5,635.4,1,0;1
185.8,13,211.4,661.7,1,0;1
90.0,14,544.9,610.7,1,0
90.2,14,544.9,610.7,1,0
90.4,14,544.9,610.7,1,0
90.6,14,544.9,610.7,1,0
90.8,14,544.9,610.7,1,0
91.0,14,546.8,597.7,1,0
91.2,14,546.8,597.6,1,0
91.4,14,546.8,597.6,1,0
91.6,14,546.8,597.6,1,0
91.8,14,546.5,599.0,1,0
92.0,14,546.4,600.6,1,0
92.2,14,546.4,601.8,1,0
92.4,14,546.4,603.1,1,0
92.6,14,546.3,604.4,1,0
92.8,14,546.3,605.7,1,0
93.0,14,546.3,606.9,1,0
93.2,14,546.2,608.2,1,0
93.4,14,548.3,614.4,1,0
93.6,14,548.8,615.3,1,0
101.4,15,196.0,679.9,1,0
101.6,15,196.0,679.9,1,0
101.8,15,188.1,676.7,1,0
102.0,15,176.0,671.8,1,0
102.2,15,176.8,667.4,1,0
102.4,15,178.8,658.0,1,0
102.6,15,172.8,647.9,1,0
102.8,15,168.9,641.7,1,0
103.0,15,168.2,640.1,1,0
103.2,15,163.3,632.3,1,0
103.4,15,153.5,618.4,1,0
103.6,15,150.7,612.5,1,0
103.8,15,148.8,606.3,1,0
104.0,15,140.9,592.1,1,0
104.2,15,138.3,586.0,1,0
104.4,15,137.7,583.4,1,0
104.6,15,133.8,574.6,1,0
104.8,15,125.2,558.7,1,0
105.0,15,123.0,550.5,1,0
105.2,15,125.8,546.1,1,0
105.4,15,121.9,532.8,1,0
105.6,15,118.6,525.1,1,0
105.8,15,117.7,523.0,1,0
106.0,15,116.2,518.0,1,0
106.2,15,109.1,504.0,1,0
106.4,15,104.3,491.9,1,0
106.6,15,106.6,488.4,1,0
106.8,15,108.4,481.6,1,0
107.0,15,103.5,469.1,1,0
107.2,15,101.7,462.2,1,0
107.4,15,101.4,460.4,1,0
107.6,15,98.6,453.2,1,0
107.8,15,91.4,439.8,1,0
108.0,15,87.7,430.7,1,0
108.2,15,85.7,425.1,1,0
108.4,15,83.8,420.9,1,0
108.6,15,82.7,419.1,1,0
108.8,15,81.3,417.0,1,0
109.0,15,75.0,409.4,1,0
109.2,15,70.2,403.8,1,0
109.4,15,68.8,402.2,1,0
109.6,15,68.3,401.6,1,0
109.8,15,66.0,396.9,1,0
110.0,15,63.7,391.6,1,0
110.2,15,63.1,388.5,1,0
110.4,15,63.2,386.7,1,0
110.6,15,62.6,380.7,1,0
110.8,15,58.4,365.6,1,0
111.0,15,57.7,356.3,1,0
111.2,15,60.5,351.3,1,0
111.4,15,62.4,344.3,1,0
111.6,15,58.4,332.3,1,0
111.8,15,56.7,328.7,1,0
112.0,15,55.1,325.8,1,0
112.2,15,47.8,314.5,1,0
112.4,15,36.7,298.0,1,0
112.6,15,32.3,291.0,1,0
112.8,15,31.1,287.8,1,0
113.0,15,27.9,277.5,1,0
113.2,15,22.7,263.1,1,0
113.4,15,18.0,254.3,1,0
113.6,15,17.1,252.5,1,0
113.8,15,10.5,242.2,1,0
114.0,15,0.8,227.6,1,0
114.2,15,-5.8,217.2,1,0
114.4,15,-7.6,213.2,1,0
114.6,15,-8.0,206.6,1,0
114.8,15,-10.6,195.2,1,0
115.0,15,-13.2,188.0,1,0
115.2,15,-15.7,182.3,1,0
115.4,15,-15.7,182.3,1,0
115.6,15,-18.5,178.9,1,0
115.8,15,-27.1,167.4,1,0
116.0,15,-35.5,155.7,1,0
116.2,15,-37.8,151.4,1,0
116.4,15,-37.1,146.7,1,0
116.6,15,-33.5,144.7,1,0
116.8,15,-30.8,144.1,1,0
117.0,15,-30.7,143.9,1,0
117.2,15,-30.6,144.0,1,0
117.4,15,-30.6,144.0,1,0
117.6,15,-30.6,144.0,1,0
117.8,15,-30.6,144.0,1,0
118.0,15,-30.6,144.0,1,0
118.2,15,-30.6,144.0,1,0
118.4,15,-30.6,144.0,1,0
118.6,15,-31.7,143.1,1,0
118.8,15,-36.7,139.3,1,0
119.0,15,-40.8,136.4,1,0
119.2,15,-44.4,134.0,1,0
119.4,15,-48.5,131.3,1,0
119.6,15,-50.2,130.3,1,0
119.8,15,-50.2,130.3,1,0
120.0,15,-50.2,130.3,1,0
120.2,15,-50.2,130.3,1,0
120.4,15,-50.2,130.3,1,0
120.6,15,-51.2,129.8,1,0
120.8,15,-52.3,129.3,1,0
121.0,15,-52.3,129.3,1,0
121.2,15,-52.3,129.3,1,0
121.4,15,-52.3,129.3,1,0
121.6,15,-52.3,129.3,1,0
121.8,15,-54.5,128.4,1,0
122.0,15,-63.5,122.3,1,0
107.8,16,674.2,655.3,1,0;1
108.0,16,672.0,655.4,1,0;1
108.2,16,669.5,655.5,1,0;1
108.4,16,667.4,655.6,1,0;1
108.6,16,666.0,655.7,1,0;1
108.8,16,665.4,655.7,1,0;1
109.0,16,665.4,655.7,1,0;1
109.2,16,665.4,655.7,1,0;1
109.4,16,665.4,655.7,1,0;1
109.6,16,665.4,655.7,1,0;1
109.8,16,665.4,655.7,1,0;1
110.0,16,664.8,655.7,1,0;1
110.2,16,663.3,655.8,1,0;1
110.4,16,659.6,656.0,1,0;1
110.6,16,653.5,656.3,1,0;1
110.8,16,647.8,656.6,1,0;1
111.0,16,643.0,656.9,1,0;1
111.2,16,635.9,657.2,1,0;1
111.4,16,628.2,657.6,1,0;1
111.6,16,617.6,658.2,1,0;1
111.8,16,610.4,658.5,1,0;1
112.0,16,606.5,658.7,1,0;1
112.2,16,600.3,659.1,1,0;1
112.4,16,597.7,659.2,1,0;1
112.6,16,597.7,659.2,1,0;1
112.8,16,597.7,659.2,1,0;1
113.0,16,597.7,659.2,1,0;1
113.2,16,597.7,659.2,1,0;1
113.4,16,598.9,659.1,1,0;1
113.6,16,599.3,659.1,1,0;1
113.8,16,599.3,659.1,1,0;1
114.0,16,599.3,659.1,1,0;1
114.2,16,599.1,659.1,1,0;1
114.4,16,598.8,659.1,1,0;1
114.6,16,598.8,659.1,1,0;1
114.8,16,598.8,659.1,1,0;1
115.0,16,601.1,659.0,1,0;1
115.2,16,603.3,658.9,1,0;1
115.4,16,603.3,658.9,1,0;1
115.6,16,603.3,658.9,1,0;1
115.8,16,603.3,658.9,1,0;1
116.0,16,603.3,658.9,1,0;1
116.2,16,602.4,659.0,1,0;1
116.4,16,601.1,659.0,1,0;1
116.6,16,600.0,659.1,1,0;1
116.8,16,595.8,659.3,1,0;1
117.0,16,595.4,659.3,1,0;1
117.2,16,595.0,659.3,1,0;1
117.4,16,595.1,659.3,1,0;1
117.6,16,598.2,659.2,1,0;1
117.8,16,598.2,659.2,1,0;1
118.0,16,598.2,659.2,1,0;1
118.2,16,598.2,659.2,1,0;1
118.4,16,598.3,659.2,1,0;1
118.6,16,598.3,659.2,1,0;1
118.8,16,598.3,659.2,1,0;1
119.0,16,598.3,659.2,1,0;1
119.2,16,598.3,659.2,1,0;1
119.4,16,598.3,659.2,1,0;1
119.6,16,598.3,659.2,1,0;1
119.8,16,596.3,659.3,1,0;1
120.0,16,594.4,659.4,1,0;1
120.2,16,596.2,659.3,1,0;1
120.4,16,598.1,659.2,1,0;1
120.6,16,597.1,659.2,1,0;1
120.8,16,596.1,659.3,1,0;1
121.0,16,596.1,659.3,1,0;1
121.2,16,595.5,659.3,1,0;1
121.4,16,598.1,659.2,1,0;1
121.6,16,596.0,659.3,1,0;1
121.8,16,596.0,659.3,1,0;1
122.0,16,596.0,659.3,1,0;1
122.2,16,591.6,659.5,1,0;1
122.4,16,590.4,659.6,1,0;1
122.6,16,590.3,659.6,1,0;1
122.8,16,590.1,659.6,1,0;1
123.0,16,590.1,659.6,1,0;1
123.2,16,590.1,659.6,1,0;1
123.4,16,590.0,659.6,1,0;1
123.6,16,589.9,659.6,1,0;1
123.8,16,589.9,659.6,1,0;1
124.0,16,589.9,659.6,1,0;1
124.2,16,592.1,659.5,1,0;1
124.4,16,597.1,659.2,1,0;1
124.6,16,602.4,659.0,1,0;1
124.8,16,608.3,658.7,1,0;1
125.0,16,608.5,658.6,1,0;1
125.2,16,609.8,658.6,1,0;1
125.4,16,609.8,658.6,1,0;1
125.6,16,609.9,658.6,1,0;1
125.8,16,609.9,658.6,1,0;1
126.0,16,606.6,658.7,1,0;1
126.2,16,599.3,659.1,1,0;1
126.4,16,594.2,659.4,1,0;1
126.6,16,590.8,659.6,1,0;1
126.8,16,589.9,659.6,1,0;1
127.0,16,589.9,659.6,1,0;1
127.2,16,589.9,659.6,1,0;1
127.4,16,589.9,659.6,1,0;1
127.6,16,589.9,659.6,1,0;1
127.8,16,591.1,659.5,1,0;1
128.0,16,592.3,659.5,1,0;1
128.2,16,592.3,659.5,1,0;1
128.4,16,592.3,659.5,1,0;1
128.6,16,591.4,659.5,1,0;1
128.8,16,590.6,659.6,1,0;1
129.0,16,589.5,659.6,1,0;1
129.2,16,586.3,659.8,1,0;1
129.4,16,577.8,660.2,1,0;1
129.6,16,571.5,660.5,1,0;1
129.8,16,569.9,660.6,1,0;1
130.0,16,569.3,660.7,1,0;1
130.2,16,569.2,660.7,1,0;1
130.4,16,568.9,660.7,1,0;1
130.6,16,568.9,660.7,1,0;1
130.8,16,570.8,660.6,1,0;1
131.0,16,571.8,660.5,1,0;1
131.2,16,572.1,660.5,1,0;1
131.4,16,573.9,660.4,1,0;1
131.6,16,574.6,660.4,1,0;1
131.8,16,575.1,660.4,1,0;1
132.0,16,575.2,660.4,1,0;1
132.2,16,573.1,660.5,1,0;1
132.4,16,570.5,660.6,1,0;1
132.6,16,570.1,660.6,1,0;1
132.8,16,569.4,660.7,1,0;1
133.0,16,569.2,660.7,1,0;1
133.2,16,569.2,660.7,1,0;1
133.4,16,569.2,660.7,1,0;1
133.6,16,569.9,660.6,1,0;1
133.8,16,574.9,660.4,1,0;1
134.0,16,584.5,659.9,1,0;1
134.2,16,593.9,659.4,1,0;1
134.4,16,597.3,659.2,1,0;1
134.6,16,600.5,659.1,1,0;1
134.8,16,604.8,658.8,1,0;1
135.0,16,605.0,658.8,1,0;1
135.2,16,602.0,659.0,1,0;1
135.4,16,602.0,659.0,1,0;1
135.6,16,601.3,659.0,1,0;1
135.8,16,599.0,659.1,1,0;1
136.0,16,589.4,659.6,1,0;1
136.2,16,585.0,659.9,1,0;1
136.4,16,581.5,660.0,1,0;1
136.6,16,580.8,660.1,1,0;1
136.8,16,580.0,660.1,1,0;1
137.0,16,579.8,660.1,1,0;1
137.2,16,579.8,660.1,1,0;1
137.4,16,579.8,660.1,1,0;1
137.6,16,579.8,660.1,1,0;1
137.8,16,579.8,660.1,1,0;1
138.0,16,579.8,660.1,1,0;1
138.2,16,580.0,660.1,1,0;1
138.4,16,580.2,660.1,1,0;1
138.6,16,580.2,660.1,1,0;1
138.8,16,580.2,660.1,1,0;1
139.0,16,575.0,660.4,1,0;1
139.2,16,567.4,660.8,1,0;1
139.4,16,561.4,661.1,1,0;1
139.6,16,556.9,661.3,1,0;1
139.8,16,555.1,661.4,1,0;1
140.0,16,555.1,661.4,1,0;1
140.2,16,555.8,661.4,1,0;1
140.4,16,555.8,661.4,1,0;1
140.6,16,555.8,661.4,1,0;1
140.8,16,521.0,660.5,2,0;1
141.0,16,524.0,660.8,2,0;1
141.2,16,539.8,661.4,2,0;1
141.4,16,534.7,661.4,2,0;1
141.6,16,527.0,661.4,2,0;1
141.8,16,523.2,661.5,2,0;1
142.0,16,518.9,661.5,2,0;1
142.2,16,528.3,661.7,2,0;1
142.4,16,529.5,661.9,2,0;1
142.6,16,523.2,662.2,2,0;1
142.8,16,514.0,662.5,2,0;1
143.0,16,519.9,662.4,2,0;1
143.2,16,535.7,662.3,2,0;1
143.4,16,515.1,663.9,2,0;1
143.6,16,503.1,665.6,2,0;1
143.8,16,506.5,665.5,2,0;1
144.0,16,497.3,666.5,2,0;1
144.2,16,500.1,666.2,2,0;1
144.4,16,533.7,663.2,2,0;1
144.6,16,541.4,662.0,2,0;1
144.8,16,528.5,662.1,2,0;1
145.0,16,512.0,661.0,2,0;1
145.2,16,501.6,660.4,2,0;1
145.4,16,499.2,660.1,2,0;1
145.6,16,505.2,660.3,2,0;1
145.8,16,513.2,661.6,2,0;1
146.0,16,535.7,661.8,2,0;1
146.2,16,545.5,661.9,1,0;1
146.4,16,547.4,661.8,1,0;1
146.6,16,555.0,661.4,1,0;1
146.8,16,556.9,661.3,1,0;1
147.0,16,559.1,661.2,1,0;1
147.2,16,559.3,661.2,1,0;1
147.4,16,559.4,661.2,1,0;1
147.6,16,559.8,661.2,1,0;1
147.8,16,565.6,660.9,1,0;1
148.0,16,571.2,660.6,1,0;1
148.2,16,575.8,660.3,1,0;1
148.4,16,578.5,660.2,1,0;1
148.6,16,578.5,660.2,1,0;1
148.8,16,578.5,660.2,1,0;1
149.0,16,578.5,660.2,1,0;1
149.2,16,578.5,660.2,1,0;1
149.4,16,579.2,660.2,1,0;1
149.6,16,582.6,660.0,1,0;1
149.8,16,586.7,659.8,1,0;1
150.0,16,587.2,659.7,1,0;1
150.2,16,587.2,659.7,1,0;1
150.4,16,584.6,659.9,1,0;1
150.6,16,582.6,660.0,1,0;1
150.8,16,576.7,660.3,1,0;1
151.0,16,574.9,660.4,1,0;1
151.2,16,574.9,660.4,1,0;1
151.4,16,574.9,660.4,1,0;1
151.6,16,574.9,660.4,1,0;1
151.8,16,574.8,660.4,1,0;1
152.0,16,574.2,660.4,1,0;1
152.2,16,573.2,660.5,1,0;1
152.4,16,573.0,660.5,1,0;1
152.6,16,572.9,660.5,1,0;1
152.8,16,572.9,660.5,1,0;1
153.0,16,572.9,660.5,1,0;1
153.2,16,572.9,660.5,1,0;1
153.4,16,572.8,660.5,1,0;1
153.6,16,572.6,660.5,1,0;1
153.8,16,572.6,660.5,1,0;1
154.0,16,572.6,660.5,1,0;1
154.2,16,572.6,660.5,1,0;1
154.4,16,572.6,660.5,1,0;1
154.6,16,572.6,660.5,1,0;1
154.8,16,572.6,660.5,1,0;1
155.0,16,572.6,660.5,1,0;1
155.2,16,572.6,660.5,1,0;1
155.4,16,572.6,660.5,1,0;1
155.6,16,572.6,660.5,1,0;1
155.8,16,572.6,660.5,1,0;1
156.0,16,572.6,660.5,1,0;1
156.2,16,572.6,660.5,1,0;1
156.4,16,572.2,660.5,1,0;1
156.6,16,572.1,660.5,1,0;1
156.8,16,571.5,660.5,1,0;1
157.0,16,568.8,660.7,1,0;1
157.2,16,568.3,660.7,1,0;1
157.4,16,568.3,660.7,1,0;1
157.6,16,568.3,660.7,1,0;1
157.8,16,568.6,660.7,1,0;1
158.0,16,568.9,660.7,1,0;1
158.2,16,568.9,660.7,1,0;1
158.4,16,568.9,660.7,1,0;1
158.6,16,568.9,660.7,1,0;1
158.8,16,567.2,660.8,1,0;1
159.0,16,565.5,660.9,1,0;1
159.2,16,565.2,660.9,1,0;1
159.4,16,563.1,661.0,1,0;1
159.6,16,559.9,661.1,1,0;1
159.8,16,557.7,661.3,1,0;1
160.0,16,556.7,661.3,1,0;1
160.2,16,553.0,661.5,1,0;1
160.4,16,551.4,661.6,1,0;1
160.6,16,549.4,661.7,1,0;1
160.8,16,548.6,661.7,1,0;1
161.0,16,548.6,661.7,1,0;1
161.2,16,548.6,661.7,1,0;1
161.4,16,545.6,661.9,1,0;1
161.6,16,543.2,662.0,1,0;1
161.8,16,543.1,662.0,1,0;1
162.0,16,543.1,662.0,1,0;1
162.2,16,546.1,661.9,1,0;1
162.4,16,546.3,661.8,1,0;1
162.6,16,546.5,661.8,1,0;1
162.8,16,546.5,661.8,1,0;1
163.0,16,546.5,661.8,1,0;1
163.2,16,546.5,661.8,1,0;1
163.4,16,546.5,661.8,1,0;1
163.6,16,546.5,661.8,1,0;1
163.8,16,546.5,661.8,1,0;1
164.0,16,546.5,661.8,1,0;1
164.2,16,546.4,661.8,1,0;1
164.4,16,546.3,661.8,1,0;1
164.6,16,545.5,661.9,1,0;1
164.8,16,545.5,661.9,1,0;1
165.0,16,545.5,661.9,1,0;1
165.2,16,545.5,661.9,1,0;1
165.4,16,545.5,661.9,1,0;1
165.6,16,545.5,661.9,1,0;1
165.8,16,545.5,661.9,1,0;1
166.0,16,545.5,661.9,1,0;1
166.2,16,545.6,661.9,1,0;1
166.4,16,546.0,661.9,1,0;1
166.6,16,546.1,661.9,1,0;1
166.8,16,546.1,661.9,1,0;1
167.0,16,546.1,661.9,1,0;1
167.2,16,546.1,661.9,1,0;1
167.4,16,545.2,661.9,1,0;1
167.6,16,545.0,661.9,1,0;1
167.8,16,542.7,662.0,1,0;1
168.0,16,538.2,662.3,1,0;1
168.2,16,533.6,662.5,1,0;1
168.4,16,528.7,662.8,1,0;1
168.6,16,525.5,662.9,1,0;1
168.8,16,485.9,667.9,2,0;1
169.0,16,477.1,668.9,2,0;1
169.2,16,487.9,667.2,2,0;1
169.4,16,482.3,668.0,2,0;1
169.6,16,482.4,667.8,2,0;1
169.8,16,480.1,668.2,2,0;1
170.0,16,479.4,668.3,2,0;1
170.2,16,485.3,667.4,2,0;1
170.4,16,482.8,667.8,2,0;1
170.6,16,482.5,667.8,2,0;1
170.8,16,501.0,665.2,2,0;1
171.0,16,492.2,666.6,2,0;1
171.2,16,485.8,667.7,2,0;1
171.4,16,491.8,666.7,2,0;1
171.6,16,496.2,666.0,2,0;1
171.8,16,493.0,666.6,2,0;1
172.0,16,492.8,666.6,2,0;1
172.2,16,492.4,666.7,2,0;1
172.4,16,492.0,666.8,2,0;1
172.6,16,491.8,666.9,2,0;1
172.8,16,491.5,667.0,2,0;1
173.0,16,491.1,667.0,2,0;1
173.2,16,490.7,667.1,2,0;1
173.4,16,490.6,667.2,2,0;1
173.6,16,486.4,667.4,2,0;1
173.8,16,486.0,667.5,2,0;1
174.0,16,485.7,667.6,2,0;1
174.2,16,485.2,667.7,2,0;1
174.4,16,484.8,667.8,2,0;1
174.6,16,484.4,667.9,2,0;1
174.8,16,483.9,668.1,2,0;1
175.0,16,483.5,668.2,2,0;1
175.2,16,483.2,668.3,2,0;1
175.4,16,482.9,668.3,2,0;1
175.6,16,482.5,668.4,2,0;1
175.8,16,482.1,668.5,2,0;1
176.0,16,485.4,668.4,2,0;1
176.2,16,482.7,668.6,2,0;1
176.4,16,480.1,668.8,2,0;1
176.6,16,485.7,668.6,2,0;1
176.8,16,486.5,668.6,2,0;1
177.0,16,486.4,668.6,2,0;1
177.2,16,484.5,668.9,2,0;1
177.4,16,484.3,668.9,2,0;1
177.6,16,483.3,669.1,2,0;1
177.8,16,476.7,669.6,2,0;1
178.0,16,476.9,669.6,2,0;1
178.2,16,475.0,670.9,2,0;1
178.4,16,473.6,672.3,2,0;1
178.6,16,471.8,671.3,2,0;1
178.8,16,470.5,670.9,2,0;1
179.0,16,469.7,670.0,2,0;1
179.2,16,482.7,667.2,2,0;1
179.4,16,488.5,666.0,2,0;1
179.6,16,481.8,666.6,2,0;1
179.8,16,493.5,664.6,1,0;1
180.0,16,492.5,664.6,1,0;1
180.2,16,488.8,664.8,1,0;1
180.4,16,478.5,665.3,1,0;1
180.6,16,477.1,665.4,1,0;1
180.8,16,473.1,665.6,1,0;1
181.0,16,469.9,665.8,1,0;1
181.2,16,468.5,665.9,1,0;1
181.4,16,468.5,665.9,1,0;1
181.6,16,475.8,665.5,1,0;1
181.8,16,475.8,665.5,1,0;1
182.0,16,470.5,665.7,1,0;1
182.2,16,469.8,665.8,1,0;1
182.4,16,469.2,665.8,1,0;1
182.6,16,471.4,665.7,1,0;1
182.8,16,474.3,665.6,1,0;1
183.0,16,474.3,665.6,1,0;1
183.2,16,474.3,665.6,1,0;1
183.4,16,468.2,665.9,1,0;1
183.6,16,468.2,665.9,1,0;1
183.8,16,468.2,665.9,1,0;1
184.0,16,468.2,665.9,1,0;1
184.2,16,468.2,665.9,1,0;1
184.4,16,468.2,665.9,1,0;1
184.6,16,468.2,665.9,1,0;1
184.8,16,468.2,665.9,1,0;1
185.0,16,468.2,665.9,1,0;1
185.2,16,468.2,665.9,1,0;1
185.4,16,464.6,666.0,1,0;1
185.6,16,464.1,666.1,1,0;1
185.8,16,463.2,666.1,1,0;1
186.0,16,462.9,666.1,1,0;1
186.2,16,462.9,666.1,1,0;1
186.4,16,462.9,666.1,1,0;1
186.6,16,462.9,666.1,1,0;1
186.8,16,466.4,666.0,1,0;1
187.0,16,469.1,665.8,1,0;1
187.2,16,469.7,665.8,1,0;1
187.4,16,469.7,665.8,1,0;1
187.6,16,469.7,665.8,1,0;1
187.8,16,466.7,665.9,1,0;1
188.0,16,464.6,666.1,1,0;1
188.2,16,463.8,666.1,1,0;1
188.4,16,463.8,666.1,1,0;1
188.6,16,463.8,666.1,1,0;1
188.8,16,463.8,666.1,1,0;1
189.0,16,463.8,666.1,1,0;1
189.2,16,463.8,666.1,1,0;1
189.4,16,463.8,666.1,1,0;1
189.6,16,463.8,666.1,1,0;1
189.8,16,463.8,666.1,1,0;1
190.0,16,463.8,666.1,1,0;1
190.2,16,463.8,666.1,1,0;1
190.4,16,463.8,666.1,1,0;1
190.6,16,463.8,666.1,1,0;1
190.8,16,463.8,666.1,1,0;1
191.0,16,463.8,666.1,1,0;1
191.2,16,463.8,666.1,1,0;1
191.4,16,463.8,666.1,1,0;1
191.6,16,463.8,666.1,1,0;1
191.8,16,463.8,666.1,1,0;1
192.0,16,463.8,666.1,1,0;1
192.2,16,463.8,666.1,1,0;1
192.4,16,463.8,666.1,1,0;1
192.6,16,463.8,666.1,1,0;1
192.8,16,463.8,666.1,1,0;1
193.0,16,463.8,666.1,1,0;1
193.2,16,463.8,666.1,1,0;1
193.4,16,463.7,666.1,1,0;1
193.6,16,463.5,666.1,1,0;1
193.8,16,461.9,666.2,1,0;1
194.0,16,458.1,666.4,1,0;1
194.2,16,456.4,666.5,1,0;1
194.4,16,456.4,666.5,1,0;1
194.6,16,456.4,666.5,1,0;1
194.8,16,456.4,666.5,1,0;1
195.0,16,456.4,666.5,1,0;1
195.2,16,456.4,666.5,1,0;1
195.4,16,456.4,666.5,1,0;1
195.6,16,456.4,666.5,1,0;1
195.8,16,456.4,666.5,1,0;1
196.0,16,456.4,666.5,1,0;1
196.2,16,456.4,666.5,1,0;1
196.4,16,456.4,666.5,1,0;1
196.6,16,456.4,666.5,1,0;1
196.8,16,456.4,666.5,1,0;1
197.0,16,452.9,666.7,1,0;1
197.2,16,450.0,666.8,1,0;1
197.4,16,449.4,666.8,1,0;1
197.6,16,448.4,666.9,1,0;1
197.8,16,447.9,666.9,1,0;1
198.0,16,447.8,666.9,1,0;1
198.2,16,447.8,666.9,1,0;1
198.4,16,447.7,666.9,1,0;1
198.6,16,447.7,666.9,1,0;1
198.8,16,447.7,666.9,1,0;1
199.0,16,447.7,666.9,1,0;1
199.2,16,447.7,666.9,1,0;1
199.4,16,447.7,666.9,1,0;1
199.6,16,447.7,666.9,1,0;1
199.8,16,447.7,666.9,1,0;1
200.0,16,447.7,666.9,1,0;1
200.2,16,447.7,666.9,1,0;1
200.4,16,447.7,666.9,1,0;1
200.6,16,447.7,666.9,1,0;1
200.8,16,447.7,666.9,1,0;1
201.0,16,447.7,666.9,1,0;1
201.2,16,447.7,666.9,1,0;1
201.4,16,447.7,666.9,1,0;1
201.6,16,447.7,666.9,1,0;1
201.8,16,447.7,666.9,1,0;1
202.0,16,447.7,666.9,1,0;1
202.2,16,447.7,666.9,1,0;1
202.4,16,447.7,666.9,1,0;1
202.6,16,447.7,666.9,1,0;1
202.8,16,447.7,666.9,1,0;1
203.0,16,447.7,666.9,1,0;1
203.2,16,447.7,666.9,1,0;1
203.4,16,447.7,666.9,1,0;1
203.6,16,447.7,666.9,1,0;1
203.8,16,453.3,666.6,1,0;1
204.0,16,453.5,666.6,1,0;1
204.2,16,453.3,666.6,1,0;1
204.4,16,453.2,666.6,1,0;1
204.6,16,453.1,666.6,1,0;1
204.8,16,453.1,666.6,1,0;1
205.0,16,453.1,666.6,1,0;1
205.2,16,453.1,666.6,1,0;1
205.4,16,453.2,666.6,1,0;1
205.6,16,453.5,666.6,1,0;1
205.8,16,453.8,666.6,1,0;1
206.0,16,454.8,666.6,1,0;1
206.2,16,455.9,666.5,1,0;1
206.4,16,456.0,666.5,1,0;1
206.6,16,456.1,666.5,1,0;1
206.8,16,456.1,666.5,1,0;1
207.0,16,451.1,666.7,1,0;1
207.2,16,446.2,667.0,1,0;1
207.4,16,451.3,666.7,1,0;1
207.6,16,456.4,666.5,1,0;1
207.8,16,456.4,666.5,1,0;1
208.0,16,456.4,666.5,1,0;1
208.2,16,456.4,666.5,1,0;1
208.4,16,456.4,666.5,1,0;1
208.6,16,456.4,666.5,1,0;1
208.8,16,456.4,666.5,1,0;1
209.0,16,456.4,666.5,1,0;1
209.2,16,456.4,666.5,1,0;1
209.4,16,456.4,666.5,1,0;1
209.6,16,456.4,666.5,1,0;1
209.8,16,456.4,666.5,1,0;1
210.0,16,456.4,666.5,1,0;1
210.2,16,456.4,666.5,1,0;1
210.4,16,456.4,666.5,1,0;1
210.6,16,456.4,666.5,1,0;1
210.8,16,456.4,666.5,1,0;1
211.0,16,456.4,666.5,1,0;1
211.2,16,456.4,666.5,1,0;1
211.4,16,456.4,666.5,1,0;1
211.6,16,456.4,666.5,1,0;1
211.8,16,456.4,666.5,1,0;1
212.0,16,456.4,666.5,1,0;1
212.2,16,456.4,666.5,1,0;1
212.4,16,456.4,666.5,1,0;1
212.6,16,456.9,666.4,1,0;1
212.8,16,459.9,666.3,1,0;1
213.0,16,459.9,666.3,1,0;1
213.2,16,459.9,666.3,1,0;1
213.4,16,459.9,666.3,1,0;1
213.6,16,459.7,666.3,1,0;1
213.8,16,454.5,666.6,1,0;1
214.0,16,452.9,666.7,1,0;1
214.2,16,452.9,666.7,1,0;1
214.4,16,452.9,666.7,1,0;1
214.6,16,452.9,666.7,1,0;1
214.8,16,452.9,666.7,1,0;1
215.0,16,452.9,666.7,1,0;1
215.2,16,452.9,666.7,1,0;1
215.4,16,452.9,666.7,1,0;1
215.6,16,452.9,666.7,1,0;1
215.8,16,452.9,666.7,1,0;1
216.0,16,455.4,666.5,1,0;1
216.2,16,462.6,666.2,1,0;1
216.4,16,469.5,665.8,1,0;1
216.6,16,472.8,665.6,1,0;1
216.8,16,473.4,665.6,1,0;1
217.0,16,480.0,665.3,1,0;1
217.2,16,480.0,665.3,1,0;1
217.4,16,480.0,665.3,1,0;1
217.6,16,480.0,665.3,1,0;1
217.8,16,472.2,665.7,1,0;1
218.0,16,472.2,665.7,1,0;1
218.2,16,472.2,665.7,1,0;1
218.4,16,474.4,665.5,1,0;1
218.6,16,476.2,665.5,1,0;1
218.8,16,476.2,665.5,1,0;1
219.0,16,475.9,665.5,1,0;1
219.2,16,474.1,665.6,1,0;1
219.4,16,471.9,665.7,1,0;1
219.6,16,463.8,666.1,1,0;1
219.8,16,457.3,666.4,1,0;1
220.0,16,449.2,666.8,1,0;1
220.2,16,446.6,667.0,1,0;1
220.4,16,445.2,667.0,1,0;1
220.6,16,443.8,667.1,1,0;1
220.8,16,443.1,667.2,1,0;1
221.0,16,443.1,667.2,1,0;1
221.2,16,443.1,667.2,1,0;1
221.4,16,443.1,667.2,1,0;1
221.6,16,443.1,667.2,1,0;1
221.8,16,443.4,667.1,1,0;1
222.0,16,443.6,667.1,1,0;1
222.2,16,443.6,667.1,1,0;1
222.4,16,443.6,667.1,1,0;1
222.6,16,443.6,667.1,1,0;1
222.8,16,443.6,667.1,1,0;1
223.0,16,443.6,667.1,1,0;1
223.2,16,443.6,667.1,1,0;1
223.4,16,443.6,667.1,1,0;1
223.6,16,443.6,667.1,1,0;1
223.8,16,443.6,667.1,1,0;1
224.0,16,443.6,667.1,1,0;1
224.2,16,443.6,667.1,1,0;1
224.4,16,443.6,667.1,1,0;1
224.6,16,443.6,667.1,1,0;1
224.8,16,443.6,667.1,1,0;1
225.0,16,443.6,667.1,1,0;1
225.2,16,443.6,667.1,1,0;1
225.4,16,443.6,667.1,1,0;1
225.6,16,443.6,667.1,1,0;1
225.8,16,443.6,667.1,1,0;1
226.0,16,443.6,667.1,1,0;1
226.2,16,443.5,667.1,1,0;1
226.4,16,443.5,667.1,1,0;1
226.6,16,446.7,667.0,1,0;1
226.8,16,448.3,666.9,1,0;1
227.0,16,448.3,666.9,1,0;1
227.2,16,448.3,666.9,1,0;1
227.4,16,447.9,666.9,1,0;1
227.6,16,447.2,666.9,1,0;1
227.8,16,446.9,667.0,1,0;1
228.0,16,446.3,667.0,1,0;1
228.2,16,446.0,667.0,1,0;1
228.4,16,445.5,667.0,1,0;1
228.6,16,445.5,667.0,1,0;1
228.8,16,445.5,667.0,1,0;1
229.0,16,445.5,667.0,1,0;1
229.2,16,445.5,667.0,1,0;1
229.4,16,445.5,667.0,1,0;1
229.6,16,445.5,667.0,1,0;1
229.8,16,445.5,667.0,1,0;1
230.0,16,445.5,667.0,1,0;1
230.2,16,448.8,666.9,1,0;1
230.4,16,456.1,666.5,1,0;1
230.6,16,458.6,666.4,1,0;1
230.8,16,460.6,666.3,1,0;1
231.0,16,465.9,666.0,1,0;1
231.2,16,470.2,665.8,1,0;1
231.4,16,470.8,665.7,1,0;1
231.6,16,471.2,665.7,1,0;1
231.8,16,471.2,665.7,1,0;1
232.0,16,471.2,665.7,1,0;1
232.2,16,471.4,665.7,1,0;1
232.4,16,471.7,665.7,1,0;1
232.6,16,472.3,665.7,1,0;1
232.8,16,472.5,665.6,1,0;1
233.0,16,472.7,665.6,1,0;1
233.2,16,473.0,665.6,1,0;1
233.4,16,471.0,665.7,1,0;1
233.6,16,467.6,665.9,1,0;1
233.8,16,458.4,666.4,1,0;1
234.0,16,448.6,666.9,1,0;1
234.2,16,443.7,667.1,1,0;1
234.4,16,437.4,667.5,1,0;1
234.6,16,436.9,667.5,1,0;1
234.8,16,436.9,667.5,1,0;1
235.0,16,436.9,667.5,1,0;1
235.2,16,434.2,667.6,1,0;1
235.4,16,434.0,667.6,1,0;1
235.6,16,434.0,667.6,1,0;1
235.8,16,434.0,667.6,1,0;1
236.0,16,434.0,667.6,1,0;1
236.2,16,434.0,667.6,1,0;1
236.4,16,434.0,667.6,1,0;1
236.6,16,434.0,667.6,1,0;1
236.8,16,434.0,667.6,1,0;1
237.0,16,434.0,667.6,1,0;1
237.2,16,434.0,667.6,1,0;1
237.4,16,434.0,667.6,1,0;1
237.6,16,434.0,667.6,1,0;1
237.8,16,434.0,667.6,1,0;1
238.0,16,434.0,667.6,1,0;1
238.2,16,434.0,667.6,1,0;1
238.4,16,434.2,667.6,1,0;1
238.6,16,434.2,667.6,1,0;1
238.8,16,434.2,667.6,1,0;1
239.0,16,434.2,667.6,1,0;1
239.2,16,434.3,667.6,1,0;1
239.4,16,436.3,667.5,1,0;1
239.6,16,436.3,667.5,1,0;1
239.8,16,436.3,667.5,1,0;1
240.0,16,434.4,667.6,1,0;1
240.2,16,426.7,668.0,1,0;1
240.4,16,422.5,668.2,1,0;1
240.6,16,420.9,668.3,1,0;1
240.8,16,416.9,668.5,1,0;1
241.0,16,416.9,668.5,1,0;1
241.2,16,416.9,668.5,1,0;1
241.4,16,416.9,668.5,1,0;1
241.6,16,416.9,668.5,1,0;1
241.8,16,416.9,668.5,1,0;1
242.0,16,416.9,668.5,1,0;1
242.2,16,413.6,668.7,1,0;1
242.4,16,409.4,668.9,1,0;1
242.6,16,404.4,669.1,1,0;1
242.8,16,394.6,669.7,1,0;1
243.0,16,386.4,670.1,1,0;1
243.2,16,375.5,670.6,1,0;1
243.4,16,373.9,670.7,1,0;1
243.6,16,372.3,670.8,1,0;1
243.8,16,372.3,670.8,1,0;1
244.0,16,372.3,670.8,1,0;1
244.2,16,370.4,670.9,1,0;1
244.4,16,365.8,671.1,1,0;1
244.6,16,352.0,671.8,1,0;1
244.8,16,346.1,672.1,1,0;1
245.0,16,334.6,672.7,1,0;1
245.2,16,323.2,673.3,1,0;1
245.4,16,320.9,673.4,1,0;1
245.6,16,320.9,673.4,1,0;1
245.8,16,321.9,673.4,1,0;1
246.0,16,327.0,673.1,1,0;1
246.2,16,341.5,672.4,1,0;1
246.4,16,349.0,672.0,1,0;1
246.6,16,350.0,671.9,1,0;1
246.8,16,350.0,671.9,1,0;1
247.0,16,350.1,671.9,1,0;1
247.2,16,350.2,671.9,1,0;1
247.4,16,350.2,671.9,1,0;1
247.6,16,350.2,671.9,1,0;1
247.8,16,345.4,672.2,1,0;1
248.0,16,343.9,672.3,1,0;1
248.2,16,339.8,672.5,1,0;1
248.4,16,336.7,672.6,1,0;1
248.6,16,335.6,672.7,1,0;1
248.8,16,335.4,672.7,1,0;1
249.0,16,335.4,672.7,1,0;1
249.2,16,340.2,672.5,1,0;1
249.4,16,354.4,671.7,1,0;1
249.6,16,368.6,671.0,1,0;1
249.8,16,377.9,670.5,1,0;1
250.0,16,382.4,670.3,1,0;1
250.2,16,383.4,670.2,1,0;1
250.4,16,387.8,670.0,1,0;1
250.6,16,398.4,669.5,1,0;1
250.8,16,406.8,669.0,1,0;1
251.0,16,407.7,669.0,1,0;1
251.2,16,408.4,668.9,1,0;1
251.4,16,408.5,668.9,1,0;1
251.6,16,406.7,669.0,1,0;1
251.8,16,403.2,669.2,1,0;1
252.0,16,399.5,669.4,1,0;1
252.2,16,397.0,669.5,1,0;1
252.4,16,395.6,669.6,1,0;1
252.6,16,395.6,669.6,1,0;1
252.8,16,395.5,669.6,1,0;1
253.0,16,395.5,669.6,1,0;1
253.2,16,395.5,669.6,1,0;1
253.4,16,395.1,669.6,1,0;1
253.6,16,393.4,669.7,1,0;1
253.8,16,392.0,669.8,1,0;1
254.0,16,391.7,669.8,1,0;1
254.2,16,391.7,669.8,1,0;1
254.4,16,391.7,669.8,1,0;1
254.6,16,391.7,669.8,1,0;1
254.8,16,391.7,669.8,1,0;1
255.0,16,391.7,669.8,1,0;1
255.2,16,391.7,669.8,1,0;1
255.4,16,391.7,669.8,1,0;1
255.6,16,391.7,669.8,1,0;1
255.8,16,391.7,669.8,1,0;1
256.0,16,391.7,669.8,1,0;1
256.2,16,391.7,669.8,1,0;1
256.4,16,391.7,669.8,1,0;1
256.6,16,391.7,669.8,1,0;1
256.8,16,391.7,669.8,1,0;1
257.0,16,391.0,669.8,1,0;1
257.2,16,390.9,669.8,1,0;1
257.4,16,390.9,669.8,1,0;1
257.6,16,390.9,669.8,1,0;1
257.8,16,390.9,669.8,1,0;1
258.0,16,390.9,669.8,1,0;1
258.2,16,390.9,669.8,1,0;1
258.4,16,390.9,669.8,1,0;1
258.6,16,390.9,669.8,1,0;1
258.8,16,390.9,669.8,1,0;1
259.0,16,390.9,669.8,1,0;1
259.2,16,390.9,669.8,1,0;1
259.4,16,391.6,669.8,1,0;1
259.6,16,392.3,669.8,1,0;1
259.8,16,392.8,669.7,1,0;1
260.0,16,393.2,669.7,1,0;1
260.2,16,393.5,669.7,1,0;1
260.4,16,393.8,669.7,1,0;1
260.6,16,393.9,669.7,1,0;1
260.8,16,393.9,669.7,1,0;1
261.0,16,393.9,669.7,1,0;1
261.2,16,393.9,669.7,1,0;1
261.4,16,393.9,669.7,1,0;1
261.6,16,393.9,669.7,1,0;1
261.8,16,390.7,669.9,1,0;1
262.0,16,389.9,669.9,1,0;1
262.2,16,390.5,669.9,1,0;1
262.4,16,393.6,669.7,1,0;1
262.6,16,393.6,669.7,1,0;1
262.8,16,392.6,669.8,1,0;1
263.0,16,392.6,669.8,1,0;1
263.2,16,392.6,669.8,1,0;1
263.4,16,392.6,669.8,1,0;1
263.6,16,392.6,669.8,1,0;1
263.8,16,392.6,669.8,1,0;1
264.0,16,392.6,669.8,1,0;1
264.2,16,392.6,669.8,1,0;1
264.4,16,392.8,669.7,1,0;1
264.6,16,394.5,669.7,1,0;1
264.8,16,395.0,669.6,1,0;1
265.0,16,395.0,669.6,1,0;1
265.2,16,395.0,669.6,1,0;1
265.4,16,391.2,669.8,1,0;1
265.6,16,389.3,669.9,1,0;1
265.8,16,386.8,670.1,1,0;1
266.0,16,385.2,670.1,1,0;1
266.2,16,384.1,670.2,1,0;1
266.4,16,384.0,670.2,1,0;1
266.6,16,384.0,670.2,1,0;1
266.8,16,384.0,670.2,1,0;1
267.0,16,384.1,670.2,1,0;1
267.2,16,384.4,670.2,1,0;1
267.4,16,384.7,670.2,1,0;1
267.6,16,384.7,670.2,1,0;1
267.8,16,373.0,670.8,1,0;1
268.0,16,362.6,671.3,1,0;1
268.2,16,351.9,671.8,1,0;1
268.4,16,337.0,672.6,1,0;1
268.6,16,321.6,673.4,1,0;1
268.8,16,297.1,674.7,1,0;1
269.0,16,277.3,675.7,1,0;1
269.2,16,251.6,677.0,1,0;1
269.4,16,230.1,678.1,1,0;1
269.6,16,222.7,678.5,1,0;1
109.0,17,544.8,622.5,1,0
109.2,17,544.8,622.5,1,0
109.4,17,544.8,622.5,1,0
109.6,17,544.8,622.5,1,0
109.8,17,544.8,622.5,1,0
110.0,17,544.8,622.5,1,0
110.2,17,544.8,622.5,1,0
110.4,17,544.8,622.5,1,0
110.6,17,544.8,622.5,1,0
110.8,17,544.8,622.5,1,0
111.0,17,544.8,622.5,1,0
111.2,17,544.8,622.5,1,0
118.6,18,391.4,623.4,1,0;1
118.8,18,391.4,623.4,1,0;1
119.0,18,391.4,623.4,1,0;1
119.2,18,397.1,623.0,1,0;1
119.4,18,398.3,622.5,1,0;1
119.6,18,396.3,619.9,1,0;1
119.8,18,393.7,615.8,1,0;1
120.0,18,392.9,613.5,1,0;1
120.2,18,392.5,610.8,1,0;1
120.4,18,392.4,608.2,1,0;1
120.6,18,392.5,606.1,1,0;1
120.8,18,392.6,605.1,1,0;1
121.0,18,392.7,604.8,1,0;1
121.2,18,392.8,604.7,1,0;1
121.4,18,392.8,604.7,1,0;1
121.6,18,392.8,604.7,1,0;1
121.8,18,392.8,604.7,1,0;1
122.0,18,392.8,604.7,1,0;1
122.2,18,392.8,604.7,1,0;1
122.4,18,392.8,604.7,1,0;1
122.6,18,392.8,604.7,1,0;1
122.8,18,392.8,604.7,1,0;1
123.0,18,392.8,604.7,1,0;1
123.2,18,392.8,604.7,1,0;1
123.4,18,392.8,604.7,1,0;1
123.6,18,393.0,604.6,1,0;1
123.8,18,393.0,604.5,1,0;1
124.0,18,393.0,604.5,1,0;1
124.2,18,393.0,604.5,1,0;1
124.4,18,393.0,604.5,1,0;1
124.6,18,393.1,604.4,1,0;1
124.8,18,393.4,604.0,1,0;1
125.0,18,393.6,603.8,1,0;1
125.2,18,393.7,603.6,1,0;1
125.4,18,393.8,603.5,1,0;1
125.6,18,393.8,603.4,1,0;1
125.8,18,393.8,603.4,1,0;1
126.0,18,393.8,603.4,1,0;1
126.2,18,393.8,603.4,1,0;1
126.4,18,393.8,603.4,1,0;1
126.6,18,393.8,603.4,1,0;1
126.8,18,393.8,603.4,1,0;1
127.0,18,393.8,603.4,1,0;1
127.2,18,393.8,603.4,1,0;1
127.4,18,393.8,603.4,1,0;1
127.6,18,393.8,603.4,1,0;1
127.8,18,393.8,603.4,1,0;1
128.0,18,393.8,603.4,1,0;1
128.2,18,393.8,603.4,1,0;1
128.4,18,393.8,603.6,1,0;1
128.6,18,393.9,604.0,1,0;1
128.8,18,394.0,604.5,1,0;1
129.0,18,394.0,604.6,1,0;1
129.2,18,394.0,604.7,1,0;1
129.4,18,394.0,604.7,1,0;1
129.6,18,394.0,604.8,1,0;1
129.8,18,394.0,604.8,1,0;1
130.0,18,394.0,604.8,1,0;1
130.2,18,394.0,604.9,1,0;1
130.4,18,394.0,605.2,1,0;1
130.6,18,394.0,605.2,1,0;1
130.8,18,394.0,605.3,1,0;1
131.0,18,394.0,605.4,1,0;1
131.2,18,394.0,605.5,1,0;1
131.4,18,394.0,605.6,1,0;1
131.6,18,394.0,605.6,1,0;1
131.8,18,394.0,605.6,1,0;1
132.0,18,394.0,605.6,1,0;1
132.2,18,394.0,605.6,1,0;1
132.4,18,394.6,605.9,1,0;1
132.6,18,396.6,607.1,1,0;1
132.8,18,397.2,607.5,1,0;1
133.0,18,398.3,607.9,1,0;1
133.2,18,400.3,608.9,1,0;1
133.4,18,400.5,609.0,1,0;1
133.6,18,400.7,609.1,1,0;1
133.8,18,401.0,609.2,1,0;1
134.0,18,401.5,609.6,1,0;1
134.2,18,401.5,609.6,1,0;1
134.4,18,401.5,609.6,1,0;1
134.6,18,401.5,609.6,1,0;1
134.8,18,401.5,609.6,1,0;1
135.0,18,401.5,609.6,1,0;1
135.2,18,402.5,610.2,1,0;1
135.4,18,403.6,610.8,1,0;1
135.6,18,407.3,613.8,1,0;1
135.8,18,407.3,613.8,1,0;1
136.0,18,407.3,613.8,1,0;1
136.2,18,407.3,613.8,1,0;1
136.4,18,407.3,613.8,1,0;1
136.6,18,407.3,613.8,1,0;1
136.8,18,407.3,613.8,1,0;1
137.0,18,407.3,613.8,1,0;1
137.2,18,410.8,615.0,1,0;1
137.4,18,412.7,616.4,1,0;1
137.6,18,414.4,618.7,1,0;1
137.8,18,415.3,623.7,1,0;1
138.0,18,415.8,629.7,1,0;1
138.2,18,416.7,632.4,1,0;1
138.4,18,416.9,633.6,1,0;1
138.6,18,416.9,633.6,1,0;1
138.8,18,416.1,632.2,1,0;1
139.0,18,415.6,630.8,1,0;1
139.2,18,414.5,626.7,1,0;1
139.4,18,414.4,621.5,1,0;1
139.6,18,414.5,619.9,1,0;1
139.8,18,414.5,619.8,1,0;1
140.0,18,414.5,619.7,1,0;1
140.2,18,414.5,619.6,1,0;1
140.4,18,414.5,619.6,1,0;1
140.6,18,414.5,619.6,1,0;1
140.8,18,414.5,619.6,1,0;1
141.0,18,414.5,619.6,1,0;1
141.2,18,414.5,619.6,1,0;1
141.4,18,414.5,619.6,1,0;1
141.6,18,414.5,619.6,1,0;1
141.8,18,414.5,619.6,1,0;1
142.0,18,414.5,619.6,1,0;1
142.2,18,414.5,619.6,1,0;1
142.4,18,414.5,619.6,1,0;1
142.6,18,414.5,619.6,1,0;1
142.8,18,414.5,619.6,1,0;1
143.0,18,414.5,619.6,1,0;1
143.2,18,414.5,619.6,1,0;1
143.4,18,415.9,621.3,1,0;1
143.6,18,416.6,623.2,1,0;1
143.8,18,416.9,624.3,1,0;1
144.0,18,416.9,624.3,1,0;1
144.2,18,416.9,624.3,1,0;1
144.4,18,416.9,624.3,1,0;1
144.6,18,416.7,625.3,1,0;1
144.8,18,416.6,625.6,1,0;1
145.0,18,416.6,625.8,1,0;1
145.2,18,416.7,625.9,1,0;1
145.4,18,416.7,625.9,1,0;1
145.6,18,416.7,625.9,1,0;1
145.8,18,416.7,625.9,1,0;1
146.0,18,416.7,625.9,1,0;1
146.2,18,417.4,624.5,1,0;1
146.4,18,417.9,623.2,1,0;1
146.6,18,418.2,622.4,1,0;1
146.8,18,418.2,622.4,1,0;1
147.0,18,418.2,622.4,1,0;1
147.2,18,418.2,622.4,1,0;1
147.4,18,418.2,623.0,1,0;1
147.6,18,418.1,624.3,1,0;1
147.8,18,417.7,625.0,1,0;1
148.0,18,417.4,625.7,1,0;1
148.2,18,416.6,626.3,1,0;1
148.4,18,414.6,628.0,1,0;1
148.6,18,413.8,628.5,1,0;1
148.8,18,413.4,628.8,1,0;1
149.0,18,413.0,629.0,1,0;1
149.2,18,412.8,629.2,1,0;1
149.4,18,412.4,629.6,1,0;1
149.6,18,412.3,629.8,1,0;1
149.8,18,412.3,629.8,1,0;1
150.0,18,412.3,629.8,1,0;1
150.2,18,412.3,629.8,1,0;1
150.4,18,412.3,629.8,1,0;1
150.6,18,412.1,629.3,1,0;1
150.8,18,410.5,627.1,1,0;1
151.0,18,409.0,626.3,1,0;1
151.2,18,401.4,624.8,1,0;1
151.4,18,383.9,624.1,1,0;1
151.6,18,351.7,624.0,1,0;1
151.8,18,350.7,624.5,1,0;1
152.0,18,351.5,624.8,1,0;1
152.2,18,351.5,624.8,1,0;1
152.4,18,351.1,623.0,1,0;1
152.6,18,349.0,622.3,1,0;1
152.8,18,338.5,621.2,1,0;1
153.0,18,331.8,620.7,1,0;1
153.2,18,331.8,620.7,1,0;1
153.4,18,334.8,620.7,1,0;1
153.6,18,346.0,620.4,1,0;1
153.8,18,347.1,619.9,1,0;1
154.0,18,349.0,619.4,1,0;1
154.2,18,354.0,619.0,1,0;1
154.4,18,367.6,619.3,1,0;1
154.6,18,369.6,619.5,1,0;1
154.8,18,363.8,621.2,1,0;1
155.0,18,350.9,622.2,1,0;1
155.2,18,337.4,623.0,1,0;1
155.4,18,335.9,623.8,1,0;1
155.6,18,331.1,624.2,1,0;1
155.8,18,331.1,624.2,1,0;1
156.0,18,333.2,623.8,1,0;1
156.2,18,339.4,622.6,1,0;1
156.4,18,369.1,619.0,1,0;1
156.6,18,382.2,618.1,1,0;1
156.8,18,384.6,617.9,1,0;1
157.0,18,384.8,617.9,1,0;1
157.2,18,389.1,618.9,1,0;1
157.4,18,394.7,620.3,1,0;1
157.6,18,398.4,621.3,1,0;1
157.8,18,400.5,621.8,1,0;1
158.0,18,401.5,622.2,1,0;1
158.2,18,401.5,622.2,1,0;1
158.4,18,401.5,622.2,1,0;1
158.6,18,401.4,622.2,1,0;1
158.8,18,400.8,622.3,1,0;1
159.0,18,400.8,622.3,1,0;1
159.2,18,400.8,622.3,1,0;1
159.4,18,400.8,622.3,1,0;1
159.6,18,400.8,622.3,1,0;1
159.8,18,400.8,622.3,1,0;1
160.0,18,400.8,622.3,1,0;1
160.2,18,408.0,628.5,1,0;1
160.4,18,408.1,628.6,1,0;1
160.6,18,408.1,628.6,1,0;1
160.8,18,408.1,628.6,1,0;1
161.0,18,408.1,628.6,1,0;1
161.2,18,408.1,628.6,1,0;1
161.4,18,408.1,628.6,1,0;1
161.6,18,408.1,628.6,1,0;1
161.8,18,408.2,628.7,1,0;1
162.0,18,408.3,628.8,1,0;1
162.2,18,408.7,629.4,1,0;1
162.4,18,408.7,629.4,1,0;1
162.6,18,408.7,629.4,1,0;1
162.8,18,408.7,629.4,1,0;1
163.0,18,409.0,628.8,1,0;1
163.2,18,408.8,625.9,1,0;1
163.4,18,404.8,624.3,1,0;1
163.6,18,401.3,623.4,1,0;1
163.8,18,376.8,621.6,1,0;1
164.0,18,373.1,622.4,1,0;1
164.2,18,360.7,623.8,1,0;1
164.4,18,359.1,624.2,1,0;1
164.6,18,354.5,625.2,1,0;1
164.8,18,347.4,625.0,1,0;1
165.0,18,347.4,625.0,1,0;1
165.2,18,346.6,623.8,1,0;1
165.4,18,346.1,621.9,1,0;1
165.6,18,346.0,621.2,1,0;1
165.8,18,346.0,621.1,1,0;1
166.0,18,377.8,624.2,1,0;1
166.2,18,363.8,623.9,1,0;1
166.4,18,348.7,624.3,1,0;1
166.6,18,339.2,624.7,1,0;1
166.8,18,338.5,624.7,1,0;1
167.0,18,336.7,624.6,1,0;1
167.2,18,330.1,624.2,1,0;1
167.4,18,327.9,624.1,1,0;1
167.6,18,329.1,624.5,1,0;1
167.8,18,335.7,626.1,1,0;1
168.0,18,342.7,627.9,1,0;1
168.2,18,345.3,628.7,1,0;1
168.4,18,345.3,628.7,1,0;1
168.6,18,345.3,628.7,1,0;1
168.8,18,345.2,628.6,1,0;1
169.0,18,345.2,627.1,1,0;1
169.2,18,351.9,626.0,1,0;1
169.4,18,353.7,624.3,1,0;1
169.6,18,353.7,624.3,1,0;1
169.8,18,353.7,624.3,1,0;1
170.0,18,353.7,624.3,1,0;1
170.2,18,357.4,626.5,1,0;1
170.4,18,359.7,627.6,1,0;1
170.6,18,360.9,627.9,1,0;1
170.8,18,359.0,627.9,1,0;1
171.0,18,354.6,626.7,1,0;1
171.2,18,350.4,624.7,1,0;1
171.4,18,347.6,624.0,1,0;1
171.6,18,347.4,623.6,1,0;1
171.8,18,347.0,622.4,1,0;1
172.0,18,356.6,622.4,1,0;1
172.2,18,357.3,623.2,1,0;1
172.4,18,340.2,623.9,1,0;1
172.6,18,338.9,624.8,1,0;1
172.8,18,338.5,625.1,1,0;1
173.0,18,338.5,625.1,1,0;1
173.2,18,338.5,625.1,1,0;1
173.4,18,343.9,623.4,1,0;1
173.6,18,364.5,618.5,1,0;1
173.8,18,382.7,618.5,1,0;1
174.0,18,385.5,618.5,1,0;1
174.2,18,386.0,618.3,1,0;1
174.4,18,386.4,618.2,1,0;1
174.6,18,388.0,618.6,1,0;1
174.8,18,400.8,621.1,1,0;1
175.0,18,408.9,622.5,1,0;1
175.2,18,410.2,622.8,1,0;1
175.4,18,410.9,623.0,1,0;1
175.6,18,412.3,624.2,1,0;1
175.8,18,413.0,625.1,1,0;1
176.0,18,413.2,625.3,1,0;1
176.2,18,413.3,625.4,1,0;1
176.4,18,413.3,625.4,1,0;1
176.6,18,413.3,625.4,1,0;1
176.8,18,413.3,625.4,1,0;1
177.0,18,413.3,625.4,1,0;1
177.2,18,413.3,625.4,1,0;1
177.4,18,413.3,625.4,1,0;1
177.6,18,413.3,625.4,1,0;1
177.8,18,413.3,625.4,1,0;1
178.0,18,413.3,625.4,1,0;1
178.2,18,413.3,625.4,1,0;1
178.4,18,413.3,625.4,1,0;1
178.6,18,413.3,625.4,1,0;1
178.8,18,413.3,625.4,1,0;1
179.0,18,413.3,625.4,1,0;1
179.2,18,413.3,625.4,1,0;1
179.4,18,413.5,626.5,1,0;1
179.6,18,413.8,628.4,1,0;1
179.8,18,414.0,629.8,1,0;1
180.0,18,414.1,630.4,1,0;1
180.2,18,414.1,630.4,1,0;1
180.4,18,414.1,630.4,1,0;1
180.6,18,414.1,630.0,1,0;1
180.8,18,414.3,629.0,1,0;1
181.0,18,414.3,628.8,1,0;1
181.2,18,414.3,628.7,1,0;1
181.4,18,414.3,628.5,1,0;1
181.6,18,414.3,628.5,1,0;1
181.8,18,414.3,628.5,1,0;1
182.0,18,414.3,628.5,1,0;1
182.2,18,414.3,628.5,1,0;1
182.4,18,414.3,628.5,1,0;1
182.6,18,414.3,628.5,1,0;1
182.8,18,414.3,628.5,1,0;1
183.0,18,414.3,628.5,1,0;1
183.2,18,414.3,628.5,1,0;1
183.4,18,414.3,628.5,1,0;1
183.6,18,414.3,628.5,1,0;1
183.8,18,414.3,628.5,1,0;1
184.0,18,414.3,628.5,1,0;1
184.2,18,413.2,626.5,1,0;1
184.4,18,410.7,623.5,1,0;1
184.6,18,409.6,622.5,1,0;1
184.8,18,408.8,621.4,1,0;1
185.0,18,408.2,620.2,1,0;1
185.2,18,408.0,619.6,1,0;1
185.4,18,408.0,619.6,1,0;1
185.6,18,408.0,619.6,1,0;1
185.8,18,408.0,619.6,1,0;1
186.0,18,408.0,619.6,1,0;1
186.2,18,408.0,619.6,1,0;1
186.4,18,408.0,619.6,1,0;1
186.6,18,408.0,619.6,1,0;1
186.8,18,408.0,619.6,1,0;1
187.0,18,408.0,619.6,1,0;1
187.2,18,408.0,619.6,1,0;1
187.4,18,408.0,619.6,1,0;1
187.6,18,408.0,619.6,1,0;1
187.8,18,408.0,619.6,1,0;1
188.0,18,408.0,619.6,1,0;1
188.2,18,408.0,619.6,1,0;1
188.4,18,408.0,619.6,1,0;1
188.6,18,408.0,619.6,1,0;1
188.8,18,408.0,619.6,1,0;1
189.0,18,408.0,619.6,1,0;1
189.2,18,408.0,619.6,1,0;1
189.4,18,408.0,619.6,1,0;1
189.6,18,408.0,619.6,1,0;1
189.8,18,408.0,619.6,1,0;1
190.0,18,408.0,619.6,1,0;1
190.2,18,408.0,619.6,1,0;1
190.4,18,408.0,619.6,1,0;1
190.6,18,408.0,619.6,1,0;1
190.8,18,408.0,619.6,1,0;1
191.0,18,408.0,619.6,1,0;1
191.2,18,408.0,619.6,1,0;1
191.4,18,408.0,619.6,1,0;1
191.6,18,408.0,619.6,1,0;1
191.8,18,408.0,619.6,1,0;1
192.0,18,408.0,619.6,1,0;1
192.2,18,408.0,619.6,1,0;1
192.4,18,408.0,619.6,1,0;1
192.6,18,408.0,619.6,1,0;1
192.8,18,408.0,619.6,1,0;1
193.0,18,408.0,619.6,1,0;1
193.2,18,408.0,619.6,1,0;1
193.4,18,408.0,619.6,1,0;1
193.6,18,408.0,619.6,1,0;1
193.8,18,408.0,619.6,1,0;1
194.0,18,408.0,619.6,1,0;1
194.2,18,408.0,619.6,1,0;1
194.4,18,408.0,619.6,1,0;1
194.6,18,408.0,619.6,1,0;1
194.8,18,408.0,619.6,1,0;1
195.0,18,408.0,619.5,1,0;1
195.2,18,408.0,619.4,1,0;1
195.4,18,408.0,619.4,1,0;1
195.6,18,408.0,619.4,1,0;1
195.8,18,408.0,619.4,1,0;1
196.0,18,408.0,619.4,1,0;1
196.2,18,408.0,619.4,1,0;1
196.4,18,408.0,619.4,1,0;1
196.6,18,408.0,619.4,1,0;1
196.8,18,408.0,619.4,1,0;1
197.0,18,408.0,619.4,1,0;1
197.2,18,408.0,619.4,1,0;1
197.4,18,408.0,619.4,1,0;1
197.6,18,408.0,619.4,1,0;1
197.8,18,408.0,619.4,1,0;1
198.0,18,408.0,619.4,1,0;1
198.2,18,408.0,619.4,1,0;1
198.4,18,408.0,619.4,1,0;1
198.6,18,408.0,619.4,1,0;1
198.8,18,408.0,619.4,1,0;1
199.0,18,408.0,619.2,1,0;1
199.2,18,407.9,618.8,1,0;1
199.4,18,407.9,618.8,1,0;1
199.6,18,407.9,618.8,1,0;1
199.8,18,407.9,618.8,1,0;1
200.0,18,407.9,618.8,1,0;1
200.2,18,407.9,618.8,1,0;1
200.4,18,407.9,618.8,1,0;1
200.6,18,407.9,618.8,1,0;1
200.8,18,407.9,618.8,1,0;1
201.0,18,407.9,618.8,1,0;1
201.2,18,407.9,618.8,1,0;1
201.4,18,407.9,618.8,1,0;1
201.6,18,407.9,618.8,1,0;1
201.8,18,407.9,618.8,1,0;1
202.0,18,407.9,618.8,1,0;1
202.2,18,407.9,618.8,1,0;1
202.4,18,407.9,618.8,1,0;1
202.6,18,421.2,626.3,2,0;1
202.8,18,417.7,624.3,2,0;1
203.0,18,420.0,625.7,2,0;1
203.2,18,420.0,625.6,2,0;1
203.4,18,420.4,625.9,2,0;1
203.6,18,420.2,625.8,2,0;1
203.8,18,419.8,625.5,2,0;1
204.0,18,419.5,625.4,2,0;1
204.2,18,420.9,626.1,2,0;1
204.4,18,422.1,626.8,2,0;1
204.6,18,423.3,627.4,2,0;1
204.8,18,424.5,628.0,2,0;1
205.0,18,425.3,628.3,2,0;1
205.2,18,425.9,628.6,2,0;1
205.4,18,425.8,628.6,2,0;1
205.6,18,425.5,628.3,2,0;1
205.8,18,426.1,628.2,2,0;1
206.0,18,424.5,627.0,2,0;1
206.2,18,424.2,626.8,2,0;1
206.4,18,424.2,626.8,2,0;1
206.6,18,418.5,624.4,2,0;1
206.8,18,420.4,625.6,2,0;1
207.0,18,420.8,625.8,2,0;1
207.2,18,421.8,626.3,2,0;1
207.4,18,417.3,623.9,2,0;1
207.6,18,421.2,625.7,2,0;1
207.8,18,427.5,628.6,2,0;1
208.0,18,427.6,628.6,2,0;1
208.2,18,428.0,628.7,2,0;1
208.4,18,428.3,628.8,2,0;1
208.6,18,428.3,628.6,2,0;1
208.8,18,428.4,628.6,2,0;1
209.0,18,428.4,628.5,2,0;1
209.2,18,428.2,628.3,2,0;1
209.4,18,428.2,628.3,2,0;1
209.6,18,434.0,631.0,2,0;1
209.8,18,433.1,631.3,2,0;1
210.0,18,431.5,630.5,2,0;1
210.2,18,428.3,628.9,2,0;1
210.4,18,430.4,629.9,2,0;1
210.6,18,432.1,630.8,2,0;1
210.8,18,433.1,631.3,2,0;1
211.0,18,432.6,631.0,2,0;1
211.2,18,431.9,630.7,2,0;1
211.4,18,431.7,630.6,2,0;1
211.6,18,431.5,630.5,2,0;1
211.8,18,431.2,630.3,2,0;1
212.0,18,429.5,630.0,2,0;1
212.2,18,429.5,629.9,2,0;1
212.4,18,429.6,630.0,2,0;1
212.6,18,429.5,630.0,2,0;1
212.8,18,429.8,630.1,2,0;1
213.0,18,431.7,631.2,2,0;1
213.2,18,430.5,630.6,2,0;1
213.4,18,429.1,629.9,2,0;1
213.6,18,428.4,629.7,2,0;1
213.8,18,427.6,629.3,2,0;1
214.0,18,428.4,629.7,2,0;1
214.2,18,427.2,628.3,2,0;1
214.4,18,425.3,626.8,2,0;1
214.6,18,421.1,624.7,2,0;1
214.8,18,407.9,618.6,1,0;1
215.0,18,407.9,618.6,1,0;1
215.2,18,408.7,619.3,1,0;1
215.4,18,409.3,619.7,1,0;1
215.6,18,409.7,619.9,1,0;1
215.8,18,409.7,619.9,1,0;1
216.0,18,409.8,620.0,1,0;1
216.2,18,409.8,620.0,1,0;1
216.4,18,409.8,620.0,1,0;1
216.6,18,409.9,620.1,1,0;1
216.8,18,410.1,620.1,1,0;1
217.0,18,410.5,620.5,1,0;1
217.2,18,410.7,620.8,1,0;1
217.4,18,410.7,620.8,1,0;1
217.6,18,410.7,620.8,1,0;1
217.8,18,410.7,620.8,1,0;1
218.0,18,411.0,621.7,1,0;1
218.2,18,411.5,624.9,1,0;1
218.4,18,411.6,627.6,1,0;1
218.6,18,411.5,628.9,1,0;1
218.8,18,411.5,629.1,1,0;1
219.0,18,411.5,629.1,1,0;1
219.2,18,411.5,629.1,1,0;1
219.4,18,411.2,629.0,1,0;1
219.6,18,408.3,627.1,1,0;1
219.8,18,405.3,625.1,1,0;1
220.0,18,403.1,622.9,1,0;1
220.2,18,402.2,621.5,1,0;1
220.4,18,401.7,620.3,1,0;1
220.6,18,401.4,619.3,1,0;1
220.8,18,401.4,618.4,1,0;1
221.0,18,401.4,618.4,1,0;1
221.2,18,401.4,618.4,1,0;1
221.4,18,401.4,618.4,1,0;1
221.6,18,401.4,618.4,1,0;1
221.8,18,401.2,617.4,1,0;1
222.0,18,401.2,617.3,1,0;1
222.2,18,401.2,617.1,1,0;1
222.4,18,401.2,617.1,1,0;1
222.6,18,401.2,617.1,1,0;1
222.8,18,401.2,617.1,1,0;1
223.0,18,401.2,617.1,1,0;1
223.2,18,401.2,617.1,1,0;1
223.4,18,401.2,617.1,1,0;1
223.6,18,401.2,617.1,1,0;1
223.8,18,401.2,617.1,1,0;1
224.0,18,401.2,617.1,1,0;1
224.2,18,401.2,617.1,1,0;1
224.4,18,401.2,617.1,1,0;1
224.6,18,401.2,617.1,1,0;1
224.8,18,401.2,617.1,1,0;1
225.0,18,401.2,617.1,1,0;1
225.2,18,401.2,617.1,1,0;1
225.4,18,401.2,617.1,1,0;1
225.6,18,401.2,617.1,1,0;1
225.8,18,401.2,617.1,1,0;1
226.0,18,401.2,617.1,1,0;1
226.2,18,401.2,617.1,1,0;1
226.4,18,401.2,617.1,1,0;1
226.6,18,401.2,617.1,1,0;1
226.8,18,401.2,617.1,1,0;1
227.0,18,401.2,617.1,1,0;1
227.2,18,401.2,617.1,1,0;1
227.4,18,401.2,617.6,1,0;1
227.6,18,401.2,618.4,1,0;1
227.8,18,401.2,619.0,1,0;1
228.0,18,401.2,619.4,1,0;1
228.2,18,401.2,619.5,1,0;1
228.4,18,401.2,619.5,1,0;1
228.6,18,401.2,619.6,1,0;1
228.8,18,401.3,619.9,1,0;1
229.0,18,405.3,621.3,1,0;1
229.2,18,409.7,622.2,1,0;1
229.4,18,411.3,622.1,1,0;1
229.6,18,412.3,621.8,1,0;1
229.8,18,413.7,620.2,1,0;1
230.0,18,414.4,618.6,1,0;1
230.2,18,414.5,618.3,1,0;1
230.4,18,414.5,618.3,1,0;1
230.6,18,414.5,618.3,1,0;1
230.8,18,414.5,618.3,1,0;1
231.0,18,414.9,621.4,1,0;1
231.2,18,415.0,625.3,1,0;1
231.4,18,414.8,630.7,1,0;1
231.6,18,414.7,633.2,1,0;1
231.8,18,414.8,634.8,1,0;1
232.0,18,414.9,635.1,1,0;1
232.2,18,414.9,635.1,1,0;1
232.4,18,414.9,635.1,1,0;1
232.6,18,415.3,634.3,1,0;1
232.8,18,416.1,631.6,1,0;1
233.0,18,416.0,628.2,1,0;1
233.2,18,415.9,623.2,1,0;1
233.4,18,416.0,620.7,1,0;1
233.6,18,416.0,620.4,1,0;1
233.8,18,416.0,620.3,1,0;1
234.0,18,416.0,620.3,1,0;1
234.2,18,416.0,620.3,1,0;1
234.4,18,416.0,620.3,1,0;1
234.6,18,416.0,620.3,1,0;1
234.8,18,416.0,620.3,1,0;1
235.0,18,416.0,620.3,1,0;1
235.2,18,411.4,620.9,1,0;1
235.4,18,395.7,617.5,1,0;1
235.6,18,384.7,613.3,1,0;1
235.8,18,380.8,610.1,1,0;1
236.0,18,378.9,604.9,1,0;1
236.2,18,378.8,597.6,1,0;1
236.4,18,379.2,591.6,1,0;1
236.6,18,391.8,582.9,1,0;1
236.8,18,408.1,575.1,1,0;1
237.0,18,421.2,569.3,1,0;1
237.2,18,437.5,565.0,1,0;1
237.4,18,446.1,562.4,1,0;1
237.6,18,466.7,561.5,1,0;1
237.8,18,482.3,560.6,1,0;1
238.0,18,498.1,559.0,1,0;1
238.2,18,516.4,558.2,1,0;1
238.4,18,525.0,558.0,1,0;1
238.6,18,543.5,558.2,1,0;1
238.8,18,554.3,557.0,1,0;1
239.0,18,567.3,556.6,1,0;1
239.2,18,582.2,557.0,1,0;1
239.4,18,590.0,556.9,1,0;1
239.6,18,605.0,557.0,1,0;1
239.8,18,608.4,556.8,1,0;1
240.0,18,615.9,556.1,1,0;1
120.0,19,385.4,224.8,1,0
120.2,19,382.6,224.0,1,0
120.4,19,375.9,222.0,1,0
120.6,19,372.6,225.8,1,0
120.8,19,371.9,228.2,1,0
121.0,19,371.8,233.4,1,0
121.2,19,373.1,248.9,1,0
121.4,19,374.2,261.4,1,0
121.6,19,372.7,270.4,1,0
121.8,19,371.6,272.4,1,0
122.0,19,371.5,272.7,1,0
122.2,19,371.5,272.7,1,0
122.4,19,373.9,277.6,1,0
122.6,19,384.3,310.8,1,0
122.8,19,388.7,328.5,1,0
123.0,19,389.0,331.9,1,0
123.2,19,388.9,333.5,1,0
123.4,19,389.8,344.0,1,0
123.6,19,390.0,347.7,1,0
123.8,19,385.6,365.6,1,0
124.0,19,382.0,380.6,1,0
124.2,19,378.5,385.8,1,0
124.4,19,375.1,389.4,1,0
124.6,19,372.8,391.1,1,0
124.8,19,370.6,394.8,1,0
125.0,19,349.6,387.6,1,0
125.2,19,328.6,380.4,1,0
125.4,19,307.7,373.1,1,0
125.6,19,286.7,365.9,1,0
125.8,19,265.7,358.7,1,0
126.0,19,244.7,351.4,1,0
126.2,19,227.2,349.4,1,0
126.4,19,215.1,352.1,1,0
126.6,19,208.9,372.5,1,0
126.8,19,205.9,388.3,1,0
127.0,19,196.9,400.4,1,0
127.2,19,182.0,404.1,1,0
127.4,19,173.0,404.0,1,0
127.6,19,171.1,404.4,1,0
127.8,19,170.4,406.1,1,0
128.0,19,170.3,406.8,1,0
128.2,19,170.3,406.8,1,0
128.4,19,235.1,483.1,1,0
128.6,19,247.7,489.8,1,0
128.8,19,265.7,496.1,1,0
129.0,19,290.5,501.1,1,0
129.2,19,307.1,505.5,1,0
129.4,19,327.7,509.5,1,0
129.6,19,348.0,512.9,1,0
129.8,19,360.8,520.0,1,0
130.0,19,375.6,529.4,1,0
130.2,19,395.6,527.8,1,0
130.4,19,410.6,519.7,1,0
130.6,19,421.0,519.8,1,0
130.8,19,440.0,522.1,1,0
131.0,19,450.0,524.7,1,0
131.2,19,461.8,511.8,1,0
131.4,19,472.7,496.7,1,0
123.2,20,378.1,670.5,1,0
123.4,20,391.9,669.8,1,0
123.6,20,403.9,669.2,1,0
123.8,20,426.6,668.0,1,0
124.0,20,446.7,667.0,1,0
124.2,20,467.3,665.9,1,0
124.4,20,487.1,664.9,1,0
124.6,20,502.3,664.1,1,0
124.8,20,517.4,663.3,1,0
125.0,20,533.3,662.5,1,0
125.2,20,547.9,661.8,1,0
125.4,20,561.7,661.1,1,0
125.6,20,576.1,660.3,1,0
125.8,20,589.8,659.6,1,0
126.0,20,602.4,659.0,1,0
126.2,20,610.9,658.5,1,0
126.4,20,618.9,658.1,1,0
126.6,20,626.8,657.7,1,0
126.8,20,634.8,657.3,1,0
127.0,20,642.9,656.9,1,0
127.2,20,649.8,656.5,1,0
127.4,20,654.9,656.3,1,0
127.6,20,657.9,656.1,1,0
127.8,20,659.8,656.0,1,0
128.0,20,662.3,655.9,1,0
128.2,20,666.5,655.7,1,0
128.4,20,669.5,655.5,1,0
128.6,20,672.9,655.3,1,0
128.8,20,674.5,655.2,1,0
129.0,20,676.2,655.2,1,0
129.2,20,677.0,655.1,1,0
124.4,21,352.7,349.5,1,1
124.6,21,349.6,348.1,1,1
124.8,21,339.8,347.0,1,1
125.0,21,339.4,346.9,1,1
126.2,22,237.3,370.1,1,0;1
126.4,22,237.3,370.8,1,0;1
126.6,22,237.3,372.4,1,0;1
126.8,22,237.4,375.5,1,0;1
127.0,22,237.2,382.7,1,0;1
127.2,22,237.0,391.1,1,0;1
127.4,22,236.9,396.6,1,0;1
127.6,22,237.0,406.5,1,0;1
127.8,22,237.0,414.6,1,0;1
128.0,22,237.4,418.5,1,0;1
128.2,22,238.2,426.3,1,0;1
128.4,22,238.4,433.9,1,0;1
128.6,22,240.3,436.7,1,0;1
128.8,22,253.0,441.6,1,0;1
129.0,22,259.5,444.6,1,0;1
129.2,22,270.0,446.5,1,0;1
129.4,22,291.8,447.1,1,0;1
129.6,22,304.5,447.3,1,0;1
129.8,22,310.4,447.4,1,0;1
130.0,22,331.5,446.7,1,0;1
130.2,22,347.0,447.2,1,0;1
130.4,22,352.6,448.9,1,0;1
130.6,22,366.4,451.7,1,0;1
130.8,22,385.8,453.5,1,0;1
131.0,22,391.3,454.5,1,0;1
131.2,22,401.2,455.5,1,0;1
131.4,22,421.4,455.8,1,0;1
131.6,22,430.6,456.7,1,0;1
131.8,22,436.3,457.9,1,0;1
132.0,22,453.1,459.7,1,0;1
132.2,22,464.5,460.7,1,0;1
132.4,22,469.0,462.0,1,0;1
132.6,22,483.4,463.6,1,0;1
132.8,22,495.9,464.1,1,0;1
133.0,22,500.6,465.1,1,0;1
133.2,22,506.7,467.2,1,0;1
133.4,22,524.5,468.9,1,0;1
133.6,22,546.5,468.9,1,0;1
133.8,22,555.2,469.2,1,0;1
134.0,22,562.7,470.1,1,0;1
134.2,22,565.5,471.6,1,0;1
134.4,22,567.2,473.9,1,0;1
134.6,22,576.2,477.0,1,0;1
134.8,22,591.8,479.6,1,0;1
135.0,22,602.8,482.6,1,0;1
135.2,22,608.1,485.6,1,0;1
135.4,22,613.2,487.8,1,0;1
135.6,22,615.2,491.2,1,0;1
136.2,22,690.6,556.4,1,0;1
136.4,22,689.4,564.9,1,0;1
136.6,22,691.4,569.4,1,0;1
136.8,22,696.2,572.7,1,0;1
137.0,22,701.4,573.8,1,0;1
137.2,22,706.4,573.0,1,0;1
137.4,22,710.6,572.1,1,0;1
133.8,23,-142.9,119.7,1,0;1
134.0,23,-142.9,119.7,1,0;1
134.2,23,-142.9,119.7,1,0;1
134.4,23,-142.9,119.7,1,0;1
134.6,23,-144.7,120.2,1,0;1
134.8,23,-145.6,127.7,1,0;1
135.0,23,-145.2,129.4,1,0;1
135.2,23,-145.3,129.8,1,0;1
135.4,23,-145.5,130.2,1,0;1
135.6,23,-145.6,130.5,1,0;1
135.8,23,-145.8,130.9,1,0;1
136.0,23,-145.8,131.0,1,0;1
136.2,23,-145.8,131.0,1,0;1
136.4,23,-145.8,131.0,1,0;1
136.6,23,-145.8,131.0,1,0;1
136.8,23,-145.8,131.0,1,0;1
137.0,23,-145.6,132.1,1,0;1
137.2,23,-144.3,135.0,1,0;1
137.4,23,-144.3,135.0,1,0;1
137.6,23,-144.3,135.0,1,0;1
137.8,23,-144.3,135.0,1,0;1
138.0,23,-144.3,135.0,1,0;1
138.2,23,-144.3,135.0,1,0;1
138.4,23,-144.3,135.0,1,0;1
138.6,23,-144.3,135.0,1,0;1
138.8,23,-144.3,135.0,1,0;1
139.0,23,-144.3,135.0,1,0;1
139.2,23,-144.3,135.0,1,0;1
139.4,23,-144.3,135.0,1,0;1
139.6,23,-144.3,135.0,1,0;1
139.8,23,-144.3,135.0,1,0;1
140.0,23,-144.3,135.0,1,0;1
140.2,23,-144.3,135.0,1,0;1
140.4,23,-144.3,135.0,1,0;1
140.6,23,-144.3,135.0,1,0;1
140.8,23,-144.3,135.0,1,0;1
141.0,23,-144.3,135.0,1,0;1
141.2,23,-144.3,135.0,1,0;1
141.4,23,-144.3,135.0,1,0;1
141.6,23,-144.3,135.0,1,0;1
141.8,23,-144.3,135.0,1,0;1
142.0,23,-144.3,135.0,1,0;1
142.2,23,-145.4,135.2,1,0;1
142.4,23,-145.4,135.4,1,0;1
142.6,23,-145.7,135.3,1,0;1
142.8,23,-145.7,135.3,1,0;1
143.0,23,-145.7,135.3,1,0;1
143.2,23,-145.7,135.3,1,0;1
143.4,23,-145.7,135.3,1,0;1
143.6,23,-145.7,135.3,1,0;1
143.8,23,-145.7,135.3,1,0;1
144.0,23,-145.7,135.3,1,0;1
144.2,23,-145.7,135.3,1,0;1
144.4,23,-145.7,135.6,1,0;1
144.6,23,-145.7,135.9,1,0;1
144.8,23,-145.7,135.9,1,0;1
145.0,23,-145.7,135.9,1,0;1
145.2,23,-145.7,135.9,1,0;1
145.4,23,-145.7,135.9,1,0;1
145.6,23,-145.7,135.9,1,0;1
145.8,23,-145.7,135.9,1,0;1
146.0,23,-145.7,135.9,1,0;1
146.2,23,-145.7,135.9,1,0;1
146.4,23,-145.7,135.9,1,0;1
146.6,23,-145.7,135.9,1,0;1
146.8,23,-145.7,135.9,1,0;1
147.0,23,-145.7,135.9,1,0;1
147.2,23,-138.1,137.0,1,0;1
147.4,23,-126.9,139.8,1,0;1
147.6,23,-120.6,137.8,1,0;1
147.8,23,-115.8,133.9,1,0;1
148.0,23,-111.0,130.0,1,0;1
148.2,23,-106.1,126.1,1,0;1
148.4,23,-101.3,122.2,1,0;1
148.6,23,-96.5,118.4,1,0;1
148.8,23,-91.7,114.5,1,0;1
149.0,23,-90.9,113.4,1,0;1
149.2,23,-90.9,113.1,1,0;1
149.4,23,-90.5,113.0,1,0;1
149.6,23,-89.0,112.8,1,0;1
149.8,23,-86.1,113.2,1,0;1
150.0,23,-80.4,115.5,1,0;1
150.2,23,-72.6,119.5,1,0;1
150.4,23,-64.8,123.4,1,0;1
150.6,23,-58.7,126.3,1,0;1
150.8,23,-56.5,127.4,1,0;1
151.0,23,-56.5,127.4,1,0;1
151.2,23,-56.5,127.4,1,0;1
151.4,23,-58.5,126.4,1,0;1
151.6,23,-69.7,120.3,1,0;1
151.8,23,-82.8,111.6,1,0;1
152.0,23,-90.8,105.6,1,0;1
152.2,23,-91.3,105.1,1,0;1
152.4,23,-91.3,105.1,1,0;1
152.6,23,-90.9,104.8,1,0;1
152.8,23,-88.0,100.5,1,0;1
153.0,23,-84.1,97.9,1,0;1
153.2,23,-75.7,97.7,1,0;1
153.4,23,-60.8,102.1,1,0;1
153.6,23,-58.2,102.7,1,0;1
153.8,23,-46.6,105.2,1,0;1
154.0,23,-31.2,110.0,1,0;1
154.2,23,-25.5,113.6,1,0;1
154.4,23,-14.6,121.2,1,0;1
154.6,23,-3.7,128.9,1,0;1
154.8,23,7.6,136.7,1,0;1
155.0,23,25.2,148.5,1,0;1
155.2,23,31.1,153.0,1,0;1
161.2,23,236.9,375.8,1,0;1
161.4,23,237.3,377.8,1,0;1
161.6,23,237.9,384.3,1,0;1
161.8,23,238.0,388.3,1,0;1
162.0,23,237.7,392.3,1,0;1
162.2,23,237.4,396.3,1,0;1
162.4,23,237.0,405.9,1,0;1
162.6,23,237.0,410.4,1,0;1
162.8,23,237.0,414.2,1,0;1
163.0,23,237.0,420.4,1,0;1
163.2,23,237.0,430.5,1,0;1
163.4,23,237.0,435.3,1,0;1
163.6,23,237.0,440.5,1,0;1
163.8,23,237.0,444.4,1,0;1
164.0,23,237.1,455.3,1,0;1
164.2,23,237.1,463.9,1,0;1
164.4,23,195.2,488.9,2,0;1
164.6,23,193.8,490.9,2,0;1
164.8,23,198.5,494.9,2,0;1
165.0,23,192.6,499.5,2,0;1
165.2,23,184.9,506.9,2,0;1
165.4,23,190.5,519.6,2,0;1
165.6,23,205.9,538.3,2,0;1
165.8,23,204.9,550.2,2,0;1
166.0,23,200.0,563.9,2,0;1
166.2,23,196.0,570.1,2,0;1
166.4,23,190.9,575.0,2,0;1
166.6,23,178.4,581.7,1,0;1
166.8,23,176.7,589.1,1,0;1
167.0,23,172.9,597.5,1,0;1
167.2,23,170.6,612.0,1,0;1
167.4,23,169.0,614.5,1,0;1
167.6,23,168.5,621.1,1,0;1
167.8,23,169.2,625.0,1,0;1
168.0,23,178.3,638.1,1,0;1
168.2,23,183.7,644.9,1,0;1
168.4,23,184.5,649.8,1,0;1
168.6,23,186.3,664.5,1,0;1
168.8,23,188.8,670.1,1,0;1
169.0,23,189.6,671.4,1,0;1
134.6,24,239.2,622.0,1,0;1
134.8,24,229.1,648.4,2,0;1
135.0,24,242.5,631.1,2,0;1
135.2,24,258.2,619.8,2,0;1
135.4,24,279.8,606.6,2,0;1
135.6,24,297.8,592.7,2,0;1
135.8,24,312.6,589.3,2,0;1
136.0,24,324.5,587.5,2,0;1
136.2,24,348.2,582.9,2,0;1
136.4,24,365.9,581.0,2,0;1
136.6,24,389.6,578.6,2,0;1
136.8,24,395.9,577.2,2,0;1
137.0,24,400.2,579.8,2,0;1
137.2,24,400.9,580.4,2,0;1
137.4,24,402.0,580.9,2,0;1
137.6,24,403.8,581.3,2,0;1
137.8,24,403.4,581.2,2,0;1
138.0,24,404.9,581.9,2,0;1
138.2,24,388.5,587.1,2,0;1
138.4,24,388.6,587.5,2,0;1
138.6,24,388.0,587.0,2,0;1
138.8,24,386.4,585.5,2,0;1
139.0,24,388.8,586.4,2,0;1
139.2,24,389.0,586.4,2,0;1
139.4,24,412.0,583.1,2,0;1
139.6,24,411.4,583.4,2,0;1
139.8,24,406.4,582.6,2,0;1
140.0,24,405.8,583.4,2,0;1
140.2,24,400.0,582.3,2,0;1
140.4,24,371.3,573.1,2,0;1
140.6,24,382.1,577.1,2,0;1
140.8,24,376.4,575.3,2,0;1
141.0,24,375.2,577.0,2,0;1
141.2,24,375.9,583.5,2,0;1
141.4,24,376.5,585.4,2,0;1
141.6,24,376.0,587.1,2,0;1
141.8,24,374.0,587.3,2,0;1
142.0,24,371.8,586.5,2,0;1
142.2,24,366.7,582.6,2,0;1
142.4,24,362.6,578.7,2,0;1
142.6,24,361.2,577.5,2,0;1
142.8,24,361.1,577.5,2,0;1
143.0,24,360.1,578.6,2,0;1
143.2,24,359.9,580.8,2,0;1
143.4,24,359.4,581.5,2,0;1
143.6,24,359.4,581.5,2,0;1
143.8,24,359.4,581.4,2,0;1
144.0,24,358.1,580.1,2,0;1
144.2,24,358.6,580.4,2,0;1
144.4,24,358.6,580.4,2,0;1
144.6,24,358.3,578.1,2,0;1
144.8,24,357.6,577.5,2,0;1
145.0,24,354.1,575.9,2,0;1
145.2,24,364.9,599.7,2,0;1
145.4,24,351.6,590.6,2,0;1
145.6,24,351.3,591.0,2,0;1
145.8,24,349.5,589.9,2,0;1
146.0,24,347.5,588.0,2,0;1
146.2,24,353.9,592.4,2,0;1
146.4,24,355.4,593.0,2,0;1
146.6,24,339.0,579.5,2,0;1
146.8,24,339.3,580.2,2,0;1
147.0,24,340.0,582.0,2,0;1
147.2,24,340.5,585.1,2,0;1
147.4,24,341.4,588.9,2,0;1
147.6,24,343.9,590.8,2,0;1
147.8,24,351.3,588.8,2,0;1
148.0,24,358.2,585.2,2,0;1
148.2,24,360.4,585.1,2,0;1
148.4,24,354.0,578.3,2,0;1
148.6,24,365.5,580.5,2,0;1
148.8,24,366.9,579.3,2,0;1
149.0,24,366.8,579.0,2,0;1
149.2,24,358.3,577.6,2,0;1
149.4,24,358.7,579.7,2,0;1
149.6,24,359.6,581.0,2,0;1
149.8,24,367.4,588.8,2,0;1
150.0,24,359.0,573.0,2,0;1
150.2,24,372.1,580.5,2,0;1
150.4,24,372.8,580.2,2,0;1
150.6,24,372.6,579.7,2,0;1
150.8,24,372.9,579.9,2,0;1
151.0,24,373.4,579.5,2,0;1
151.2,24,373.1,578.9,2,0;1
151.4,24,362.9,579.0,2,0;1
151.6,24,362.4,577.9,2,0;1
151.8,24,360.6,575.6,2,0;1
152.0,24,360.9,575.8,2,0;1
152.2,24,359.8,574.3,2,0;1
152.4,24,359.6,573.9,2,0;1
152.6,24,360.0,574.5,2,0;1
152.8,24,360.5,576.8,2,0;1
153.0,24,347.6,578.3,2,0;1
153.2,24,334.5,577.5,2,0;1
153.4,24,331.6,581.5,2,0;1
153.6,24,328.3,590.2,2,0;1
153.8,24,310.5,592.8,2,0;1
154.0,24,299.6,593.8,2,0;1
154.2,24,285.3,596.3,2,0;1
154.4,24,273.5,598.8,2,0;1
154.6,24,270.0,607.4,2,0;1
154.8,24,265.5,615.8,2,0;1
155.0,24,254.2,628.4,2,0;1
155.2,24,235.0,633.4,2,0;1
155.4,24,222.8,644.6,2,0;1
155.6,24,210.6,655.4,2,0;1
155.8,24,211.6,667.8,1,0;1
147.2,25,474.5,562.3,1,1
147.4,25,470.4,562.1,1,1
147.6,25,471.9,562.1,1,1
147.8,25,469.2,561.9,1,1
148.0,25,471.8,561.8,1,1
148.2,25,473.9,561.7,1,1
148.4,25,475.4,561.7,1,1
148.6,25,476.3,561.4,1,1
148.8,25,467.8,560.1,1,1
149.0,25,464.7,559.6,1,1
149.2,25,460.2,558.2,1,1
149.4,25,459.4,557.3,1,1
149.6,25,459.3,557.0,1,1
149.8,25,463.4,556.1,1,1
150.0,25,463.9,555.9,1,1
150.2,25,465.8,555.7,1,1
150.4,25,467.6,555.6,1,1
150.6,25,467.6,555.6,1,1
150.8,25,467.6,555.6,1,1
151.0,25,462.4,554.7,1,1
151.2,25,457.4,554.4,1,1
151.4,25,455.9,554.6,1,1
151.6,25,454.4,554.8,1,1
156.6,26,15.5,82.9,1,0
156.8,26,15.5,82.9,1,0
157.0,26,26.9,100.8,1,0
157.2,26,34.2,117.3,1,0
157.4,26,36.0,124.8,1,0
157.6,26,32.8,126.0,1,0
157.8,26,34.3,133.1,1,0
158.0,26,35.6,136.7,1,0
158.2,26,40.1,145.5,1,0
158.4,26,46.6,157.6,1,0
158.6,26,79.3,218.3,1,0
158.8,26,99.4,256.5,1,0
159.0,26,97.8,258.1,1,0
159.2,26,94.5,258.7,1,0
159.4,26,89.1,255.8,1,0
159.6,26,86.7,254.6,1,0
159.8,26,99.1,280.7,1,0
160.0,26,114.4,306.9,1,0
160.2,26,114.5,308.2,1,0
160.4,26,113.3,311.0,1,0
160.6,26,105.8,308.3,1,0
160.8,26,101.3,306.9,1,0
161.0,26,98.3,306.2,1,0
161.2,26,111.2,333.8,1,0
161.4,26,118.6,347.6,1,0
161.6,26,119.4,351.4,1,0
161.8,26,119.0,357.5,1,0
162.0,26,115.9,362.5,1,0
162.2,26,115.4,370.3,1,0
162.4,26,117.8,378.1,1,0
162.6,26,123.4,393.2,1,0
162.8,26,127.0,400.7,1,0
163.0,26,127.5,404.0,1,0
163.2,26,127.8,407.6,1,0
163.4,26,131.6,424.3,1,0
163.6,26,135.5,439.3,1,0
163.8,26,133.1,443.1,1,0
164.0,26,137.8,457.9,1,0
164.2,26,140.3,466.5,1,0
164.4,26,141.2,472.8,1,0
164.6,26,146.4,483.0,1,0
164.8,26,151.5,492.9,1,0
165.0,26,149.4,500.9,1,0
165.2,26,139.4,505.3,1,0
165.4,26,133.3,505.5,1,0
165.6,26,102.5,478.1,1,0
165.8,26,98.4,475.2,1,0
158.0,27,408.9,549.7,1,0
158.2,27,408.9,549.7,1,0
158.4,27,408.9,549.7,1,0
158.6,27,408.9,549.7,1,0
158.8,27,411.1,553.0,1,0
159.0,27,412.2,560.1,1,0
159.2,27,412.2,560.4,1,0
159.4,27,412.2,560.4,1,0
159.6,27,412.2,560.4,1,0
159.8,27,412.2,560.4,1,0
160.0,27,412.2,560.4,1,0
160.2,27,412.2,560.4,1,0
160.4,27,411.8,559.6,1,0
229.4,28,653.7,597.3,1,0
229.6,28,651.0,596.9,1,0
229.8,28,643.0,597.8,1,0
230.0,28,636.1,597.7,1,0
230.2,28,623.6,618.6,1,0
230.4,28,618.0,619.6,1,0
230.6,28,610.8,620.8,1,0
230.8,28,602.3,621.5,1,0
231.0,28,594.9,621.7,1,0
231.2,28,586.8,622.0,1,0
231.4,28,577.5,621.8,1,0
231.6,28,572.9,623.0,1,0
231.8,28,561.0,624.6,1,0
232.0,28,550.6,625.0,1,0
232.2,28,541.2,625.5,1,0
232.4,28,529.3,626.8,1,0
232.6,28,518.6,628.4,1,0
232.8,28,507.2,628.9,1,0
233.0,28,494.3,628.9,1,0
233.2,28,477.3,628.9,1,0
233.4,28,464.9,620.6,1,0
233.6,28,441.2,604.3,1,0
233.8,28,421.0,599.8,1,0
234.0,28,399.4,599.3,1,0
234.2,28,388.3,603.3,1,0
234.4,28,368.2,614.7,1,0
234.6,28,346.9,615.4,1,0
234.8,28,322.2,615.7,1,0
235.0,28,301.1,614.3,1,0
235.2,28,287.4,615.0,1,0
235.4,28,256.9,611.7,1,0
235.6,28,243.7,610.8,1,0
235.8,28,230.6,607.5,1,0
236.0,28,223.0,605.0,1,0
236.2,28,210.9,598.2,1,0
236.4,28,195.9,584.0,1,0
236.6,28,193.1,579.1,1,0
236.8,28,185.6,561.9,1,0
237.0,28,174.5,541.0,1,0
237.2,28,173.2,533.4,1,0
237.4,28,167.0,514.9,1,0
237.6,28,160.1,494.5,1,0
237.8,28,162.5,486.3,1,0
238.0,28,159.2,463.5,1,0
238.2,28,155.3,443.1,1,0
238.4,28,154.3,427.1,1,0
238.6,28,152.6,406.7,1,0
238.8,28,158.6,399.8,1,0
239.0,28,165.7,389.9,1,0
239.2,28,165.1,369.7,1,0
239.4,28,164.8,363.8,1,0
239.6,28,157.5,341.4,1,0
239.8,28,151.5,320.6,1,0
240.0,28,153.8,313.7,1,0
240.2,28,156.2,302.0,1,0
240.4,28,148.5,274.0,1,0
240.6,28,143.9,263.0,1,0
240.8,28,133.8,239.7,1,0
241.0,28,126.1,219.3,1,0
241.2,28,122.2,204.5,1,0
241.4,28,121.7,193.7,1,0
241.6,28,118.8,179.9,1,0
241.8,28,117.9,177.1,1,0
242.0,28,111.5,160.5,1,0
242.2,28,106.1,142.9,1,0
242.4,28,108.3,135.5,1,0
242.6,28,109.1,117.8,1,0
242.8,28,108.3,102.9,1,0
243.0,28,107.0,96.3,1,0
243.2,28,105.0,88.2,1,0
243.4,28,103.0,80.1,1,0
243.6,28,102.1,74.6,1,0
243.8,28,99.8,40.9,1,0
244.0,28,95.5,16.2,1,0
244.2,28,93.4,1.8,1,0
244.4,28,91.9,-9.5,1,0
244.6,28,94.3,-13.4,1,0
244.8,28,97.1,-14.6,1,0
271.6,29,90.5,-20.1,1,0;1
271.8,29,90.5,-20.1,1,0;1
272.0,29,90.5,-20.1,1,0;1
272.2,29,99.5,4.6,1,0;1
272.4,29,112.3,44.0,1,0;1
272.6,29,126.0,94.0,1,0;1
272.8,29,124.2,107.4,1,0;1
273.0,29,117.8,109.6,1,0;1
273.2,29,119.8,126.3,1,0;1
273.4,29,126.4,150.3,1,0;1
273.6,29,124.8,159.9,1,0;1
273.8,29,126.2,180.2,1,0;1
274.0,29,126.4,193.5,1,0;1
274.2,29,122.0,198.3,1,0;1
274.4,29,116.6,199.8,1,0;1
274.6,29,115.4,201.5,1,0;1
274.8,29,115.5,207.4,1,0;1
275.0,29,125.3,236.3,1,0;1
275.2,29,133.1,258.9,1,0;1
275.4,29,133.7,264.6,1,0;1
275.6,29,133.3,266.8,1,0;1
275.8,29,133.2,267.4,1,0;1
276.0,29,133.0,270.0,1,0;1
276.2,29,145.9,307.9,1,0;1
276.4,29,159.1,348.3,1,0;1
276.6,29,158.7,361.0,1,0;1
276.8,29,152.0,365.7,1,0;1
277.0,29,154.6,378.1,1,0;1
277.2,29,159.1,389.1,1,0;1
277.4,29,159.7,394.8,1,0;1
277.6,29,162.7,413.9,1,0;1
277.8,29,161.5,419.9,1,0;1
278.0,29,158.3,421.6,1,0;1
278.2,29,158.3,421.6,1,0;1
278.4,29,158.3,421.6,1,0;1
278.6,29,162.0,430.2,1,0;1
278.8,29,201.1,468.7,2,0;1
279.0,29,207.7,491.0,2,0;1
279.2,29,208.2,500.1,2,0;1
279.4,29,207.7,506.5,2,0;1
279.6,29,213.6,520.9,2,0;1
279.8,29,217.6,534.8,2,0;1
280.0,29,217.7,541.9,2,0;1
280.2,29,217.5,553.0,2,0;1
280.4,29,220.8,564.6,2,0;1
280.6,29,221.2,568.6,2,0;1
280.8,29,225.2,566.2,2,0;1
281.0,29,221.4,574.7,2,0;1
281.2,29,225.6,573.8,2,0;1
281.4,29,226.8,577.1,2,0;1
281.6,29,233.1,581.3,2,0;1
281.8,29,245.4,585.2,2,0;1
282.0,29,253.7,589.6,2,0;1
282.2,29,265.6,592.9,2,0;1
282.4,29,287.2,595.2,2,0;1
282.6,29,296.3,595.5,2,0;1
282.8,29,302.0,595.0,2,0;1
283.0,29,319.2,594.8,2,0;1
283.2,29,329.5,589.5,2,0;1
283.4,29,332.4,586.4,2,0;1
283.6,29,345.6,585.4,2,0;1
283.8,29,355.4,585.8,2,0;1
284.0,29,362.3,587.4,2,0;1
284.2,29,364.4,588.0,2,0;1
284.4,29,365.2,588.4,2,0;1
284.6,29,365.7,589.2,2,0;1
284.8,29,366.0,589.5,2,0;1
285.0,29,365.8,589.5,2,0;1
285.2,29,366.6,589.7,2,0;1
285.4,29,369.4,590.2,2,0;1
285.6,29,379.6,589.8,2,0;1
285.8,29,385.6,588.1,2,0;1
286.0,29,400.4,600.9,2,0;1
286.2,29,395.6,585.5,2,0;1
286.4,29,423.3,587.1,2,0;1
286.6,29,424.9,583.3,2,0;1
286.8,29,416.3,578.1,2,0;1
287.0,29,430.8,576.3,2,0;1
287.2,29,437.0,575.4,2,0;1
287.4,29,442.0,575.5,2,0;1
287.6,29,449.7,575.3,2,0;1
287.8,29,455.3,573.5,2,0;1
288.0,29,459.5,571.9,2,0;1
288.2,29,465.2,573.0,2,0;1
288.4,29,468.9,573.0,2,0;1
288.6,29,469.1,571.7,2,0;1
288.8,29,469.0,569.6,2,0;1
289.0,29,469.1,570.2,2,0;1
289.2,29,471.6,572.6,2,0;1
289.4,29,470.5,571.7,2,0;1
289.6,29,470.2,571.3,2,0;1
289.8,29,470.7,571.8,2,0;1
290.0,29,470.2,571.6,2,0;1
290.2,29,470.9,573.4,2,0;1
290.4,29,469.3,572.8,2,0;1
290.6,29,472.4,574.9,2,0;1
290.8,29,471.9,574.6,2,0;1
291.0,29,473.4,575.5,2,0;1
291.2,29,473.2,575.2,2,0;1
291.4,29,473.9,573.7,2,0;1
291.6,29,467.2,568.8,2,0;1
291.8,29,469.9,570.2,2,0;1
292.0,29,471.6,571.2,2,0;1
292.2,29,470.1,570.3,2,0;1
292.4,29,467.8,570.6,2,0;1
292.6,29,467.6,570.2,2,0;1
292.8,29,467.6,570.0,2,0;1
293.0,29,468.1,573.4,2,0;1
293.2,29,468.9,573.8,2,0;1
293.4,29,467.4,572.5,2,0;1
293.6,29,469.1,572.7,2,0;1
293.8,29,467.3,571.6,2,0;1
294.0,29,469.6,572.9,2,0;1
294.2,29,469.6,572.9,2,0;1
294.4,29,469.4,574.5,2,0;1
294.6,29,469.4,575.0,2,0;1
294.8,29,469.3,575.0,2,0;1
295.0,29,465.6,572.0,2,0;1
295.2,29,464.0,570.3,2,0;1
295.4,29,464.1,570.4,2,0;1
295.6,29,466.7,570.8,2,0;1
295.8,29,465.0,568.8,2,0;1
296.0,29,465.2,566.9,2,0;1
296.2,29,462.8,565.8,2,0;1
296.4,29,464.1,565.9,2,0;1
296.6,29,463.6,565.8,2,0;1
296.8,29,463.6,565.8,2,0;1
297.0,29,464.4,566.0,2,0;1
297.2,29,465.7,566.5,2,0;1
297.4,29,468.8,571.4,2,0;1
297.6,29,468.6,572.6,2,0;1
297.8,29,470.1,573.4,2,0;1
298.0,29,470.7,573.4,2,0;1
298.2,29,470.7,573.2,2,0;1
298.4,29,469.7,571.2,2,0;1
298.6,29,469.7,569.6,2,0;1
298.8,29,469.7,569.0,2,0;1
277.2,30,388.0,313.7,1,0;1
277.4,30,388.0,314.4,1,0;1
277.6,30,390.3,331.6,1,0;1
277.8,30,393.0,348.9,1,0;1
278.0,30,388.4,359.8,2,0;1
278.2,30,390.8,373.6,2,0;1
278.4,30,392.2,384.0,2,0;1
278.6,30,392.6,390.2,2,0;1
278.8,30,393.8,394.5,2,0;1
279.0,30,396.8,412.3,2,0;1
279.2,30,399.5,434.4,2,0;1
279.4,30,401.6,451.6,2,0;1
279.6,30,391.6,445.3,2,0;1
279.8,30,383.5,455.0,2,0;1
280.0,30,381.5,462.2,2,0;1
280.2,30,380.9,466.6,2,0;1
280.4,30,373.0,470.0,2,0;1
280.6,30,381.2,479.8,2,0;1
280.8,30,397.5,488.0,2,0;1
281.0,30,406.0,497.5,2,0;1
281.2,30,411.2,506.5,2,0;1
281.4,30,414.2,508.1,2,0;1
281.6,30,425.3,511.5,2,0;1
281.8,30,425.6,509.6,2,0;1
282.0,30,430.0,510.8,2,0;1
282.2,30,434.6,513.7,2,0;1
282.4,30,433.8,514.1,2,0;1
282.6,30,430.4,513.2,2,0;1
282.8,30,429.3,512.5,2,0;1
283.0,30,430.9,512.3,2,0;1
283.2,30,430.9,512.5,2,0;1
283.4,30,430.7,512.4,2,0;1
283.6,30,430.7,512.4,2,0;1
283.8,30,430.5,512.4,2,0;1
284.0,30,430.7,512.4,2,0;1
284.2,30,430.9,512.5,2,0;1
284.4,30,431.0,512.5,2,0;1
284.6,30,430.6,512.4,2,0;1
284.8,30,431.1,512.6,2,0;1
285.0,30,430.8,512.4,2,0;1
285.2,30,430.9,512.5,2,0;1
285.4,30,431.1,512.6,2,0;1
285.6,30,431.0,512.7,2,0;1
285.8,30,431.8,513.0,2,0;1
286.0,30,440.9,516.6,2,0;1
286.2,30,435.6,513.1,2,0;1
286.4,30,430.5,509.8,2,0;1
286.6,30,428.8,508.4,2,0;1
286.8,30,425.1,506.7,2,0;1
287.0,30,413.8,500.6,2,0;1
287.2,30,414.1,497.8,2,0;1
287.4,30,398.0,489.4,2,0;1
287.6,30,382.7,478.8,2,0;1
287.8,30,373.4,461.8,2,0;1
288.0,30,383.1,461.2,2,0;1
288.2,30,382.3,450.6,2,0;1
288.4,30,390.2,452.0,2,0;1
288.6,30,392.1,445.2,2,0;1
288.8,30,396.0,440.0,2,0;1
289.0,30,397.9,441.1,2,0;1
289.2,30,392.0,420.3,2,0;1
289.4,30,392.2,412.6,2,0;1
289.6,30,387.9,394.5,2,0;1
289.8,30,393.7,399.2,1,0;1
290.0,30,390.9,385.4,1,0;1
290.2,30,389.6,371.3,1,0;1
290.4,30,386.5,339.2,1,0;1
290.6,30,386.6,338.2,1,0;1
282.0,31,421.0,704.5,1,0;1
282.2,31,421.0,704.5,1,0;1
282.4,31,419.7,704.2,1,0;1
282.6,31,410.9,702.5,1,0;1
282.8,31,394.5,699.6,1,0;1
283.0,31,384.3,698.0,1,0;1
283.2,31,382.0,697.7,1,0;1
283.4,31,378.7,697.5,1,0;1
283.6,31,366.4,700.8,1,0;1
283.8,31,358.8,701.0,1,0;1
284.0,31,349.5,699.9,1,0;1
284.2,31,344.8,698.3,1,0;1
284.4,31,342.0,696.5,1,0;1
284.6,31,336.3,694.6,1,0;1
284.8,31,335.9,694.5,1,0;1
285.0,31,335.1,694.4,1,0;1
285.2,31,333.2,694.2,1,0;1
285.4,31,331.3,693.9,1,0;1
285.6,31,329.4,693.7,1,0;1
285.8,31,327.5,693.5,1,0;1
286.0,31,325.5,693.2,1,0;1
286.2,31,318.6,695.6,1,0;1
286.4,31,317.5,695.7,1,0;1
286.6,31,324.5,695.5,1,0;1
286.8,31,345.5,694.6,1,0;1
287.0,31,366.5,693.7,1,0;1
287.2,31,387.4,692.9,1,0;1
287.4,31,408.4,692.0,1,0;1
287.6,31,429.4,691.2,1,0;1
287.8,31,450.4,690.3,1,0;1
288.0,31,471.4,689.5,1,0;1
288.2,31,492.3,688.6,1,0;1
288.4,31,513.3,687.8,1,0;1
288.6,31,534.3,686.9,1,0;1
288.8,31,555.3,686.1,1,0;1
289.0,31,569.2,685.5,1,0;1
289.2,31,569.2,685.5,1,0;1
289.4,31,564.2,685.4,1,0;1
289.6,31,558.6,685.8,1,0;1
289.8,31,548.1,685.6,1,0;1
290.0,31,536.4,685.4,1,0;1
290.2,31,530.1,685.5,1,0;1
290.4,31,515.5,685.3,1,0;1
290.6,31,502.9,685.3,1,0;1
290.8,31,497.6,686.2,1,0;1
291.0,31,483.9,686.7,1,0;1
291.2,31,475.3,687.2,1,0;1
291.4,31,462.3,687.6,1,0;1
291.6,31,445.3,687.6,1,0;1
291.8,31,438.8,689.5,1,0;1
292.0,31,424.6,690.5,1,0;1
292.2,31,411.0,691.2,1,0;1
292.4,31,405.8,692.3,1,0;1
292.6,31,396.0,693.1,1,0;1
292.8,31,390.4,693.6,1,0;1
293.0,31,386.7,693.2,1,0;1
293.2,31,400.0,683.0,2,0;1
293.4,31,402.0,677.3,2,0;1
293.6,31,407.3,673.5,2,0;1
293.8,31,404.6,672.6,2,0;1
294.0,31,415.0,669.4,2,0;1
294.2,31,409.8,669.7,2,0;1
294.4,31,406.9,669.9,2,0;1
294.6,31,405.3,670.0,2,0;1
294.8,31,405.6,669.9,2,0;1
295.0,31,403.1,670.1,2,0;1
295.2,31,401.4,670.3,2,0;1
295.4,31,399.1,670.6,2,0;1
295.6,31,400.0,671.7,2,0;1
295.8,31,402.5,673.6,2,0;1
296.0,31,407.0,674.1,2,0;1
296.2,31,418.9,675.3,2,0;1
296.4,31,443.0,673.1,2,0;1
296.6,31,462.2,672.4,2,0;1
296.8,31,474.9,671.3,2,0;1
297.0,31,486.5,671.1,2,0;1
297.2,31,496.0,668.7,2,0;1
297.4,31,520.9,664.5,2,0;1
297.6,31,531.8,660.9,2,0;1
297.8,31,538.4,659.1,2,0;1
298.0,31,563.2,658.5,2,0;1
298.2,31,594.8,659.3,1,0;1
298.4,31,604.1,658.9,1,0;1
298.6,31,609.7,658.6,1,0;1
298.8,31,612.5,658.4,1,0;1
284.2,32,354.3,671.7,1,0
284.4,32,345.9,672.2,1,0
284.6,32,333.5,672.8,1,0
284.8,32,328.7,673.0,1,0
286.0,33,313.4,673.8,1,0
286.2,33,313.4,673.8,1,0
286.4,33,313.4,673.8,1,0
286.6,33,310.6,674.0,1,0
286.8,33,307.7,674.1,1,0
287.0,33,300.2,674.5,1,0
287.2,33,299.6,674.5,1,0
287.4,33,299.6,674.5,1,0
287.6,33,298.7,674.6,1,0
287.8,33,298.5,674.6,1,0
288.0,33,295.8,674.7,1,0
288.2,33,292.2,674.9,1,0
288.4,33,290.5,675.0,1,0
288.6,33,290.5,675.0,1,0
288.8,33,290.5,675.0,1,0
289.0,33,290.5,675.0,1,0
289.2,33,290.5,675.0,1,0
289.4,33,301.9,674.4,1,0
289.6,33,307.6,674.1,1,0
289.8,33,307.6,674.1,1,0
290.0,33,305.8,674.2,1,0
290.2,33,301.6,674.4,1,0
290.4,33,286.8,675.2,1,0
290.6,33,286.8,675.2,1,0
290.8,33,286.8,675.2,1,0
291.0,33,289.5,675.1,1,0
291.2,33,292.9,674.9,1,0
291.4,33,295.2,674.8,1,0
291.6,33,296.3,674.7,1,0
291.8,33,296.3,674.7,1,0
292.0,33,296.3,674.7,1,0
292.2,33,296.3,674.7,1,0
292.4,33,296.3,674.7,1,0
292.6,33,296.3,674.7,1,0
292.8,33,296.3,674.7,1,0
293.0,33,288.1,675.1,1,0
293.2,33,276.6,675.7,1,0
293.4,33,254.5,676.9,1,0
293.6,33,236.6,677.8,1,0
293.8,33,231.0,678.1,1,0
294.0,33,226.3,678.3,1,0
294.2,33,224.4,678.4,1,0
294.4,33,222.7,678.5,1,0
294.6,33,215.0,678.9,1,0
294.8,33,210.6,679.1,1,0
295.0,33,206.2,679.3,1,0
295.2,33,200.7,679.6,1,0
295.4,33,198.8,679.7,1,0
