frame,time_s,label,conf,x1,y1,x2,y2,cx,cy,w,h,person_id
45,1.5,shopping bag,0.262,175.1,440.8,227.0,578.8,201.0,509.8,52.0,138.0,
46,1.533,shopping bag,0.267,175.1,440.8,227.0,578.8,201.0,509.8,52.0,138.0,
48,1.6,shopping bag,0.266,175.0,440.8,227.3,578.8,201.2,509.8,52.2,138.0,
49,1.633,shopping bag,0.266,175.0,440.8,227.3,578.8,201.2,509.8,52.2,138.0,
54,1.8,shopping bag,0.274,175.0,440.8,227.3,578.8,201.2,509.8,52.2,138.0,
55,1.833,shopping bag,0.274,175.0,440.8,227.3,578.8,201.2,509.8,52.2,138.0,
56,1.867,shopping bag,0.281,175.0,440.8,227.3,578.8,201.2,509.8,52.2,138.0,
57,1.9,shopping bag,0.28,175.0,440.8,227.3,578.8,201.2,509.8,52.2,138.0,
58,1.933,shopping bag,0.285,175.0,440.8,227.3,578.8,201.2,509.8,52.2,138.0,
59,1.967,shopping bag,0.285,175.0,440.8,227.3,578.8,201.2,509.8,52.2,138.0,
60,2.0,shopping bag,0.294,175.1,440.8,227.1,578.9,201.1,509.8,52.0,138.0,
61,2.033,shopping bag,0.294,175.0,440.8,227.1,578.8,201.1,509.8,52.1,138.0,
62,2.067,shopping bag,0.294,175.0,440.8,227.1,578.9,201.1,509.9,52.1,138.0,
63,2.1,shopping bag,0.339,175.0,440.9,227.0,578.8,201.0,509.8,52.1,137.9,
64,2.133,shopping bag,0.34,175.0,440.9,227.0,578.8,201.0,509.8,52.0,137.9,
65,2.167,shopping bag,0.341,175.0,440.9,227.0,578.8,201.0,509.8,52.0,137.9,
66,2.2,shopping bag,0.341,175.0,440.9,227.0,578.8,201.0,509.8,52.0,137.9,
67,2.233,shopping bag,0.338,175.0,440.9,227.0,578.8,201.0,509.8,52.0,137.9,
68,2.267,shopping bag,0.334,175.0,440.9,227.0,578.8,201.0,509.8,52.0,137.9,
69,2.3,shopping bag,0.339,175.0,440.9,227.0,578.8,201.0,509.8,52.0,137.9,
70,2.333,shopping bag,0.331,175.0,440.9,227.1,578.8,201.0,509.8,52.1,137.9,
71,2.367,shopping bag,0.331,175.0,440.9,227.0,578.8,201.0,509.9,52.1,137.9,
72,2.4,shopping bag,0.345,175.0,440.9,227.0,578.8,201.0,509.8,52.0,137.9,
73,2.433,shopping bag,0.356,175.0,440.9,227.0,578.8,201.0,509.8,52.0,137.9,
74,2.467,shopping bag,0.356,175.0,440.9,227.0,578.8,201.0,509.8,52.0,137.9,
75,2.5,shopping bag,0.301,175.1,440.9,227.0,578.8,201.1,509.8,52.0,137.9,
76,2.533,shopping bag,0.29,175.1,440.9,227.1,578.8,201.1,509.8,52.0,137.9,
77,2.567,shopping bag,0.284,175.1,440.9,227.1,578.8,201.1,509.8,52.0,137.9,
78,2.6,shopping bag,0.281,175.1,440.9,227.1,578.8,201.1,509.8,52.0,137.9,
79,2.633,shopping bag,0.276,175.1,440.9,227.1,578.8,201.1,509.8,52.0,137.9,
80,2.667,shopping bag,0.255,175.1,440.9,227.3,578.7,201.2,509.8,52.2,137.8,
81,2.7,shopping bag,0.331,175.0,440.9,227.5,578.6,201.2,509.8,52.5,137.7,
82,2.733,shopping bag,0.327,175.0,440.9,227.4,578.6,201.2,509.8,52.5,137.7,
83,2.767,shopping bag,0.33,175.0,440.9,227.5,578.6,201.2,509.8,52.5,137.7,
84,2.8,shopping bag,0.346,175.0,440.9,227.4,578.6,201.2,509.8,52.5,137.7,
85,2.833,shopping bag,0.352,175.0,440.9,227.4,578.6,201.2,509.8,52.5,137.7,
86,2.867,shopping bag,0.365,175.0,440.9,227.4,578.6,201.2,509.8,52.5,137.7,
87,2.9,shopping bag,0.348,175.0,440.9,227.4,578.6,201.2,509.8,52.5,137.7,
88,2.933,shopping bag,0.324,175.0,440.9,227.4,578.6,201.2,509.8,52.5,137.7,
89,2.967,shopping bag,0.312,175.0,440.9,227.6,578.7,201.3,509.8,52.6,137.8,
90,3.0,shopping bag,0.315,174.9,440.9,227.5,578.7,201.2,509.8,52.5,137.8,
91,3.033,shopping bag,0.288,175.0,440.9,227.5,578.7,201.2,509.8,52.5,137.8,
92,3.067,shopping bag,0.295,175.0,440.9,227.6,578.8,201.3,509.8,52.6,137.9,
93,3.1,shopping bag,0.266,175.0,440.8,227.5,578.7,201.2,509.7,52.6,137.9,
94,3.133,shopping bag,0.263,174.9,440.8,227.5,578.7,201.2,509.7,52.5,137.9,
95,3.167,shopping bag,0.262,174.9,440.8,227.5,578.7,201.2,509.7,52.5,137.9,
96,3.2,shopping bag,0.269,174.9,440.7,227.4,578.7,201.2,509.7,52.5,137.9,
97,3.233,shopping bag,0.259,175.0,440.7,227.4,578.7,201.2,509.7,52.5,138.0,
98,3.267,shopping bag,0.255,174.9,440.7,227.4,578.7,201.2,509.7,52.5,138.0,
103,3.433,shopping bag,0.251,174.9,440.8,227.5,578.7,201.2,509.7,52.5,137.9,
104,3.467,shopping bag,0.265,174.9,440.8,227.5,578.7,201.2,509.7,52.6,137.9,
105,3.5,shopping bag,0.286,174.9,440.8,227.5,578.7,201.2,509.7,52.6,137.9,
106,3.533,shopping bag,0.287,174.9,440.8,227.5,578.7,201.2,509.7,52.6,137.9,
107,3.567,shopping bag,0.261,174.9,440.8,227.5,578.7,201.2,509.7,52.6,137.9,
108,3.6,shopping bag,0.261,174.9,440.8,227.5,578.7,201.2,509.7,52.6,137.9,
109,3.633,shopping bag,0.266,174.9,440.8,227.5,578.7,201.2,509.7,52.6,137.9,
110,3.667,shopping bag,0.259,174.9,440.8,227.5,578.7,201.2,509.7,52.6,137.9,
111,3.7,shopping bag,0.266,174.9,440.8,227.5,578.7,201.2,509.7,52.6,137.9,
112,3.733,shopping bag,0.269,174.9,440.8,227.5,578.7,201.2,509.7,52.6,137.9,
113,3.767,shopping bag,0.268,174.9,440.8,227.5,578.7,201.2,509.7,52.6,137.9,
114,3.8,shopping bag,0.267,174.9,440.8,227.4,578.7,201.1,509.7,52.5,137.9,
115,3.833,shopping bag,0.271,174.9,440.8,227.2,578.7,201.0,509.7,52.3,137.8,
116,3.867,shopping bag,0.293,174.9,440.8,227.2,578.7,201.0,509.7,52.3,137.8,
117,3.9,shopping bag,0.293,174.9,440.8,227.2,578.7,201.0,509.7,52.3,137.9,
118,3.933,shopping bag,0.293,174.9,440.8,227.2,578.7,201.0,509.7,52.3,137.9,
119,3.967,shopping bag,0.337,174.8,440.8,227.3,578.6,201.1,509.7,52.4,137.8,
120,4.0,shopping bag,0.34,174.8,440.8,227.3,578.6,201.1,509.7,52.4,137.8,
121,4.033,shopping bag,0.374,174.9,440.8,227.4,578.6,201.2,509.7,52.5,137.8,
122,4.067,shopping bag,0.373,174.9,440.8,227.4,578.6,201.2,509.7,52.5,137.8,
123,4.1,shopping bag,0.364,174.8,440.8,227.5,578.7,201.1,509.7,52.8,137.9,
124,4.133,shopping bag,0.353,174.7,440.9,227.6,578.7,201.1,509.8,52.9,137.8,
125,4.167,shopping bag,0.358,174.7,440.9,227.6,578.7,201.1,509.8,52.9,137.8,
126,4.2,shopping bag,0.314,174.7,440.9,227.6,578.7,201.1,509.8,52.9,137.8,
127,4.233,shopping bag,0.314,174.7,440.9,227.6,578.7,201.1,509.8,52.8,137.8,
128,4.267,shopping bag,0.335,174.7,440.7,227.6,578.7,201.1,509.7,52.9,138.0,
129,4.3,shopping bag,0.328,174.7,440.8,227.6,578.7,201.1,509.8,52.8,137.9,
130,4.333,shopping bag,0.328,174.7,440.8,227.6,578.7,201.1,509.8,52.8,137.9,
131,4.367,shopping bag,0.328,174.7,440.7,227.6,578.7,201.1,509.7,52.9,137.9,
132,4.4,shopping bag,0.34,174.7,440.7,227.6,578.7,201.1,509.7,52.8,138.0,
133,4.433,shopping bag,0.328,174.7,440.7,227.6,578.7,201.1,509.7,52.9,138.0,
134,4.467,shopping bag,0.321,174.7,440.7,227.6,578.7,201.2,509.7,52.9,138.0,
135,4.5,shopping bag,0.307,174.7,440.7,227.6,578.7,201.2,509.7,52.9,137.9,
136,4.533,shopping bag,0.308,174.7,440.7,227.6,578.7,201.2,509.7,52.9,137.9,
137,4.567,shopping bag,0.326,174.7,440.7,227.6,578.7,201.2,509.7,52.9,137.9,
138,4.6,shopping bag,0.364,174.7,440.7,227.6,578.7,201.2,509.7,52.9,138.0,
139,4.633,shopping bag,0.347,174.7,440.7,227.6,578.7,201.1,509.7,52.9,138.0,
140,4.667,shopping bag,0.353,174.7,440.7,227.6,578.7,201.1,509.7,52.9,138.0,
141,4.7,shopping bag,0.348,174.7,440.7,227.6,578.7,201.1,509.7,52.9,138.0,
142,4.733,shopping bag,0.348,174.7,440.7,227.6,578.7,201.1,509.7,52.9,138.0,
143,4.767,shopping bag,0.349,174.7,440.7,227.6,578.7,201.1,509.7,52.9,138.0,
144,4.8,shopping bag,0.363,174.7,440.7,227.6,578.7,201.1,509.7,52.9,138.0,
145,4.833,shopping bag,0.355,174.7,440.7,227.6,578.7,201.1,509.7,52.9,138.0,
146,4.867,shopping bag,0.36,174.7,440.7,227.6,578.7,201.1,509.7,52.9,138.0,
147,4.9,shopping bag,0.366,174.7,440.7,227.6,578.7,201.1,509.7,52.9,138.0,
148,4.933,shopping bag,0.358,174.7,440.7,227.6,578.7,201.1,509.7,52.9,138.0,
149,4.967,shopping bag,0.391,174.7,440.7,227.5,578.7,201.1,509.7,52.9,138.1,
150,5.0,shopping bag,0.363,174.7,440.8,227.4,578.6,201.0,509.7,52.7,137.9,
151,5.033,shopping bag,0.402,174.7,440.8,227.4,578.6,201.0,509.7,52.7,137.9,
152,5.067,shopping bag,0.394,174.7,440.8,227.4,578.6,201.0,509.7,52.7,137.9,
153,5.1,shopping bag,0.395,174.7,440.8,227.4,578.6,201.0,509.7,52.7,137.9,
154,5.133,shopping bag,0.382,174.8,440.9,227.1,578.4,201.0,509.6,52.3,137.5,
155,5.167,shopping bag,0.376,174.8,440.9,227.2,578.5,201.0,509.7,52.4,137.6,
156,5.2,shopping bag,0.383,174.8,440.9,227.3,578.4,201.0,509.7,52.5,137.5,
157,5.233,shopping bag,0.362,174.7,440.9,227.3,578.5,201.0,509.7,52.5,137.5,
158,5.267,shopping bag,0.431,174.8,440.9,227.2,578.4,201.0,509.7,52.4,137.5,
159,5.3,shopping bag,0.412,174.8,440.9,227.2,578.4,201.0,509.7,52.4,137.5,
160,5.333,shopping bag,0.342,174.4,440.6,227.4,578.7,200.9,509.7,53.0,138.0,
160,5.333,cardboard box,0.25,44.5,116.8,86.1,147.2,65.3,132.0,41.6,30.4,
161,5.367,shopping bag,0.314,174.8,440.9,227.7,578.7,201.2,509.8,53.0,137.8,
161,5.367,cardboard box,0.298,44.6,117.0,85.8,147.2,65.2,132.1,41.2,30.2,
162,5.4,shopping bag,0.312,174.7,440.9,227.8,578.7,201.3,509.8,53.0,137.8,
162,5.4,cardboard box,0.296,44.6,117.0,85.8,147.2,65.2,132.1,41.2,30.2,
163,5.433,shopping bag,0.339,174.8,440.9,227.8,578.6,201.3,509.8,53.1,137.7,
163,5.433,cardboard box,0.305,44.6,117.0,85.8,147.2,65.2,132.1,41.2,30.2,
164,5.467,shopping bag,0.338,174.8,440.9,227.8,578.6,201.3,509.8,53.1,137.7,
164,5.467,cardboard box,0.305,44.6,117.0,85.8,147.2,65.2,132.1,41.2,30.2,
165,5.5,shopping bag,0.385,174.9,440.8,227.6,578.7,201.2,509.8,52.7,137.9,
165,5.5,cardboard box,0.283,44.6,117.1,85.6,147.2,65.1,132.1,41.0,30.1,
166,5.533,shopping bag,0.381,174.8,440.9,227.6,578.7,201.2,509.8,52.7,137.8,
166,5.533,cardboard box,0.284,44.6,117.0,85.6,147.2,65.1,132.1,41.0,30.1,
167,5.567,shopping bag,0.382,174.9,440.8,227.5,578.7,201.2,509.8,52.6,137.9,
167,5.567,cardboard box,0.278,44.6,117.1,85.6,147.2,65.1,132.1,41.0,30.1,
168,5.6,shopping bag,0.44,174.8,440.8,227.9,578.9,201.4,509.8,53.1,138.2,
168,5.6,cardboard box,0.277,44.6,117.1,85.6,147.1,65.1,132.1,40.9,30.0,
169,5.633,shopping bag,0.352,174.9,440.8,228.0,579.0,201.4,509.9,53.2,138.2,
169,5.633,cardboard box,0.257,44.8,117.1,85.5,147.1,65.1,132.1,40.7,30.0,
170,5.667,shopping bag,0.352,174.9,440.8,228.1,578.9,201.5,509.8,53.2,138.1,
170,5.667,cardboard box,0.253,44.8,117.2,85.5,147.1,65.1,132.1,40.7,30.0,
171,5.7,shopping bag,0.493,174.9,440.8,227.6,579.0,201.3,509.9,52.7,138.2,
172,5.733,shopping bag,0.486,174.9,440.8,227.6,579.0,201.3,509.9,52.7,138.2,
173,5.767,shopping bag,0.625,174.9,440.8,227.3,579.0,201.1,509.9,52.4,138.2,
174,5.8,shopping bag,0.624,174.9,440.8,227.3,579.0,201.1,509.9,52.4,138.2,
175,5.833,shopping bag,0.623,174.9,440.8,227.3,579.0,201.1,509.9,52.4,138.2,
176,5.867,shopping bag,0.583,175.0,440.9,227.4,579.0,201.2,509.9,52.5,138.1,
177,5.9,shopping bag,0.475,174.8,440.6,228.0,579.6,201.4,510.1,53.1,139.0,
178,5.933,shopping bag,0.597,174.6,440.6,228.1,579.5,201.3,510.0,53.5,139.0,4
179,5.967,shopping bag,0.681,174.5,439.9,227.6,576.3,201.1,508.1,53.1,136.5,4
180,6.0,shopping bag,0.906,174.6,437.4,237.6,577.3,206.1,507.4,63.0,139.9,4
181,6.033,shopping bag,0.887,174.6,437.8,237.2,577.2,205.9,507.5,62.6,139.4,4
182,6.067,shopping bag,0.876,174.6,437.5,236.9,577.3,205.8,507.4,62.3,139.7,4
183,6.1,shopping bag,0.94,174.5,436.8,227.5,577.2,201.0,507.0,52.9,140.4,4
184,6.133,shopping bag,0.942,174.5,436.8,227.5,577.2,201.0,507.0,52.9,140.4,4
185,6.167,shopping bag,0.942,174.5,436.8,227.5,577.2,201.0,507.0,52.9,140.4,4
186,6.2,shopping bag,0.776,174.1,436.5,227.9,577.4,201.0,507.0,53.7,141.0,4
187,6.233,shopping bag,0.785,174.2,436.1,227.6,577.5,200.9,506.8,53.4,141.3,4
188,6.267,bottle,0.351,268.0,589.1,297.7,637.3,282.8,613.2,29.7,48.3,4
200,6.667,bottle,0.257,1015.6,149.4,1032.5,200.2,1024.0,174.8,16.9,50.8,
204,6.8,bottle,0.251,1015.6,149.5,1032.5,200.3,1024.1,174.9,16.9,50.8,3
206,6.867,shopping bag,0.705,174.0,440.9,227.8,580.6,200.9,510.7,53.8,139.7,4
206,6.867,shopping bag,0.263,176.0,490.9,226.9,579.4,201.5,535.2,50.9,88.6,4
207,6.9,shopping bag,0.645,173.9,440.6,227.8,580.6,200.8,510.6,54.0,140.0,4
207,6.9,bottle,0.256,1015.7,149.5,1032.4,200.4,1024.0,174.9,16.8,50.9,3
208,6.933,shopping bag,0.671,174.6,440.9,227.4,580.0,201.0,510.4,52.8,139.1,
208,6.933,bottle,0.286,1015.7,149.5,1032.3,200.3,1024.0,174.9,16.7,50.8,3
209,6.967,shopping bag,0.674,174.6,440.9,227.4,580.0,201.0,510.4,52.8,139.1,
209,6.967,bottle,0.286,1015.7,149.5,1032.3,200.3,1024.0,174.9,16.7,50.8,3
210,7.0,shopping bag,0.862,175.4,440.9,227.1,580.0,201.3,510.4,51.7,139.1,
210,7.0,shopping bag,0.362,175.7,487.9,226.6,579.1,201.2,533.5,50.9,91.2,
210,7.0,bottle,0.302,1015.6,149.5,1032.4,200.5,1024.0,175.0,16.8,51.0,3
211,7.033,shopping bag,0.856,175.4,441.0,227.2,579.9,201.3,510.5,51.8,138.9,
211,7.033,shopping bag,0.4,175.8,489.6,226.6,579.1,201.2,534.3,50.8,89.5,
211,7.033,bottle,0.302,1015.6,149.5,1032.4,200.5,1024.0,175.0,16.8,51.0,3
212,7.067,shopping bag,0.856,175.4,441.0,227.2,579.9,201.3,510.5,51.8,138.9,
212,7.067,shopping bag,0.4,175.8,489.6,226.6,579.1,201.2,534.3,50.8,89.5,
212,7.067,bottle,0.302,1015.6,149.5,1032.4,200.5,1024.0,175.0,16.8,51.0,3
213,7.1,shopping bag,0.829,175.3,440.9,227.2,579.9,201.2,510.4,51.9,139.0,
213,7.1,shopping bag,0.38,175.7,488.4,226.6,579.0,201.1,533.7,50.9,90.6,
213,7.1,bottle,0.29,1015.7,149.5,1032.4,200.3,1024.1,174.9,16.7,50.8,3
214,7.133,shopping bag,0.704,175.2,441.1,226.8,579.0,201.0,510.1,51.6,137.9,
214,7.133,bottle,0.273,1015.8,149.5,1032.5,199.9,1024.1,174.7,16.6,50.4,3
215,7.167,shopping bag,0.696,175.0,441.1,226.8,579.0,200.9,510.0,51.8,137.9,
215,7.167,bottle,0.274,1015.8,149.5,1032.5,199.9,1024.2,174.7,16.6,50.4,3
216,7.2,shopping bag,0.642,173.8,440.6,227.0,578.1,200.4,509.3,53.2,137.5,
216,7.2,bottle,0.279,1015.8,149.5,1032.5,200.1,1024.1,174.8,16.7,50.6,3
217,7.233,shopping bag,0.5,174.3,440.8,226.9,579.5,200.6,510.1,52.6,138.6,
217,7.233,bottle,0.281,1015.8,149.5,1032.5,200.1,1024.2,174.8,16.7,50.6,3
218,7.267,shopping bag,0.495,174.3,440.8,226.9,579.5,200.6,510.2,52.6,138.6,
218,7.267,bottle,0.288,1015.8,149.5,1032.5,200.1,1024.2,174.8,16.7,50.6,3
219,7.3,shopping bag,0.539,174.6,441.7,226.8,578.6,200.7,510.1,52.2,136.9,
219,7.3,bottle,0.299,1015.7,149.5,1032.5,200.1,1024.1,174.8,16.8,50.6,3
220,7.333,shopping bag,0.548,174.4,441.7,226.8,578.6,200.6,510.1,52.4,136.9,
220,7.333,bottle,0.299,1015.8,149.5,1032.5,200.1,1024.1,174.8,16.7,50.6,3
221,7.367,shopping bag,0.503,174.1,441.7,226.8,578.6,200.4,510.1,52.7,136.9,
221,7.367,bottle,0.299,1015.8,149.5,1032.5,200.1,1024.1,174.8,16.7,50.6,3
222,7.4,shopping bag,0.634,174.8,441.7,226.8,578.7,200.8,510.2,51.9,136.9,
222,7.4,bottle,0.308,1015.7,149.5,1032.4,200.2,1024.1,174.8,16.7,50.7,3
223,7.433,shopping bag,0.631,174.8,441.8,226.8,578.7,200.8,510.2,52.1,136.9,
223,7.433,bottle,0.297,1015.8,149.4,1032.5,200.2,1024.1,174.8,16.7,50.8,3
224,7.467,shopping bag,0.635,174.7,441.8,226.9,578.7,200.8,510.2,52.2,136.9,
224,7.467,bottle,0.297,1015.8,149.4,1032.5,200.2,1024.1,174.8,16.7,50.8,3
225,7.5,shopping bag,0.601,174.5,441.7,226.9,578.6,200.7,510.1,52.4,136.9,
225,7.5,bottle,0.32,1015.8,149.4,1032.4,200.2,1024.1,174.8,16.6,50.8,3
226,7.533,shopping bag,0.601,174.5,441.7,226.9,578.6,200.7,510.1,52.4,136.9,
226,7.533,bottle,0.32,1015.8,149.4,1032.4,200.2,1024.1,174.8,16.6,50.8,3
227,7.567,shopping bag,0.602,174.5,441.7,226.9,578.6,200.7,510.1,52.4,136.9,
227,7.567,bottle,0.322,1015.8,149.3,1032.4,200.2,1024.1,174.8,16.6,50.8,3
228,7.6,shopping bag,0.651,175.2,440.2,227.0,577.3,201.1,508.7,51.9,137.1,
228,7.6,bottle,0.311,1015.8,149.4,1032.4,200.0,1024.1,174.7,16.6,50.6,3
229,7.633,shopping bag,0.545,172.3,440.2,227.2,577.6,199.7,508.9,54.9,137.4,
229,7.633,bottle,0.303,1015.8,149.3,1032.5,200.0,1024.1,174.7,16.6,50.7,3
230,7.667,shopping bag,0.517,173.2,440.1,227.1,577.6,200.1,508.8,53.8,137.5,
230,7.667,bottle,0.293,1015.7,149.3,1032.4,200.0,1024.1,174.6,16.7,50.7,3
231,7.7,shopping bag,0.545,172.1,440.0,227.1,577.7,199.6,508.9,55.1,137.6,
231,7.7,bottle,0.295,1015.7,149.2,1032.4,200.1,1024.1,174.7,16.7,50.9,3
231,7.7,shopping basket,0.275,181.6,321.7,241.0,397.3,211.3,359.5,59.4,75.5,
232,7.733,shopping bag,0.546,172.1,440.0,227.1,577.7,199.6,508.9,55.0,137.6,
232,7.733,bottle,0.295,1015.7,149.2,1032.4,200.1,1024.1,174.7,16.7,50.9,3
232,7.733,shopping basket,0.275,181.6,321.7,241.0,397.3,211.3,359.5,59.4,75.5,
233,7.767,shopping bag,0.562,172.2,440.1,227.1,577.6,199.6,508.9,55.0,137.6,
233,7.767,bottle,0.293,1015.7,149.2,1032.4,200.1,1024.1,174.7,16.7,50.9,3
233,7.767,shopping basket,0.274,181.7,321.7,241.0,397.4,211.3,359.6,59.4,75.7,
234,7.8,shopping bag,0.604,171.5,440.2,227.1,578.7,199.3,509.4,55.6,138.5,
234,7.8,bottle,0.292,1015.7,149.2,1032.4,200.1,1024.1,174.7,16.7,50.9,3
235,7.833,shopping bag,0.498,172.1,440.2,227.0,578.3,199.6,509.3,54.9,138.1,
235,7.833,bottle,0.281,1015.7,149.2,1032.4,200.1,1024.1,174.7,16.7,50.8,3
236,7.867,shopping bag,0.516,171.8,440.2,227.0,578.3,199.4,509.2,55.2,138.1,
236,7.867,bottle,0.281,1015.7,149.2,1032.4,200.1,1024.1,174.7,16.7,50.8,3
237,7.9,shopping bag,0.443,170.4,441.7,227.0,579.3,198.7,510.5,56.6,137.7,
237,7.9,bottle,0.274,1015.7,149.2,1032.4,200.1,1024.1,174.7,16.7,50.8,3
238,7.933,shopping bag,0.441,170.7,441.7,227.0,579.2,198.9,510.4,56.3,137.5,
238,7.933,bottle,0.278,1015.7,149.3,1032.4,200.0,1024.1,174.6,16.7,50.7,3
239,7.967,shopping bag,0.517,170.2,440.6,227.1,578.2,198.7,509.4,56.9,137.6,
239,7.967,bottle,0.27,1015.8,149.3,1032.4,199.9,1024.1,174.6,16.6,50.6,3
240,8.0,shopping bag,0.533,169.5,440.5,227.1,578.2,198.3,509.4,57.7,137.7,
240,8.0,bottle,0.262,1015.7,149.3,1032.4,199.9,1024.1,174.6,16.7,50.6,3
241,8.033,shopping bag,0.476,171.9,440.5,227.0,578.4,199.5,509.4,55.1,137.9,
242,8.067,shopping bag,0.477,171.9,440.5,227.0,578.4,199.5,509.4,55.1,137.9,
243,8.1,shopping bag,0.474,172.0,440.5,227.0,578.4,199.5,509.4,55.0,137.9,
244,8.133,shopping bag,0.652,173.5,440.5,227.3,578.3,200.4,509.4,53.8,137.9,
244,8.133,bottle,0.256,1015.7,149.3,1032.5,199.9,1024.1,174.6,16.8,50.6,3
245,8.167,shopping bag,0.653,173.5,440.5,227.3,578.3,200.4,509.4,53.8,137.9,
245,8.167,bottle,0.256,1015.7,149.3,1032.5,199.9,1024.1,174.6,16.8,50.6,3
246,8.2,shopping bag,0.654,173.5,440.5,227.3,578.3,200.4,509.4,53.8,137.9,
246,8.2,bottle,0.256,1015.7,149.3,1032.5,199.9,1024.1,174.6,16.8,50.6,3
247,8.233,shopping bag,0.654,173.5,440.5,227.3,578.3,200.4,509.4,53.8,137.9,
247,8.233,bottle,0.256,1015.7,149.3,1032.5,199.9,1024.1,174.6,16.8,50.6,3
248,8.267,shopping bag,0.621,173.6,440.3,227.3,578.2,200.5,509.2,53.7,137.9,
248,8.267,bottle,0.254,1015.8,149.3,1032.5,199.8,1024.1,174.6,16.7,50.5,3
249,8.3,shopping bag,0.608,173.8,440.4,227.3,578.0,200.6,509.2,53.5,137.6,
249,8.3,bottle,0.262,1015.8,149.3,1032.4,199.9,1024.1,174.6,16.7,50.5,3
250,8.333,shopping bag,0.655,174.0,440.3,227.3,578.0,200.7,509.2,53.3,137.7,
250,8.333,bottle,0.263,1015.8,149.3,1032.4,199.9,1024.1,174.6,16.6,50.5,3
251,8.367,shopping bag,0.64,174.0,440.3,227.3,578.0,200.7,509.2,53.3,137.7,
251,8.367,bottle,0.259,1015.8,149.4,1032.4,199.8,1024.1,174.6,16.6,50.5,3
252,8.4,shopping bag,0.56,173.9,440.1,227.1,577.9,200.5,509.0,53.2,137.8,
252,8.4,bottle,0.27,1015.8,149.3,1032.4,199.9,1024.1,174.6,16.7,50.6,
253,8.433,shopping bag,0.617,174.0,441.7,227.5,579.4,200.7,510.6,53.5,137.8,
254,8.467,shopping bag,0.58,173.9,441.7,227.5,579.4,200.7,510.6,53.6,137.7,
255,8.5,shopping bag,0.615,173.7,442.2,227.4,579.2,200.6,510.7,53.7,137.0,
256,8.533,shopping bag,0.609,173.8,442.2,227.4,579.2,200.6,510.7,53.6,137.0,
257,8.567,shopping bag,0.601,173.7,442.3,227.4,579.2,200.5,510.8,53.8,137.0,
258,8.6,shopping bag,0.606,173.7,442.3,227.4,579.3,200.5,510.8,53.8,137.0,
259,8.633,shopping bag,0.562,174.3,441.7,227.2,578.6,200.7,510.1,52.8,136.9,
260,8.667,shopping bag,0.544,174.5,442.1,227.4,578.7,201.0,510.4,52.9,136.6,
261,8.7,shopping bag,0.602,174.2,441.9,227.2,578.7,200.7,510.3,53.0,136.8,
261,8.7,handbag,0.344,0.0,321.4,20.8,386.4,10.4,353.9,20.8,65.0,2
261,8.7,handbag,0.302,0.0,340.9,20.9,385.2,10.5,363.0,20.9,44.3,2
261,8.7,bottle,0.264,1015.7,149.3,1032.5,200.0,1024.1,174.6,16.8,50.7,
262,8.733,shopping bag,0.598,174.3,441.9,227.2,578.7,200.7,510.3,52.9,136.8,
262,8.733,handbag,0.339,0.0,321.0,20.8,386.4,10.4,353.7,20.8,65.3,2
262,8.733,handbag,0.297,0.0,340.8,20.9,385.2,10.5,363.0,20.9,44.4,2
262,8.733,bottle,0.263,1015.7,149.3,1032.5,200.0,1024.1,174.6,16.8,50.7,
263,8.767,shopping bag,0.45,174.3,442.1,228.1,579.0,201.2,510.6,53.8,137.0,
263,8.767,handbag,0.337,0.0,317.4,27.8,391.5,13.9,354.4,27.8,74.1,2
263,8.767,bottle,0.257,1015.7,149.3,1032.4,200.0,1024.1,174.7,16.8,50.7,
264,8.8,shopping bag,0.449,174.2,441.9,227.9,579.0,201.1,510.5,53.7,137.1,
264,8.8,handbag,0.267,0.0,319.8,26.2,391.3,13.1,355.6,26.1,71.5,2
264,8.8,bottle,0.258,1015.7,149.3,1032.5,200.0,1024.1,174.7,16.8,50.7,
265,8.833,shopping bag,0.319,174.4,440.3,227.4,578.8,200.9,509.6,52.9,138.5,4
265,8.833,handbag,0.307,0.0,316.6,32.5,396.6,16.3,356.6,32.5,80.0,2
266,8.867,handbag,0.313,0.0,316.7,32.6,396.6,16.3,356.6,32.5,79.9,2
266,8.867,shopping bag,0.307,174.5,440.3,227.3,578.9,200.9,509.6,52.8,138.6,4
267,8.9,handbag,0.603,0.0,321.2,39.1,402.7,19.5,361.9,39.1,81.5,2
267,8.9,shopping bag,0.251,174.6,440.2,228.4,578.8,201.5,509.5,53.8,138.7,4
268,8.933,handbag,0.585,0.0,321.7,38.8,402.7,19.4,362.2,38.8,81.0,2
269,8.967,handbag,0.563,0.0,321.7,38.8,402.8,19.4,362.2,38.8,81.1,2
270,9.0,handbag,0.413,0.1,327.0,42.2,405.6,21.1,366.3,42.1,78.6,2
271,9.033,handbag,0.463,2.8,330.7,45.0,411.2,23.9,370.9,42.2,80.5,2
272,9.067,handbag,0.432,2.7,330.2,45.2,411.3,23.9,370.7,42.4,81.1,2
273,9.1,handbag,0.454,6.2,335.3,50.5,416.5,28.3,375.9,44.3,81.2,2
273,9.1,shopping bag,0.27,174.9,440.5,227.9,578.7,201.4,509.6,53.0,138.2,4
274,9.133,handbag,0.454,6.2,335.3,50.5,416.5,28.3,375.9,44.3,81.2,2
274,9.133,shopping bag,0.27,174.8,440.5,227.9,578.7,201.4,509.6,53.0,138.2,4
275,9.167,handbag,0.454,6.2,335.3,50.5,416.5,28.3,375.9,44.3,81.2,2
275,9.167,shopping bag,0.273,174.9,440.5,227.8,578.7,201.3,509.6,53.0,138.2,4
276,9.2,handbag,0.453,6.2,335.3,50.5,416.5,28.3,375.9,44.3,81.2,2
277,9.233,handbag,0.453,6.2,335.3,50.5,416.5,28.3,375.9,44.3,81.2,2
278,9.267,shopping bag,0.454,175.0,441.1,227.8,578.6,201.4,509.8,52.8,137.5,
279,9.3,shopping bag,0.454,175.0,441.1,227.8,578.6,201.4,509.8,52.8,137.5,
280,9.333,shopping bag,0.446,175.0,441.1,227.7,578.4,201.3,509.8,52.7,137.3,
281,9.367,shopping bag,0.525,175.2,441.5,227.1,578.4,201.2,509.9,51.9,137.0,
281,9.367,handbag,0.437,9.8,358.5,59.7,442.1,34.8,400.3,49.9,83.6,2
282,9.4,shopping bag,0.511,175.2,441.5,227.2,578.4,201.2,510.0,51.9,137.0,
282,9.4,handbag,0.411,10.3,358.8,59.8,442.2,35.0,400.5,49.5,83.4,2
283,9.433,shopping bag,0.551,175.2,441.2,227.2,578.5,201.2,509.8,51.9,137.2,
284,9.467,shopping bag,0.553,175.2,441.2,227.2,578.5,201.2,509.8,51.9,137.2,
284,9.467,handbag,0.253,9.4,361.9,56.3,449.6,32.8,405.7,47.0,87.7,2
285,9.5,shopping bag,0.559,174.9,441.2,227.2,578.5,201.1,509.9,52.3,137.4,
286,9.533,shopping bag,0.551,174.9,441.2,227.2,578.5,201.1,509.8,52.3,137.4,
287,9.567,shopping bag,0.564,174.9,441.2,227.2,578.5,201.1,509.9,52.3,137.3,
288,9.6,shopping bag,0.55,174.9,441.1,227.2,578.5,201.1,509.8,52.3,137.4,
289,9.633,shopping bag,0.542,174.9,441.1,227.3,578.5,201.1,509.8,52.4,137.4,
290,9.667,shopping bag,0.525,174.9,441.1,227.2,578.5,201.1,509.8,52.3,137.4,
291,9.7,shopping bag,0.511,175.0,441.1,227.2,578.5,201.1,509.8,52.2,137.4,
291,9.7,handbag,0.281,0.0,372.6,52.5,469.6,26.3,421.1,52.5,97.1,2
292,9.733,shopping bag,0.512,175.0,441.1,227.2,578.5,201.1,509.8,52.2,137.4,
292,9.733,handbag,0.281,0.0,372.6,52.5,469.6,26.3,421.1,52.5,97.1,2
293,9.767,shopping bag,0.505,174.9,441.1,227.4,578.5,201.2,509.8,52.5,137.4,
293,9.767,handbag,0.282,0.0,372.6,52.5,469.6,26.3,421.1,52.5,97.0,2
294,9.8,shopping bag,0.528,174.8,441.1,227.4,578.5,201.1,509.8,52.6,137.4,
294,9.8,handbag,0.395,0.0,387.0,50.7,486.4,25.3,436.7,50.7,99.4,2
295,9.833,shopping bag,0.512,174.8,441.1,227.4,578.5,201.1,509.8,52.6,137.4,
295,9.833,handbag,0.42,0.0,388.1,50.2,486.9,25.1,437.5,50.2,98.8,2
296,9.867,shopping bag,0.511,174.8,441.0,227.6,578.5,201.2,509.8,52.9,137.5,
296,9.867,handbag,0.287,0.0,385.9,48.2,496.1,24.1,441.0,48.2,110.1,2
297,9.9,handbag,0.459,0.0,389.8,45.7,509.7,22.8,449.8,45.7,120.0,2
297,9.9,shopping bag,0.458,174.7,441.2,227.6,578.5,201.2,509.8,52.9,137.3,
298,9.933,handbag,0.456,0.0,390.2,45.6,509.7,22.8,449.9,45.6,119.5,2
298,9.933,shopping bag,0.439,174.7,441.3,227.7,578.5,201.2,509.9,53.0,137.3,
299,9.967,handbag,0.459,0.0,390.2,45.6,509.7,22.8,449.9,45.6,119.5,2
299,9.967,shopping bag,0.442,174.7,441.3,227.7,578.6,201.2,510.0,53.0,137.4,
300,10.0,shopping bag,0.48,174.8,441.2,227.5,578.6,201.1,509.9,52.7,137.3,
301,10.033,shopping bag,0.494,174.8,441.3,227.5,578.6,201.1,509.9,52.7,137.3,
301,10.033,handbag,0.379,0.0,415.1,43.9,520.3,21.9,467.7,43.9,105.1,2
302,10.067,shopping bag,0.441,174.8,441.3,227.5,578.6,201.1,509.9,52.7,137.3,
303,10.1,shopping bag,0.42,174.8,441.2,227.5,578.6,201.2,509.9,52.8,137.4,
304,10.133,shopping bag,0.42,174.8,441.2,227.5,578.6,201.2,509.9,52.8,137.4,
305,10.167,shopping bag,0.431,174.8,441.3,227.5,578.6,201.1,509.9,52.7,137.3,
306,10.2,shopping bag,0.362,174.8,441.4,227.5,578.5,201.2,510.0,52.7,137.1,
306,10.2,handbag,0.259,178.2,318.8,236.4,388.6,207.3,353.7,58.2,69.8,4
307,10.233,shopping bag,0.363,174.8,441.4,227.5,578.5,201.2,510.0,52.7,137.1,
307,10.233,handbag,0.256,178.2,318.8,236.4,388.6,207.3,353.7,58.2,69.9,4
308,10.267,shopping bag,0.338,174.8,441.4,227.7,578.4,201.3,509.9,52.9,137.1,
308,10.267,handbag,0.275,178.2,318.8,236.5,388.6,207.3,353.7,58.3,69.8,4
309,10.3,shopping bag,0.301,174.7,441.4,227.7,578.4,201.2,509.9,53.0,137.1,
309,10.3,handbag,0.275,178.2,318.8,236.5,388.9,207.3,353.8,58.3,70.1,4
310,10.333,shopping bag,0.254,174.7,441.0,227.7,578.6,201.2,509.8,53.0,137.6,
311,10.367,shopping bag,0.258,174.6,441.0,228.3,578.6,201.5,509.8,53.7,137.5,
312,10.4,shopping bag,0.314,174.6,441.2,228.4,578.7,201.5,509.9,53.9,137.4,
313,10.433,shopping bag,0.339,174.5,441.2,228.5,578.7,201.5,509.9,54.0,137.5,
321,10.7,shopping bag,0.337,174.1,440.9,247.1,579.0,210.6,510.0,73.0,138.2,4
322,10.733,shopping bag,0.343,174.3,440.7,244.5,579.0,209.4,509.8,70.2,138.3,4
323,10.767,shopping bag,0.353,174.5,440.6,232.6,578.7,203.5,509.7,58.1,138.0,4
324,10.8,shopping bag,0.348,174.5,440.6,232.6,578.7,203.6,509.7,58.2,138.0,4
325,10.833,shopping bag,0.477,174.4,440.1,227.9,578.3,201.2,509.2,53.5,138.2,4
326,10.867,shopping bag,0.487,174.4,440.2,228.0,578.4,201.2,509.3,53.5,138.1,4
327,10.9,shopping bag,0.586,174.1,440.0,228.6,578.4,201.4,509.2,54.5,138.4,
328,10.933,shopping bag,0.496,174.4,439.8,227.8,578.2,201.1,509.0,53.4,138.5,
329,10.967,shopping bag,0.475,174.6,440.6,227.4,578.3,201.0,509.5,52.7,137.6,
330,11.0,shopping bag,0.474,174.6,440.6,227.4,578.3,201.0,509.5,52.7,137.6,
331,11.033,shopping bag,0.319,174.5,440.8,227.4,578.3,201.0,509.6,53.0,137.5,
332,11.067,shopping bag,0.296,174.5,440.8,227.5,578.3,201.0,509.6,53.0,137.5,
333,11.1,shopping bag,0.347,174.7,440.9,227.6,578.3,201.2,509.6,52.9,137.3,
334,11.133,shopping bag,0.359,174.7,441.0,227.6,578.4,201.2,509.7,52.9,137.4,
335,11.167,shopping bag,0.357,174.7,440.9,227.6,578.4,201.2,509.7,52.9,137.4,
336,11.2,shopping bag,0.471,174.7,440.9,227.6,578.4,201.1,509.7,52.9,137.5,
337,11.233,shopping bag,0.446,174.7,440.9,227.6,578.5,201.1,509.7,52.9,137.5,
338,11.267,shopping bag,0.413,174.9,441.0,227.1,578.5,201.0,509.8,52.1,137.5,
339,11.3,shopping bag,0.413,174.9,441.0,227.1,578.5,201.0,509.8,52.1,137.5,
340,11.333,shopping bag,0.412,174.9,441.0,227.0,578.6,200.9,509.8,52.0,137.6,
341,11.367,shopping bag,0.349,174.8,440.9,227.0,578.6,200.9,509.8,52.2,137.7,
342,11.4,shopping bag,0.346,174.8,440.9,227.1,578.6,200.9,509.8,52.3,137.7,
343,11.433,shopping bag,0.409,174.8,441.0,226.9,578.6,200.9,509.8,52.1,137.7,
344,11.467,shopping bag,0.345,174.9,441.0,227.0,578.7,201.0,509.9,52.1,137.7,
345,11.5,shopping bag,0.347,174.9,441.0,227.0,578.7,201.0,509.9,52.1,137.7,
346,11.533,shopping bag,0.282,174.8,441.0,227.1,578.8,201.0,509.9,52.3,137.7,
347,11.567,shopping bag,0.311,174.8,441.0,227.1,578.8,201.0,509.9,52.3,137.8,
348,11.6,shopping bag,0.263,174.8,441.0,227.1,578.8,201.0,509.9,52.3,137.7,
349,11.633,shopping bag,0.267,174.8,441.0,227.1,578.8,201.0,509.9,52.3,137.7,
350,11.667,shopping bag,0.254,174.7,441.1,227.0,578.7,200.8,509.9,52.2,137.6,
373,12.433,cardboard box,0.252,47.7,117.7,86.3,146.9,67.0,132.3,38.7,29.3,
376,12.533,shopping bag,0.254,174.5,441.0,226.8,578.4,200.7,509.7,52.3,137.4,
377,12.567,shopping bag,0.258,174.5,441.0,226.8,578.4,200.7,509.7,52.3,137.4,
378,12.6,shopping bag,0.273,174.5,441.0,226.8,578.4,200.7,509.7,52.3,137.4,
379,12.633,shopping bag,0.275,174.5,441.0,226.8,578.4,200.7,509.7,52.3,137.4,
380,12.667,shopping bag,0.287,174.5,441.0,226.8,578.4,200.7,509.7,52.3,137.4,
381,12.7,shopping bag,0.29,174.5,441.0,226.8,578.4,200.7,509.7,52.3,137.4,
382,12.733,shopping bag,0.286,174.5,441.0,226.8,578.4,200.7,509.7,52.3,137.4,
383,12.767,shopping bag,0.286,174.5,441.0,226.8,578.4,200.7,509.7,52.3,137.4,
384,12.8,shopping bag,0.284,174.5,441.0,226.8,578.4,200.7,509.7,52.3,137.4,
384,12.8,cardboard box,0.252,50.0,117.5,85.9,146.8,67.9,132.2,35.9,29.3,
385,12.833,shopping bag,0.278,174.5,441.0,226.9,578.4,200.7,509.7,52.3,137.4,
385,12.833,cardboard box,0.258,49.9,117.5,85.9,146.8,67.9,132.1,36.0,29.4,
386,12.867,shopping bag,0.288,174.5,441.0,226.8,578.4,200.7,509.7,52.3,137.4,
386,12.867,cardboard box,0.261,49.8,117.4,85.9,146.8,67.9,132.1,36.1,29.4,
387,12.9,shopping bag,0.28,174.5,441.0,226.8,578.4,200.7,509.7,52.3,137.4,
387,12.9,cardboard box,0.264,49.8,117.4,85.9,146.8,67.9,132.1,36.1,29.4,
388,12.933,shopping bag,0.3,174.6,441.0,226.8,578.4,200.7,509.7,52.3,137.4,
388,12.933,cardboard box,0.273,49.7,117.5,85.9,146.8,67.8,132.1,36.2,29.4,
389,12.967,shopping bag,0.305,174.6,441.0,226.8,578.4,200.7,509.7,52.3,137.4,
389,12.967,cardboard box,0.274,49.7,117.5,85.9,146.8,67.8,132.1,36.2,29.4,
390,13.0,shopping bag,0.325,174.4,440.9,226.7,578.6,200.6,509.8,52.3,137.7,
390,13.0,cardboard box,0.303,48.5,117.3,85.6,147.0,67.1,132.2,37.2,29.7,
391,13.033,shopping bag,0.325,174.4,440.9,226.7,578.6,200.6,509.8,52.3,137.7,
391,13.033,cardboard box,0.303,48.5,117.3,85.6,147.0,67.1,132.2,37.2,29.7,
392,13.067,shopping bag,0.311,174.4,440.9,226.7,578.6,200.6,509.8,52.3,137.7,
392,13.067,cardboard box,0.308,48.5,117.4,85.6,147.0,67.1,132.2,37.1,29.7,
393,13.1,shopping bag,0.309,174.4,440.9,226.7,578.6,200.6,509.8,52.3,137.7,
393,13.1,cardboard box,0.308,48.5,117.4,85.6,147.0,67.1,132.2,37.1,29.7,
394,13.133,shopping bag,0.308,174.4,440.9,226.7,578.6,200.6,509.8,52.3,137.7,
394,13.133,cardboard box,0.308,48.5,117.4,85.6,147.0,67.1,132.2,37.1,29.7,
395,13.167,cardboard box,0.322,48.3,117.3,85.6,147.0,67.0,132.2,37.3,29.7,
395,13.167,shopping bag,0.28,174.4,440.9,226.8,578.7,200.6,509.8,52.4,137.8,
396,13.2,cardboard box,0.322,48.3,117.3,85.6,147.0,67.0,132.2,37.3,29.7,
396,13.2,shopping bag,0.267,174.4,440.9,226.8,578.7,200.6,509.8,52.4,137.8,
397,13.233,cardboard box,0.309,48.4,117.3,85.7,147.0,67.1,132.2,37.2,29.7,
397,13.233,shopping bag,0.292,174.4,440.9,226.8,578.7,200.6,509.8,52.4,137.8,
398,13.267,cardboard box,0.316,48.3,117.3,85.7,147.1,67.0,132.2,37.3,29.7,
398,13.267,shopping bag,0.275,174.4,440.9,226.8,578.7,200.6,509.8,52.4,137.8,
399,13.3,cardboard box,0.282,49.1,117.4,85.4,147.2,67.2,132.3,36.2,29.7,
400,13.333,cardboard box,0.294,47.6,117.3,85.1,147.3,66.4,132.3,37.5,30.0,
401,13.367,cardboard box,0.313,45.7,116.9,85.1,147.3,65.4,132.1,39.4,30.4,
402,13.4,cardboard box,0.325,45.5,116.9,85.2,147.3,65.4,132.1,39.6,30.5,
403,13.433,cardboard box,0.331,45.5,116.8,85.2,147.4,65.3,132.1,39.7,30.5,
404,13.467,cardboard box,0.342,45.5,116.9,85.2,147.4,65.3,132.1,39.7,30.5,
405,13.5,cardboard box,0.341,45.5,116.9,85.2,147.4,65.4,132.1,39.7,30.5,
406,13.533,cardboard box,0.34,45.5,116.9,85.2,147.4,65.3,132.1,39.7,30.5,
407,13.567,cardboard box,0.337,44.9,116.6,85.6,147.3,65.3,132.0,40.7,30.7,
408,13.6,cardboard box,0.321,45.7,117.0,85.2,147.4,65.4,132.2,39.4,30.4,
409,13.633,cardboard box,0.32,45.8,117.0,85.1,147.4,65.5,132.2,39.4,30.4,
410,13.667,cardboard box,0.277,46.0,117.0,85.1,147.4,65.6,132.2,39.1,30.4,
411,13.7,cardboard box,0.283,46.0,117.0,85.1,147.4,65.5,132.2,39.1,30.4,
412,13.733,cardboard box,0.273,45.9,117.0,85.1,147.4,65.5,132.2,39.2,30.4,
413,13.767,cardboard box,0.271,45.9,117.0,85.1,147.4,65.5,132.2,39.2,30.4,
414,13.8,cardboard box,0.267,45.9,117.0,85.1,147.4,65.5,132.2,39.2,30.4,
415,13.833,cardboard box,0.268,45.9,117.0,85.1,147.4,65.5,132.2,39.2,30.4,
416,13.867,cardboard box,0.259,45.9,117.0,85.2,147.4,65.5,132.2,39.2,30.4,
417,13.9,cardboard box,0.263,45.9,117.0,85.2,147.4,65.5,132.2,39.3,30.4,
418,13.933,cardboard box,0.284,45.8,116.9,85.2,147.3,65.5,132.1,39.4,30.4,
419,13.967,cardboard box,0.283,45.8,116.9,85.2,147.3,65.5,132.1,39.4,30.4,
420,14.0,cardboard box,0.299,45.6,116.9,85.0,147.4,65.3,132.2,39.3,30.5,
420,14.0,shopping bag,0.268,174.6,441.2,226.7,578.8,200.6,510.0,52.1,137.6,
421,14.033,cardboard box,0.3,45.6,116.9,85.0,147.4,65.3,132.2,39.3,30.5,
421,14.033,shopping bag,0.265,174.6,441.2,226.7,578.8,200.6,510.0,52.1,137.6,
422,14.067,cardboard box,0.304,45.6,116.9,85.0,147.4,65.3,132.1,39.4,30.6,
422,14.067,shopping bag,0.251,174.5,441.2,226.7,578.8,200.6,510.0,52.2,137.6,
423,14.1,cardboard box,0.304,45.6,116.9,85.0,147.4,65.3,132.1,39.4,30.6,
423,14.1,shopping bag,0.251,174.5,441.2,226.7,578.8,200.6,510.0,52.2,137.6,
424,14.133,cardboard box,0.305,45.6,116.9,85.0,147.4,65.3,132.1,39.4,30.6,
424,14.133,shopping bag,0.251,174.5,441.2,226.7,578.8,200.6,510.0,52.2,137.6,
425,14.167,cardboard box,0.331,45.5,116.9,85.0,147.4,65.3,132.1,39.5,30.6,
425,14.167,shopping bag,0.257,174.5,441.2,226.7,578.8,200.6,510.0,52.2,137.6,
426,14.2,cardboard box,0.329,45.6,116.9,84.9,147.4,65.3,132.2,39.4,30.5,
426,14.2,shopping bag,0.28,174.5,441.1,226.7,578.8,200.6,510.0,52.2,137.6,
427,14.233,cardboard box,0.327,45.6,116.9,84.9,147.4,65.3,132.2,39.4,30.5,
427,14.233,shopping bag,0.275,174.5,441.1,226.7,578.8,200.6,510.0,52.2,137.6,
428,14.267,cardboard box,0.326,45.6,116.9,85.0,147.4,65.3,132.1,39.4,30.5,
428,14.267,shopping bag,0.276,174.5,441.1,226.7,578.8,200.6,510.0,52.2,137.7,
429,14.3,cardboard box,0.324,45.6,116.9,85.0,147.4,65.3,132.1,39.4,30.5,
429,14.3,shopping bag,0.279,174.5,441.1,226.7,578.8,200.6,510.0,52.2,137.7,
430,14.333,cardboard box,0.301,45.7,116.9,85.0,147.4,65.3,132.2,39.3,30.5,
430,14.333,shopping bag,0.278,174.5,441.2,226.8,578.7,200.6,510.0,52.3,137.6,
431,14.367,cardboard box,0.298,45.7,116.9,85.0,147.4,65.4,132.2,39.2,30.5,
431,14.367,shopping bag,0.28,174.5,441.2,226.8,578.7,200.6,510.0,52.3,137.6,
432,14.4,cardboard box,0.297,45.7,116.9,85.0,147.4,65.4,132.2,39.3,30.5,
432,14.4,shopping bag,0.284,174.5,441.2,226.8,578.7,200.6,510.0,52.3,137.6,
433,14.433,cardboard box,0.27,45.5,117.0,85.0,147.4,65.3,132.2,39.4,30.5,
434,14.467,cardboard box,0.26,45.5,116.9,85.0,147.4,65.3,132.2,39.5,30.5,
435,14.5,cardboard box,0.272,45.4,116.9,85.0,147.4,65.2,132.2,39.6,30.5,
436,14.533,cardboard box,0.272,45.4,116.9,85.0,147.4,65.2,132.2,39.6,30.5,
437,14.567,cardboard box,0.257,45.5,116.9,85.0,147.4,65.3,132.2,39.5,30.5,
438,14.6,cardboard box,0.255,45.5,116.9,85.0,147.4,65.3,132.2,39.5,30.5,
455,15.167,cardboard box,0.251,45.5,116.9,85.0,147.4,65.2,132.2,39.5,30.5,
456,15.2,cardboard box,0.252,45.5,117.0,85.0,147.4,65.3,132.2,39.6,30.5,
460,15.333,shopping bag,0.274,174.1,440.8,226.6,578.9,200.4,509.8,52.5,138.0,
461,15.367,shopping bag,0.303,174.2,440.9,226.3,578.8,200.3,509.9,52.1,138.0,
462,15.4,shopping bag,0.302,174.2,440.9,226.3,578.8,200.3,509.9,52.1,138.0,
463,15.433,shopping bag,0.302,174.2,440.9,226.3,578.8,200.3,509.9,52.1,138.0,
464,15.467,shopping bag,0.282,174.2,440.8,226.3,578.9,200.3,509.9,52.1,138.0,
465,15.5,shopping bag,0.277,174.2,440.9,226.3,578.8,200.3,509.9,52.1,138.0,
466,15.533,shopping bag,0.28,174.2,440.8,226.3,578.8,200.3,509.8,52.1,138.0,
467,15.567,shopping bag,0.264,174.2,440.9,226.3,578.9,200.3,509.9,52.1,138.0,
468,15.6,shopping bag,0.274,174.2,440.9,226.3,578.9,200.3,509.9,52.1,138.0,
469,15.633,shopping bag,0.277,174.2,440.9,226.3,578.9,200.3,509.9,52.1,138.0,
470,15.667,shopping bag,0.272,174.2,440.9,226.3,578.9,200.3,509.9,52.1,138.0,
471,15.7,shopping bag,0.265,174.2,440.9,226.3,578.9,200.3,509.9,52.1,138.0,
472,15.733,shopping bag,0.274,174.2,440.9,226.3,578.9,200.3,509.9,52.1,138.0,
473,15.767,shopping bag,0.283,174.2,440.9,226.4,578.9,200.3,509.9,52.2,137.9,
476,15.867,shopping bag,0.254,174.2,441.0,226.3,578.9,200.2,509.9,52.2,137.8,
477,15.9,shopping bag,0.262,174.2,441.0,226.3,578.9,200.3,509.9,52.2,137.8,
479,15.967,shopping bag,0.29,174.1,441.0,226.3,578.9,200.2,509.9,52.2,137.9,
480,16.0,shopping bag,0.333,174.0,440.9,227.4,578.7,200.7,509.8,53.5,137.8,
481,16.033,shopping bag,0.469,174.6,440.9,227.0,578.6,200.8,509.8,52.4,137.7,
482,16.067,shopping bag,0.463,174.6,440.9,227.0,578.6,200.8,509.8,52.4,137.7,
483,16.1,shopping bag,0.469,174.6,440.9,227.0,578.6,200.8,509.8,52.4,137.7,
484,16.133,shopping bag,0.47,174.6,440.9,227.0,578.6,200.8,509.8,52.4,137.7,
485,16.167,shopping bag,0.471,174.6,440.9,227.0,578.6,200.8,509.8,52.4,137.7,
486,16.2,shopping bag,0.495,174.6,441.0,227.0,578.6,200.8,509.8,52.5,137.6,
487,16.233,shopping bag,0.498,174.6,440.9,227.0,578.6,200.8,509.8,52.4,137.6,
488,16.267,shopping bag,0.5,174.6,441.1,226.9,578.6,200.8,509.8,52.4,137.5,
489,16.3,shopping bag,0.499,174.6,441.1,226.9,578.6,200.8,509.8,52.4,137.5,
490,16.333,shopping bag,0.499,174.6,441.1,227.0,578.6,200.8,509.8,52.4,137.5,
491,16.367,shopping bag,0.479,174.5,441.2,227.0,578.6,200.7,509.9,52.5,137.5,
492,16.4,shopping bag,0.476,174.5,441.1,227.0,578.6,200.8,509.9,52.5,137.5,
493,16.433,shopping bag,0.322,174.6,441.1,226.6,578.8,200.6,509.9,52.0,137.6,
494,16.467,shopping bag,0.324,174.6,441.1,226.6,578.8,200.6,509.9,52.0,137.6,
495,16.5,shopping bag,0.344,174.6,441.1,226.6,578.8,200.6,510.0,52.1,137.6,
496,16.533,shopping bag,0.351,174.5,441.1,226.6,578.8,200.6,510.0,52.1,137.6,
497,16.567,shopping bag,0.323,174.5,441.2,226.6,578.8,200.6,510.0,52.1,137.6,
498,16.6,shopping bag,0.321,174.5,441.2,226.6,578.8,200.6,510.0,52.1,137.6,
499,16.633,shopping bag,0.355,174.5,441.1,226.6,578.8,200.6,510.0,52.1,137.6,
500,16.667,shopping bag,0.353,174.5,441.2,226.6,578.8,200.6,510.0,52.1,137.6,
501,16.7,shopping bag,0.305,174.4,441.2,226.5,578.9,200.5,510.1,52.2,137.6,
502,16.733,shopping bag,0.306,174.4,441.2,226.5,578.9,200.4,510.1,52.2,137.6,
503,16.767,shopping bag,0.286,174.3,441.2,226.5,578.9,200.4,510.0,52.2,137.7,
504,16.8,shopping bag,0.284,174.3,441.2,226.5,578.9,200.4,510.0,52.2,137.7,
505,16.833,shopping bag,0.311,174.2,441.2,226.6,578.9,200.4,510.0,52.4,137.7,
505,16.833,shopping bag,0.282,178.1,312.3,237.8,388.7,208.0,350.5,59.8,76.4,7
506,16.867,shopping bag,0.324,174.2,441.2,226.6,578.9,200.4,510.0,52.4,137.7,
506,16.867,shopping bag,0.281,178.1,312.3,237.8,388.7,207.9,350.5,59.8,76.4,7
507,16.9,shopping bag,0.31,174.2,441.2,226.6,578.9,200.4,510.0,52.4,137.6,
508,16.933,shopping bag,0.3,174.1,441.2,226.6,578.9,200.3,510.1,52.5,137.7,
509,16.967,shopping bag,0.314,174.2,441.1,226.6,578.8,200.4,510.0,52.4,137.7,
510,17.0,shopping bag,0.301,174.2,441.1,226.6,578.8,200.4,510.0,52.4,137.7,
511,17.033,shopping bag,0.328,174.1,441.3,226.5,578.8,200.3,510.1,52.4,137.6,
512,17.067,shopping bag,0.354,174.1,441.3,226.5,578.8,200.3,510.1,52.4,137.5,
513,17.1,shopping bag,0.314,174.2,441.3,226.5,578.8,200.3,510.0,52.3,137.6,
514,17.133,shopping bag,0.314,174.2,441.3,226.5,578.8,200.3,510.0,52.3,137.6,
515,17.167,shopping bag,0.32,174.2,441.3,226.5,578.8,200.3,510.0,52.3,137.5,
516,17.2,shopping bag,0.378,174.1,441.2,226.5,578.8,200.3,510.0,52.5,137.7,
517,17.233,shopping bag,0.37,174.0,441.2,226.6,578.8,200.3,510.0,52.6,137.6,
518,17.267,shopping bag,0.407,174.1,441.2,226.6,578.8,200.3,510.0,52.5,137.6,
519,17.3,shopping bag,0.464,174.1,441.2,226.6,578.8,200.3,510.0,52.5,137.5,
520,17.333,shopping bag,0.426,174.0,441.2,226.7,578.4,200.3,509.8,52.7,137.2,
521,17.367,shopping bag,0.459,174.0,441.1,227.2,578.4,200.6,509.8,53.2,137.3,
522,17.4,shopping bag,0.498,174.1,441.0,227.3,578.5,200.7,509.8,53.2,137.4,
523,17.433,shopping bag,0.497,174.1,441.0,227.3,578.5,200.7,509.8,53.2,137.4,
524,17.467,shopping bag,0.504,174.1,441.0,227.3,578.5,200.7,509.8,53.2,137.4,
525,17.5,shopping bag,0.498,174.1,441.0,227.3,578.6,200.7,509.8,53.3,137.6,
526,17.533,shopping bag,0.429,174.1,440.9,227.3,578.6,200.7,509.7,53.1,137.7,
527,17.567,shopping bag,0.413,174.2,440.9,227.2,578.5,200.7,509.7,53.1,137.6,
528,17.6,shopping bag,0.382,174.2,440.9,227.2,578.6,200.7,509.7,53.0,137.7,
529,17.633,shopping bag,0.46,174.1,440.6,227.1,579.0,200.6,509.8,53.0,138.4,10
530,17.667,shopping bag,0.638,173.8,440.4,227.4,578.7,200.6,509.5,53.5,138.2,10
531,17.7,shopping bag,0.638,173.8,440.4,227.4,578.7,200.6,509.5,53.5,138.2,10
532,17.733,shopping bag,0.445,173.0,440.8,227.2,579.2,200.1,510.0,54.1,138.4,10
533,17.767,shopping bag,0.45,173.0,440.7,227.2,579.2,200.1,510.0,54.1,138.5,10
542,18.067,handbag,0.26,282.4,627.3,351.6,720.0,317.0,673.6,69.2,92.7,10
543,18.1,handbag,0.263,282.4,627.3,351.6,720.0,317.0,673.7,69.2,92.7,10
547,18.233,shopping bag,0.506,174.6,441.0,228.2,578.2,201.4,509.6,53.6,137.2,
548,18.267,shopping bag,0.493,174.7,441.3,227.6,578.1,201.1,509.7,52.9,136.7,
549,18.3,shopping bag,0.487,174.7,441.3,227.6,578.0,201.1,509.7,52.9,136.7,
550,18.333,shopping bag,0.393,174.7,441.4,227.5,577.9,201.1,509.7,52.8,136.5,
551,18.367,shopping bag,0.396,174.7,441.4,227.5,577.9,201.1,509.7,52.8,136.5,
552,18.4,shopping bag,0.388,174.7,441.4,227.5,577.9,201.1,509.7,52.8,136.5,
553,18.433,shopping bag,0.325,174.5,441.4,227.5,578.0,201.0,509.7,53.0,136.5,
554,18.467,shopping bag,0.367,174.4,441.4,227.6,577.9,201.0,509.7,53.1,136.5,
555,18.5,shopping bag,0.321,174.2,441.3,227.6,578.1,200.9,509.7,53.4,136.9,
556,18.533,shopping bag,0.325,174.2,441.3,227.6,578.1,200.9,509.7,53.4,136.9,
557,18.567,shopping bag,0.325,174.2,441.3,227.6,578.1,200.9,509.7,53.4,136.9,
558,18.6,shopping bag,0.46,174.4,441.3,227.7,578.2,201.0,509.8,53.2,136.9,
559,18.633,shopping bag,0.459,174.4,441.3,227.7,578.2,201.0,509.8,53.2,136.9,
560,18.667,shopping bag,0.376,174.4,441.2,227.5,578.1,201.0,509.7,53.1,136.9,
561,18.7,shopping bag,0.283,174.3,441.1,227.3,577.8,200.8,509.5,52.9,136.7,
562,18.733,shopping bag,0.265,174.4,441.0,227.3,577.8,200.8,509.4,52.9,136.8,
563,18.767,shopping bag,0.263,174.3,441.0,227.3,577.8,200.8,509.4,52.9,136.8,
564,18.8,shopping bag,0.252,174.4,441.1,227.2,577.9,200.8,509.5,52.8,136.8,
565,18.833,shopping bag,0.262,174.4,441.0,227.2,577.9,200.8,509.5,52.8,136.8,
566,18.867,shopping bag,0.259,174.2,441.0,227.6,578.0,200.9,509.5,53.3,137.1,4
571,19.033,shopping bag,0.356,172.3,441.2,227.8,578.8,200.0,510.0,55.5,137.5,4
572,19.067,shopping bag,0.335,172.4,441.3,227.7,578.7,200.1,510.0,55.3,137.5,4
600,20.0,bottle,0.252,1015.6,149.4,1032.6,199.7,1024.1,174.5,17.0,50.4,
601,20.033,shopping bag,0.268,172.6,440.1,221.7,576.4,197.1,508.3,49.1,136.3,4
602,20.067,bottle,0.358,179.0,490.2,209.4,575.2,194.2,532.7,30.4,85.1,4
603,20.1,shopping bag,0.26,174.0,440.7,219.8,576.5,196.9,508.6,45.9,135.7,
604,20.133,shopping bag,0.26,174.0,440.7,219.8,576.5,196.9,508.6,45.9,135.7,
605,20.167,shopping bag,0.258,174.0,440.7,219.8,576.5,196.9,508.6,45.9,135.7,
606,20.2,shopping bag,0.306,173.5,440.7,237.4,577.2,205.4,508.9,63.9,136.5,
609,20.3,shopping bag,0.353,172.8,440.7,229.4,577.9,201.1,509.3,56.6,137.2,
610,20.333,shopping bag,0.353,172.8,440.7,229.4,577.9,201.1,509.3,56.6,137.2,
611,20.367,shopping bag,0.353,172.8,440.7,229.4,577.9,201.1,509.3,56.6,137.2,
612,20.4,shopping bag,0.549,173.0,440.7,227.6,577.9,200.3,509.3,54.6,137.2,
613,20.433,shopping bag,0.544,173.0,440.7,227.4,577.9,200.2,509.3,54.3,137.2,
614,20.467,shopping bag,0.555,173.0,440.7,227.4,577.9,200.2,509.3,54.4,137.2,
615,20.5,shopping bag,0.545,173.0,440.7,227.4,577.9,200.2,509.3,54.4,137.2,
616,20.533,shopping bag,0.518,173.1,440.7,227.4,577.9,200.2,509.3,54.3,137.3,
640,21.333,bottle,0.263,1015.8,149.2,1032.6,199.4,1024.2,174.3,16.8,50.2,
648,21.6,bottle,0.263,1015.4,149.2,1032.7,199.2,1024.1,174.2,17.3,50.0,
648,21.6,shopping bag,0.261,173.7,441.1,227.4,578.3,200.5,509.7,53.7,137.2,
648,21.6,bottle,0.259,996.4,147.1,1012.3,200.8,1004.4,173.9,15.9,53.7,3
649,21.633,bottle,0.264,1015.4,149.2,1032.7,199.2,1024.1,174.2,17.3,50.1,
649,21.633,shopping bag,0.263,173.7,441.1,227.4,578.3,200.5,509.7,53.7,137.2,
649,21.633,bottle,0.261,996.4,147.1,1012.3,200.8,1004.4,174.0,15.9,53.7,3
650,21.667,bottle,0.262,1015.4,149.2,1032.7,199.2,1024.0,174.2,17.3,50.1,
650,21.667,shopping bag,0.26,173.7,441.1,227.4,578.3,200.5,509.7,53.7,137.2,
650,21.667,bottle,0.256,996.4,147.0,1012.4,200.8,1004.4,173.9,15.9,53.8,3
651,21.7,shopping bag,0.277,173.7,441.1,227.4,578.3,200.5,509.7,53.6,137.2,
651,21.7,bottle,0.261,1015.4,149.2,1032.7,199.2,1024.0,174.2,17.3,50.1,
651,21.7,bottle,0.251,996.4,146.9,1012.3,200.7,1004.4,173.8,15.9,53.7,3
652,21.733,shopping bag,0.276,173.7,441.1,227.4,578.3,200.5,509.7,53.6,137.2,
652,21.733,bottle,0.261,1015.4,149.2,1032.7,199.2,1024.0,174.2,17.3,50.1,
652,21.733,bottle,0.251,996.4,146.9,1012.3,200.7,1004.4,173.8,15.9,53.7,3
653,21.767,shopping bag,0.279,173.7,441.1,227.3,578.2,200.5,509.7,53.6,137.1,
653,21.767,bottle,0.259,1015.4,149.2,1032.7,199.2,1024.0,174.2,17.2,50.1,
654,21.8,shopping bag,0.273,173.7,441.1,227.4,578.2,200.5,509.6,53.7,137.1,
654,21.8,bottle,0.255,1015.4,149.2,1032.7,199.2,1024.1,174.2,17.3,50.1,
655,21.833,shopping bag,0.276,173.7,441.1,227.4,578.2,200.5,509.6,53.7,137.1,
655,21.833,bottle,0.26,1015.4,149.2,1032.7,199.2,1024.1,174.2,17.2,50.0,
655,21.833,bottle,0.253,996.4,147.1,1012.3,200.6,1004.4,173.8,15.9,53.5,3
656,21.867,shopping bag,0.263,173.6,441.1,227.4,578.2,200.5,509.6,53.8,137.1,
656,21.867,bottle,0.256,1015.4,149.2,1032.7,199.2,1024.1,174.2,17.2,50.1,
657,21.9,shopping bag,0.274,173.7,441.1,227.4,578.2,200.5,509.6,53.7,137.1,
657,21.9,bottle,0.252,1015.4,149.2,1032.7,199.2,1024.1,174.2,17.2,50.0,
658,21.933,shopping bag,0.272,173.7,441.1,227.4,578.2,200.5,509.6,53.7,137.1,
658,21.933,bottle,0.252,1015.4,149.2,1032.7,199.2,1024.1,174.2,17.2,50.0,
659,21.967,shopping bag,0.261,173.7,441.1,227.4,578.2,200.5,509.6,53.6,137.1,
660,22.0,shopping bag,0.261,173.7,441.1,227.4,578.2,200.5,509.6,53.6,137.1,
660,22.0,bottle,0.25,1015.4,149.2,1032.7,199.2,1024.0,174.2,17.3,50.0,
661,22.033,shopping bag,0.262,173.7,441.1,227.4,578.2,200.5,509.6,53.6,137.1,
662,22.067,shopping bag,0.262,173.7,441.1,227.4,578.2,200.5,509.6,53.6,137.1,
663,22.1,shopping bag,0.263,173.7,441.1,227.4,578.2,200.5,509.6,53.6,137.1,
664,22.133,shopping bag,0.265,173.7,441.1,227.4,578.2,200.5,509.6,53.7,137.1,
665,22.167,shopping bag,0.265,173.7,441.1,227.4,578.2,200.5,509.6,53.7,137.1,
666,22.2,shopping bag,0.265,173.7,441.1,227.4,578.2,200.5,509.6,53.7,137.1,
667,22.233,shopping bag,0.273,173.7,441.1,227.4,578.2,200.6,509.6,53.7,137.1,
668,22.267,shopping bag,0.273,173.7,441.1,227.4,578.2,200.6,509.6,53.7,137.1,
669,22.3,shopping bag,0.276,173.7,441.1,227.4,578.2,200.5,509.6,53.7,137.1,
670,22.333,shopping bag,0.278,173.7,441.1,227.4,578.2,200.5,509.6,53.7,137.1,
671,22.367,shopping bag,0.252,173.7,441.1,227.4,578.2,200.5,509.6,53.7,137.1,
672,22.4,shopping bag,0.254,173.7,441.1,227.4,578.2,200.5,509.6,53.7,137.1,
673,22.433,shopping bag,0.266,173.7,441.1,227.4,578.2,200.5,509.6,53.6,137.1,
673,22.433,bottle,0.251,1015.3,149.2,1032.8,199.2,1024.0,174.2,17.5,50.1,
674,22.467,shopping bag,0.31,173.8,441.1,227.3,578.1,200.5,509.6,53.6,137.1,
674,22.467,bottle,0.262,1015.3,149.2,1032.9,199.6,1024.1,174.4,17.7,50.4,
675,22.5,shopping bag,0.31,173.8,441.1,227.3,578.1,200.5,509.6,53.6,137.1,
675,22.5,bottle,0.261,1015.3,149.2,1032.9,199.6,1024.1,174.4,17.7,50.4,
676,22.533,shopping bag,0.31,173.8,441.1,227.3,578.1,200.5,509.6,53.6,137.1,
676,22.533,bottle,0.261,1015.3,149.2,1032.9,199.6,1024.1,174.4,17.7,50.4,
677,22.567,shopping bag,0.27,173.7,441.1,227.3,578.2,200.5,509.6,53.5,137.1,
677,22.567,bottle,0.268,1015.2,149.2,1032.9,199.7,1024.1,174.4,17.7,50.5,
678,22.6,shopping bag,0.332,173.7,441.0,227.2,578.1,200.4,509.6,53.5,137.1,
678,22.6,bottle,0.291,1015.2,149.1,1033.0,199.6,1024.1,174.4,17.8,50.5,
678,22.6,cardboard box,0.252,48.2,117.6,85.1,147.0,66.6,132.3,36.9,29.4,
679,22.633,shopping bag,0.326,173.6,441.0,227.2,578.1,200.4,509.6,53.5,137.1,
679,22.633,bottle,0.291,1015.2,149.1,1033.0,199.6,1024.1,174.4,17.8,50.5,
679,22.633,cardboard box,0.254,48.1,117.6,85.2,147.0,66.7,132.3,37.1,29.4,
680,22.667,shopping bag,0.327,173.6,441.0,227.2,578.1,200.4,509.6,53.5,137.1,
680,22.667,bottle,0.29,1015.2,149.1,1033.0,199.6,1024.1,174.4,17.8,50.5,
681,22.7,shopping bag,0.296,173.2,440.9,227.3,578.7,200.3,509.8,54.0,137.8,
681,22.7,bottle,0.267,1015.3,149.1,1032.9,199.6,1024.1,174.4,17.6,50.5,
682,22.733,shopping bag,0.295,173.2,440.9,227.3,578.7,200.3,509.8,54.0,137.8,
682,22.733,bottle,0.268,1015.3,149.1,1032.9,199.6,1024.1,174.4,17.6,50.5,
683,22.767,shopping bag,0.287,173.2,440.9,227.3,578.7,200.3,509.8,54.0,137.8,
683,22.767,bottle,0.269,1015.3,149.1,1032.9,199.6,1024.1,174.4,17.6,50.5,
684,22.8,shopping bag,0.275,173.3,440.9,227.3,578.7,200.3,509.8,54.0,137.8,
684,22.8,bottle,0.27,1015.3,149.1,1032.9,199.6,1024.1,174.4,17.6,50.5,
685,22.833,shopping bag,0.272,173.2,440.9,227.3,578.7,200.3,509.8,54.1,137.8,
685,22.833,bottle,0.271,1015.3,149.1,1032.9,199.6,1024.1,174.4,17.6,50.5,
686,22.867,shopping bag,0.272,173.2,440.9,227.3,578.7,200.3,509.8,54.1,137.8,
686,22.867,bottle,0.271,1015.3,149.1,1032.9,199.6,1024.1,174.4,17.6,50.5,
687,22.9,bottle,0.278,1015.3,149.1,1032.9,199.6,1024.1,174.4,17.6,50.5,
688,22.933,bottle,0.278,1015.3,149.2,1032.9,199.6,1024.1,174.4,17.6,50.5,
689,22.967,bottle,0.287,1015.3,149.2,1032.9,199.7,1024.1,174.4,17.6,50.5,
690,23.0,bottle,0.288,1015.3,149.2,1032.9,199.7,1024.1,174.4,17.6,50.5,
691,23.033,bottle,0.283,1015.3,149.2,1032.9,199.8,1024.1,174.5,17.6,50.6,
692,23.067,bottle,0.282,1015.3,149.2,1032.9,199.8,1024.1,174.5,17.6,50.6,
693,23.1,bottle,0.276,1015.4,149.2,1032.8,199.8,1024.1,174.5,17.4,50.6,
694,23.133,bottle,0.276,1015.4,149.2,1032.8,199.8,1024.1,174.5,17.4,50.6,
695,23.167,bottle,0.276,1015.4,149.2,1032.8,199.8,1024.1,174.5,17.4,50.6,
696,23.2,bottle,0.276,1015.4,149.2,1032.8,199.8,1024.1,174.5,17.4,50.6,
697,23.233,bottle,0.275,1015.4,149.2,1032.8,199.8,1024.1,174.5,17.4,50.6,
698,23.267,bottle,0.251,1015.6,149.2,1032.8,199.8,1024.2,174.5,17.3,50.6,
699,23.3,bottle,0.288,1015.7,149.4,1032.9,199.7,1024.3,174.5,17.2,50.3,3
699,23.3,shopping bag,0.282,173.3,440.8,227.2,578.4,200.3,509.6,53.9,137.6,
699,23.3,cardboard box,0.273,46.6,117.0,85.1,147.4,65.8,132.2,38.5,30.4,
700,23.333,bottle,0.288,1015.7,149.4,1032.9,199.7,1024.3,174.5,17.2,50.3,3
700,23.333,shopping bag,0.282,173.3,440.8,227.2,578.4,200.3,509.6,53.9,137.6,
700,23.333,cardboard box,0.273,46.6,117.0,85.1,147.4,65.8,132.2,38.5,30.4,
701,23.367,bottle,0.288,1015.7,149.4,1032.9,199.7,1024.3,174.5,17.2,50.3,3
701,23.367,shopping bag,0.281,173.3,440.8,227.2,578.4,200.3,509.6,53.9,137.6,
701,23.367,cardboard box,0.273,46.6,117.0,85.1,147.4,65.8,132.2,38.5,30.4,
702,23.4,bottle,0.292,1015.6,149.3,1033.0,199.8,1024.3,174.5,17.4,50.5,3
702,23.4,cardboard box,0.276,46.6,117.0,85.1,147.4,65.8,132.2,38.5,30.4,
702,23.4,shopping bag,0.266,173.3,440.8,227.2,578.4,200.2,509.6,54.0,137.6,
703,23.433,cardboard box,0.279,46.6,117.0,85.1,147.3,65.8,132.2,38.5,30.4,
703,23.433,bottle,0.276,1015.4,149.4,1033.1,199.8,1024.3,174.6,17.7,50.4,3
703,23.433,shopping bag,0.256,173.3,440.8,227.2,578.4,200.3,509.6,54.0,137.6,
704,23.467,bottle,0.305,1015.5,149.3,1033.1,199.9,1024.3,174.6,17.6,50.6,3
704,23.467,cardboard box,0.275,46.6,117.0,85.1,147.4,65.8,132.2,38.5,30.4,
704,23.467,shopping bag,0.274,173.3,440.9,227.4,578.5,200.3,509.7,54.1,137.6,
705,23.5,bottle,0.305,1015.5,149.3,1033.1,199.9,1024.3,174.6,17.6,50.6,3
705,23.5,shopping bag,0.273,173.3,440.9,227.4,578.5,200.3,509.7,54.1,137.6,
705,23.5,cardboard box,0.272,46.6,117.0,85.1,147.4,65.9,132.2,38.5,30.4,
706,23.533,bottle,0.305,1015.5,149.3,1033.1,199.9,1024.3,174.6,17.6,50.6,3
706,23.533,cardboard box,0.273,46.6,117.0,85.1,147.4,65.8,132.2,38.5,30.4,
706,23.533,shopping bag,0.272,173.3,440.9,227.4,578.5,200.3,509.7,54.1,137.6,
707,23.567,bottle,0.306,1015.5,149.3,1033.1,199.9,1024.3,174.6,17.6,50.5,3
707,23.567,cardboard box,0.273,46.6,117.0,85.1,147.4,65.9,132.2,38.5,30.4,
707,23.567,shopping bag,0.272,173.3,440.9,227.4,578.5,200.3,509.7,54.1,137.6,
708,23.6,bottle,0.306,1015.5,149.3,1033.1,199.9,1024.3,174.6,17.6,50.5,3
708,23.6,cardboard box,0.273,46.6,117.0,85.1,147.4,65.9,132.2,38.5,30.4,
708,23.6,shopping bag,0.272,173.3,440.9,227.4,578.5,200.3,509.7,54.1,137.6,
709,23.633,shopping bag,0.282,173.2,440.9,226.8,578.6,200.0,509.8,53.6,137.7,
709,23.633,bottle,0.279,1015.6,149.1,1033.1,199.9,1024.4,174.5,17.4,50.8,3
709,23.633,cardboard box,0.253,46.2,117.1,85.6,147.2,65.9,132.2,39.4,30.1,
710,23.667,shopping bag,0.298,173.2,440.9,226.8,578.6,200.0,509.8,53.6,137.7,
710,23.667,bottle,0.276,1015.6,149.1,1033.0,199.9,1024.3,174.5,17.4,50.8,3
710,23.667,cardboard box,0.255,46.2,117.1,85.6,147.2,65.9,132.2,39.5,30.1,
711,23.7,shopping bag,0.299,173.2,440.9,226.8,578.6,200.0,509.8,53.6,137.7,
711,23.7,bottle,0.276,1015.6,149.1,1033.0,199.9,1024.3,174.5,17.4,50.8,3
711,23.7,cardboard box,0.255,46.2,117.1,85.6,147.2,65.9,132.2,39.5,30.1,
712,23.733,shopping bag,0.299,173.2,440.9,226.8,578.6,200.0,509.8,53.6,137.7,
712,23.733,bottle,0.296,1015.6,149.1,1033.1,200.0,1024.3,174.6,17.5,50.9,3
712,23.733,cardboard box,0.255,46.2,117.1,85.6,147.2,65.9,132.2,39.5,30.1,
713,23.767,shopping bag,0.329,173.2,440.9,226.8,578.6,200.0,509.8,53.6,137.7,
713,23.767,bottle,0.296,1015.7,149.0,1033.1,200.1,1024.4,174.6,17.4,51.0,3
713,23.767,cardboard box,0.253,46.2,117.1,85.6,147.2,65.9,132.2,39.4,30.1,
714,23.8,shopping bag,0.363,173.2,440.9,226.8,578.6,200.0,509.8,53.6,137.7,
714,23.8,bottle,0.293,1015.7,149.1,1033.1,200.0,1024.4,174.5,17.4,50.9,3
714,23.8,cardboard box,0.255,46.2,117.1,85.6,147.2,65.9,132.2,39.4,30.1,
715,23.833,shopping bag,0.367,173.2,440.9,226.8,578.6,200.0,509.8,53.6,137.7,
715,23.833,bottle,0.293,1015.7,149.1,1033.1,200.0,1024.4,174.5,17.4,51.0,3
715,23.833,cardboard box,0.258,46.2,117.1,85.6,147.2,65.9,132.2,39.4,30.1,
716,23.867,shopping bag,0.318,173.2,440.9,226.8,578.6,200.0,509.8,53.6,137.7,
716,23.867,bottle,0.265,1015.6,149.1,1033.1,199.9,1024.4,174.5,17.4,50.7,3
716,23.867,cardboard box,0.253,46.2,117.1,85.6,147.2,65.9,132.2,39.4,30.1,
717,23.9,shopping bag,0.323,173.2,440.9,226.8,578.6,200.0,509.8,53.6,137.7,
717,23.9,bottle,0.268,1015.7,149.1,1033.1,199.9,1024.4,174.5,17.4,50.7,3
717,23.9,cardboard box,0.253,46.2,117.1,85.6,147.2,65.9,132.2,39.4,30.1,
718,23.933,shopping bag,0.288,173.3,440.9,226.8,578.5,200.0,509.7,53.5,137.6,
719,23.967,shopping bag,0.29,173.3,440.9,226.8,578.5,200.0,509.7,53.5,137.6,
720,24.0,shopping bag,0.3,173.3,441.0,226.8,578.6,200.1,509.8,53.5,137.6,
720,24.0,bottle,0.267,1015.5,149.3,1033.0,199.8,1024.2,174.5,17.5,50.5,3
721,24.033,shopping bag,0.395,173.4,441.0,227.0,578.7,200.2,509.9,53.6,137.7,
721,24.033,bottle,0.269,1015.3,149.3,1033.1,200.1,1024.2,174.7,17.8,50.9,3
722,24.067,shopping bag,0.486,173.4,441.1,227.1,578.8,200.3,509.9,53.7,137.7,
722,24.067,bottle,0.263,1015.2,149.2,1032.9,200.6,1024.1,174.9,17.7,51.3,3
722,24.067,cardboard box,0.254,46.6,116.9,86.0,147.3,66.3,132.1,39.4,30.4,
723,24.1,shopping bag,0.49,173.4,441.1,227.1,578.8,200.3,509.9,53.6,137.7,
723,24.1,bottle,0.263,1015.2,149.2,1032.9,200.5,1024.1,174.9,17.7,51.3,3
723,24.1,cardboard box,0.253,46.6,116.9,86.0,147.3,66.3,132.1,39.4,30.4,
724,24.133,shopping bag,0.49,173.4,441.1,227.1,578.8,200.3,509.9,53.6,137.7,
724,24.133,bottle,0.263,1015.2,149.2,1032.9,200.5,1024.1,174.9,17.7,51.3,3
724,24.133,cardboard box,0.255,46.6,116.9,86.0,147.3,66.3,132.1,39.4,30.4,
725,24.167,shopping bag,0.49,173.4,441.1,227.1,578.8,200.2,509.9,53.6,137.7,
725,24.167,bottle,0.263,1015.2,149.2,1032.9,200.5,1024.1,174.9,17.7,51.3,3
725,24.167,cardboard box,0.255,46.6,116.9,86.0,147.3,66.3,132.1,39.4,30.4,
726,24.2,shopping bag,0.429,173.5,441.1,227.0,578.8,200.2,509.9,53.5,137.7,
726,24.2,bottle,0.255,1015.2,149.2,1032.8,200.4,1024.0,174.8,17.6,51.1,3
727,24.233,shopping bag,0.397,173.5,441.0,227.1,579.0,200.3,510.0,53.6,137.9,
727,24.233,cardboard box,0.257,46.7,116.9,86.0,147.2,66.3,132.1,39.4,30.3,
728,24.267,shopping bag,0.427,173.5,441.0,227.1,579.0,200.3,510.0,53.7,138.0,
728,24.267,cardboard box,0.271,46.6,116.9,86.0,147.3,66.3,132.1,39.4,30.3,
729,24.3,shopping bag,0.421,173.6,441.0,227.4,578.7,200.5,509.8,53.8,137.7,
729,24.3,cardboard box,0.277,46.6,116.9,86.0,147.3,66.3,132.1,39.4,30.3,
730,24.333,shopping bag,0.416,173.6,441.0,227.4,578.7,200.5,509.8,53.8,137.7,
730,24.333,cardboard box,0.277,46.6,116.9,86.0,147.3,66.3,132.1,39.4,30.3,
731,24.367,shopping bag,0.426,173.6,441.0,227.4,578.8,200.5,509.9,53.8,137.8,
731,24.367,cardboard box,0.277,46.6,116.9,86.0,147.3,66.3,132.1,39.4,30.3,
732,24.4,shopping bag,0.488,173.5,441.1,229.4,578.6,201.5,509.8,55.9,137.5,
732,24.4,cardboard box,0.293,46.5,116.9,86.1,147.3,66.3,132.1,39.5,30.4,
733,24.433,shopping bag,0.734,174.4,441.5,226.2,578.7,200.3,510.1,51.8,137.2,
733,24.433,cardboard box,0.289,46.5,116.9,86.0,147.2,66.3,132.1,39.5,30.4,
734,24.467,shopping bag,0.733,174.4,441.5,226.2,578.7,200.3,510.1,51.8,137.2,
734,24.467,cardboard box,0.289,46.5,116.9,86.0,147.2,66.3,132.1,39.5,30.4,
735,24.5,cardboard box,0.264,46.6,116.9,86.0,147.2,66.3,132.1,39.4,30.3,
736,24.533,cardboard box,0.264,46.6,116.9,86.0,147.2,66.3,132.1,39.4,30.3,
737,24.567,cardboard box,0.274,46.7,116.9,86.0,147.2,66.3,132.1,39.3,30.3,
738,24.6,cardboard box,0.297,46.6,116.8,86.0,147.2,66.3,132.0,39.3,30.3,
739,24.633,cardboard box,0.256,46.9,116.9,86.2,147.2,66.5,132.1,39.3,30.3,
741,24.7,cardboard box,0.255,46.9,117.0,86.2,147.2,66.6,132.1,39.2,30.2,
742,24.733,cardboard box,0.255,46.9,117.0,86.2,147.2,66.6,132.1,39.2,30.2,
743,24.767,cardboard box,0.256,46.9,117.0,86.2,147.2,66.6,132.1,39.2,30.2,
744,24.8,cardboard box,0.266,46.9,117.0,86.2,147.2,66.5,132.1,39.3,30.2,
745,24.833,cardboard box,0.268,46.9,117.0,86.2,147.2,66.5,132.1,39.3,30.2,
746,24.867,cardboard box,0.268,46.9,116.9,86.2,147.2,66.5,132.1,39.4,30.3,
747,24.9,cardboard box,0.269,46.9,116.9,86.2,147.2,66.5,132.0,39.4,30.3,
748,24.933,cardboard box,0.268,46.9,116.9,86.2,147.2,66.6,132.0,39.4,30.3,
749,24.967,cardboard box,0.262,46.9,116.9,86.2,147.2,66.6,132.1,39.4,30.3,
750,25.0,cardboard box,0.259,46.9,116.9,86.2,147.2,66.6,132.1,39.3,30.2,
751,25.033,cardboard box,0.26,46.9,116.9,86.2,147.2,66.6,132.1,39.3,30.2,
752,25.067,cardboard box,0.261,46.9,116.9,86.2,147.2,66.6,132.1,39.4,30.3,
753,25.1,cardboard box,0.251,46.9,117.0,86.2,147.2,66.5,132.1,39.3,30.2,
754,25.133,cardboard box,0.252,46.9,117.0,86.2,147.2,66.5,132.1,39.3,30.2,
755,25.167,cardboard box,0.253,46.9,117.0,86.2,147.2,66.5,132.1,39.4,30.2,
756,25.2,cardboard box,0.265,46.9,117.0,86.2,147.2,66.6,132.1,39.3,30.2,
757,25.233,cardboard box,0.267,46.9,117.0,86.2,147.2,66.6,132.1,39.3,30.2,
758,25.267,cardboard box,0.266,46.9,117.0,86.2,147.2,66.5,132.1,39.3,30.2,
759,25.3,cardboard box,0.271,46.9,117.0,86.2,147.2,66.6,132.1,39.3,30.2,
760,25.333,cardboard box,0.276,47.0,116.9,86.2,147.2,66.6,132.1,39.3,30.2,
761,25.367,cardboard box,0.284,47.0,116.8,86.3,147.1,66.6,132.0,39.3,30.3,
762,25.4,cardboard box,0.275,47.1,116.9,86.3,146.9,66.7,131.9,39.2,30.0,
763,25.433,cardboard box,0.28,47.1,116.8,86.3,146.9,66.7,131.8,39.2,30.1,
764,25.467,cardboard box,0.278,47.0,116.8,86.3,146.9,66.7,131.8,39.3,30.1,
765,25.5,cardboard box,0.278,47.0,116.8,86.3,146.9,66.7,131.8,39.3,30.1,
766,25.533,cardboard box,0.29,47.3,116.9,86.3,146.8,66.8,131.8,39.0,29.9,
767,25.567,cardboard box,0.267,47.1,117.1,86.0,147.1,66.5,132.1,38.9,30.0,
768,25.6,cardboard box,0.266,47.0,117.1,86.0,147.1,66.5,132.1,39.0,30.0,
769,25.633,cardboard box,0.255,47.0,117.2,86.1,147.2,66.5,132.2,39.0,30.0,
770,25.667,cardboard box,0.264,47.0,117.1,86.0,147.1,66.5,132.1,39.0,30.0,
775,25.833,shopping bag,0.301,174.7,489.4,226.8,579.6,200.8,534.5,52.0,90.2,10
775,25.833,cardboard box,0.257,47.1,117.2,86.0,147.2,66.6,132.2,38.8,30.0,
776,25.867,cardboard box,0.255,47.1,117.2,86.0,147.2,66.5,132.2,38.9,30.0,
776,25.867,shopping bag,0.253,174.2,480.9,226.8,579.7,200.5,530.3,52.6,98.8,10
777,25.9,shopping bag,0.703,171.9,439.8,227.2,579.5,199.6,509.6,55.3,139.7,
778,25.933,shopping bag,0.694,174.8,439.7,227.1,579.1,200.9,509.4,52.3,139.4,
779,25.967,shopping bag,0.717,175.0,440.4,227.1,579.1,201.1,509.7,52.0,138.7,
780,26.0,shopping bag,0.786,174.8,440.5,227.2,578.9,201.0,509.7,52.4,138.4,
781,26.033,shopping bag,0.804,174.7,440.6,227.2,578.9,201.0,509.8,52.5,138.3,
782,26.067,shopping bag,0.771,175.5,440.6,227.4,579.4,201.4,510.0,52.0,138.8,
783,26.1,shopping bag,0.693,175.6,440.6,227.1,579.3,201.4,510.0,51.5,138.7,
784,26.133,shopping bag,0.797,174.9,440.5,227.3,578.3,201.1,509.4,52.4,137.7,
784,26.133,shopping bag,0.377,175.4,492.0,227.1,578.5,201.3,535.3,51.8,86.5,
785,26.167,shopping bag,0.798,174.9,440.7,227.4,578.4,201.2,509.5,52.5,137.7,
785,26.167,shopping bag,0.317,175.4,492.1,227.2,578.7,201.3,535.4,51.8,86.6,
786,26.2,shopping bag,0.71,174.1,440.8,227.3,578.7,200.7,509.8,53.2,137.9,
787,26.233,shopping bag,0.695,174.1,440.9,227.1,578.7,200.6,509.8,53.0,137.8,
787,26.233,shopping bag,0.264,175.3,492.1,227.0,578.6,201.1,535.3,51.7,86.5,
788,26.267,shopping bag,0.741,172.7,441.4,226.8,578.7,199.7,510.1,54.1,137.3,
788,26.267,shopping bag,0.299,175.5,491.5,226.8,578.2,201.2,534.9,51.3,86.8,
789,26.3,shopping bag,0.741,172.7,441.4,226.8,578.7,199.7,510.1,54.1,137.3,
789,26.3,shopping bag,0.302,175.5,491.5,226.8,578.2,201.2,534.9,51.3,86.8,
790,26.333,shopping bag,0.726,173.2,441.3,226.9,578.5,200.1,509.9,53.7,137.2,
791,26.367,shopping bag,0.703,173.3,441.3,226.9,578.5,200.1,509.9,53.6,137.2,
792,26.4,shopping bag,0.578,173.2,441.4,227.5,578.5,200.3,510.0,54.2,137.0,
793,26.433,shopping bag,0.526,172.9,440.7,227.8,579.0,200.4,509.8,54.9,138.4,
794,26.467,shopping bag,0.531,172.9,440.7,227.9,579.0,200.4,509.8,54.9,138.4,
795,26.5,shopping bag,0.508,173.0,440.7,227.8,579.0,200.4,509.8,54.8,138.4,
796,26.533,shopping bag,0.482,173.2,440.6,227.9,578.9,200.5,509.8,54.7,138.3,
797,26.567,shopping bag,0.482,173.2,440.6,227.9,578.9,200.5,509.8,54.7,138.3,
798,26.6,shopping bag,0.625,174.2,441.1,227.8,579.1,201.0,510.1,53.6,138.1,
799,26.633,shopping bag,0.625,174.2,441.1,227.8,579.1,201.0,510.1,53.6,138.1,
800,26.667,shopping bag,0.428,173.9,440.5,227.9,579.4,200.9,510.0,54.0,138.9,
801,26.7,shopping bag,0.516,174.4,441.0,227.2,580.6,200.8,510.8,52.8,139.6,10
802,26.733,shopping bag,0.525,174.4,440.8,227.1,580.5,200.8,510.7,52.7,139.7,10
803,26.767,shopping bag,0.516,174.5,441.5,227.1,579.3,200.8,510.4,52.6,137.8,10
804,26.8,shopping bag,0.514,174.2,441.1,227.1,579.3,200.7,510.2,52.9,138.2,10
805,26.833,shopping bag,0.514,174.2,441.1,227.1,579.3,200.7,510.2,52.9,138.2,10
806,26.867,shopping bag,0.634,173.6,440.8,227.6,580.5,200.6,510.6,54.0,139.6,10
807,26.9,shopping bag,0.624,173.6,440.2,227.9,579.9,200.8,510.1,54.3,139.7,10
808,26.933,shopping bag,0.607,173.6,440.3,227.8,579.9,200.7,510.1,54.3,139.6,10
809,26.967,shopping bag,0.389,173.6,440.1,227.9,578.8,200.8,509.4,54.4,138.7,10
810,27.0,shopping bag,0.389,173.6,440.1,227.9,578.8,200.7,509.4,54.4,138.7,10
811,27.033,shopping bag,0.398,173.6,441.7,227.0,578.6,200.3,510.1,53.4,136.9,
812,27.067,shopping bag,0.355,173.9,441.8,226.9,578.6,200.4,510.2,53.0,136.8,
813,27.1,shopping bag,0.487,173.5,441.5,227.0,578.5,200.2,510.0,53.5,137.1,
814,27.133,shopping bag,0.5,173.5,441.5,227.0,578.5,200.2,510.0,53.5,137.1,
815,27.167,shopping bag,0.491,173.3,441.5,227.0,578.4,200.1,509.9,53.6,137.0,
816,27.2,shopping bag,0.461,173.7,441.7,226.9,578.5,200.3,510.1,53.2,136.7,
817,27.233,shopping bag,0.491,174.1,441.3,228.2,578.9,201.1,510.1,54.1,137.5,
818,27.267,shopping bag,0.323,173.8,441.8,238.3,578.2,206.0,510.0,64.5,136.4,
819,27.3,shopping bag,0.43,173.9,441.8,229.2,578.4,201.6,510.1,55.4,136.5,
820,27.333,shopping bag,0.416,173.9,441.8,229.3,578.4,201.6,510.1,55.4,136.6,
821,27.367,shopping bag,0.448,173.9,442.3,227.4,578.5,200.7,510.4,53.6,136.2,
822,27.4,shopping bag,0.483,173.9,442.2,227.5,578.5,200.7,510.4,53.6,136.3,
823,27.433,shopping bag,0.51,173.9,442.4,227.4,578.5,200.6,510.4,53.5,136.1,
824,27.467,shopping bag,0.51,173.9,442.4,227.4,578.5,200.6,510.4,53.5,136.1,
825,27.5,shopping bag,0.481,173.8,442.2,227.3,578.5,200.5,510.4,53.5,136.3,
826,27.533,shopping bag,0.51,173.8,442.2,227.1,578.5,200.5,510.4,53.3,136.3,
827,27.567,shopping bag,0.511,173.8,442.2,227.2,578.5,200.5,510.4,53.3,136.3,
828,27.6,shopping bag,0.588,173.7,441.8,226.9,578.7,200.3,510.2,53.2,136.9,
829,27.633,shopping bag,0.589,173.7,441.8,226.9,578.7,200.3,510.2,53.2,136.9,
830,27.667,shopping bag,0.57,173.7,441.7,226.9,578.7,200.3,510.2,53.2,137.0,
831,27.7,shopping bag,0.636,173.8,441.2,226.9,579.0,200.3,510.1,53.1,137.7,
832,27.733,shopping bag,0.648,173.8,441.4,226.9,579.0,200.3,510.2,53.1,137.5,
833,27.767,shopping bag,0.544,173.8,440.3,226.8,578.7,200.3,509.5,53.0,138.4,
834,27.8,shopping bag,0.541,173.8,440.3,226.8,578.7,200.3,509.5,53.0,138.4,
835,27.833,shopping bag,0.302,173.8,441.4,227.0,578.7,200.4,510.1,53.2,137.3,
836,27.867,shopping bag,0.291,173.9,441.5,227.2,578.7,200.6,510.1,53.4,137.2,
837,27.9,shopping bag,0.282,173.9,441.5,227.3,578.7,200.6,510.1,53.4,137.2,
838,27.933,shopping bag,0.283,173.9,441.5,227.3,578.7,200.6,510.1,53.4,137.2,
839,27.967,shopping bag,0.304,173.8,440.9,227.0,579.1,200.4,510.0,53.3,138.2,
840,28.0,shopping bag,0.279,173.7,441.0,227.0,579.0,200.3,510.0,53.3,138.1,
841,28.033,shopping bag,0.261,173.7,441.2,227.5,578.6,200.6,509.9,53.8,137.4,
842,28.067,shopping bag,0.26,173.7,441.2,227.5,578.6,200.6,509.9,53.8,137.4,
845,28.167,shopping bag,0.271,173.7,441.1,227.7,578.5,200.7,509.8,53.9,137.4,
846,28.2,shopping bag,0.271,173.7,441.1,227.7,578.5,200.7,509.8,54.0,137.4,
847,28.233,shopping bag,0.262,173.7,441.2,227.7,578.5,200.7,509.9,54.0,137.3,
848,28.267,shopping bag,0.264,173.7,441.2,227.7,578.5,200.7,509.9,54.0,137.3,
849,28.3,shopping bag,0.255,173.7,441.2,227.8,578.5,200.7,509.9,54.0,137.3,
859,28.633,shopping bag,0.287,173.9,441.1,227.3,578.6,200.6,509.8,53.4,137.5,
860,28.667,shopping bag,0.255,173.9,441.0,227.3,578.6,200.6,509.8,53.4,137.5,
861,28.7,shopping bag,0.256,173.9,441.0,227.3,578.6,200.6,509.8,53.4,137.5,
862,28.733,shopping bag,0.256,173.9,441.0,227.3,578.6,200.6,509.8,53.4,137.5,
863,28.767,shopping bag,0.267,173.9,441.1,227.3,578.6,200.6,509.8,53.4,137.5,
864,28.8,shopping bag,0.267,173.9,441.1,227.3,578.6,200.6,509.8,53.4,137.5,
865,28.833,shopping bag,0.266,173.8,441.1,227.3,578.6,200.6,509.8,53.5,137.5,
866,28.867,shopping bag,0.266,173.8,441.1,227.3,578.6,200.6,509.8,53.5,137.5,
868,28.933,shopping bag,0.263,173.9,441.2,227.3,578.6,200.6,509.9,53.4,137.4,
870,29.0,shopping bag,0.309,173.8,441.3,227.4,578.3,200.6,509.8,53.6,136.9,
871,29.033,shopping bag,0.298,173.8,441.3,227.4,578.3,200.6,509.8,53.6,136.9,
872,29.067,shopping bag,0.295,173.8,441.4,227.4,578.3,200.6,509.8,53.6,136.9,
873,29.1,shopping bag,0.296,173.8,441.4,227.4,578.3,200.6,509.8,53.6,136.9,
874,29.133,shopping bag,0.296,173.8,441.4,227.4,578.3,200.6,509.8,53.6,136.9,
875,29.167,shopping bag,0.293,173.8,441.3,227.4,578.3,200.6,509.8,53.6,136.9,
876,29.2,shopping bag,0.29,173.8,441.3,227.4,578.3,200.6,509.8,53.6,136.9,
877,29.233,shopping bag,0.291,173.8,441.3,227.4,578.3,200.6,509.8,53.6,136.9,
878,29.267,shopping bag,0.309,173.7,441.3,227.5,578.3,200.6,509.8,53.7,136.9,
879,29.3,shopping bag,0.308,173.7,441.3,227.5,578.3,200.6,509.8,53.7,136.9,
880,29.333,shopping bag,0.297,173.8,441.3,227.2,578.3,200.5,509.8,53.4,137.0,
881,29.367,shopping bag,0.291,173.8,441.3,227.1,578.3,200.5,509.8,53.3,137.0,
882,29.4,shopping bag,0.289,173.8,441.3,227.2,578.3,200.5,509.8,53.4,137.0,
883,29.433,shopping bag,0.285,173.8,441.3,227.1,578.3,200.5,509.8,53.3,136.9,
884,29.467,shopping bag,0.29,173.8,441.3,227.1,578.3,200.5,509.8,53.3,136.9,
885,29.5,shopping bag,0.33,173.8,441.3,227.1,578.3,200.4,509.8,53.2,137.0,
886,29.533,shopping bag,0.33,173.8,441.3,227.1,578.3,200.4,509.8,53.2,137.0,
887,29.567,shopping bag,0.297,173.8,441.3,227.1,578.3,200.5,509.8,53.3,137.0,
888,29.6,shopping bag,0.294,173.8,441.3,227.1,578.3,200.5,509.8,53.3,137.0,
889,29.633,shopping bag,0.318,173.8,441.3,227.1,578.3,200.4,509.8,53.2,137.0,
890,29.667,shopping bag,0.303,173.8,441.4,227.2,578.3,200.5,509.8,53.4,136.9,
891,29.7,shopping bag,0.318,173.8,441.1,227.2,578.6,200.5,509.8,53.4,137.4,
892,29.733,shopping bag,0.319,173.8,441.1,227.2,578.6,200.5,509.8,53.4,137.5,
893,29.767,shopping bag,0.32,173.8,441.1,227.2,578.6,200.5,509.8,53.4,137.4,
894,29.8,shopping bag,0.318,173.8,441.1,227.2,578.6,200.5,509.8,53.4,137.4,
895,29.833,shopping bag,0.317,173.8,441.1,227.2,578.6,200.5,509.8,53.4,137.4,
896,29.867,shopping bag,0.316,173.8,441.1,227.2,578.6,200.5,509.8,53.4,137.4,
897,29.9,shopping bag,0.316,173.8,441.1,227.2,578.6,200.5,509.8,53.4,137.4,
898,29.933,shopping bag,0.317,173.8,441.1,227.2,578.6,200.5,509.8,53.4,137.4,
899,29.967,shopping bag,0.32,173.8,441.1,227.2,578.6,200.5,509.8,53.4,137.4,
913,30.433,shopping bag,0.25,173.9,441.4,228.0,578.2,201.0,509.8,54.1,136.8,
915,30.5,shopping bag,0.265,173.9,441.4,228.1,578.2,201.0,509.8,54.2,136.8,
916,30.533,shopping bag,0.267,173.9,441.4,228.1,578.2,201.0,509.8,54.2,136.8,
917,30.567,shopping bag,0.266,173.9,441.4,228.1,578.2,201.0,509.8,54.2,136.8,
918,30.6,shopping bag,0.279,173.9,441.4,227.9,578.2,200.9,509.8,54.0,136.8,
919,30.633,shopping bag,0.278,173.9,441.4,227.9,578.2,200.9,509.8,54.0,136.8,
920,30.667,shopping bag,0.266,174.0,441.4,227.4,578.2,200.7,509.8,53.4,136.9,
948,31.6,shopping bag,0.347,173.3,441.4,227.4,578.4,200.3,509.9,54.0,137.0,
949,31.633,shopping bag,0.368,173.3,441.4,227.2,578.5,200.3,510.0,53.9,137.2,
981,32.7,shopping bag,0.254,174.8,440.5,227.0,578.1,200.9,509.3,52.3,137.6,
982,32.733,shopping bag,0.258,174.7,440.5,227.0,578.0,200.9,509.3,52.3,137.5,
983,32.767,shopping bag,0.259,174.7,440.5,227.0,578.0,200.9,509.3,52.3,137.5,
984,32.8,shopping bag,0.262,174.7,440.5,227.0,578.0,200.9,509.3,52.3,137.5,
985,32.833,shopping bag,0.27,174.8,440.5,227.0,578.2,200.9,509.3,52.3,137.7,
986,32.867,shopping bag,0.299,174.7,440.5,227.0,578.1,200.9,509.3,52.3,137.6,
987,32.9,shopping bag,0.285,174.7,440.5,227.0,578.2,200.9,509.3,52.2,137.7,
988,32.933,shopping bag,0.286,174.7,440.5,227.0,578.2,200.9,509.3,52.2,137.7,
989,32.967,shopping bag,0.285,174.7,440.5,227.0,578.3,200.9,509.4,52.3,137.7,
990,33.0,shopping bag,0.284,174.8,440.5,227.1,578.1,200.9,509.3,52.3,137.6,
991,33.033,shopping bag,0.287,174.8,440.5,227.1,578.1,200.9,509.3,52.3,137.6,
992,33.067,shopping bag,0.305,174.7,440.5,227.0,578.2,200.9,509.4,52.3,137.7,
993,33.1,shopping bag,0.305,174.7,440.5,227.0,578.2,200.9,509.4,52.3,137.7,
994,33.133,shopping bag,0.305,174.7,440.5,227.0,578.2,200.9,509.4,52.3,137.7,
995,33.167,shopping bag,0.272,174.7,440.5,227.1,578.2,200.9,509.4,52.4,137.7,
996,33.2,shopping bag,0.285,174.7,440.5,227.1,578.2,200.9,509.3,52.4,137.6,
997,33.233,shopping bag,0.279,174.7,440.5,227.1,578.2,200.9,509.3,52.4,137.7,
1012,33.733,shopping bag,0.286,174.7,440.5,227.3,578.6,201.0,509.6,52.5,138.1,
1013,33.767,shopping bag,0.283,174.7,440.5,227.3,578.6,201.0,509.6,52.6,138.1,
1014,33.8,shopping bag,0.283,174.7,440.5,227.3,578.6,201.0,509.6,52.6,138.1,
1015,33.833,shopping bag,0.273,174.7,440.5,227.3,578.6,201.0,509.6,52.6,138.1,
1016,33.867,shopping bag,0.278,174.7,440.5,227.3,578.6,201.0,509.6,52.6,138.1,
1017,33.9,shopping bag,0.271,174.7,440.5,227.3,578.6,201.0,509.6,52.6,138.1,
1018,33.933,shopping bag,0.272,174.8,440.5,227.3,578.6,201.0,509.6,52.6,138.1,
1032,34.4,shopping bag,0.281,174.8,440.0,227.5,578.6,201.1,509.3,52.6,138.7,
1036,34.533,shopping bag,0.257,174.8,439.9,227.3,578.6,201.0,509.2,52.5,138.7,
1037,34.567,shopping bag,0.253,174.8,439.8,227.4,578.6,201.1,509.2,52.6,138.7,
1038,34.6,shopping bag,0.253,174.8,439.8,227.4,578.6,201.1,509.2,52.6,138.7,
1045,34.833,shopping bag,0.262,174.4,439.6,228.8,578.7,201.6,509.2,54.5,139.0,
1052,35.067,shopping bag,0.256,174.5,440.2,228.6,578.7,201.6,509.4,54.1,138.5,
1053,35.1,shopping bag,0.259,174.5,440.2,228.7,578.7,201.6,509.4,54.1,138.5,
1054,35.133,shopping bag,0.26,174.5,440.2,228.7,578.7,201.6,509.4,54.1,138.5,
1055,35.167,shopping bag,0.285,174.6,440.6,228.5,578.8,201.6,509.7,53.9,138.2,
1056,35.2,shopping bag,0.296,174.6,440.4,228.5,578.8,201.6,509.6,53.9,138.4,
1057,35.233,shopping bag,0.328,174.3,441.0,228.7,579.0,201.5,510.0,54.4,138.0,
1058,35.267,shopping bag,0.318,174.4,441.0,228.7,579.0,201.5,510.0,54.3,138.0,
1059,35.3,shopping bag,0.35,174.3,441.3,228.7,579.0,201.5,510.2,54.3,137.7,
1060,35.333,shopping bag,0.347,174.3,441.3,228.7,579.0,201.5,510.2,54.3,137.7,
1065,35.5,shopping bag,0.26,174.7,440.8,227.4,579.0,201.1,509.9,52.7,138.2,
1066,35.533,shopping bag,0.263,174.7,440.8,227.4,579.0,201.1,509.9,52.7,138.2,
1067,35.567,shopping bag,0.26,174.7,440.8,227.4,579.0,201.0,509.9,52.7,138.2,
1088,36.267,shopping bag,0.259,174.0,440.9,227.2,578.3,200.6,509.6,53.2,137.4,
1090,36.333,shopping bag,0.252,174.0,440.9,227.3,578.3,200.6,509.6,53.2,137.4,
1091,36.367,shopping bag,0.253,174.0,440.9,227.3,578.3,200.6,509.6,53.2,137.4,
1104,36.8,shopping bag,0.251,173.9,441.1,227.0,578.3,200.4,509.7,53.1,137.2,
1105,36.833,shopping bag,0.25,173.9,441.1,227.0,578.3,200.4,509.7,53.1,137.2,
1106,36.867,shopping bag,0.25,173.9,441.1,227.0,578.3,200.4,509.7,53.1,137.2,
1112,37.067,shopping bag,0.255,174.0,441.1,226.9,578.5,200.5,509.8,53.0,137.3,
1113,37.1,shopping bag,0.255,174.0,441.1,226.9,578.5,200.5,509.8,53.0,137.3,
1114,37.133,shopping bag,0.256,174.0,441.1,226.9,578.5,200.5,509.8,53.0,137.3,
1115,37.167,shopping bag,0.253,174.0,441.1,226.9,578.5,200.5,509.8,53.0,137.3,
1118,37.267,shopping bag,0.252,174.0,441.1,226.9,578.5,200.5,509.8,52.9,137.3,
1119,37.3,shopping bag,0.251,174.0,441.1,226.9,578.5,200.5,509.8,53.0,137.3,
1120,37.333,cardboard box,0.288,47.3,116.9,85.4,147.0,66.4,132.0,38.1,30.1,
1120,37.333,shopping bag,0.257,173.9,441.0,226.9,578.5,200.4,509.8,53.0,137.5,
1121,37.367,cardboard box,0.257,47.3,116.6,85.3,147.1,66.3,131.9,38.1,30.5,
1122,37.4,cardboard box,0.26,47.2,116.6,85.4,147.1,66.3,131.9,38.1,30.6,
1123,37.433,cardboard box,0.266,46.9,116.6,85.4,147.2,66.1,131.9,38.5,30.5,
1124,37.467,cardboard box,0.265,46.9,116.6,85.4,147.2,66.1,131.9,38.5,30.5,
1125,37.5,cardboard box,0.259,47.4,116.6,85.3,147.1,66.4,131.9,37.9,30.5,
1126,37.533,cardboard box,0.255,47.4,116.6,85.3,147.1,66.4,131.9,38.0,30.5,
1127,37.567,cardboard box,0.257,47.4,116.6,85.3,147.1,66.4,131.9,38.0,30.5,
1128,37.6,cardboard box,0.257,47.4,116.6,85.3,147.1,66.3,131.9,38.0,30.5,
1129,37.633,cardboard box,0.253,47.3,116.6,85.3,147.1,66.3,131.9,38.0,30.5,
1159,38.633,cardboard box,0.259,48.1,117.3,86.1,146.9,67.1,132.1,38.0,29.6,
1160,38.667,cardboard box,0.267,47.9,117.0,86.2,146.9,67.1,132.0,38.3,29.9,
1161,38.7,cardboard box,0.28,48.4,116.9,86.3,146.8,67.3,131.8,37.9,29.9,
1163,38.767,cardboard box,0.252,48.2,116.6,86.3,146.8,67.3,131.7,38.1,30.2,
1164,38.8,cardboard box,0.253,48.2,116.6,86.3,146.8,67.3,131.7,38.1,30.2,
1166,38.867,cardboard box,0.25,48.3,116.6,86.3,146.8,67.3,131.7,38.0,30.1,
1167,38.9,cardboard box,0.25,48.2,116.6,86.3,146.8,67.3,131.7,38.1,30.2,
1168,38.933,cardboard box,0.25,48.2,116.6,86.3,146.8,67.3,131.7,38.1,30.2,
1169,38.967,cardboard box,0.25,48.2,116.6,86.3,146.8,67.3,131.7,38.1,30.1,
1172,39.067,cardboard box,0.25,48.3,116.6,86.3,146.8,67.3,131.7,38.0,30.1,
1177,39.233,cardboard box,0.255,48.3,116.6,86.3,146.8,67.3,131.7,38.1,30.2,
1178,39.267,cardboard box,0.255,48.3,116.6,86.3,146.8,67.3,131.7,38.0,30.1,
1179,39.3,cardboard box,0.255,48.3,116.6,86.3,146.8,67.3,131.7,38.0,30.1,
1180,39.333,cardboard box,0.263,48.0,116.6,86.2,146.8,67.1,131.7,38.3,30.1,
1181,39.367,cardboard box,0.265,48.0,116.7,86.3,146.8,67.1,131.7,38.3,30.1,
1182,39.4,cardboard box,0.29,47.7,116.6,86.2,146.8,66.9,131.7,38.5,30.2,
1183,39.433,cardboard box,0.289,47.7,116.6,86.2,146.8,66.9,131.7,38.5,30.2,
1184,39.467,cardboard box,0.28,47.7,116.6,86.2,146.8,66.9,131.7,38.5,30.2,
1185,39.5,cardboard box,0.281,47.7,116.6,86.2,146.8,67.0,131.7,38.5,30.2,
1186,39.533,cardboard box,0.281,47.7,116.7,86.2,146.8,67.0,131.7,38.5,30.1,
1187,39.567,cardboard box,0.282,47.7,116.7,86.2,146.8,67.0,131.7,38.5,30.1,
1188,39.6,cardboard box,0.28,47.8,116.7,86.2,146.8,67.0,131.7,38.4,30.1,
1189,39.633,cardboard box,0.284,47.8,116.7,86.2,146.8,67.0,131.7,38.4,30.1,
1190,39.667,cardboard box,0.277,47.9,116.8,85.9,146.9,66.9,131.8,38.1,30.1,
1190,39.667,shopping bag,0.265,174.0,441.0,227.3,578.8,200.6,509.9,53.3,137.8,
1191,39.7,cardboard box,0.283,47.8,116.7,86.2,146.8,67.0,131.8,38.4,30.1,
1191,39.7,shopping bag,0.258,174.0,441.0,227.3,578.8,200.7,509.9,53.3,137.8,
1192,39.733,cardboard box,0.269,47.9,116.8,85.7,147.0,66.8,131.9,37.8,30.2,
1193,39.767,cardboard box,0.272,47.9,116.8,85.7,147.0,66.8,131.9,37.8,30.2,
1194,39.8,cardboard box,0.272,47.9,116.8,85.7,147.0,66.8,131.9,37.8,30.2,
1195,39.833,cardboard box,0.266,48.0,116.8,85.7,147.0,66.8,131.9,37.7,30.2,
1196,39.867,cardboard box,0.254,48.1,116.9,85.7,147.0,66.9,131.9,37.6,30.1,
1197,39.9,cardboard box,0.253,48.1,116.9,85.6,147.0,66.9,131.9,37.5,30.1,
1198,39.933,cardboard box,0.254,48.1,116.8,85.7,147.0,66.9,131.9,37.6,30.2,
1199,39.967,cardboard box,0.255,48.1,116.8,85.7,147.0,66.9,131.9,37.6,30.2,
1255,41.833,shopping bag,0.251,173.9,441.0,227.1,578.6,200.5,509.8,53.2,137.6,
1257,41.9,shopping bag,0.263,173.9,441.0,227.1,578.6,200.5,509.8,53.2,137.6,
1258,41.933,shopping bag,0.262,173.9,441.0,227.1,578.6,200.5,509.8,53.2,137.6,
1259,41.967,shopping bag,0.264,173.9,441.0,227.1,578.6,200.5,509.8,53.2,137.6,
1260,42.0,shopping bag,0.267,173.9,441.0,227.1,578.6,200.5,509.8,53.2,137.7,
1261,42.033,shopping bag,0.262,173.9,441.0,227.1,578.6,200.5,509.8,53.2,137.6,
1262,42.067,shopping bag,0.262,173.9,441.0,227.1,578.6,200.5,509.8,53.2,137.6,
1263,42.1,shopping bag,0.276,173.9,441.0,227.1,578.6,200.5,509.8,53.2,137.6,
1264,42.133,shopping bag,0.276,173.9,441.0,227.1,578.6,200.5,509.8,53.2,137.6,
1265,42.167,shopping bag,0.3,173.9,441.0,227.1,578.6,200.5,509.8,53.2,137.6,
1266,42.2,shopping bag,0.298,173.9,441.0,227.1,578.6,200.5,509.8,53.2,137.6,
1267,42.233,shopping bag,0.314,173.9,441.0,227.1,578.6,200.5,509.8,53.2,137.6,
1268,42.267,shopping bag,0.314,173.9,441.0,227.1,578.6,200.5,509.8,53.2,137.6,
1269,42.3,shopping bag,0.303,173.9,441.0,227.1,578.6,200.5,509.8,53.2,137.6,
1270,42.333,shopping bag,0.299,173.9,441.0,227.1,578.6,200.5,509.8,53.1,137.6,
1271,42.367,shopping bag,0.295,173.9,441.0,227.1,578.6,200.5,509.8,53.1,137.6,
1272,42.4,shopping bag,0.297,173.9,441.0,227.1,578.6,200.5,509.8,53.1,137.6,
1273,42.433,shopping bag,0.315,173.9,441.0,227.1,578.6,200.5,509.8,53.1,137.6,
1274,42.467,shopping bag,0.33,173.9,441.0,227.1,578.6,200.5,509.8,53.2,137.6,
1275,42.5,shopping bag,0.33,173.9,441.0,227.1,578.6,200.5,509.8,53.2,137.6,
1276,42.533,shopping bag,0.344,173.9,441.0,227.1,578.6,200.5,509.8,53.2,137.6,
1277,42.567,shopping bag,0.338,173.9,441.0,227.1,578.6,200.5,509.8,53.2,137.6,
1278,42.6,shopping bag,0.326,173.9,441.0,227.1,578.6,200.5,509.8,53.2,137.6,
1279,42.633,shopping bag,0.326,173.9,441.0,227.1,578.6,200.5,509.8,53.2,137.6,
1280,42.667,shopping bag,0.43,174.0,441.1,226.9,578.3,200.4,509.7,52.9,137.2,
1281,42.7,shopping bag,0.44,173.9,441.2,227.0,578.4,200.4,509.8,53.2,137.2,
1282,42.733,shopping bag,0.437,173.5,441.2,227.3,578.5,200.4,509.8,53.7,137.3,
1283,42.767,shopping bag,0.435,173.5,441.2,227.2,578.5,200.4,509.8,53.7,137.3,
1284,42.8,shopping bag,0.411,173.6,441.2,227.3,578.5,200.4,509.8,53.7,137.3,
1285,42.833,shopping bag,0.428,173.6,441.2,227.3,578.5,200.4,509.9,53.7,137.3,
1286,42.867,shopping bag,0.427,173.6,441.2,227.3,578.5,200.4,509.9,53.7,137.3,
1287,42.9,shopping bag,0.45,173.6,441.2,227.3,578.5,200.4,509.9,53.7,137.3,
1288,42.933,shopping bag,0.45,173.6,441.2,227.3,578.5,200.4,509.9,53.7,137.3,
1289,42.967,shopping bag,0.457,173.6,441.2,227.3,578.5,200.4,509.9,53.7,137.3,
1290,43.0,shopping bag,0.458,173.6,441.2,227.3,578.5,200.4,509.9,53.7,137.3,
1291,43.033,shopping bag,0.42,173.5,441.2,227.3,578.5,200.4,509.9,53.7,137.3,
1292,43.067,shopping bag,0.397,173.5,441.2,227.3,578.5,200.4,509.9,53.8,137.3,
1293,43.1,shopping bag,0.397,173.5,441.2,227.3,578.5,200.4,509.9,53.8,137.3,
1294,43.133,shopping bag,0.404,173.5,441.2,227.3,578.5,200.4,509.8,53.8,137.3,
1295,43.167,shopping bag,0.397,173.5,441.2,227.3,578.5,200.4,509.8,53.7,137.3,
1296,43.2,shopping bag,0.383,173.5,441.2,227.3,578.5,200.4,509.9,53.8,137.2,
1297,43.233,shopping bag,0.447,173.5,441.2,227.3,578.5,200.4,509.8,53.8,137.3,
1298,43.267,shopping bag,0.393,173.5,441.2,227.2,578.5,200.4,509.8,53.7,137.3,
1299,43.3,shopping bag,0.393,173.5,441.2,227.2,578.5,200.4,509.8,53.7,137.3,
1300,43.333,shopping bag,0.412,173.4,441.2,227.4,578.5,200.4,509.9,53.9,137.3,
1301,43.367,shopping bag,0.418,173.4,441.2,227.3,578.5,200.4,509.9,53.9,137.3,
1302,43.4,shopping bag,0.468,173.5,441.2,227.3,578.5,200.4,509.8,53.8,137.4,
1303,43.433,shopping bag,0.408,173.5,441.2,227.3,578.5,200.4,509.9,53.9,137.4,
1304,43.467,shopping bag,0.408,173.5,441.2,227.4,578.5,200.4,509.9,53.9,137.4,
1305,43.5,shopping bag,0.43,173.6,441.2,227.4,578.6,200.5,509.9,53.8,137.3,
1306,43.533,shopping bag,0.443,173.5,441.2,227.3,578.6,200.4,509.9,53.8,137.3,
1307,43.567,shopping bag,0.454,173.5,441.2,227.3,578.6,200.4,509.9,53.8,137.3,
1308,43.6,shopping bag,0.42,173.6,441.3,227.5,578.5,200.5,509.9,53.9,137.3,
1309,43.633,shopping bag,0.389,173.6,441.3,227.4,578.5,200.5,509.9,53.8,137.2,
1310,43.667,shopping bag,0.388,173.6,441.3,227.4,578.5,200.5,509.9,53.8,137.2,
1311,43.7,shopping bag,0.369,173.6,441.3,227.2,578.5,200.4,509.9,53.6,137.2,
1312,43.733,shopping bag,0.292,173.8,441.4,227.4,578.5,200.6,510.0,53.6,137.1,
1313,43.767,shopping bag,0.285,173.8,441.3,227.4,578.5,200.6,509.9,53.6,137.2,
1314,43.8,shopping bag,0.284,173.8,441.3,227.4,578.5,200.6,509.9,53.6,137.2,
1315,43.833,shopping bag,0.281,173.9,440.2,228.2,578.4,201.1,509.3,54.2,138.2,
1316,43.867,shopping bag,0.456,173.5,441.3,227.8,578.7,200.6,510.0,54.2,137.4,
1317,43.9,shopping bag,0.477,173.5,441.2,227.7,578.7,200.6,509.9,54.3,137.5,
1318,43.933,shopping bag,0.474,173.5,441.1,227.7,578.7,200.6,509.9,54.3,137.6,
1319,43.967,shopping bag,0.471,174.0,441.4,227.4,578.5,200.7,509.9,53.4,137.1,
1320,44.0,shopping bag,0.503,173.8,441.6,227.3,578.4,200.6,510.0,53.5,136.8,
1321,44.033,shopping bag,0.465,173.9,441.6,227.5,578.3,200.7,510.0,53.5,136.7,
1322,44.067,shopping bag,0.437,173.6,441.9,227.4,578.6,200.5,510.3,53.8,136.7,
1323,44.1,shopping bag,0.453,173.6,441.9,227.4,578.6,200.5,510.3,53.8,136.7,
1324,44.133,shopping bag,0.477,173.7,441.8,227.4,578.7,200.5,510.3,53.7,136.8,
1324,44.133,bottle,0.351,146.1,264.0,163.9,296.0,155.0,280.0,17.8,32.0,13
1325,44.167,shopping bag,0.477,173.7,441.8,227.4,578.7,200.5,510.3,53.7,136.8,
1325,44.167,bottle,0.351,146.1,264.0,163.9,296.0,155.0,280.0,17.8,32.0,13
1326,44.2,shopping bag,0.481,173.6,441.8,227.4,578.7,200.5,510.3,53.8,136.8,
1326,44.2,bottle,0.352,146.1,264.0,163.8,296.0,155.0,280.0,17.7,32.0,13
1327,44.233,bottle,0.441,140.6,263.3,160.1,297.5,150.3,280.4,19.5,34.2,13
1327,44.233,shopping bag,0.426,173.8,441.2,227.4,578.4,200.6,509.8,53.6,137.2,
1328,44.267,shopping bag,0.434,173.9,441.0,227.4,578.3,200.7,509.7,53.5,137.4,
1329,44.3,shopping bag,0.43,173.9,440.9,227.4,578.3,200.6,509.6,53.5,137.4,
1330,44.333,shopping bag,0.472,173.7,441.0,227.4,578.3,200.6,509.7,53.7,137.3,
1331,44.367,shopping bag,0.473,173.7,441.0,227.4,578.3,200.6,509.6,53.7,137.3,
1332,44.4,shopping bag,0.64,173.5,441.6,227.4,578.3,200.5,510.0,54.0,136.7,
1333,44.433,shopping bag,0.639,173.5,441.6,227.4,578.3,200.5,510.0,54.0,136.7,
1334,44.467,shopping bag,0.516,173.5,441.2,227.3,578.3,200.4,509.8,53.8,137.1,
1335,44.5,shopping bag,0.49,173.5,441.5,227.3,578.3,200.4,509.9,53.8,136.8,
1336,44.533,shopping bag,0.478,173.5,441.5,227.4,578.3,200.4,509.9,53.9,136.8,
1337,44.567,shopping bag,0.578,173.9,441.0,227.5,578.4,200.7,509.7,53.5,137.3,
1338,44.6,shopping bag,0.603,174.0,441.0,227.5,578.4,200.7,509.7,53.5,137.4,
1339,44.633,shopping bag,0.603,174.0,441.0,227.5,578.4,200.7,509.7,53.5,137.4,
1340,44.667,shopping bag,0.604,174.0,441.0,227.4,578.3,200.7,509.7,53.4,137.3,
1341,44.7,shopping bag,0.639,174.0,441.0,227.3,578.4,200.6,509.7,53.3,137.4,
1342,44.733,shopping bag,0.777,174.0,440.9,227.3,578.5,200.7,509.7,53.3,137.6,
1343,44.767,shopping bag,0.779,174.0,440.9,227.3,578.5,200.7,509.7,53.3,137.6,
1344,44.8,shopping bag,0.776,174.0,440.9,227.3,578.5,200.7,509.7,53.4,137.6,
1345,44.833,shopping bag,0.781,174.0,440.9,227.4,578.5,200.7,509.7,53.4,137.6,
1346,44.867,shopping bag,0.775,174.0,440.9,227.4,578.5,200.7,509.7,53.4,137.6,
1347,44.9,shopping bag,0.772,174.0,440.9,227.4,578.5,200.7,509.7,53.4,137.6,
1348,44.933,shopping bag,0.772,174.0,440.9,227.4,578.5,200.7,509.7,53.4,137.6,
1349,44.967,shopping bag,0.779,174.0,440.9,227.4,578.5,200.7,509.7,53.4,137.6,
1350,45.0,shopping bag,0.774,174.0,441.0,227.3,578.5,200.6,509.7,53.4,137.5,
1351,45.033,shopping bag,0.775,173.9,440.9,227.3,578.5,200.6,509.7,53.4,137.6,
1352,45.067,shopping bag,0.803,173.9,441.1,227.4,578.5,200.6,509.8,53.5,137.5,
1353,45.1,shopping bag,0.805,173.9,441.1,227.4,578.5,200.6,509.8,53.5,137.5,
1354,45.133,shopping bag,0.805,173.9,441.1,227.4,578.5,200.6,509.8,53.5,137.5,
1355,45.167,shopping bag,0.769,174.0,441.0,227.4,578.5,200.7,509.8,53.4,137.5,
1356,45.2,shopping bag,0.773,174.0,441.0,227.4,578.5,200.7,509.8,53.4,137.5,
1357,45.233,shopping bag,0.783,174.0,440.9,227.3,578.5,200.6,509.7,53.4,137.6,
1358,45.267,shopping bag,0.779,174.0,440.9,227.3,578.5,200.7,509.7,53.4,137.6,
1359,45.3,shopping bag,0.778,173.9,440.9,227.3,578.5,200.6,509.7,53.4,137.6,
1360,45.333,shopping bag,0.778,173.9,440.9,227.3,578.5,200.6,509.7,53.4,137.6,
1361,45.367,shopping bag,0.763,174.1,440.8,227.3,578.5,200.7,509.7,53.1,137.8,
1362,45.4,shopping bag,0.77,174.1,440.7,227.3,578.5,200.7,509.6,53.1,137.8,
1363,45.433,shopping bag,0.765,174.1,440.8,227.3,578.5,200.7,509.6,53.1,137.8,
1364,45.467,shopping bag,0.77,174.1,440.8,227.3,578.5,200.7,509.6,53.1,137.8,
1365,45.5,shopping bag,0.764,174.1,440.7,227.3,578.6,200.7,509.7,53.1,137.8,
1366,45.533,shopping bag,0.765,174.1,440.6,227.3,578.6,200.7,509.6,53.1,138.0,
1367,45.567,shopping bag,0.764,174.1,440.7,227.3,578.6,200.7,509.6,53.2,137.9,
1368,45.6,shopping bag,0.76,174.1,440.7,227.3,578.6,200.7,509.6,53.1,137.9,
1369,45.633,shopping bag,0.756,174.1,440.6,227.3,578.6,200.7,509.6,53.1,137.9,
1370,45.667,shopping bag,0.758,174.1,440.6,227.3,578.6,200.7,509.6,53.1,137.9,
1371,45.7,shopping bag,0.727,174.0,440.5,227.6,579.0,200.8,509.8,53.5,138.5,
1372,45.733,shopping bag,0.726,174.0,440.5,227.6,579.0,200.8,509.8,53.5,138.5,
1373,45.767,shopping bag,0.727,174.0,440.5,227.6,579.0,200.8,509.8,53.5,138.5,
1374,45.8,shopping bag,0.71,174.1,440.5,227.7,579.0,200.9,509.8,53.6,138.5,
1375,45.833,shopping bag,0.71,174.1,440.5,227.7,579.0,200.9,509.8,53.6,138.5,
1376,45.867,shopping bag,0.705,174.1,440.6,227.7,579.1,200.9,509.8,53.6,138.4,
1377,45.9,shopping bag,0.684,174.1,440.6,227.7,579.1,200.9,509.8,53.6,138.5,
1378,45.933,shopping bag,0.684,174.1,440.6,227.7,579.1,200.9,509.8,53.6,138.5,
1379,45.967,shopping bag,0.684,174.1,440.6,227.7,579.1,200.9,509.8,53.6,138.5,
1380,46.0,shopping bag,0.72,174.1,440.5,227.7,579.1,200.9,509.8,53.6,138.6,
1381,46.033,shopping bag,0.722,174.0,440.6,227.7,579.1,200.9,509.8,53.7,138.5,
1382,46.067,shopping bag,0.702,174.1,440.6,227.7,579.1,200.9,509.8,53.6,138.5,
1383,46.1,shopping bag,0.705,174.1,440.6,227.7,579.1,200.9,509.8,53.7,138.5,
1384,46.133,shopping bag,0.72,174.0,440.5,227.7,579.1,200.9,509.8,53.7,138.5,
1385,46.167,shopping bag,0.721,174.0,440.5,227.7,579.1,200.9,509.8,53.7,138.5,
1386,46.2,shopping bag,0.73,174.1,440.5,227.8,579.1,200.9,509.8,53.7,138.6,
1387,46.233,shopping bag,0.732,174.1,440.5,227.8,579.1,200.9,509.8,53.7,138.6,
1388,46.267,shopping bag,0.7,174.1,440.6,227.7,579.1,200.9,509.9,53.6,138.6,
1389,46.3,shopping bag,0.702,174.1,440.6,227.7,579.1,200.9,509.8,53.7,138.6,
1390,46.333,shopping bag,0.706,174.1,440.6,227.7,579.1,200.9,509.8,53.6,138.5,
1391,46.367,shopping bag,0.697,174.4,440.5,227.4,578.7,200.9,509.6,53.0,138.2,
1392,46.4,shopping bag,0.694,174.4,440.5,227.4,578.7,200.9,509.6,53.0,138.2,
1393,46.433,shopping bag,0.695,174.4,440.6,227.4,578.7,200.9,509.7,53.0,138.1,
1394,46.467,shopping bag,0.703,174.5,440.6,227.4,578.7,201.0,509.7,52.9,138.2,
1395,46.5,shopping bag,0.703,174.5,440.6,227.4,578.7,201.0,509.7,52.9,138.2,
1396,46.533,shopping bag,0.669,174.5,440.7,227.4,578.7,201.0,509.7,52.9,138.0,
1397,46.567,shopping bag,0.671,174.6,440.8,227.4,578.7,201.0,509.8,52.9,138.0,
1398,46.6,shopping bag,0.667,174.4,440.9,227.7,579.2,201.0,510.1,53.3,138.2,
1399,46.633,shopping bag,0.682,174.6,440.8,227.5,578.7,201.0,509.8,52.8,137.9,
1400,46.667,shopping bag,0.688,174.6,440.9,227.4,578.8,201.0,509.9,52.7,138.0,
1401,46.7,shopping bag,0.726,174.5,440.8,227.5,578.8,201.0,509.8,53.0,138.0,
1402,46.733,shopping bag,0.735,174.5,440.8,227.5,578.8,201.0,509.8,53.0,138.0,
1403,46.767,shopping bag,0.731,174.5,440.8,227.5,578.9,201.0,509.8,53.0,138.0,
1404,46.8,shopping bag,0.769,174.4,440.8,227.6,578.9,201.0,509.9,53.2,138.1,
1405,46.833,shopping bag,0.762,174.4,440.8,227.6,578.9,201.0,509.9,53.2,138.1,
1406,46.867,shopping bag,0.783,174.4,440.9,227.6,578.9,201.0,509.9,53.2,138.0,
1407,46.9,shopping bag,0.783,174.4,440.9,227.6,578.9,201.0,509.9,53.3,138.0,
1407,46.9,bottle,0.271,128.6,274.3,145.4,303.8,137.0,289.0,16.8,29.5,17
1408,46.933,shopping bag,0.784,174.4,440.9,227.6,578.9,201.0,509.9,53.3,138.0,
1408,46.933,bottle,0.3,128.6,274.2,144.6,303.8,136.6,289.0,16.0,29.6,17
1409,46.967,shopping bag,0.792,174.4,440.9,227.6,578.9,201.0,509.9,53.2,138.0,
1409,46.967,bottle,0.3,128.6,274.2,144.6,303.8,136.6,289.0,16.0,29.6,17
1410,47.0,shopping bag,0.79,174.4,440.9,227.6,578.9,201.0,509.9,53.2,138.0,
1410,47.0,bottle,0.292,129.6,273.8,146.3,304.3,137.9,289.1,16.7,30.5,17
1411,47.033,shopping bag,0.786,174.4,441.0,227.6,578.9,201.0,509.9,53.2,137.9,
1412,47.067,shopping bag,0.789,174.4,441.0,227.6,578.9,201.0,509.9,53.2,137.9,
1413,47.1,shopping bag,0.786,174.4,441.0,227.6,578.9,201.0,510.0,53.2,137.9,
1414,47.133,shopping bag,0.786,174.4,441.0,227.6,578.9,201.0,510.0,53.2,137.9,
1415,47.167,shopping bag,0.808,174.5,441.1,227.6,578.9,201.0,510.0,53.2,137.8,
1416,47.2,shopping bag,0.798,174.4,441.1,227.6,578.9,201.0,510.0,53.2,137.8,
1416,47.2,bottle,0.34,130.6,275.3,145.5,306.4,138.0,290.8,14.9,31.1,17
1417,47.233,shopping bag,0.797,174.4,441.0,227.6,578.9,201.0,510.0,53.2,137.8,
1417,47.233,bottle,0.339,130.6,275.3,145.5,306.4,138.0,290.8,14.9,31.1,17
1418,47.267,shopping bag,0.796,174.4,441.0,227.6,578.9,201.0,510.0,53.2,137.9,
1418,47.267,bottle,0.357,128.8,276.1,144.2,307.4,136.5,291.7,15.4,31.3,17
1419,47.3,shopping bag,0.796,174.4,441.0,227.6,578.9,201.0,510.0,53.2,137.9,
1419,47.3,bottle,0.357,128.8,276.1,144.2,307.4,136.5,291.7,15.4,31.3,17
1420,47.333,shopping bag,0.794,174.5,441.0,227.6,578.9,201.0,510.0,53.2,137.8,
1420,47.333,bottle,0.359,128.8,276.1,144.2,307.4,136.5,291.7,15.4,31.3,17
1421,47.367,shopping bag,0.792,174.4,441.0,227.6,578.9,201.0,509.9,53.2,137.8,
1421,47.367,bottle,0.313,126.5,277.2,142.9,309.6,134.7,293.4,16.4,32.4,17
1422,47.4,shopping bag,0.763,174.5,441.2,227.6,578.9,201.0,510.0,53.2,137.7,
1423,47.433,shopping bag,0.758,174.5,441.2,227.6,578.9,201.0,510.0,53.1,137.7,
1424,47.467,shopping bag,0.737,174.4,441.3,227.6,578.9,201.0,510.1,53.2,137.6,
1425,47.5,shopping bag,0.737,174.4,441.3,227.6,578.9,201.0,510.1,53.2,137.6,
1426,47.533,shopping bag,0.735,174.4,441.3,227.6,578.9,201.0,510.1,53.2,137.6,
1427,47.567,shopping bag,0.785,174.4,441.4,227.6,578.9,201.0,510.1,53.2,137.6,
1428,47.6,shopping bag,0.782,174.4,441.4,227.6,578.9,201.0,510.2,53.2,137.5,
1429,47.633,shopping bag,0.781,174.4,441.4,227.6,578.9,201.0,510.2,53.2,137.5,
1430,47.667,shopping bag,0.757,174.3,441.3,227.6,579.0,200.9,510.1,53.3,137.6,
1431,47.7,shopping bag,0.754,174.3,441.3,227.6,578.9,200.9,510.1,53.3,137.6,
1432,47.733,shopping bag,0.743,174.4,441.3,227.6,578.9,201.0,510.1,53.2,137.6,
1433,47.767,shopping bag,0.742,174.4,441.3,227.6,578.9,201.0,510.1,53.2,137.6,
1434,47.8,shopping bag,0.742,174.4,441.3,227.6,578.9,201.0,510.1,53.2,137.6,
1435,47.833,shopping bag,0.751,174.1,441.0,227.8,579.4,201.0,510.2,53.7,138.4,
1436,47.867,shopping bag,0.741,174.2,441.0,227.8,579.4,201.0,510.2,53.6,138.4,
1437,47.9,shopping bag,0.737,174.5,441.3,227.6,578.9,201.0,510.1,53.1,137.6,
1438,47.933,shopping bag,0.737,174.5,441.3,227.6,578.9,201.0,510.1,53.1,137.6,
1439,47.967,shopping bag,0.737,174.5,441.3,227.6,578.9,201.0,510.1,53.1,137.6,
1440,48.0,shopping bag,0.676,174.0,441.3,227.5,578.8,200.7,510.1,53.5,137.5,
1441,48.033,shopping bag,0.642,173.9,441.3,227.7,578.8,200.8,510.1,53.8,137.5,
1442,48.067,shopping bag,0.669,173.1,441.4,227.7,578.9,200.4,510.1,54.5,137.5,
1443,48.1,shopping bag,0.668,172.9,441.4,227.6,578.9,200.3,510.1,54.7,137.5,
1444,48.133,shopping bag,0.671,172.9,441.4,227.7,578.9,200.3,510.2,54.7,137.4,
1445,48.167,shopping bag,0.709,173.5,441.2,227.7,578.9,200.6,510.0,54.2,137.7,
1446,48.2,shopping bag,0.51,173.6,440.8,227.8,578.8,200.7,509.8,54.2,138.0,
1447,48.233,shopping bag,0.484,173.6,440.8,227.9,578.8,200.7,509.8,54.3,138.0,
1448,48.267,shopping bag,0.55,173.6,440.8,227.8,578.8,200.7,509.8,54.2,138.0,
1449,48.3,shopping bag,0.549,173.6,440.8,227.8,578.8,200.7,509.8,54.2,138.0,
1450,48.333,shopping bag,0.549,173.6,440.8,227.8,578.8,200.7,509.8,54.2,138.0,
1451,48.367,shopping bag,0.511,173.6,440.8,227.9,578.8,200.7,509.8,54.3,138.0,
1451,48.367,bottle,0.267,1015.6,149.1,1032.8,199.6,1024.2,174.3,17.2,50.5,
1452,48.4,shopping bag,0.509,173.6,440.8,227.9,578.8,200.7,509.8,54.3,138.0,
1452,48.4,bottle,0.267,1015.6,149.1,1032.8,199.6,1024.2,174.3,17.2,50.5,
1453,48.433,shopping bag,0.529,173.6,440.7,227.9,578.8,200.7,509.8,54.3,138.1,
1453,48.433,bottle,0.277,1015.6,149.1,1032.9,199.6,1024.2,174.3,17.3,50.6,
1454,48.467,shopping bag,0.514,173.5,440.8,227.9,578.8,200.7,509.8,54.4,138.0,
1454,48.467,bottle,0.293,1015.7,149.1,1032.9,199.7,1024.3,174.4,17.2,50.7,
1455,48.5,shopping bag,0.514,173.5,440.8,227.9,578.8,200.7,509.8,54.4,138.0,
1455,48.5,bottle,0.293,1015.7,149.1,1032.9,199.7,1024.3,174.4,17.2,50.6,
1456,48.533,shopping bag,0.445,173.9,440.9,228.1,578.9,201.0,509.9,54.1,138.1,
1456,48.533,bottle,0.294,1015.6,149.1,1032.8,199.9,1024.2,174.5,17.2,50.8,
1457,48.567,shopping bag,0.519,174.0,440.5,228.0,578.7,201.0,509.6,54.1,138.2,
1457,48.567,bottle,0.316,1015.6,149.2,1032.8,199.9,1024.2,174.5,17.2,50.7,
1458,48.6,shopping bag,0.475,174.1,440.6,228.1,578.7,201.1,509.6,54.0,138.1,
1458,48.6,bottle,0.319,1015.6,149.2,1032.8,199.8,1024.2,174.5,17.2,50.7,
1459,48.633,shopping bag,0.567,173.9,441.0,228.3,578.6,201.1,509.8,54.4,137.6,
1459,48.633,bottle,0.323,1015.6,149.2,1032.8,199.9,1024.2,174.6,17.2,50.7,
1460,48.667,shopping bag,0.589,173.5,441.3,228.3,578.3,200.9,509.8,54.8,137.0,
1460,48.667,bottle,0.311,1015.5,149.3,1032.7,199.8,1024.1,174.6,17.2,50.5,
1461,48.7,shopping bag,0.582,173.5,441.3,228.2,578.3,200.8,509.8,54.7,137.0,
1461,48.7,bottle,0.311,1015.5,149.3,1032.7,199.8,1024.1,174.6,17.2,50.5,
1462,48.733,shopping bag,0.582,173.5,441.3,228.2,578.3,200.8,509.8,54.7,137.0,
1462,48.733,bottle,0.311,1015.5,149.3,1032.7,199.8,1024.1,174.6,17.2,50.5,
1463,48.767,shopping bag,0.633,174.0,440.9,228.6,578.6,201.3,509.7,54.6,137.7,
1463,48.767,bottle,0.288,1015.4,149.4,1032.6,199.8,1024.0,174.6,17.2,50.4,
1464,48.8,shopping bag,0.637,174.0,440.9,228.5,578.6,201.3,509.7,54.5,137.7,
1464,48.8,bottle,0.29,1015.4,149.4,1032.6,199.8,1024.0,174.6,17.2,50.4,
1465,48.833,shopping bag,0.658,172.6,441.7,232.0,578.6,202.3,510.1,59.4,136.9,
1465,48.833,bottle,0.277,1015.3,149.4,1032.6,199.8,1024.0,174.6,17.2,50.4,
1466,48.867,shopping bag,0.647,172.6,441.7,232.3,578.6,202.5,510.1,59.8,136.9,
1466,48.867,bottle,0.282,1015.4,149.4,1032.5,199.8,1023.9,174.6,17.2,50.4,
1467,48.9,shopping bag,0.618,173.4,441.2,233.4,579.0,203.4,510.1,60.0,137.8,
1468,48.933,shopping bag,0.62,173.4,441.2,233.3,579.0,203.3,510.1,59.9,137.8,
1469,48.967,shopping bag,0.624,173.4,441.2,233.3,579.0,203.3,510.1,59.9,137.8,
1470,49.0,shopping bag,0.62,173.5,441.1,232.6,579.0,203.1,510.1,59.0,137.9,
1471,49.033,shopping bag,0.634,173.6,441.1,233.0,579.0,203.3,510.1,59.4,137.9,
1472,49.067,shopping bag,0.627,173.6,441.2,233.0,579.0,203.3,510.1,59.5,137.8,
1473,49.1,shopping bag,0.626,173.6,441.2,233.0,579.0,203.3,510.1,59.5,137.8,
1474,49.133,shopping bag,0.615,173.5,441.2,233.3,579.0,203.4,510.1,59.7,137.8,
1475,49.167,shopping bag,0.631,173.5,441.2,233.8,579.0,203.6,510.1,60.3,137.9,
1476,49.2,shopping bag,0.637,173.5,441.3,233.6,579.0,203.5,510.2,60.1,137.7,
1476,49.2,bottle,0.276,1015.1,149.2,1032.2,199.8,1023.7,174.5,17.0,50.5,
1477,49.233,shopping bag,0.633,173.5,441.3,233.6,579.0,203.5,510.2,60.1,137.7,
1477,49.233,bottle,0.276,1015.1,149.2,1032.2,199.8,1023.7,174.5,17.0,50.5,
1478,49.267,shopping bag,0.626,173.5,441.3,233.9,579.0,203.7,510.2,60.5,137.7,
1478,49.267,bottle,0.258,1015.5,149.3,1032.3,199.5,1023.9,174.4,16.8,50.2,
1479,49.3,shopping bag,0.626,173.5,441.3,234.0,579.0,203.7,510.2,60.5,137.7,
1479,49.3,bottle,0.258,1015.5,149.3,1032.3,199.5,1023.9,174.4,16.8,50.2,
1480,49.333,shopping bag,0.595,173.4,441.4,233.8,579.0,203.6,510.2,60.4,137.6,
1480,49.333,bottle,0.259,123.6,278.6,145.8,306.9,134.7,292.7,22.2,28.3,17
1481,49.367,shopping bag,0.542,173.3,441.5,234.6,579.0,204.0,510.3,61.4,137.5,
1481,49.367,bottle,0.353,123.6,274.0,145.9,306.9,134.8,290.5,22.4,32.9,17
1482,49.4,shopping bag,0.544,173.3,441.5,234.5,579.0,203.9,510.2,61.2,137.5,
1482,49.4,bottle,0.298,124.8,279.9,144.9,308.5,134.8,294.2,20.1,28.6,17
1483,49.433,shopping bag,0.552,173.3,441.5,234.4,579.0,203.9,510.2,61.2,137.5,
1483,49.433,bottle,0.312,124.8,279.8,144.8,308.4,134.8,294.1,20.0,28.6,17
1484,49.467,shopping bag,0.548,173.3,441.5,234.5,579.0,203.9,510.2,61.2,137.5,
1484,49.467,bottle,0.309,125.0,284.0,143.8,309.8,134.4,296.9,18.8,25.8,17
1485,49.5,shopping bag,0.542,173.4,441.4,235.2,579.1,204.3,510.2,61.9,137.7,
1485,49.5,bottle,0.262,124.5,285.1,142.7,311.7,133.6,298.4,18.2,26.6,17
1486,49.533,shopping bag,0.541,173.4,441.3,235.3,579.1,204.4,510.2,62.0,137.7,
1486,49.533,bottle,0.267,124.5,285.0,142.9,311.7,133.7,298.4,18.4,26.7,17
1487,49.567,shopping bag,0.54,173.4,441.3,235.4,579.1,204.4,510.2,62.0,137.7,
1487,49.567,bottle,0.262,124.5,285.1,142.9,311.8,133.7,298.5,18.4,26.8,17
1488,49.6,shopping bag,0.537,173.4,441.3,235.4,579.1,204.4,510.2,62.0,137.7,
1488,49.6,bottle,0.257,124.8,282.4,144.2,311.2,134.5,296.8,19.4,28.8,17
1489,49.633,shopping bag,0.565,173.3,441.3,236.8,579.0,205.1,510.1,63.5,137.7,
1490,49.667,shopping bag,0.564,173.3,441.3,236.8,579.0,205.1,510.1,63.5,137.7,
1491,49.7,shopping bag,0.581,173.3,441.3,237.4,579.0,205.4,510.2,64.1,137.7,
1492,49.733,shopping bag,0.582,173.3,441.3,237.5,579.0,205.4,510.2,64.2,137.7,
1493,49.767,shopping bag,0.595,173.3,441.3,238.0,579.0,205.7,510.2,64.7,137.7,
1494,49.8,shopping bag,0.592,173.3,441.3,237.4,579.0,205.4,510.1,64.1,137.7,
1495,49.833,shopping bag,0.528,173.4,441.3,233.0,578.9,203.2,510.1,59.6,137.6,
1496,49.867,shopping bag,0.528,173.4,441.3,233.0,578.9,203.2,510.1,59.6,137.6,
1497,49.9,shopping bag,0.531,173.4,441.3,233.3,578.8,203.4,510.1,59.9,137.6,
1498,49.933,shopping bag,0.504,173.7,441.5,231.5,578.8,202.6,510.1,57.8,137.2,
1499,49.967,shopping bag,0.504,173.7,441.5,231.5,578.8,202.6,510.1,57.8,137.2,
1500,50.0,shopping bag,0.495,173.7,441.5,231.4,578.8,202.6,510.1,57.7,137.2,
1501,50.033,shopping bag,0.496,173.7,441.5,231.4,578.8,202.6,510.1,57.7,137.2,
1502,50.067,shopping bag,0.492,173.7,441.5,231.4,578.8,202.5,510.1,57.7,137.3,
1503,50.1,shopping bag,0.492,173.7,441.5,231.4,578.8,202.5,510.1,57.7,137.3,
1504,50.133,shopping bag,0.49,173.7,441.5,231.3,578.8,202.5,510.1,57.5,137.3,
1505,50.167,shopping bag,0.486,173.7,441.5,231.2,578.8,202.4,510.1,57.4,137.3,
1506,50.2,shopping bag,0.491,173.7,441.5,231.3,578.8,202.5,510.1,57.6,137.3,
1507,50.233,shopping bag,0.482,173.7,441.5,231.2,578.8,202.4,510.1,57.4,137.3,
1508,50.267,shopping bag,0.495,173.7,441.5,231.3,578.8,202.5,510.1,57.6,137.2,
1508,50.267,bottle,0.335,135.7,269.7,161.7,296.8,148.7,283.3,26.0,27.1,17
1509,50.3,shopping bag,0.495,173.7,441.5,231.3,578.8,202.5,510.1,57.6,137.2,
1509,50.3,bottle,0.335,135.7,269.7,161.7,296.8,148.7,283.3,26.0,27.1,17
1510,50.333,shopping bag,0.485,173.7,441.5,231.1,578.8,202.4,510.2,57.4,137.3,
1510,50.333,bottle,0.334,135.7,269.7,161.7,296.8,148.7,283.3,26.0,27.1,17
1511,50.367,shopping bag,0.479,173.7,441.5,231.0,578.8,202.3,510.1,57.3,137.3,
1511,50.367,bottle,0.339,136.0,268.3,160.9,299.4,148.4,283.8,24.9,31.1,17
1512,50.4,shopping bag,0.479,173.7,441.5,231.0,578.8,202.3,510.1,57.3,137.3,
1512,50.4,bottle,0.339,136.0,268.3,160.9,299.4,148.4,283.8,24.9,31.1,17
1513,50.433,shopping bag,0.485,173.7,441.5,231.0,578.8,202.3,510.2,57.3,137.3,
1514,50.467,shopping bag,0.499,173.7,441.5,231.0,578.8,202.3,510.2,57.3,137.3,
1515,50.5,shopping bag,0.498,173.7,441.5,231.2,578.8,202.4,510.2,57.5,137.3,
1516,50.533,shopping bag,0.498,173.7,441.5,231.2,578.8,202.4,510.2,57.5,137.3,
1517,50.567,shopping bag,0.479,173.7,441.6,230.9,578.8,202.3,510.2,57.2,137.3,
1518,50.6,shopping bag,0.479,173.7,441.6,230.9,578.8,202.3,510.2,57.2,137.3,
1519,50.633,shopping bag,0.491,173.7,441.6,231.3,578.8,202.5,510.2,57.6,137.2,
1520,50.667,shopping bag,0.399,173.6,441.4,232.2,578.7,202.9,510.0,58.6,137.2,
1520,50.667,bottle,0.282,136.5,265.1,151.3,289.8,143.9,277.4,14.8,24.7,17
1521,50.7,shopping bag,0.401,173.7,441.4,231.0,578.6,202.3,510.0,57.3,137.2,
1522,50.733,shopping bag,0.407,173.7,441.4,230.9,578.6,202.3,510.0,57.2,137.2,
1523,50.767,shopping bag,0.424,173.6,441.2,231.5,579.0,202.5,510.1,57.9,137.8,
1524,50.8,shopping bag,0.416,173.6,441.2,231.6,579.0,202.6,510.1,58.0,137.8,
1525,50.833,shopping bag,0.451,173.5,441.3,231.9,579.0,202.7,510.1,58.4,137.7,
1526,50.867,shopping bag,0.426,173.5,441.3,231.9,579.0,202.7,510.1,58.4,137.7,
1527,50.9,shopping bag,0.454,173.6,441.3,231.8,579.0,202.7,510.1,58.2,137.7,
1528,50.933,shopping bag,0.454,173.6,441.3,231.8,579.0,202.7,510.1,58.2,137.7,
1529,50.967,shopping bag,0.444,173.5,441.3,231.5,579.1,202.5,510.2,58.1,137.8,
1530,51.0,shopping bag,0.471,173.6,441.7,234.4,579.1,204.0,510.4,60.8,137.4,
1531,51.033,shopping bag,0.472,173.6,441.7,234.4,579.1,204.0,510.4,60.7,137.4,
1532,51.067,shopping bag,0.479,173.6,441.7,234.5,579.1,204.0,510.4,60.8,137.4,
1533,51.1,shopping bag,0.479,173.6,441.7,234.4,579.1,204.0,510.4,60.8,137.4,
1534,51.133,shopping bag,0.471,173.6,441.7,234.5,579.1,204.0,510.4,60.9,137.4,
1535,51.167,shopping bag,0.461,173.6,441.7,233.8,579.1,203.7,510.4,60.2,137.4,
1536,51.2,shopping bag,0.463,173.6,441.7,233.9,579.1,203.8,510.4,60.3,137.4,
1537,51.233,shopping bag,0.451,173.6,441.7,233.9,579.1,203.8,510.4,60.3,137.4,
1538,51.267,shopping bag,0.455,173.6,441.6,234.2,579.1,203.9,510.4,60.6,137.5,
1539,51.3,shopping bag,0.461,173.8,441.7,233.1,578.6,203.5,510.2,59.3,137.0,
1540,51.333,shopping bag,0.462,173.8,441.7,233.1,578.6,203.5,510.2,59.3,136.9,
1541,51.367,shopping bag,0.47,173.9,441.7,233.0,578.6,203.4,510.1,59.1,137.0,
1542,51.4,shopping bag,0.469,173.9,441.7,233.0,578.6,203.4,510.1,59.1,137.0,
1543,51.433,shopping bag,0.466,173.7,441.6,233.9,579.1,203.8,510.3,60.3,137.5,
1544,51.467,shopping bag,0.451,173.7,441.6,233.4,579.1,203.5,510.3,59.8,137.5,
1545,51.5,shopping bag,0.453,173.7,441.6,233.4,579.1,203.5,510.3,59.8,137.5,
1546,51.533,shopping bag,0.452,173.7,441.6,233.6,579.1,203.6,510.4,59.9,137.5,
1547,51.567,shopping bag,0.447,173.7,441.6,233.3,579.1,203.5,510.4,59.7,137.5,
1548,51.6,shopping bag,0.448,173.7,441.6,233.4,579.1,203.5,510.4,59.7,137.5,
1549,51.633,shopping bag,0.475,173.6,441.6,234.0,579.1,203.8,510.4,60.3,137.5,
1550,51.667,shopping bag,0.462,173.6,441.6,233.9,579.1,203.8,510.4,60.2,137.5,
1551,51.7,shopping bag,0.462,173.6,441.6,233.9,579.1,203.8,510.4,60.3,137.5,
1552,51.733,shopping bag,0.464,173.6,441.6,233.8,579.1,203.7,510.4,60.2,137.5,
1553,51.767,shopping bag,0.459,173.6,441.6,233.9,579.1,203.8,510.4,60.3,137.5,
1554,51.8,shopping bag,0.453,173.9,441.7,233.0,578.6,203.4,510.1,59.1,137.0,
1555,51.833,shopping bag,0.458,173.7,441.6,234.7,579.1,204.2,510.4,61.1,137.4,
1555,51.833,bottle,0.294,136.3,241.2,150.2,276.9,143.2,259.1,13.9,35.8,17
1556,51.867,shopping bag,0.446,173.7,441.6,234.5,579.1,204.1,510.4,60.9,137.5,
1556,51.867,bottle,0.253,136.1,241.0,150.6,277.4,143.4,259.2,14.5,36.4,17
1557,51.9,shopping bag,0.48,173.7,441.6,234.0,579.1,203.8,510.4,60.4,137.5,
1558,51.933,shopping bag,0.48,173.7,441.6,234.0,579.1,203.8,510.4,60.4,137.5,
1559,51.967,shopping bag,0.458,173.6,441.6,234.2,579.1,203.9,510.3,60.6,137.5,
1560,52.0,shopping bag,0.456,173.6,441.6,234.1,579.1,203.8,510.3,60.5,137.5,
1561,52.033,shopping bag,0.376,173.7,441.6,232.6,578.7,203.1,510.1,58.9,137.0,
1562,52.067,shopping bag,0.379,173.7,441.6,232.6,578.7,203.1,510.1,58.9,137.0,
1563,52.1,shopping bag,0.381,173.7,441.6,232.4,578.6,203.1,510.1,58.8,137.0,
1564,52.133,shopping bag,0.383,173.7,441.6,232.4,578.7,203.0,510.1,58.7,137.0,
1565,52.167,shopping bag,0.383,173.7,441.6,232.4,578.7,203.0,510.1,58.7,137.0,
1566,52.2,shopping bag,0.392,173.7,441.6,232.3,578.6,203.0,510.1,58.6,137.0,
1567,52.233,shopping bag,0.393,173.7,441.6,232.3,578.6,203.0,510.1,58.6,137.0,
1568,52.267,shopping bag,0.388,173.7,441.6,232.5,578.7,203.1,510.1,58.8,137.0,
1569,52.3,shopping bag,0.403,173.7,441.6,232.4,578.7,203.0,510.1,58.7,137.1,
1570,52.333,shopping bag,0.399,173.7,441.6,232.4,578.7,203.0,510.1,58.7,137.1,
1571,52.367,shopping bag,0.4,173.7,441.6,232.4,578.7,203.0,510.1,58.7,137.1,
1572,52.4,shopping bag,0.424,173.7,441.6,232.4,578.7,203.1,510.1,58.8,137.1,
1573,52.433,shopping bag,0.43,173.7,441.6,232.5,578.6,203.1,510.1,58.8,137.1,
1574,52.467,shopping bag,0.441,173.7,441.6,232.5,578.7,203.1,510.1,58.8,137.1,
1575,52.5,shopping bag,0.44,173.7,441.5,232.2,578.7,203.0,510.1,58.6,137.1,
1576,52.533,shopping bag,0.443,173.7,441.5,232.3,578.7,203.0,510.1,58.6,137.1,
1577,52.567,shopping bag,0.454,173.7,441.5,232.2,578.7,202.9,510.1,58.5,137.1,
1578,52.6,shopping bag,0.455,173.7,441.5,232.2,578.7,202.9,510.1,58.5,137.1,
1579,52.633,shopping bag,0.477,173.7,441.6,232.3,578.7,203.0,510.1,58.6,137.1,
1580,52.667,shopping bag,0.474,173.7,441.6,232.3,578.7,203.0,510.1,58.6,137.1,
1581,52.7,shopping bag,0.486,173.7,441.5,232.3,578.6,203.0,510.1,58.6,137.1,
1582,52.733,shopping bag,0.498,173.7,441.5,232.3,578.6,203.0,510.1,58.6,137.1,
1583,52.767,shopping bag,0.499,173.7,441.5,232.3,578.6,203.0,510.1,58.6,137.1,
1584,52.8,shopping bag,0.526,173.5,441.6,232.5,578.7,203.0,510.1,59.0,137.1,
1585,52.833,shopping bag,0.528,173.5,441.5,232.7,578.7,203.1,510.1,59.1,137.1,
1586,52.867,shopping bag,0.528,173.5,441.5,232.7,578.7,203.1,510.1,59.1,137.1,
1587,52.9,shopping bag,0.528,173.5,441.5,232.7,578.7,203.1,510.1,59.1,137.1,
1588,52.933,shopping bag,0.532,173.6,441.5,232.8,578.7,203.2,510.1,59.2,137.1,
1589,52.967,shopping bag,0.535,173.5,441.5,232.3,578.6,202.9,510.1,58.8,137.1,
1590,53.0,shopping bag,0.534,173.5,441.5,232.3,578.6,202.9,510.1,58.8,137.1,
1591,53.033,shopping bag,0.532,173.5,441.6,232.4,578.8,202.9,510.2,58.9,137.2,
1592,53.067,shopping bag,0.529,173.5,441.6,232.4,578.8,202.9,510.2,58.9,137.2,
1593,53.1,shopping bag,0.531,173.5,441.6,232.3,578.8,202.9,510.2,58.8,137.2,
1594,53.133,shopping bag,0.512,173.5,441.6,232.3,578.8,202.9,510.2,58.8,137.1,
1595,53.167,shopping bag,0.501,173.5,441.6,232.5,578.8,203.0,510.2,59.0,137.2,
1596,53.2,shopping bag,0.503,173.5,441.6,232.5,578.8,203.0,510.2,59.0,137.2,
1597,53.233,shopping bag,0.501,173.5,441.6,232.6,578.8,203.1,510.2,59.1,137.1,
1598,53.267,shopping bag,0.488,173.5,441.6,232.5,578.8,203.0,510.2,59.0,137.1,
1599,53.3,shopping bag,0.488,173.5,441.6,232.5,578.8,203.0,510.2,59.0,137.1,
1600,53.333,shopping bag,0.592,173.3,441.2,230.3,579.2,201.8,510.2,57.0,138.0,
1601,53.367,shopping bag,0.602,173.3,440.9,231.2,578.8,202.2,509.8,57.9,137.8,
1602,53.4,shopping bag,0.59,173.3,440.9,231.0,578.8,202.1,509.8,57.7,137.9,
1603,53.433,shopping bag,0.582,173.3,440.9,231.1,578.8,202.2,509.8,57.8,137.9,
1604,53.467,shopping bag,0.576,173.2,440.8,231.0,578.8,202.1,509.8,57.7,137.9,
1605,53.5,shopping bag,0.581,173.2,440.8,231.0,578.8,202.1,509.8,57.8,138.0,
1606,53.533,shopping bag,0.561,173.2,440.8,230.8,578.8,202.0,509.8,57.5,138.0,
1607,53.567,shopping bag,0.557,173.2,440.8,230.8,578.8,202.0,509.8,57.6,138.0,
1608,53.6,shopping bag,0.564,173.4,440.6,229.8,579.0,201.6,509.8,56.4,138.4,
1609,53.633,shopping bag,0.562,173.4,440.6,229.7,579.0,201.5,509.8,56.3,138.4,
1610,53.667,shopping bag,0.573,173.4,440.6,229.7,579.0,201.5,509.8,56.3,138.4,
1611,53.7,shopping bag,0.576,173.4,440.6,229.7,579.0,201.5,509.8,56.3,138.4,
1612,53.733,shopping bag,0.58,173.4,440.5,229.7,579.0,201.5,509.8,56.3,138.4,
1613,53.767,shopping bag,0.584,173.4,440.5,229.8,579.0,201.6,509.8,56.4,138.5,
1614,53.8,shopping bag,0.587,173.4,440.5,229.7,579.0,201.5,509.8,56.3,138.4,
1615,53.833,shopping bag,0.584,173.4,440.5,229.7,579.0,201.5,509.8,56.3,138.4,
1616,53.867,shopping bag,0.583,173.3,440.9,230.8,578.7,202.0,509.8,57.5,137.9,
1617,53.9,shopping bag,0.578,173.3,440.9,230.7,578.7,202.0,509.8,57.4,137.9,
1618,53.933,shopping bag,0.587,173.3,440.8,230.7,578.7,202.0,509.8,57.4,137.9,
1619,53.967,shopping bag,0.595,173.2,441.0,230.8,578.7,202.0,509.8,57.5,137.8,
1620,54.0,shopping bag,0.596,173.2,441.0,230.9,578.7,202.0,509.8,57.7,137.7,
1621,54.033,shopping bag,0.594,173.2,441.0,230.8,578.8,202.0,509.9,57.6,137.8,
1622,54.067,shopping bag,0.572,173.3,441.3,230.4,579.1,201.9,510.2,57.1,137.8,
1623,54.1,shopping bag,0.574,173.3,441.3,230.4,579.1,201.9,510.2,57.1,137.8,
1624,54.133,shopping bag,0.575,173.3,441.3,230.4,579.1,201.9,510.2,57.1,137.8,
1625,54.167,shopping bag,0.532,173.3,441.2,230.4,579.0,201.9,510.1,57.1,137.8,
1626,54.2,shopping bag,0.53,173.3,441.2,230.4,579.0,201.9,510.1,57.1,137.8,
1627,54.233,shopping bag,0.535,173.3,441.2,230.4,579.0,201.8,510.1,57.0,137.9,
1628,54.267,shopping bag,0.518,173.3,441.2,230.4,579.0,201.8,510.1,57.0,137.9,
1629,54.3,shopping bag,0.522,173.3,441.2,230.4,579.0,201.9,510.1,57.1,137.9,
1630,54.333,shopping bag,0.52,173.3,441.2,230.4,579.0,201.8,510.1,57.0,137.9,
1631,54.367,shopping bag,0.5,173.4,441.2,230.4,579.0,201.9,510.1,57.0,137.9,
1632,54.4,shopping bag,0.502,173.4,441.2,230.4,579.0,201.9,510.1,57.0,137.9,
1633,54.433,shopping bag,0.492,173.4,441.2,230.4,579.0,201.9,510.1,57.0,137.8,
1634,54.467,shopping bag,0.488,173.4,441.1,230.5,579.0,201.9,510.1,57.1,137.9,
1635,54.5,shopping bag,0.488,173.4,441.1,230.5,579.0,201.9,510.1,57.1,137.9,
1636,54.533,shopping bag,0.482,173.4,441.1,230.6,579.0,202.0,510.1,57.2,137.9,
1637,54.567,shopping bag,0.489,173.4,441.1,230.5,579.0,202.0,510.1,57.2,137.9,
1638,54.6,shopping bag,0.489,173.4,441.1,230.5,579.0,202.0,510.1,57.2,137.9,
1639,54.633,shopping bag,0.489,173.4,441.1,230.5,579.0,202.0,510.1,57.2,137.9,
1640,54.667,shopping bag,0.556,173.4,441.2,230.6,579.0,202.0,510.1,57.3,137.9,
1641,54.7,shopping bag,0.585,173.4,441.4,230.5,578.7,202.0,510.0,57.1,137.3,
1642,54.733,shopping bag,0.587,173.4,441.3,230.4,578.7,201.9,510.0,57.0,137.4,
1643,54.767,shopping bag,0.563,173.4,441.3,230.6,578.7,202.0,510.0,57.2,137.4,
1644,54.8,shopping bag,0.562,173.4,441.3,230.6,578.7,202.0,510.0,57.2,137.4,
1645,54.833,shopping bag,0.468,173.4,441.3,230.6,578.7,202.0,510.0,57.1,137.4,
1646,54.867,shopping bag,0.475,173.4,441.2,230.5,578.7,201.9,510.0,57.1,137.5,
1647,54.9,shopping bag,0.499,173.3,441.1,230.8,578.8,202.0,510.0,57.6,137.6,
1648,54.933,shopping bag,0.549,172.5,441.3,231.0,578.7,201.8,510.0,58.4,137.4,
1649,54.967,shopping bag,0.546,172.5,441.3,231.0,578.7,201.7,510.0,58.4,137.5,
1650,55.0,shopping bag,0.548,172.5,441.2,230.7,578.8,201.6,510.0,58.2,137.6,
1651,55.033,shopping bag,0.548,172.5,441.2,230.7,578.8,201.6,510.0,58.2,137.6,
1652,55.067,shopping bag,0.548,172.5,441.2,230.7,578.8,201.6,510.0,58.2,137.6,
1653,55.1,shopping bag,0.434,173.1,441.3,228.8,578.6,200.9,509.9,55.8,137.3,
1654,55.133,shopping bag,0.435,173.1,441.3,228.8,578.6,200.9,509.9,55.8,137.3,
1655,55.167,shopping bag,0.508,173.1,440.7,228.7,578.6,200.9,509.6,55.6,137.9,
1656,55.2,shopping bag,0.42,173.1,440.7,228.9,578.5,201.0,509.6,55.8,137.8,
1657,55.233,shopping bag,0.421,173.2,440.7,228.9,578.5,201.0,509.6,55.7,137.8,
1658,55.267,shopping bag,0.426,173.7,441.1,228.6,578.5,201.1,509.8,54.8,137.4,
1659,55.3,shopping bag,0.427,173.7,441.1,228.6,578.5,201.1,509.8,54.8,137.4,
1660,55.333,shopping bag,0.401,173.7,441.2,228.4,578.5,201.1,509.8,54.7,137.4,
1661,55.367,shopping bag,0.4,173.7,441.2,228.4,578.5,201.1,509.8,54.7,137.4,
1662,55.4,shopping bag,0.435,173.7,441.2,228.6,578.5,201.1,509.9,54.9,137.3,
1663,55.433,shopping bag,0.434,173.7,441.2,228.6,578.5,201.1,509.9,54.9,137.3,
1664,55.467,shopping bag,0.42,173.7,441.2,228.6,578.5,201.1,509.9,54.9,137.3,
1665,55.5,shopping bag,0.44,173.6,441.2,228.6,578.4,201.1,509.8,55.0,137.2,
1666,55.533,shopping bag,0.501,173.7,441.2,228.7,578.4,201.2,509.8,55.0,137.2,
1667,55.567,shopping bag,0.499,173.7,441.2,228.7,578.4,201.2,509.8,55.0,137.2,
1668,55.6,shopping bag,0.55,173.5,441.0,229.1,578.6,201.3,509.8,55.6,137.6,
1669,55.633,shopping bag,0.528,173.4,441.0,228.8,578.7,201.1,509.8,55.4,137.7,
1670,55.667,shopping bag,0.538,173.4,441.0,229.0,578.7,201.2,509.8,55.6,137.7,
1671,55.7,shopping bag,0.549,173.4,441.3,230.7,578.7,202.0,510.0,57.3,137.4,
1672,55.733,shopping bag,0.549,173.4,441.3,230.6,578.7,202.0,510.0,57.3,137.4,
1673,55.767,shopping bag,0.54,173.4,441.2,230.2,578.7,201.8,509.9,56.8,137.5,
1674,55.8,shopping bag,0.51,173.4,441.6,228.5,578.4,201.0,510.0,55.1,136.8,
1675,55.833,shopping bag,0.537,173.4,441.6,228.6,578.4,201.0,510.0,55.1,136.9,
1676,55.867,shopping bag,0.547,173.4,441.6,228.6,578.4,201.0,510.0,55.2,136.8,
1677,55.9,shopping bag,0.571,173.4,441.4,228.4,578.4,200.9,509.9,55.0,137.1,
1678,55.933,shopping bag,0.576,173.4,441.3,228.4,578.4,200.9,509.9,55.0,137.1,
1679,55.967,shopping bag,0.558,173.5,441.4,228.5,578.4,201.0,509.9,55.1,137.0,
1680,56.0,shopping bag,0.49,173.4,441.4,229.0,578.4,201.2,509.9,55.6,137.0,
1681,56.033,shopping bag,0.524,173.4,441.5,229.1,578.3,201.3,509.9,55.8,136.8,
1682,56.067,shopping bag,0.529,173.4,441.5,229.1,578.3,201.3,509.9,55.7,136.7,
1683,56.1,shopping bag,0.511,173.6,441.6,229.3,578.0,201.5,509.8,55.7,136.5,
1684,56.133,shopping bag,0.511,173.6,441.6,229.3,578.0,201.5,509.8,55.7,136.5,
1685,56.167,shopping bag,0.511,173.6,441.6,229.3,578.0,201.4,509.8,55.7,136.5,
1686,56.2,shopping bag,0.505,173.6,441.6,229.3,578.0,201.5,509.8,55.7,136.5,
1687,56.233,shopping bag,0.46,173.6,441.6,229.5,578.0,201.5,509.8,55.9,136.4,
1688,56.267,shopping bag,0.452,173.6,441.6,229.3,578.0,201.4,509.8,55.7,136.5,
1689,56.3,shopping bag,0.452,173.6,441.6,229.3,578.0,201.4,509.8,55.7,136.5,
1690,56.333,shopping bag,0.462,173.6,441.6,229.3,578.0,201.4,509.8,55.7,136.5,
1691,56.367,shopping bag,0.457,173.6,441.6,229.2,578.0,201.4,509.8,55.6,136.5,
1692,56.4,shopping bag,0.453,173.6,441.6,229.0,578.0,201.3,509.8,55.4,136.4,
1693,56.433,shopping bag,0.452,173.6,441.6,229.0,578.0,201.3,509.8,55.4,136.4,
1694,56.467,shopping bag,0.464,173.6,441.6,229.0,578.0,201.3,509.8,55.4,136.5,
1695,56.5,shopping bag,0.462,173.6,441.6,229.0,578.0,201.3,509.8,55.4,136.4,
1696,56.533,shopping bag,0.459,173.6,441.6,229.2,578.0,201.4,509.8,55.6,136.4,
1697,56.567,shopping bag,0.465,173.6,441.6,229.2,578.0,201.4,509.8,55.6,136.4,
1698,56.6,shopping bag,0.484,173.6,441.6,229.2,578.0,201.4,509.8,55.6,136.4,
1699,56.633,shopping bag,0.484,173.6,441.6,229.2,578.1,201.4,509.8,55.6,136.4,
1700,56.667,shopping bag,0.498,173.6,441.6,229.1,578.1,201.4,509.8,55.5,136.5,
1701,56.7,shopping bag,0.503,173.6,441.5,228.9,578.1,201.2,509.8,55.4,136.5,
1702,56.733,shopping bag,0.528,173.6,441.5,229.0,578.1,201.3,509.8,55.4,136.6,
1703,56.767,shopping bag,0.528,173.6,441.5,229.0,578.1,201.3,509.8,55.4,136.6,
1704,56.8,shopping bag,0.513,173.6,441.5,229.0,578.1,201.3,509.8,55.5,136.5,
1705,56.833,shopping bag,0.51,173.6,441.5,229.0,578.1,201.3,509.8,55.4,136.5,
1706,56.867,shopping bag,0.51,173.6,441.5,229.0,578.1,201.3,509.8,55.4,136.5,
1707,56.9,shopping bag,0.509,173.6,441.5,229.0,578.1,201.3,509.8,55.4,136.5,
1708,56.933,shopping bag,0.514,173.6,441.5,228.9,578.1,201.3,509.8,55.3,136.6,
1709,56.967,shopping bag,0.514,173.6,441.5,228.9,578.1,201.3,509.8,55.3,136.6,
1710,57.0,shopping bag,0.504,173.6,441.5,229.0,578.2,201.3,509.8,55.5,136.7,
1711,57.033,shopping bag,0.524,173.5,441.5,229.0,578.2,201.3,509.8,55.5,136.7,
1712,57.067,shopping bag,0.517,173.6,441.5,229.4,578.2,201.5,509.8,55.8,136.7,
1713,57.1,shopping bag,0.493,173.5,441.5,229.1,578.2,201.3,509.8,55.5,136.7,
1714,57.133,shopping bag,0.516,173.6,441.5,229.3,578.2,201.5,509.9,55.7,136.7,
1715,57.167,shopping bag,0.502,173.6,441.5,229.2,578.2,201.4,509.8,55.6,136.7,
1716,57.2,shopping bag,0.485,173.6,441.5,229.2,578.2,201.4,509.8,55.6,136.6,
1717,57.233,shopping bag,0.483,173.6,441.5,229.2,578.2,201.4,509.8,55.6,136.6,
1718,57.267,shopping bag,0.494,173.6,441.5,229.1,578.2,201.4,509.9,55.5,136.6,
1719,57.3,shopping bag,0.501,173.6,441.5,229.0,578.2,201.3,509.9,55.4,136.6,
1720,57.333,shopping bag,0.492,173.7,441.5,228.6,578.3,201.2,509.9,54.9,136.8,
1721,57.367,shopping bag,0.474,173.8,441.5,228.4,578.4,201.1,510.0,54.6,136.9,
1722,57.4,shopping bag,0.491,173.8,441.5,228.4,578.4,201.1,510.0,54.6,136.9,
1723,57.433,shopping bag,0.548,173.8,441.3,228.4,578.4,201.1,509.9,54.6,137.1,
1724,57.467,shopping bag,0.548,173.8,441.3,228.4,578.4,201.1,509.9,54.6,137.1,
1725,57.5,shopping bag,0.535,173.9,441.4,228.6,578.4,201.2,509.9,54.7,137.0,
1726,57.533,shopping bag,0.504,174.0,441.4,228.5,578.4,201.2,509.9,54.6,137.0,
1727,57.567,shopping bag,0.374,174.0,441.3,228.1,578.4,201.0,509.8,54.1,137.1,
1728,57.6,shopping bag,0.396,174.0,441.3,228.1,578.4,201.0,509.8,54.1,137.1,
1729,57.633,shopping bag,0.381,174.0,441.0,228.4,578.4,201.2,509.7,54.4,137.4,
1729,57.633,bottle,0.254,112.8,247.2,128.7,282.8,120.7,265.0,15.9,35.6,13
1730,57.667,shopping bag,0.337,174.0,441.0,228.3,578.4,201.1,509.7,54.2,137.4,
1731,57.7,shopping bag,0.311,173.9,441.0,228.2,578.4,201.1,509.7,54.4,137.4,
1732,57.733,shopping bag,0.31,173.9,441.0,228.3,578.4,201.1,509.7,54.4,137.4,
1733,57.767,shopping bag,0.313,174.1,441.0,228.1,578.4,201.1,509.7,54.0,137.4,
1734,57.8,shopping bag,0.315,174.1,441.0,228.0,578.4,201.1,509.7,54.0,137.4,
1735,57.833,bottle,0.387,114.1,246.6,134.5,287.5,124.3,267.1,20.4,40.9,17
1735,57.833,shopping bag,0.354,174.0,441.0,228.4,578.4,201.2,509.7,54.4,137.3,
1736,57.867,shopping bag,0.373,173.6,441.1,228.6,578.4,201.1,509.8,55.0,137.3,
1737,57.9,shopping bag,0.365,173.7,441.1,228.5,578.4,201.1,509.7,54.8,137.2,
1738,57.933,shopping bag,0.468,173.5,441.0,229.0,578.4,201.3,509.7,55.5,137.4,
1739,57.967,shopping bag,0.468,173.5,441.0,229.0,578.4,201.3,509.7,55.5,137.4,
1740,58.0,shopping bag,0.568,174.0,441.1,229.0,578.4,201.5,509.8,55.0,137.4,
1741,58.033,shopping bag,0.567,173.9,441.1,228.0,578.4,201.0,509.7,54.2,137.3,
1742,58.067,shopping bag,0.558,173.9,441.1,228.0,578.4,201.0,509.7,54.2,137.3,
1743,58.1,shopping bag,0.564,173.9,441.1,228.0,578.4,201.0,509.7,54.2,137.3,
1744,58.133,shopping bag,0.584,173.7,441.3,227.3,578.3,200.5,509.8,53.7,137.0,
1745,58.167,shopping bag,0.598,173.7,441.4,227.4,578.3,200.5,509.8,53.7,137.0,
1746,58.2,shopping bag,0.619,173.4,441.7,227.9,578.3,200.7,510.0,54.5,136.6,
1747,58.233,shopping bag,0.617,173.2,441.6,228.2,578.3,200.7,510.0,55.0,136.7,
1748,58.267,shopping bag,0.612,173.3,441.6,228.2,578.3,200.8,509.9,54.9,136.7,
1749,58.3,shopping bag,0.669,173.4,441.5,228.0,578.3,200.7,509.9,54.6,136.8,
1750,58.333,shopping bag,0.672,173.4,441.5,227.9,578.3,200.7,509.9,54.6,136.8,
1751,58.367,shopping bag,0.665,173.3,441.4,227.9,578.3,200.6,509.8,54.6,136.9,
1752,58.4,shopping bag,0.687,173.4,441.5,227.9,578.3,200.7,509.9,54.5,136.8,
1753,58.433,shopping bag,0.676,173.4,441.4,227.8,578.3,200.6,509.8,54.4,136.8,
1754,58.467,shopping bag,0.681,173.4,441.4,227.8,578.3,200.6,509.8,54.4,136.8,
1755,58.5,shopping bag,0.664,173.5,441.4,227.6,578.2,200.6,509.8,54.1,136.9,
1756,58.533,shopping bag,0.649,173.5,441.5,227.7,578.2,200.6,509.8,54.1,136.8,
1757,58.567,shopping bag,0.664,173.4,441.2,227.2,578.3,200.3,509.8,53.8,137.0,
1758,58.6,shopping bag,0.656,173.4,441.3,227.2,578.3,200.3,509.8,53.8,137.0,
1759,58.633,shopping bag,0.668,173.4,441.2,227.5,578.3,200.5,509.7,54.0,137.1,
1760,58.667,shopping bag,0.661,173.1,441.1,229.7,578.3,201.4,509.7,56.6,137.1,
1761,58.7,shopping bag,0.681,172.5,441.1,230.1,578.9,201.3,510.0,57.6,137.9,
1762,58.733,shopping bag,0.694,172.5,441.1,230.3,578.9,201.4,510.0,57.8,137.8,
1763,58.767,shopping bag,0.694,173.2,440.9,228.1,578.5,200.6,509.7,54.9,137.5,
1764,58.8,shopping bag,0.647,173.0,440.7,228.0,578.5,200.5,509.6,55.0,137.8,
1765,58.833,shopping bag,0.648,173.0,440.7,228.0,578.5,200.5,509.6,55.0,137.8,
1766,58.867,shopping bag,0.59,173.1,441.0,227.3,578.7,200.2,509.8,54.3,137.7,
1767,58.9,shopping bag,0.598,173.1,441.1,227.3,578.7,200.2,509.9,54.2,137.6,
1768,58.933,shopping bag,0.672,173.2,441.2,227.3,578.7,200.2,510.0,54.1,137.4,
1769,58.967,shopping bag,0.668,173.2,441.2,227.3,578.7,200.2,510.0,54.1,137.4,
1770,59.0,shopping bag,0.654,173.1,441.3,227.3,578.7,200.2,510.0,54.2,137.4,
1771,59.033,shopping bag,0.652,173.0,441.3,227.3,578.7,200.2,510.0,54.3,137.4,
1772,59.067,shopping bag,0.65,173.1,441.3,227.3,578.7,200.2,510.0,54.2,137.4,
1773,59.1,shopping bag,0.377,173.0,441.4,228.4,578.6,200.7,510.0,55.4,137.3,
1774,59.133,shopping bag,0.381,173.0,441.4,228.4,578.6,200.7,510.0,55.4,137.2,
1775,59.167,shopping bag,0.366,172.9,441.3,228.6,578.7,200.7,510.0,55.7,137.4,
1776,59.2,shopping bag,0.362,172.9,441.3,228.6,578.7,200.7,510.0,55.7,137.4,
1777,59.233,shopping bag,0.362,172.9,441.3,228.6,578.7,200.7,510.0,55.7,137.4,
1778,59.267,shopping bag,0.347,172.8,441.3,228.6,578.7,200.7,510.0,55.8,137.4,
1779,59.3,shopping bag,0.359,172.7,441.2,229.3,579.1,201.0,510.1,56.5,137.9,
1780,59.333,shopping bag,0.359,172.7,441.2,229.3,579.1,201.0,510.1,56.6,137.9,
1781,59.367,shopping bag,0.324,172.9,441.5,228.8,578.7,200.8,510.1,55.9,137.1,
1782,59.4,shopping bag,0.321,172.9,441.5,228.7,578.7,200.8,510.1,55.8,137.1,
1783,59.433,shopping bag,0.38,172.8,441.5,230.0,579.1,201.4,510.3,57.2,137.6,
1784,59.467,shopping bag,0.385,172.8,441.5,230.0,579.1,201.4,510.3,57.2,137.6,
1785,59.5,shopping bag,0.374,172.8,441.3,230.2,579.1,201.5,510.2,57.3,137.8,
1786,59.533,shopping bag,0.381,172.8,441.4,230.0,579.0,201.4,510.2,57.2,137.6,
1787,59.567,shopping bag,0.376,172.9,441.0,230.1,579.0,201.5,510.0,57.2,138.0,
1788,59.6,shopping bag,0.391,172.9,441.0,230.8,579.0,201.9,510.0,57.8,138.1,
1789,59.633,shopping bag,0.396,172.9,441.2,231.2,579.0,202.1,510.1,58.3,137.9,
1790,59.667,shopping bag,0.398,172.9,441.2,231.2,579.0,202.1,510.1,58.3,137.9,
1791,59.7,shopping bag,0.391,173.0,441.3,231.7,579.0,202.3,510.2,58.7,137.8,
1792,59.733,shopping bag,0.389,173.0,441.2,231.4,579.0,202.2,510.1,58.4,137.8,
1793,59.767,shopping bag,0.395,173.0,441.2,231.3,579.0,202.1,510.1,58.3,137.8,
1794,59.8,shopping bag,0.356,173.0,441.1,231.3,579.1,202.1,510.1,58.3,137.9,
1795,59.833,shopping bag,0.356,173.0,441.1,231.3,579.1,202.1,510.1,58.3,137.9,
1796,59.867,shopping bag,0.368,173.1,441.4,229.8,578.6,201.5,510.0,56.6,137.2,
1797,59.9,shopping bag,0.375,173.1,441.5,229.5,578.6,201.3,510.0,56.4,137.1,
1798,59.933,shopping bag,0.359,172.9,441.2,230.7,579.0,201.8,510.1,57.7,137.8,
1799,59.967,shopping bag,0.362,173.0,441.2,230.7,579.0,201.8,510.1,57.8,137.8,
1800,60.0,shopping bag,0.394,172.9,441.3,228.7,578.7,200.8,510.0,55.8,137.3,
1801,60.033,shopping bag,0.592,172.1,441.4,228.0,578.2,200.0,509.8,55.9,136.7,
1801,60.033,cardboard box,0.292,46.7,117.4,86.1,146.9,66.4,132.1,39.4,29.5,
1802,60.067,shopping bag,0.646,172.1,441.5,227.6,578.2,199.8,509.8,55.5,136.7,
1802,60.067,cardboard box,0.298,46.7,117.4,86.1,146.9,66.4,132.1,39.3,29.5,
1803,60.1,shopping bag,0.646,172.1,441.5,227.6,578.2,199.8,509.8,55.5,136.7,
1803,60.1,cardboard box,0.298,46.7,117.4,86.1,146.9,66.4,132.1,39.3,29.5,
1804,60.133,shopping bag,0.646,172.1,441.5,227.6,578.2,199.8,509.8,55.5,136.7,
1804,60.133,cardboard box,0.298,46.7,117.4,86.1,146.9,66.4,132.1,39.3,29.5,
1805,60.167,shopping bag,0.642,172.0,441.5,227.4,578.2,199.7,509.8,55.4,136.7,
1805,60.167,cardboard box,0.295,46.7,117.4,86.1,146.9,66.4,132.1,39.3,29.5,
1806,60.2,shopping bag,0.634,172.0,441.5,227.5,578.2,199.8,509.8,55.4,136.7,
1806,60.2,cardboard box,0.293,46.7,117.4,86.1,146.9,66.4,132.1,39.3,29.5,
1807,60.233,shopping bag,0.615,172.6,441.9,227.2,578.2,199.9,510.1,54.7,136.3,
1807,60.233,cardboard box,0.28,46.8,117.4,86.2,146.9,66.5,132.1,39.4,29.5,
1808,60.267,shopping bag,0.691,172.8,442.1,227.4,578.2,200.1,510.1,54.6,136.1,
1808,60.267,cardboard box,0.276,46.7,117.4,86.2,146.9,66.5,132.1,39.4,29.5,
1809,60.3,shopping bag,0.545,174.7,441.6,227.0,578.3,200.9,509.9,52.3,136.6,
1809,60.3,cardboard box,0.296,46.7,117.4,86.1,146.9,66.4,132.1,39.4,29.5,
