frame,time_s,label,conf,x1,y1,x2,y2,cx,cy,w,h,person_id
0,0.0,shopping bag,0.705,300.0,244.0,391.3,328.3,345.7,286.2,91.3,84.3,3
0,0.0,shopping bag,0.663,803.6,407.3,876.5,499.6,840.0,453.5,72.9,92.3,4
0,0.0,shopping bag,0.351,135.2,400.7,186.5,491.0,160.9,445.8,51.3,90.3,
1,0.076,shopping bag,0.705,300.0,244.0,391.3,328.3,345.7,286.2,91.3,84.3,3
1,0.076,shopping bag,0.66,803.6,407.2,876.5,499.6,840.0,453.4,72.9,92.4,4
1,0.076,shopping bag,0.35,135.2,400.7,186.5,491.0,160.9,445.8,51.3,90.3,
2,0.153,shopping bag,0.705,300.0,244.0,391.3,328.3,345.7,286.2,91.3,84.3,3
2,0.153,shopping bag,0.659,803.6,407.2,876.5,499.6,840.0,453.4,73.0,92.4,4
2,0.153,shopping bag,0.349,135.2,400.8,186.5,491.0,160.9,445.9,51.3,90.2,
3,0.229,shopping bag,0.705,300.0,244.0,391.3,328.3,345.7,286.2,91.3,84.3,3
3,0.229,shopping bag,0.661,803.6,407.2,876.5,499.6,840.0,453.4,72.9,92.5,4
3,0.229,shopping bag,0.348,135.2,400.9,186.5,491.0,160.9,445.9,51.3,90.1,
4,0.306,shopping bag,0.706,300.0,244.0,391.3,328.3,345.7,286.2,91.3,84.3,3
4,0.306,shopping bag,0.662,803.6,407.2,876.5,499.6,840.0,453.4,72.9,92.4,4
4,0.306,shopping bag,0.349,135.2,400.9,186.5,491.0,160.9,445.9,51.3,90.1,
5,0.382,shopping bag,0.706,300.0,244.0,391.3,328.3,345.7,286.2,91.3,84.3,3
5,0.382,shopping bag,0.665,803.6,407.2,876.5,499.6,840.0,453.4,72.9,92.4,4
5,0.382,shopping bag,0.348,135.2,400.8,186.5,491.0,160.8,445.9,51.3,90.1,
6,0.458,shopping bag,0.706,300.0,244.0,391.3,328.3,345.7,286.2,91.3,84.3,3
6,0.458,shopping bag,0.66,803.6,407.2,876.5,499.6,840.0,453.4,72.9,92.4,4
6,0.458,shopping bag,0.341,135.2,400.7,186.5,491.0,160.9,445.8,51.3,90.3,
7,0.535,shopping bag,0.706,300.0,244.0,391.3,328.3,345.7,286.2,91.3,84.3,3
7,0.535,shopping bag,0.664,803.6,407.2,876.5,499.6,840.0,453.4,72.9,92.5,4
7,0.535,shopping bag,0.348,135.2,400.7,186.5,491.0,160.8,445.8,51.3,90.3,
8,0.611,shopping bag,0.706,300.0,244.0,391.3,328.3,345.7,286.2,91.3,84.3,3
8,0.611,shopping bag,0.66,803.6,407.3,876.5,499.6,840.1,453.5,73.0,92.3,4
8,0.611,shopping bag,0.348,135.2,400.7,186.5,491.0,160.8,445.8,51.3,90.3,
9,0.687,shopping bag,0.706,300.0,244.0,391.3,328.3,345.7,286.2,91.3,84.3,3
9,0.687,shopping bag,0.665,803.6,407.3,876.6,499.6,840.1,453.4,73.0,92.3,4
9,0.687,shopping bag,0.347,135.2,400.4,186.5,491.0,160.9,445.7,51.3,90.6,
10,0.764,shopping bag,0.706,300.0,244.0,391.3,328.3,345.7,286.2,91.3,84.3,3
10,0.764,shopping bag,0.664,803.6,407.3,876.6,499.6,840.1,453.4,73.0,92.4,4
10,0.764,shopping bag,0.345,135.2,400.5,186.5,491.0,160.9,445.7,51.3,90.5,
11,0.84,shopping bag,0.706,300.0,244.0,391.3,328.3,345.7,286.2,91.3,84.3,3
11,0.84,shopping bag,0.664,803.6,407.2,876.6,499.6,840.1,453.4,73.0,92.4,4
11,0.84,shopping bag,0.348,135.2,400.3,186.5,491.0,160.9,445.6,51.4,90.7,
12,0.917,shopping bag,0.706,300.0,244.0,391.3,328.3,345.7,286.2,91.3,84.3,3
12,0.917,shopping bag,0.664,803.6,407.2,876.6,499.6,840.1,453.4,73.0,92.4,4
12,0.917,shopping bag,0.343,135.2,400.3,186.5,491.0,160.9,445.6,51.3,90.6,
13,0.993,shopping bag,0.705,300.0,244.0,391.3,328.3,345.7,286.2,91.3,84.3,3
13,0.993,shopping bag,0.663,803.6,407.2,876.6,499.7,840.1,453.5,72.9,92.5,4
13,0.993,shopping bag,0.347,135.2,400.3,186.5,491.0,160.8,445.6,51.3,90.7,
14,1.069,shopping bag,0.706,300.0,244.0,391.3,328.3,345.7,286.2,91.3,84.3,3
14,1.069,shopping bag,0.667,803.6,407.2,876.6,499.6,840.1,453.4,73.0,92.3,4
14,1.069,shopping bag,0.343,135.2,400.3,186.5,491.0,160.9,445.6,51.3,90.6,
15,1.146,shopping bag,0.705,300.0,244.0,391.3,328.3,345.7,286.2,91.3,84.3,3
15,1.146,shopping bag,0.67,803.6,407.2,876.6,499.6,840.1,453.4,73.0,92.4,4
15,1.146,shopping bag,0.35,135.2,400.3,186.5,490.9,160.9,445.6,51.4,90.6,
16,1.222,shopping bag,0.706,300.0,244.0,391.3,328.3,345.7,286.2,91.3,84.3,3
16,1.222,shopping bag,0.669,803.6,407.2,876.6,499.6,840.1,453.4,73.0,92.4,4
16,1.222,shopping bag,0.345,135.2,400.4,186.5,491.0,160.9,445.7,51.4,90.5,
17,1.298,shopping bag,0.706,300.0,244.0,391.3,328.3,345.7,286.2,91.3,84.3,3
17,1.298,shopping bag,0.669,803.6,407.2,876.6,499.6,840.1,453.4,73.0,92.4,4
17,1.298,shopping bag,0.346,135.2,400.4,186.5,490.9,160.9,445.7,51.4,90.6,
18,1.375,shopping bag,0.706,300.0,244.0,391.3,328.3,345.7,286.2,91.3,84.3,3
18,1.375,shopping bag,0.669,803.6,407.2,876.6,499.6,840.1,453.4,73.0,92.4,4
18,1.375,shopping bag,0.346,135.2,400.4,186.5,490.9,160.9,445.7,51.4,90.6,
19,1.451,shopping bag,0.706,300.0,244.0,391.3,328.3,345.7,286.2,91.3,84.3,3
19,1.451,shopping bag,0.669,803.6,407.2,876.6,499.6,840.1,453.4,73.0,92.4,4
19,1.451,shopping bag,0.345,135.2,400.4,186.5,490.9,160.9,445.7,51.4,90.6,
20,1.528,shopping bag,0.707,300.0,244.0,391.3,328.3,345.7,286.2,91.3,84.3,3
20,1.528,shopping bag,0.668,803.6,407.2,876.6,499.6,840.1,453.4,73.0,92.4,4
20,1.528,shopping bag,0.343,135.2,400.2,186.5,490.9,160.9,445.6,51.3,90.7,
21,1.604,shopping bag,0.706,300.0,244.0,391.3,328.3,345.7,286.2,91.3,84.3,3
21,1.604,shopping bag,0.668,803.6,407.2,876.6,499.6,840.1,453.4,73.0,92.4,4
21,1.604,shopping bag,0.343,135.2,400.3,186.5,490.9,160.9,445.6,51.4,90.6,
22,1.68,shopping bag,0.706,300.0,244.0,391.3,328.3,345.7,286.2,91.3,84.3,3
22,1.68,shopping bag,0.669,803.6,407.2,876.6,499.6,840.1,453.4,73.0,92.4,4
22,1.68,shopping bag,0.343,135.2,400.3,186.5,490.9,160.9,445.6,51.4,90.6,
23,1.757,shopping bag,0.706,300.0,244.0,391.3,328.3,345.7,286.2,91.3,84.3,3
23,1.757,shopping bag,0.668,803.6,407.2,876.6,499.6,840.1,453.4,73.0,92.4,4
23,1.757,shopping bag,0.343,135.2,400.3,186.5,490.9,160.9,445.6,51.4,90.6,
24,1.833,shopping bag,0.706,300.0,244.0,391.3,328.3,345.7,286.2,91.3,84.3,3
24,1.833,shopping bag,0.668,803.6,407.2,876.6,499.6,840.1,453.4,73.0,92.4,4
24,1.833,shopping bag,0.343,135.2,400.3,186.5,490.9,160.9,445.6,51.4,90.6,
25,1.909,shopping bag,0.706,300.0,244.0,391.3,328.3,345.7,286.2,91.3,84.3,3
25,1.909,shopping bag,0.668,803.6,407.2,876.6,499.6,840.1,453.4,73.0,92.4,4
25,1.909,shopping bag,0.343,135.2,400.4,186.5,490.9,160.9,445.6,51.4,90.6,
26,1.986,shopping bag,0.706,300.0,244.0,391.3,328.3,345.7,286.2,91.3,84.3,3
26,1.986,shopping bag,0.668,803.6,407.2,876.6,499.6,840.1,453.4,73.0,92.4,4
26,1.986,shopping bag,0.343,135.2,400.3,186.5,490.9,160.9,445.6,51.4,90.6,
27,2.062,shopping bag,0.706,300.0,244.0,391.3,328.3,345.7,286.2,91.3,84.3,3
27,2.062,shopping bag,0.669,803.6,407.2,876.6,499.6,840.1,453.4,73.0,92.4,4
27,2.062,shopping bag,0.343,135.2,400.3,186.5,490.9,160.9,445.6,51.4,90.6,
28,2.139,shopping bag,0.707,300.0,244.0,391.3,328.3,345.7,286.2,91.3,84.3,3
28,2.139,shopping bag,0.667,803.6,407.2,876.6,499.6,840.1,453.4,73.0,92.4,4
28,2.139,shopping bag,0.342,135.2,400.3,186.5,490.9,160.9,445.6,51.3,90.7,
29,2.215,shopping bag,0.706,300.0,244.0,391.3,328.3,345.7,286.2,91.3,84.3,3
29,2.215,shopping bag,0.668,803.6,407.2,876.6,499.6,840.1,453.4,73.0,92.4,4
29,2.215,shopping bag,0.342,135.2,400.3,186.5,490.9,160.9,445.6,51.3,90.6,
30,2.291,shopping bag,0.706,300.0,244.0,391.3,328.3,345.7,286.2,91.3,84.3,3
30,2.291,shopping bag,0.668,803.6,407.2,876.6,499.6,840.1,453.4,73.0,92.4,4
30,2.291,shopping bag,0.342,135.2,400.3,186.5,490.9,160.9,445.6,51.3,90.6,
31,2.368,shopping bag,0.707,300.0,244.0,391.3,328.3,345.7,286.2,91.3,84.3,3
31,2.368,shopping bag,0.668,803.6,407.2,876.6,499.6,840.1,453.4,73.0,92.4,4
31,2.368,shopping bag,0.342,135.2,400.3,186.5,490.9,160.9,445.6,51.3,90.6,
32,2.444,shopping bag,0.707,300.0,244.0,391.3,328.3,345.7,286.2,91.3,84.3,3
32,2.444,shopping bag,0.668,803.6,407.2,876.6,499.6,840.1,453.4,73.0,92.4,4
32,2.444,shopping bag,0.343,135.2,400.3,186.5,490.9,160.9,445.6,51.3,90.6,
33,2.52,shopping bag,0.707,300.0,244.0,391.3,328.3,345.7,286.2,91.3,84.3,3
33,2.52,shopping bag,0.669,803.6,407.2,876.6,499.6,840.1,453.4,73.0,92.4,4
33,2.52,shopping bag,0.342,135.2,400.3,186.5,490.9,160.9,445.6,51.3,90.6,
34,2.597,shopping bag,0.706,300.0,244.0,391.3,328.3,345.7,286.2,91.3,84.3,3
34,2.597,shopping bag,0.669,803.6,407.2,876.6,499.6,840.1,453.4,73.0,92.4,4
34,2.597,shopping bag,0.342,135.2,400.3,186.5,490.9,160.9,445.6,51.3,90.6,
35,2.673,shopping bag,0.706,300.0,244.0,391.3,328.3,345.7,286.2,91.3,84.3,3
35,2.673,shopping bag,0.669,803.6,407.2,876.6,499.6,840.1,453.4,73.0,92.4,4
35,2.673,shopping bag,0.341,135.2,400.4,186.5,490.9,160.9,445.6,51.3,90.6,
36,2.75,shopping bag,0.707,300.0,244.0,391.3,328.3,345.7,286.2,91.3,84.3,3
36,2.75,shopping bag,0.668,803.6,407.2,876.6,499.6,840.1,453.4,73.0,92.4,4
36,2.75,shopping bag,0.342,135.2,400.4,186.5,490.9,160.9,445.6,51.3,90.6,
37,2.826,shopping bag,0.706,300.0,244.0,391.3,328.3,345.7,286.2,91.3,84.3,3
37,2.826,shopping bag,0.672,803.6,407.2,876.6,499.6,840.1,453.4,72.9,92.4,4
37,2.826,shopping bag,0.347,135.2,400.2,186.6,490.9,160.9,445.6,51.4,90.7,
38,2.902,shopping bag,0.802,805.0,406.4,876.0,502.0,840.5,454.2,71.0,95.6,4
38,2.902,shopping bag,0.679,300.8,244.1,391.3,328.1,346.0,286.1,90.5,84.0,3
38,2.902,shopping bag,0.364,135.2,400.3,186.6,490.9,160.9,445.6,51.4,90.6,
39,2.979,shopping bag,0.86,812.4,401.3,878.9,506.1,845.6,453.7,66.5,104.8,4
39,2.979,shopping bag,0.646,301.1,244.3,391.3,328.0,346.2,286.1,90.2,83.7,3
39,2.979,shopping bag,0.388,135.2,400.4,186.5,490.9,160.8,445.6,51.3,90.6,
40,3.055,shopping bag,0.82,818.6,401.4,879.3,507.9,849.0,454.7,60.7,106.4,4
40,3.055,shopping bag,0.649,301.3,244.2,391.3,328.4,346.3,286.3,90.1,84.2,3
40,3.055,shopping bag,0.413,135.3,400.0,186.5,490.9,160.9,445.5,51.2,90.9,
41,3.131,shopping bag,0.863,827.7,390.6,884.0,504.5,855.9,447.5,56.3,113.9,4
41,3.131,shopping bag,0.677,300.4,244.2,391.6,328.4,346.0,286.3,91.2,84.2,3
41,3.131,shopping bag,0.459,134.9,399.0,186.6,491.0,160.8,445.0,51.7,92.0,
41,3.131,shopping bag,0.318,824.5,363.2,889.7,509.0,857.1,436.1,65.2,145.8,4
42,3.208,shopping bag,0.746,830.2,389.7,884.5,511.6,857.4,450.6,54.2,121.9,4
42,3.208,shopping bag,0.703,298.9,244.0,391.3,328.5,345.1,286.2,92.3,84.5,3
42,3.208,shopping bag,0.49,135.0,396.8,186.7,490.9,160.8,443.9,51.6,94.1,
43,3.284,shopping bag,0.624,298.5,244.6,391.0,328.7,344.7,286.6,92.6,84.1,3
43,3.284,shopping bag,0.606,829.8,382.3,885.7,512.3,857.8,447.3,55.9,130.0,4
43,3.284,shopping bag,0.392,134.7,397.6,186.8,491.0,160.7,444.3,52.1,93.3,
43,3.284,handbag,0.356,835.1,393.8,884.0,496.8,859.6,445.3,48.9,103.0,4
44,3.361,shopping bag,0.672,830.2,360.2,889.8,510.2,860.0,435.2,59.5,150.0,4
44,3.361,shopping bag,0.658,298.5,244.8,391.1,328.8,344.8,286.8,92.6,84.0,3
44,3.361,handbag,0.466,835.3,387.4,884.7,495.6,860.0,441.5,49.4,108.2,4
44,3.361,shopping bag,0.348,134.5,397.7,187.0,490.9,160.7,444.3,52.5,93.2,
45,3.437,shopping bag,0.683,831.2,360.5,890.2,509.8,860.7,435.2,59.0,149.3,4
45,3.437,shopping bag,0.675,298.4,245.2,391.2,328.9,344.8,287.1,92.7,83.7,3
45,3.437,handbag,0.468,835.8,386.1,885.1,491.5,860.4,438.8,49.3,105.5,4
45,3.437,shopping bag,0.311,134.7,398.7,186.7,490.9,160.7,444.8,52.1,92.2,
46,3.513,shopping bag,0.841,831.6,363.5,888.2,493.7,859.9,428.6,56.6,130.2,4
46,3.513,shopping bag,0.688,298.5,245.3,391.2,328.8,344.9,287.1,92.6,83.5,3
46,3.513,handbag,0.342,833.5,383.9,886.4,480.0,860.0,432.0,52.9,96.1,4
47,3.59,shopping bag,0.845,830.1,372.8,887.7,492.0,858.9,432.4,57.6,119.1,4
47,3.59,shopping bag,0.692,298.2,245.5,391.2,328.9,344.7,287.2,93.0,83.4,3
48,3.666,shopping bag,0.771,825.0,370.0,887.9,488.5,856.4,429.2,62.9,118.6,2
48,3.666,shopping bag,0.674,297.9,244.9,391.1,329.3,344.5,287.1,93.3,84.4,3
48,3.666,shopping bag,0.316,135.0,397.0,186.7,490.7,160.8,443.9,51.7,93.7,
49,3.742,shopping bag,0.6,297.6,245.3,391.1,329.4,344.4,287.4,93.6,84.1,3
49,3.742,shopping bag,0.6,818.8,369.8,887.4,488.5,853.1,429.1,68.6,118.8,4
49,3.742,shopping bag,0.309,134.7,396.3,186.5,490.8,160.6,443.5,51.8,94.5,
50,3.819,shopping bag,0.576,298.0,245.0,391.2,329.5,344.6,287.3,93.2,84.5,3
50,3.819,shopping bag,0.355,135.2,397.6,186.7,490.7,160.9,444.1,51.5,93.2,
50,3.819,shopping bag,0.284,805.8,371.3,884.1,477.6,845.0,424.4,78.3,106.3,2
51,3.895,shopping bag,0.579,298.3,244.8,391.2,329.6,344.7,287.2,92.9,84.7,3
51,3.895,shopping bag,0.445,805.5,370.6,882.9,473.6,844.2,422.1,77.4,103.0,2
51,3.895,shopping bag,0.36,135.1,397.5,186.7,490.8,160.9,444.1,51.6,93.3,
52,3.972,shopping bag,0.549,297.0,244.5,391.2,329.9,344.1,287.2,94.2,85.4,3
52,3.972,shopping bag,0.325,135.2,397.7,186.7,490.7,161.0,444.2,51.5,93.0,
53,4.048,shopping bag,0.558,297.0,246.3,391.8,330.4,344.4,288.4,94.8,84.1,3
53,4.048,shopping bag,0.438,135.0,398.4,186.6,490.6,160.8,444.5,51.6,92.2,
54,4.124,shopping bag,0.598,296.9,246.2,391.6,330.5,344.2,288.3,94.7,84.3,3
54,4.124,shopping bag,0.425,135.0,398.2,186.7,490.6,160.8,444.4,51.6,92.4,
55,4.201,shopping bag,0.639,297.0,246.1,391.7,330.5,344.3,288.3,94.7,84.4,3
55,4.201,shopping bag,0.446,135.0,398.0,186.6,490.6,160.8,444.3,51.7,92.6,
56,4.277,shopping bag,0.597,296.9,246.1,392.2,330.4,344.5,288.2,95.3,84.3,3
56,4.277,shopping bag,0.432,135.0,397.5,186.6,490.6,160.8,444.0,51.7,93.2,
57,4.353,shopping bag,0.591,297.1,246.1,392.3,330.5,344.7,288.3,95.2,84.4,3
57,4.353,shopping bag,0.436,135.1,398.1,186.6,490.6,160.8,444.4,51.6,92.5,
58,4.43,shopping bag,0.557,297.5,246.1,392.3,330.4,344.9,288.3,94.7,84.3,3
58,4.43,shopping bag,0.42,135.0,398.3,186.6,490.6,160.8,444.5,51.6,92.3,
59,4.506,shopping bag,0.548,297.8,245.9,392.3,330.1,345.0,288.0,94.5,84.2,3
59,4.506,shopping bag,0.384,135.0,398.3,186.6,490.6,160.8,444.4,51.7,92.3,
60,4.583,shopping bag,0.604,297.4,245.8,391.8,330.3,344.6,288.1,94.4,84.4,3
60,4.583,shopping bag,0.349,134.9,398.2,186.7,490.5,160.8,444.4,51.8,92.3,
61,4.659,shopping bag,0.634,297.4,245.8,391.5,330.3,344.5,288.1,94.2,84.5,3
61,4.659,shopping bag,0.332,134.8,397.8,186.6,490.6,160.7,444.2,51.8,92.8,
62,4.735,shopping bag,0.637,297.1,245.9,391.6,330.4,344.3,288.2,94.5,84.5,3
62,4.735,shopping bag,0.332,134.9,397.7,186.5,490.6,160.7,444.2,51.7,92.8,
63,4.812,shopping bag,0.642,297.2,245.9,391.5,330.5,344.4,288.2,94.4,84.6,3
63,4.812,shopping bag,0.368,134.9,397.3,186.5,490.6,160.7,444.0,51.6,93.3,
64,4.888,shopping bag,0.624,297.4,245.9,391.4,330.4,344.4,288.2,94.0,84.5,3
64,4.888,shopping bag,0.41,134.9,397.4,186.8,490.7,160.9,444.0,51.9,93.3,
64,4.888,shopping bag,0.3,368.2,132.0,390.0,196.8,379.1,164.4,21.8,64.8,10
65,4.964,shopping bag,0.585,297.9,245.4,391.5,330.5,344.7,287.9,93.7,85.1,3
65,4.964,shopping bag,0.416,135.1,397.6,186.9,490.6,161.0,444.1,51.8,93.0,
66,5.041,shopping bag,0.625,297.8,245.2,391.6,330.5,344.7,287.9,93.8,85.3,3
66,5.041,shopping bag,0.418,135.1,397.5,186.8,490.6,161.0,444.1,51.7,93.1,
67,5.117,shopping bag,0.608,297.8,245.4,391.6,330.5,344.7,288.0,93.8,85.1,3
67,5.117,shopping bag,0.401,135.1,397.7,186.8,490.6,161.0,444.2,51.7,92.9,
68,5.194,shopping bag,0.673,297.6,245.1,391.6,330.7,344.6,287.9,94.0,85.6,3
68,5.194,shopping bag,0.405,135.1,397.4,186.9,490.6,161.0,444.0,51.7,93.2,
69,5.27,shopping bag,0.65,298.8,244.2,391.9,330.9,345.4,287.5,93.1,86.8,3
69,5.27,shopping bag,0.379,135.1,397.0,186.9,490.6,161.0,443.8,51.8,93.6,
70,5.346,shopping bag,0.643,299.5,244.0,391.4,331.0,345.4,287.5,91.9,87.0,3
70,5.346,shopping bag,0.353,135.1,396.8,187.0,490.6,161.0,443.7,51.9,93.8,
71,5.423,shopping bag,0.616,299.6,244.2,391.6,331.1,345.6,287.6,92.0,86.8,3
71,5.423,shopping bag,0.351,135.0,396.7,186.9,490.6,161.0,443.6,51.9,93.9,
71,5.423,handbag,0.252,811.4,341.8,853.0,406.9,832.2,374.3,41.6,65.1,17
72,5.499,shopping bag,0.634,299.6,244.4,391.5,331.0,345.6,287.7,91.9,86.6,3
72,5.499,shopping bag,0.356,135.0,396.8,186.9,490.6,161.0,443.7,51.9,93.8,
73,5.575,shopping bag,0.734,299.7,243.8,391.9,330.8,345.8,287.3,92.2,86.9,3
73,5.575,shopping bag,0.287,135.0,397.5,186.9,490.7,160.9,444.1,51.8,93.2,
74,5.652,shopping bag,0.689,299.9,243.4,391.9,330.7,345.9,287.1,92.0,87.3,3
74,5.652,shopping bag,0.309,134.9,397.5,186.8,490.7,160.9,444.1,51.9,93.2,
75,5.728,shopping bag,0.667,299.6,244.1,391.8,330.8,345.7,287.4,92.2,86.6,3
75,5.728,shopping bag,0.265,134.7,396.9,186.9,490.7,160.8,443.8,52.2,93.8,
76,5.805,shopping bag,0.726,298.8,244.3,391.8,331.1,345.3,287.7,93.0,86.8,3
76,5.805,shopping bag,0.355,134.3,396.6,187.0,490.8,160.6,443.7,52.8,94.3,
77,5.881,shopping bag,0.719,299.5,245.0,392.2,331.2,345.9,288.1,92.7,86.2,3
77,5.881,shopping bag,0.367,134.2,396.4,187.1,490.9,160.6,443.6,52.9,94.5,
78,5.957,shopping bag,0.765,299.0,245.7,392.2,331.3,345.6,288.5,93.2,85.6,3
78,5.957,shopping bag,0.531,134.4,396.9,186.8,491.0,160.6,443.9,52.4,94.1,
78,5.957,shopping bag,0.324,358.4,144.6,388.3,207.9,373.3,176.2,29.9,63.4,10
78,5.957,shopping bag,0.294,748.5,549.1,844.9,656.8,796.7,603.0,96.4,107.8,5
79,6.034,shopping bag,0.76,298.9,245.6,392.3,331.3,345.6,288.5,93.3,85.7,3
79,6.034,shopping bag,0.534,134.3,396.9,186.8,491.0,160.6,443.9,52.4,94.1,
79,6.034,shopping bag,0.272,357.4,146.3,387.6,201.0,372.5,173.7,30.3,54.7,10
80,6.11,shopping bag,0.795,297.7,246.1,392.7,331.0,345.2,288.6,95.0,84.9,3
80,6.11,shopping bag,0.527,134.3,397.9,185.9,490.6,160.1,444.3,51.6,92.8,
80,6.11,shopping bag,0.293,355.1,144.5,388.4,210.9,371.7,177.7,33.3,66.5,10
80,6.11,shopping bag,0.274,741.7,553.3,840.2,666.2,791.0,609.7,98.5,112.9,5
81,6.187,shopping bag,0.796,297.6,246.0,392.7,331.0,345.2,288.5,95.1,85.0,3
81,6.187,shopping bag,0.523,352.1,143.9,386.9,210.8,369.5,177.3,34.8,66.9,10
81,6.187,shopping bag,0.516,134.3,397.0,185.9,490.7,160.1,443.9,51.6,93.7,
81,6.187,shopping bag,0.287,738.1,550.2,838.0,665.3,788.0,607.8,99.9,115.1,5
82,6.263,shopping bag,0.799,297.6,246.0,392.7,331.1,345.1,288.5,95.1,85.1,3
82,6.263,shopping bag,0.512,351.6,143.6,386.7,210.7,369.1,177.2,35.1,67.2,10
82,6.263,shopping bag,0.5,134.3,397.1,185.9,490.7,160.1,443.9,51.5,93.6,
82,6.263,shopping bag,0.28,737.6,546.0,837.3,665.7,787.5,605.8,99.8,119.7,5
83,6.339,shopping bag,0.729,298.0,245.5,392.7,331.0,345.4,288.2,94.7,85.5,3
83,6.339,shopping bag,0.553,348.3,144.3,386.2,212.1,367.3,178.2,37.9,67.8,10
83,6.339,shopping bag,0.508,134.3,397.4,185.9,490.7,160.1,444.1,51.6,93.3,
84,6.416,shopping bag,0.643,297.7,245.3,392.6,331.1,345.2,288.2,94.9,85.8,3
84,6.416,shopping bag,0.528,346.5,144.4,385.4,213.5,366.0,178.9,38.9,69.2,10
84,6.416,shopping bag,0.488,134.1,397.2,186.0,490.6,160.0,443.9,51.9,93.4,
85,6.492,shopping bag,0.691,297.4,245.0,392.6,331.3,345.0,288.1,95.2,86.3,3
85,6.492,shopping bag,0.508,134.2,397.2,186.0,490.7,160.1,443.9,51.8,93.5,
85,6.492,shopping bag,0.455,345.7,144.0,383.5,213.6,364.6,178.8,37.8,69.6,10
86,6.568,shopping bag,0.675,298.5,244.8,392.9,331.2,345.7,288.0,94.3,86.4,3
86,6.568,shopping bag,0.525,344.7,145.1,382.3,213.4,363.5,179.3,37.6,68.3,10
86,6.568,shopping bag,0.499,134.2,397.5,185.9,490.7,160.1,444.1,51.7,93.2,
87,6.645,shopping bag,0.664,298.7,244.8,392.8,330.8,345.8,287.8,94.1,86.0,3
87,6.645,shopping bag,0.496,134.2,397.6,185.8,490.7,160.0,444.1,51.6,93.1,
87,6.645,handbag,0.374,344.0,144.4,380.2,214.4,362.1,179.4,36.2,69.9,10
88,6.721,shopping bag,0.721,299.4,245.0,393.1,330.5,346.2,287.8,93.7,85.5,3
88,6.721,shopping bag,0.517,341.4,145.6,378.7,214.4,360.1,180.0,37.2,68.8,10
88,6.721,shopping bag,0.512,134.3,397.5,186.0,490.8,160.1,444.1,51.8,93.3,
89,6.798,shopping bag,0.715,299.8,244.6,393.4,331.1,346.6,287.8,93.7,86.5,3
89,6.798,shopping bag,0.52,134.1,398.2,186.0,490.8,160.1,444.5,52.0,92.7,
89,6.798,shopping bag,0.495,341.4,146.6,378.6,214.1,360.0,180.3,37.2,67.4,10
90,6.874,shopping bag,0.645,298.9,244.5,393.4,331.1,346.1,287.8,94.5,86.6,3
90,6.874,shopping bag,0.519,134.1,398.0,186.0,490.8,160.1,444.4,51.9,92.8,
90,6.874,shopping bag,0.411,343.1,146.0,377.8,213.8,360.4,179.9,34.7,67.8,10
91,6.95,shopping bag,0.556,298.5,244.5,393.5,331.2,346.0,287.9,95.0,86.8,3
91,6.95,shopping bag,0.528,134.1,397.9,186.0,490.8,160.0,444.4,52.0,92.9,
91,6.95,shopping bag,0.358,343.1,144.1,379.4,213.2,361.3,178.6,36.3,69.1,10
91,6.95,shopping bag,0.257,1010.9,543.3,1153.2,717.0,1082.1,630.1,142.4,173.7,
92,7.027,shopping bag,0.511,133.9,398.1,186.1,490.8,160.0,444.4,52.1,92.8,
92,7.027,shopping bag,0.506,346.2,143.9,380.7,212.5,363.4,178.2,34.5,68.5,
92,7.027,shopping bag,0.483,298.1,244.8,393.1,332.5,345.6,288.7,95.0,87.7,3
93,7.103,shopping bag,0.597,297.1,245.3,392.8,332.4,345.0,288.9,95.7,87.1,3
93,7.103,shopping bag,0.539,134.0,398.4,186.0,490.9,160.0,444.6,52.0,92.5,
93,7.103,shopping bag,0.495,347.7,145.5,381.4,211.8,364.6,178.7,33.7,66.3,
94,7.179,shopping bag,0.609,297.0,245.8,392.4,332.6,344.7,289.2,95.4,86.8,3
94,7.179,shopping bag,0.542,134.0,397.4,186.1,490.9,160.0,444.2,52.1,93.4,
94,7.179,shopping bag,0.416,349.5,145.4,381.2,210.9,365.3,178.2,31.7,65.5,22
94,7.179,shopping bag,0.254,1011.3,519.7,1148.1,689.5,1079.7,604.6,136.8,169.8,
95,7.256,shopping bag,0.624,297.1,245.7,392.6,332.4,344.8,289.0,95.5,86.7,3
95,7.256,shopping bag,0.584,350.5,147.0,387.3,210.4,368.9,178.7,36.8,63.4,22
95,7.256,shopping bag,0.551,133.9,396.9,186.1,490.9,160.0,443.9,52.2,94.0,
95,7.256,shopping bag,0.291,731.8,541.4,830.3,629.2,781.0,585.3,98.5,87.8,5
95,7.256,shopping bag,0.277,1011.7,513.7,1146.5,681.8,1079.1,597.7,134.9,168.1,
96,7.332,shopping bag,0.539,296.9,245.9,392.6,331.9,344.7,288.9,95.7,86.0,3
96,7.332,shopping bag,0.535,134.0,397.5,186.1,490.9,160.0,444.2,52.1,93.4,
96,7.332,shopping bag,0.347,351.3,148.5,386.8,209.7,369.0,179.1,35.5,61.3,22
97,7.409,shopping bag,0.64,297.5,244.8,392.5,331.9,345.0,288.4,95.0,87.0,3
97,7.409,shopping bag,0.515,134.0,397.8,186.1,490.9,160.0,444.4,52.0,93.0,
98,7.485,shopping bag,0.528,134.0,398.7,186.1,490.9,160.0,444.8,52.1,92.2,
99,7.561,shopping bag,0.529,133.9,398.3,186.3,490.8,160.1,444.6,52.4,92.5,
100,7.638,shopping bag,0.494,133.7,398.1,186.3,490.7,160.0,444.4,52.6,92.7,
100,7.638,shopping basket,0.427,293.1,249.1,389.3,331.6,341.2,290.3,96.1,82.5,3
101,7.714,shopping bag,0.648,291.8,248.1,388.7,333.2,340.3,290.6,96.9,85.1,3
101,7.714,shopping bag,0.478,133.6,397.3,186.6,490.6,160.1,444.0,53.0,93.3,
102,7.79,shopping bag,0.71,291.2,249.4,387.5,333.4,339.4,291.4,96.2,84.0,3
102,7.79,shopping bag,0.49,133.6,397.2,186.6,490.6,160.1,443.9,53.1,93.4,
103,7.867,shopping bag,0.549,289.5,248.9,386.9,332.0,338.2,290.4,97.4,83.1,7
103,7.867,shopping bag,0.451,133.6,396.8,186.7,490.6,160.2,443.7,53.1,93.8,
104,7.943,shopping bag,0.583,289.0,248.8,386.5,331.5,337.8,290.1,97.5,82.6,
104,7.943,shopping bag,0.46,133.6,397.0,186.7,490.7,160.1,443.8,53.1,93.6,
105,8.02,shopping bag,0.688,288.4,247.6,385.8,332.5,337.1,290.1,97.4,84.9,
105,8.02,shopping bag,0.465,133.7,397.0,186.7,490.7,160.2,443.9,53.0,93.7,
106,8.096,shopping bag,0.658,288.4,246.6,387.6,331.5,338.0,289.1,99.3,84.9,
106,8.096,shopping bag,0.447,133.7,397.5,186.6,490.7,160.2,444.1,52.9,93.2,
107,8.172,shopping basket,0.514,288.2,246.7,384.3,330.4,336.2,288.6,96.1,83.8,
107,8.172,shopping bag,0.471,133.7,397.2,186.6,490.7,160.2,443.9,52.9,93.5,
107,8.172,shopping bag,0.299,340.6,140.8,366.4,209.0,353.5,174.9,25.7,68.2,9
108,8.249,shopping bag,0.498,133.8,397.6,186.6,490.7,160.2,444.1,52.9,93.1,
108,8.249,shopping bag,0.458,286.2,245.4,384.5,329.6,335.3,287.5,98.2,84.2,
108,8.249,shopping bag,0.349,340.1,140.4,368.9,203.8,354.5,172.1,28.7,63.4,9
109,8.325,shopping bag,0.547,285.0,246.0,382.2,331.4,333.6,288.7,97.2,85.4,
109,8.325,shopping bag,0.486,133.8,397.4,186.6,490.7,160.2,444.0,52.9,93.3,
109,8.325,shopping bag,0.475,340.2,143.1,369.3,209.1,354.8,176.1,29.1,66.0,9
110,8.401,shopping bag,0.534,281.5,245.8,380.4,331.8,331.0,288.8,98.9,86.0,
110,8.401,shopping bag,0.516,133.8,398.2,186.5,490.7,160.2,444.5,52.6,92.5,
110,8.401,shopping bag,0.384,339.7,142.4,369.7,210.0,354.7,176.2,30.0,67.6,
111,8.478,shopping bag,0.653,275.9,245.8,377.5,331.5,326.7,288.7,101.6,85.7,
111,8.478,shopping bag,0.522,134.1,399.1,186.4,490.7,160.3,444.9,52.3,91.6,
111,8.478,shopping bag,0.302,339.1,146.1,369.8,210.1,354.4,178.1,30.7,64.0,9
112,8.554,shopping bag,0.561,271.0,247.2,374.9,329.7,322.9,288.5,103.9,82.4,
112,8.554,shopping bag,0.544,134.2,398.9,186.5,490.7,160.3,444.8,52.2,91.8,
113,8.631,shopping bag,0.51,271.5,247.6,374.3,329.6,322.9,288.6,102.9,82.0,
113,8.631,shopping bag,0.505,134.2,399.5,186.7,490.7,160.4,445.1,52.5,91.3,
114,8.707,shopping bag,0.519,134.3,399.4,186.7,490.7,160.5,445.0,52.4,91.3,
114,8.707,shopping bag,0.468,271.4,247.2,374.0,329.4,322.7,288.3,102.6,82.2,
115,8.783,shopping bag,0.509,134.3,399.0,186.7,490.7,160.5,444.8,52.4,91.8,
115,8.783,shopping bag,0.447,271.8,245.8,374.3,329.7,323.0,287.8,102.6,83.9,
116,8.86,shopping bag,0.554,272.6,241.5,374.0,328.6,323.3,285.0,101.5,87.1,
116,8.86,shopping bag,0.526,134.3,398.8,186.7,490.7,160.5,444.7,52.5,91.9,
117,8.936,shopping bag,0.593,278.0,240.1,374.0,326.3,326.0,283.2,96.0,86.2,
117,8.936,shopping bag,0.487,134.3,399.3,186.7,490.7,160.5,445.0,52.5,91.4,
118,9.012,shopping bag,0.607,283.0,243.2,373.8,323.4,328.4,283.3,90.8,80.2,
118,9.012,shopping bag,0.476,134.2,399.2,186.8,490.7,160.5,445.0,52.5,91.4,
119,9.089,shopping bag,0.66,287.3,237.9,375.7,320.2,331.5,279.0,88.4,82.3,
119,9.089,shopping bag,0.487,134.2,398.6,186.9,490.7,160.6,444.7,52.7,92.1,
120,9.165,shopping bag,0.7,292.8,234.9,379.4,319.8,336.1,277.4,86.7,84.9,3
120,9.165,shopping bag,0.494,134.3,398.6,186.9,490.6,160.6,444.6,52.6,92.0,
121,9.242,shopping bag,0.675,300.7,231.7,390.3,318.5,345.5,275.1,89.6,86.7,
121,9.242,shopping bag,0.448,134.2,398.0,187.0,490.6,160.6,444.3,52.8,92.6,
122,9.318,shopping bag,0.722,308.6,229.8,392.7,314.6,350.7,272.2,84.1,84.8,
122,9.318,shopping bag,0.429,134.1,398.5,186.9,490.6,160.5,444.5,52.8,92.1,
123,9.394,shopping bag,0.565,313.4,225.1,392.8,311.2,353.1,268.1,79.3,86.1,
123,9.394,shopping bag,0.4,133.8,397.9,186.9,490.6,160.3,444.3,53.0,92.7,
124,9.471,shopping bag,0.83,323.9,225.5,393.9,313.0,358.9,269.3,70.0,87.6,
124,9.471,shopping bag,0.44,134.0,398.6,186.9,490.6,160.5,444.6,52.9,92.0,
124,9.471,shopping bag,0.336,933.1,370.4,1001.8,460.1,967.5,415.3,68.8,89.6,
125,9.547,shopping bag,0.798,326.5,224.5,394.3,314.3,360.4,269.4,67.8,89.8,3
125,9.547,shopping bag,0.447,133.7,399.0,187.1,490.5,160.4,444.8,53.3,91.5,
126,9.623,shopping bag,0.86,331.2,224.8,393.5,314.9,362.3,269.8,62.4,90.2,3
126,9.623,shopping bag,0.409,960.8,357.5,1026.6,439.3,993.7,398.4,65.8,81.7,
126,9.623,shopping bag,0.372,133.5,399.0,187.2,490.5,160.3,444.7,53.8,91.6,
127,9.7,shopping bag,0.874,331.3,226.6,394.0,316.9,362.6,271.7,62.8,90.3,3
127,9.7,shopping bag,0.262,133.8,395.7,187.6,491.0,160.7,443.3,53.8,95.4,
128,9.776,shopping bag,0.911,333.5,230.9,392.9,317.5,363.2,274.2,59.4,86.7,3
128,9.776,shopping bag,0.306,133.7,394.5,187.6,491.0,160.6,442.8,53.9,96.5,
129,9.853,shopping bag,0.886,333.7,234.0,392.8,319.1,363.2,276.5,59.1,85.1,3
129,9.853,handbag,0.358,978.7,336.3,1046.8,424.2,1012.7,380.2,68.0,87.9,
129,9.853,shopping bag,0.276,133.7,395.3,187.4,491.0,160.6,443.2,53.7,95.7,1
130,9.929,shopping bag,0.889,331.9,235.4,392.4,322.0,362.1,278.7,60.6,86.7,3
130,9.929,shopping bag,0.39,133.8,393.5,187.4,491.0,160.6,442.3,53.6,97.5,1
130,9.929,shopping bag,0.279,986.4,334.1,1050.1,418.5,1018.2,376.3,63.6,84.4,
131,10.005,shopping bag,0.886,328.8,235.5,393.6,325.5,361.2,280.5,64.8,90.0,3
131,10.005,shopping bag,0.434,133.9,392.3,187.9,491.0,160.9,441.7,54.0,98.7,1
132,10.082,shopping bag,0.913,323.3,237.6,396.2,327.3,359.8,282.5,72.8,89.8,3
132,10.082,shopping bag,0.297,134.0,391.0,189.3,491.5,161.6,441.2,55.3,100.5,1
133,10.158,shopping bag,0.944,318.7,241.5,396.5,329.0,357.6,285.3,77.8,87.5,3
133,10.158,shopping bag,0.293,133.4,391.6,188.0,490.6,160.7,441.1,54.5,99.0,1
134,10.234,shopping bag,0.936,313.6,244.2,396.4,326.4,355.0,285.3,82.7,82.2,3
135,10.311,shopping bag,0.917,304.9,238.7,391.3,319.5,348.1,279.1,86.3,80.8,3
136,10.387,shopping bag,0.905,298.8,233.7,388.4,313.5,343.6,273.6,89.6,79.8,3
136,10.387,shopping bag,0.298,133.9,390.9,189.0,489.9,161.4,440.4,55.1,99.0,
137,10.464,shopping bag,0.857,296.4,221.6,385.6,309.3,341.0,265.5,89.2,87.7,3
137,10.464,shopping bag,0.303,134.0,390.8,189.1,490.0,161.6,440.4,55.0,99.2,
138,10.54,shopping bag,0.376,282.6,221.4,373.6,297.5,328.1,259.5,91.0,76.0,3
139,10.616,shopping bag,0.502,277.0,215.5,367.8,293.8,322.4,254.6,90.8,78.3,3
140,10.693,shopping bag,0.75,271.6,215.3,367.0,295.0,319.3,255.1,95.4,79.8,3
141,10.769,shopping bag,0.675,270.5,215.9,366.1,297.5,318.3,256.7,95.7,81.7,3
142,10.845,shopping bag,0.565,270.0,213.0,362.8,297.0,316.4,255.0,92.9,84.0,3
142,10.845,shopping bag,0.285,1015.7,269.6,1065.5,343.8,1040.6,306.7,49.7,74.3,
143,10.922,shopping bag,0.57,271.1,213.5,363.6,294.9,317.4,254.2,92.5,81.5,3
143,10.922,shopping bag,0.389,1012.4,266.2,1060.1,337.1,1036.3,301.7,47.7,71.0,
144,10.998,shopping bag,0.887,272.5,207.9,367.4,289.4,320.0,248.6,94.9,81.5,3
144,10.998,shopping bag,0.341,358.7,88.5,429.9,163.8,394.3,126.1,71.1,75.3,7
145,11.075,shopping bag,0.928,278.8,202.9,368.6,282.0,323.7,242.5,89.8,79.1,3
146,11.151,shopping bag,0.614,274.7,199.0,362.3,283.9,318.5,241.4,87.5,84.9,3
147,11.227,shopping bag,0.634,273.2,205.7,361.1,284.1,317.2,244.9,87.8,78.4,3
148,11.304,shopping bag,0.842,271.0,202.2,360.5,287.9,315.7,245.1,89.5,85.7,3
148,11.304,handbag,0.475,933.3,294.2,978.3,367.7,955.8,331.0,45.0,73.5,17
149,11.38,shopping bag,0.891,270.1,201.4,359.6,291.7,314.8,246.6,89.5,90.3,3
149,11.38,handbag,0.419,936.2,299.0,973.3,361.9,954.8,330.5,37.1,62.9,17
150,11.457,shopping bag,0.885,271.8,199.9,360.7,294.8,316.3,247.4,88.9,94.8,3
151,11.533,shopping bag,0.835,277.1,205.9,361.2,291.6,319.2,248.7,84.1,85.7,3
152,11.609,shopping bag,0.877,276.8,193.6,368.5,291.3,322.6,242.4,91.7,97.6,3
153,11.686,shopping bag,0.914,278.4,197.5,371.7,292.5,325.1,245.0,93.2,95.0,3
154,11.762,shopping bag,0.949,285.7,190.3,373.2,292.5,329.5,241.4,87.5,102.2,3
155,11.838,shopping bag,0.873,291.7,188.6,374.5,291.1,333.1,239.9,82.8,102.6,3
156,11.915,shopping bag,0.696,295.2,193.5,377.1,291.0,336.2,242.3,81.9,97.5,3
156,11.915,shopping bag,0.261,133.6,391.7,188.8,489.8,161.2,440.7,55.2,98.1,
156,11.915,shopping bag,0.259,350.8,158.9,389.5,220.7,370.2,189.8,38.7,61.8,10
157,11.991,shopping bag,0.776,296.2,192.7,380.2,289.6,338.2,241.2,84.0,96.9,10
157,11.991,shopping bag,0.261,133.7,391.4,189.0,489.8,161.3,440.6,55.3,98.4,
158,12.068,shopping bag,0.674,299.0,184.3,380.9,282.5,339.9,233.4,81.9,98.2,10
158,12.068,shopping bag,0.329,133.7,391.4,188.8,489.6,161.2,440.5,55.1,98.2,
158,12.068,shopping bag,0.281,348.4,160.0,389.9,221.1,369.2,190.5,41.5,61.1,10
158,12.068,bottle,0.257,369.7,267.9,394.5,303.8,382.1,285.8,24.7,35.8,10
159,12.144,shopping bag,0.762,300.6,177.9,384.1,274.5,342.4,226.2,83.5,96.6,10
159,12.144,shopping bag,0.334,133.7,391.2,188.9,489.6,161.3,440.4,55.2,98.4,1
159,12.144,shopping bag,0.26,325.5,98.8,376.9,171.9,351.2,135.4,51.4,73.1,10
159,12.144,backpack,0.259,314.6,99.3,363.8,170.7,339.2,135.0,49.2,71.3,10
160,12.22,shopping bag,0.511,304.0,173.8,395.1,263.3,349.6,218.6,91.0,89.5,
160,12.22,shopping bag,0.3,304.2,137.3,394.5,267.2,349.4,202.3,90.3,129.9,
160,12.22,shopping bag,0.288,134.2,389.6,188.7,488.9,161.5,439.3,54.5,99.3,1
161,12.297,shopping bag,0.285,134.2,389.6,188.6,489.0,161.4,439.3,54.4,99.3,1
161,12.297,shopping bag,0.265,305.8,176.1,399.8,257.8,352.8,216.9,94.0,81.7,
162,12.373,shopping bag,0.33,303.8,183.2,394.1,251.0,349.0,217.1,90.4,67.8,
162,12.373,shopping bag,0.269,134.2,389.7,188.6,488.9,161.4,439.3,54.4,99.1,1
163,12.449,handbag,0.4,337.7,120.6,379.1,172.2,358.4,146.4,41.4,51.6,31
163,12.449,shopping bag,0.332,296.4,200.8,374.5,245.5,335.5,223.2,78.1,44.7,3
163,12.449,shopping bag,0.281,134.2,389.6,188.7,488.9,161.4,439.3,54.5,99.3,1
164,12.526,handbag,0.382,340.2,116.2,381.0,172.2,360.6,144.2,40.8,56.0,31
164,12.526,shopping bag,0.288,134.2,389.7,188.7,489.0,161.5,439.3,54.6,99.3,1
164,12.526,shopping bag,0.263,291.0,203.7,364.1,252.8,327.5,228.2,73.1,49.1,3
164,12.526,shopping bag,0.255,333.0,99.7,381.3,173.9,357.1,136.8,48.3,74.3,31
165,12.602,shopping bag,0.561,310.0,194.4,363.1,270.8,336.6,232.6,53.1,76.5,3
165,12.602,handbag,0.48,346.2,111.6,384.7,173.2,365.5,142.4,38.4,61.6,31
165,12.602,shopping bag,0.272,134.2,389.7,188.8,488.9,161.5,439.3,54.6,99.2,1
166,12.679,shopping bag,0.451,346.9,109.2,386.6,171.1,366.7,140.2,39.7,61.9,31
166,12.679,shopping bag,0.272,134.1,389.7,188.8,488.9,161.5,439.3,54.7,99.3,1
167,12.755,handbag,0.329,338.7,112.0,388.3,174.2,363.5,143.1,49.6,62.2,31
167,12.755,shopping bag,0.274,134.1,390.0,188.8,488.9,161.4,439.5,54.7,98.9,1
168,12.831,handbag,0.321,353.5,112.7,389.1,170.2,371.3,141.4,35.6,57.5,31
168,12.831,shopping bag,0.269,134.0,389.9,188.9,488.9,161.5,439.4,54.9,99.0,1
169,12.908,handbag,0.293,349.4,111.2,390.0,172.3,369.7,141.7,40.6,61.1,31
169,12.908,shopping bag,0.277,134.1,389.7,188.8,488.9,161.5,439.3,54.8,99.2,1
170,12.984,shopping bag,0.291,298.2,198.1,354.9,262.8,326.5,230.5,56.7,64.7,10
170,12.984,shopping bag,0.289,134.1,389.5,189.0,488.9,161.5,439.2,55.0,99.4,1
171,13.06,shopping bag,0.282,134.0,389.5,189.3,488.9,161.6,439.2,55.3,99.4,1
172,13.137,shopping bag,0.284,134.0,389.2,189.1,489.0,161.5,439.1,55.1,99.8,1
173,13.213,handbag,0.329,355.1,148.5,377.2,178.6,366.1,163.6,22.1,30.0,31
173,13.213,shopping bag,0.309,134.0,389.6,188.7,489.0,161.4,439.3,54.7,99.5,1
173,13.213,shopping bag,0.258,297.8,203.3,354.3,275.0,326.1,239.1,56.5,71.7,10
174,13.29,handbag,0.325,358.9,150.0,380.5,178.8,369.7,164.4,21.6,28.9,31
174,13.29,shopping bag,0.312,134.0,389.8,188.5,489.0,161.2,439.4,54.4,99.2,1
174,13.29,shopping bag,0.297,273.2,208.4,355.6,295.7,314.4,252.1,82.4,87.3,3
175,13.366,shopping bag,0.307,134.0,390.1,188.3,489.0,161.2,439.5,54.3,98.9,1
175,13.366,handbag,0.266,359.1,150.1,381.1,178.8,370.1,164.4,22.0,28.7,31
175,13.366,shopping bag,0.259,270.6,209.4,357.1,297.8,313.9,253.6,86.5,88.4,3
176,13.442,shopping bag,0.385,266.7,210.2,358.4,312.1,312.6,261.2,91.6,102.0,3
176,13.442,shopping bag,0.282,134.0,389.8,188.4,489.0,161.2,439.4,54.4,99.2,1
176,13.442,shopping bag,0.262,333.4,189.8,356.0,219.3,344.7,204.6,22.6,29.5,10
177,13.519,shopping bag,0.464,266.5,209.0,357.6,315.7,312.1,262.4,91.1,106.6,3
177,13.519,shopping bag,0.302,134.0,389.9,188.1,489.0,161.1,439.5,54.1,99.1,1
178,13.595,shopping bag,0.441,270.2,213.0,361.4,314.3,315.8,263.7,91.2,101.2,3
178,13.595,shopping bag,0.286,134.0,389.9,188.1,489.0,161.1,439.4,54.1,99.1,1
179,13.671,shopping bag,0.482,272.5,214.6,363.5,315.8,318.0,265.2,91.0,101.2,3
179,13.671,shopping bag,0.432,321.8,169.7,355.3,219.8,338.5,194.8,33.5,50.1,
179,13.671,shopping bag,0.29,134.0,389.9,188.2,489.0,161.1,439.5,54.1,99.0,1
180,13.748,shopping bag,0.445,272.9,214.3,365.5,316.6,319.2,265.4,92.6,102.3,3
180,13.748,shopping bag,0.385,320.4,168.5,355.4,220.1,337.9,194.3,35.0,51.6,25
180,13.748,shopping bag,0.279,134.0,389.7,188.2,489.0,161.1,439.4,54.3,99.2,1
181,13.824,shopping bag,0.541,276.0,215.1,366.8,316.4,321.4,265.7,90.8,101.3,3
181,13.824,shopping bag,0.454,320.3,169.7,354.6,220.3,337.4,195.0,34.4,50.6,25
181,13.824,shopping bag,0.321,134.0,390.2,188.0,489.1,161.0,439.6,54.1,98.8,1
182,13.901,shopping bag,0.61,278.3,215.5,367.6,313.2,323.0,264.3,89.3,97.7,3
182,13.901,shopping bag,0.319,134.0,389.8,188.3,489.0,161.1,439.4,54.3,99.2,1
182,13.901,shopping bag,0.298,320.3,169.0,354.0,219.8,337.2,194.4,33.7,50.8,25
183,13.977,shopping bag,0.586,278.3,215.0,367.9,312.8,323.1,263.9,89.6,97.8,3
183,13.977,shopping bag,0.336,134.0,389.7,188.3,489.1,161.1,439.4,54.3,99.4,1
183,13.977,shopping bag,0.32,317.1,167.2,354.3,220.6,335.7,193.9,37.2,53.4,25
183,13.977,handbag,0.273,359.2,150.2,379.2,177.7,369.2,164.0,19.9,27.4,31
184,14.053,shopping bag,0.65,276.2,215.0,367.0,316.6,321.6,265.8,90.8,101.6,3
184,14.053,shopping bag,0.427,319.6,168.8,353.2,220.7,336.4,194.7,33.6,51.9,25
184,14.053,handbag,0.302,358.7,149.6,379.3,178.5,369.0,164.1,20.6,28.9,31
184,14.053,shopping bag,0.286,134.0,389.5,188.5,489.0,161.2,439.3,54.5,99.4,1
185,14.13,shopping bag,0.674,278.0,214.9,363.7,315.9,320.8,265.4,85.7,101.0,3
185,14.13,shopping bag,0.435,319.9,169.0,353.1,220.8,336.5,194.9,33.2,51.8,25
185,14.13,shopping bag,0.341,134.1,389.6,188.5,489.1,161.3,439.4,54.5,99.5,1
185,14.13,handbag,0.269,358.1,149.8,379.2,179.5,368.7,164.7,21.1,29.7,31
186,14.206,shopping bag,0.582,273.8,214.7,365.2,316.9,319.5,265.8,91.4,102.1,3
186,14.206,shopping bag,0.406,318.4,167.0,353.0,221.3,335.7,194.1,34.6,54.3,25
186,14.206,shopping bag,0.342,134.1,389.6,188.5,489.1,161.3,439.3,54.4,99.6,1
187,14.282,shopping bag,0.576,272.0,214.6,363.6,316.2,317.8,265.4,91.6,101.6,3
187,14.282,shopping bag,0.45,319.4,168.9,352.9,221.7,336.2,195.3,33.5,52.8,25
187,14.282,shopping bag,0.335,134.1,389.7,188.5,489.1,161.3,439.4,54.4,99.5,1
188,14.359,shopping bag,0.639,272.6,215.0,363.0,316.2,317.8,265.6,90.5,101.1,3
188,14.359,shopping bag,0.485,318.8,168.0,353.0,221.9,335.9,195.0,34.2,53.9,25
188,14.359,shopping bag,0.347,134.0,389.4,188.9,489.1,161.5,439.3,54.8,99.8,1
188,14.359,handbag,0.259,357.9,151.1,381.0,180.4,369.4,165.8,23.0,29.3,31
189,14.435,shopping bag,0.639,274.7,214.8,363.1,316.1,318.9,265.4,88.4,101.3,3
189,14.435,shopping bag,0.449,318.0,168.0,353.0,222.0,335.5,195.0,35.1,54.0,25
189,14.435,shopping bag,0.361,134.0,389.5,188.6,489.1,161.3,439.3,54.6,99.6,1
189,14.435,handbag,0.33,358.2,150.7,380.9,179.9,369.5,165.3,22.7,29.2,31
189,14.435,shopping bag,0.309,799.7,504.6,830.3,580.9,815.0,542.7,30.6,76.4,15
190,14.512,shopping bag,0.608,273.4,214.8,362.5,316.5,318.0,265.7,89.1,101.6,3
190,14.512,shopping bag,0.456,318.0,167.6,353.0,222.0,335.5,194.8,35.0,54.4,25
190,14.512,shopping bag,0.353,134.0,389.5,188.7,489.1,161.4,439.3,54.6,99.6,1
190,14.512,handbag,0.352,358.2,150.7,380.7,179.8,369.5,165.3,22.4,29.1,31
190,14.512,shopping bag,0.327,800.8,505.3,831.0,581.5,815.9,543.4,30.2,76.2,15
191,14.588,shopping bag,0.537,272.8,214.2,361.7,316.3,317.2,265.2,89.0,102.2,3
191,14.588,shopping bag,0.466,800.7,506.4,832.6,583.2,816.7,544.8,31.9,76.9,15
191,14.588,shopping bag,0.455,318.1,167.6,353.0,222.1,335.6,194.8,34.9,54.5,25
191,14.588,shopping bag,0.342,134.0,389.5,188.6,489.1,161.3,439.3,54.6,99.6,1
191,14.588,handbag,0.334,358.2,150.6,380.6,179.8,369.4,165.2,22.4,29.2,31
192,14.664,shopping bag,0.65,274.0,214.4,361.3,316.2,317.6,265.3,87.3,101.8,3
192,14.664,shopping bag,0.569,800.2,508.8,836.7,586.4,818.4,547.6,36.5,77.6,15
192,14.664,shopping bag,0.467,318.6,167.6,352.9,222.3,335.7,194.9,34.4,54.7,25
192,14.664,shopping bag,0.36,134.0,389.4,188.8,489.1,161.4,439.3,54.7,99.7,1
192,14.664,handbag,0.351,358.5,150.7,380.6,179.6,369.6,165.1,22.0,28.9,31
193,14.741,shopping bag,0.618,276.0,217.0,361.4,316.4,318.7,266.7,85.4,99.4,3
193,14.741,shopping bag,0.507,318.6,167.7,353.0,222.4,335.8,195.0,34.4,54.7,25
193,14.741,shopping bag,0.395,803.3,510.2,837.7,588.0,820.5,549.1,34.4,77.9,15
193,14.741,shopping bag,0.373,134.0,389.5,188.7,489.1,161.4,439.3,54.7,99.6,1
193,14.741,handbag,0.311,358.5,150.8,380.4,179.4,369.4,165.1,21.9,28.7,31
194,14.817,shopping bag,0.55,320.9,170.3,353.0,222.2,337.0,196.3,32.2,51.9,25
194,14.817,shopping bag,0.485,274.5,216.3,360.1,316.2,317.3,266.3,85.5,99.9,3
194,14.817,shopping bag,0.377,808.6,511.9,841.5,591.8,825.0,551.8,32.9,79.9,15
194,14.817,handbag,0.366,358.7,151.0,380.2,178.9,369.5,164.9,21.5,28.0,31
194,14.817,shopping bag,0.362,134.0,389.5,188.7,489.1,161.4,439.3,54.7,99.6,1
195,14.893,shopping bag,0.566,321.0,170.3,353.0,222.1,337.0,196.2,32.0,51.8,25
195,14.893,shopping bag,0.495,809.7,512.8,843.9,593.4,826.8,553.1,34.2,80.5,
195,14.893,handbag,0.418,358.7,150.2,380.0,178.6,369.4,164.4,21.3,28.4,31
195,14.893,shopping bag,0.38,278.8,216.1,358.6,308.1,318.7,262.1,79.8,91.9,3
195,14.893,shopping bag,0.354,134.1,389.6,188.8,489.1,161.5,439.4,54.7,99.5,1
196,14.97,shopping bag,0.482,809.5,515.0,848.3,597.0,828.9,556.0,38.8,82.0,
196,14.97,shopping bag,0.474,322.8,168.3,352.8,221.3,337.8,194.8,30.0,53.0,25
196,14.97,handbag,0.362,358.3,149.8,378.5,178.2,368.4,164.0,20.2,28.4,31
196,14.97,shopping bag,0.335,274.4,218.0,358.0,314.6,316.2,266.3,83.7,96.7,3
196,14.97,shopping bag,0.322,134.1,389.6,188.7,489.2,161.4,439.4,54.6,99.5,1
197,15.046,shopping bag,0.361,809.7,516.1,849.9,598.4,829.8,557.2,40.1,82.3,
197,15.046,handbag,0.356,358.3,149.7,378.8,178.3,368.6,164.0,20.5,28.6,31
197,15.046,shopping bag,0.354,134.0,389.8,188.5,489.3,161.3,439.6,54.5,99.4,1
197,15.046,shopping bag,0.352,271.7,216.5,358.5,316.5,315.1,266.5,86.8,100.0,3
197,15.046,shopping bag,0.31,320.8,167.5,353.0,221.4,336.9,194.4,32.2,53.9,25
198,15.123,shopping bag,0.421,271.2,217.1,358.9,316.6,315.1,266.9,87.7,99.5,3
198,15.123,shopping bag,0.358,134.0,389.8,188.4,489.3,161.2,439.6,54.4,99.5,1
198,15.123,handbag,0.348,358.3,149.5,379.0,178.3,368.6,163.9,20.7,28.9,31
198,15.123,shopping bag,0.328,810.5,516.8,851.5,599.5,831.0,558.1,41.0,82.6,
199,15.199,shopping bag,0.582,271.9,217.9,359.0,316.3,315.5,267.1,87.0,98.5,3
199,15.199,handbag,0.359,358.3,149.4,379.0,178.3,368.7,163.9,20.7,28.9,31
199,15.199,shopping bag,0.299,134.1,390.1,188.3,489.3,161.2,439.7,54.2,99.2,1
199,15.199,shopping bag,0.264,811.8,519.6,853.5,601.8,832.7,560.7,41.8,82.2,
200,15.275,shopping bag,0.524,271.9,218.7,359.1,317.2,315.5,267.9,87.2,98.5,3
200,15.275,shopping bag,0.419,811.1,522.8,855.9,603.7,833.5,563.3,44.8,80.9,
200,15.275,handbag,0.406,358.4,149.4,379.3,178.4,368.9,163.9,21.0,29.0,31
200,15.275,shopping bag,0.291,134.1,390.8,188.1,489.6,161.1,440.2,53.9,98.8,1
200,15.275,shopping bag,0.262,320.5,164.5,353.1,221.5,336.8,193.0,32.7,57.0,25
201,15.352,shopping bag,0.542,273.0,216.4,360.6,315.2,316.8,265.8,87.6,98.8,3
201,15.352,handbag,0.403,358.5,150.0,379.5,178.9,369.0,164.5,21.0,28.9,31
201,15.352,shopping bag,0.357,321.9,165.4,353.1,220.5,337.5,193.0,31.3,55.1,25
201,15.352,shopping bag,0.297,134.1,390.7,188.1,489.7,161.1,440.2,54.0,99.0,1
202,15.428,shopping bag,0.515,273.0,217.5,360.7,315.2,316.8,266.3,87.8,97.7,3
202,15.428,handbag,0.369,358.6,151.0,380.2,179.1,369.4,165.0,21.6,28.1,31
202,15.428,shopping bag,0.334,322.0,165.7,353.3,220.3,337.7,193.0,31.3,54.6,25
202,15.428,shopping bag,0.308,134.2,390.9,188.1,489.7,161.1,440.3,53.9,98.9,1
203,15.504,shopping bag,0.607,275.1,217.8,360.4,314.4,317.7,266.1,85.4,96.6,3
203,15.504,handbag,0.4,359.1,152.4,379.8,179.0,369.4,165.7,20.7,26.6,31
203,15.504,shopping bag,0.351,321.9,166.0,353.2,220.2,337.5,193.1,31.3,54.3,25
203,15.504,shopping bag,0.319,134.2,391.1,187.7,489.7,160.9,440.4,53.5,98.6,1
204,15.581,shopping bag,0.635,275.7,217.7,360.2,314.3,318.0,266.0,84.5,96.5,3
204,15.581,shopping bag,0.446,321.7,165.5,353.3,220.2,337.5,192.9,31.6,54.7,25
204,15.581,handbag,0.392,359.4,152.8,380.2,178.7,369.8,165.8,20.8,25.9,31
204,15.581,shopping bag,0.334,134.2,391.2,187.5,489.7,160.9,440.5,53.3,98.5,1
205,15.657,shopping bag,0.633,275.0,217.6,360.4,313.9,317.7,265.8,85.3,96.4,3
205,15.657,shopping bag,0.457,322.4,165.7,353.3,220.3,337.8,193.0,30.9,54.6,25
205,15.657,shopping bag,0.372,134.3,391.1,187.4,489.7,160.8,440.4,53.1,98.6,1
205,15.657,handbag,0.371,359.4,151.8,380.8,178.6,370.1,165.2,21.4,26.8,31
206,15.734,shopping bag,0.595,275.1,217.4,360.2,313.8,317.7,265.6,85.1,96.4,3
206,15.734,shopping bag,0.429,323.6,166.3,353.3,220.2,338.5,193.2,29.7,53.9,25
206,15.734,shopping bag,0.424,134.3,391.8,187.0,489.7,160.6,440.8,52.6,97.9,1
206,15.734,handbag,0.351,359.8,150.8,381.0,178.6,370.4,164.7,21.2,27.7,31
207,15.81,shopping bag,0.57,275.6,217.2,360.7,313.9,318.1,265.6,85.2,96.7,3
207,15.81,shopping bag,0.417,134.1,392.0,186.9,489.7,160.5,440.9,52.8,97.7,1
207,15.81,shopping bag,0.407,322.2,168.3,353.2,220.2,337.7,194.3,31.0,51.9,25
207,15.81,handbag,0.347,359.8,150.1,381.0,178.6,370.4,164.4,21.2,28.5,31
208,15.886,handbag,0.462,806.4,539.3,871.7,628.8,839.1,584.1,65.3,89.5,
208,15.886,shopping bag,0.409,322.2,168.4,353.0,220.4,337.6,194.4,30.8,52.0,25
208,15.886,shopping bag,0.406,134.2,392.6,186.9,490.0,160.6,441.3,52.7,97.5,1
208,15.886,shopping bag,0.377,277.7,217.2,359.5,313.4,318.6,265.3,81.7,96.3,3
208,15.886,handbag,0.357,359.8,149.9,381.0,178.6,370.4,164.2,21.2,28.7,31
209,15.963,shopping bag,0.417,275.7,215.1,360.8,313.7,318.3,264.4,85.1,98.7,3
209,15.963,shopping bag,0.397,134.2,392.6,186.9,490.0,160.5,441.3,52.7,97.4,1
209,15.963,shopping bag,0.371,322.2,168.4,352.9,220.2,337.5,194.3,30.7,51.9,25
209,15.963,handbag,0.369,359.7,149.8,381.0,178.6,370.4,164.2,21.3,28.9,31
209,15.963,shopping bag,0.343,806.0,541.6,872.5,631.2,839.3,586.4,66.5,89.6,
210,16.039,shopping bag,0.455,275.9,215.8,360.8,313.8,318.3,264.8,84.9,98.0,3
210,16.039,shopping bag,0.404,322.1,167.7,352.8,220.4,337.5,194.1,30.7,52.6,25
210,16.039,shopping bag,0.395,134.2,392.6,186.9,490.0,160.6,441.3,52.7,97.4,1
210,16.039,handbag,0.36,359.9,149.5,381.0,178.6,370.4,164.1,21.1,29.1,31
210,16.039,shopping bag,0.354,805.9,542.2,873.2,634.3,839.6,588.2,67.2,92.1,
211,16.115,shopping bag,0.506,276.3,217.0,360.5,313.7,318.4,265.3,84.2,96.7,3
211,16.115,shopping bag,0.465,805.1,543.6,872.8,636.3,839.0,589.9,67.6,92.7,
211,16.115,shopping bag,0.446,322.1,167.8,352.7,220.4,337.4,194.1,30.7,52.7,25
211,16.115,shopping bag,0.397,134.2,392.8,186.9,490.0,160.6,441.4,52.7,97.3,1
211,16.115,handbag,0.318,359.6,149.8,380.4,178.4,370.0,164.1,20.8,28.6,31
212,16.192,shopping bag,0.543,276.0,217.4,360.2,313.3,318.1,265.3,84.2,95.9,3
212,16.192,shopping bag,0.45,804.4,544.0,872.6,636.2,838.5,590.1,68.2,92.2,
212,16.192,shopping bag,0.43,322.2,168.0,352.7,220.5,337.5,194.3,30.5,52.4,25
212,16.192,shopping bag,0.397,134.2,392.5,187.2,490.1,160.7,441.3,53.0,97.6,1
212,16.192,handbag,0.313,359.5,149.7,380.0,178.4,369.7,164.0,20.5,28.6,31
213,16.268,shopping bag,0.553,274.9,217.3,360.5,313.3,317.7,265.3,85.6,96.1,3
213,16.268,shopping bag,0.414,134.2,392.4,187.1,490.1,160.6,441.2,52.9,97.7,1
213,16.268,shopping bag,0.409,322.3,168.0,352.6,220.4,337.5,194.2,30.3,52.4,25
213,16.268,shopping bag,0.345,804.0,543.8,871.9,636.6,838.0,590.2,67.9,92.7,
213,16.268,handbag,0.306,359.6,150.8,379.7,178.3,369.6,164.5,20.1,27.5,31
214,16.345,shopping bag,0.597,274.7,217.7,360.6,313.1,317.6,265.4,86.0,95.4,3
214,16.345,shopping bag,0.433,322.3,168.1,352.6,220.5,337.5,194.3,30.3,52.4,25
214,16.345,shopping bag,0.421,134.2,392.4,187.1,490.1,160.6,441.2,52.9,97.7,1
214,16.345,shopping bag,0.394,802.9,543.9,871.8,636.7,837.4,590.3,68.8,92.8,
214,16.345,handbag,0.332,359.4,151.2,379.5,178.2,369.5,164.7,20.2,27.0,31
215,16.421,shopping bag,0.592,275.3,217.8,360.5,313.0,317.9,265.4,85.2,95.2,3
215,16.421,shopping bag,0.448,802.8,543.8,871.3,636.5,837.1,590.2,68.5,92.7,
215,16.421,shopping bag,0.411,134.2,392.3,187.1,490.1,160.6,441.2,52.9,97.7,1
215,16.421,shopping bag,0.41,322.4,168.3,352.6,220.4,337.5,194.3,30.2,52.1,25
215,16.421,handbag,0.326,359.3,151.1,379.5,178.2,369.4,164.6,20.1,27.1,31
216,16.497,shopping bag,0.573,276.0,218.2,360.6,313.1,318.3,265.7,84.6,94.9,3
216,16.497,shopping bag,0.412,134.2,392.2,187.1,490.1,160.6,441.1,53.0,97.9,1
216,16.497,shopping bag,0.34,804.1,543.5,870.8,635.8,837.4,589.7,66.7,92.3,
216,16.497,shopping bag,0.331,322.2,167.2,352.6,220.5,337.4,193.8,30.5,53.3,25
216,16.497,handbag,0.33,359.4,151.3,379.2,178.2,369.3,164.7,19.9,26.9,31
217,16.574,shopping bag,0.572,275.3,218.2,360.5,313.4,317.9,265.8,85.3,95.2,3
217,16.574,shopping bag,0.408,134.2,392.5,187.0,490.1,160.6,441.3,52.9,97.6,1
217,16.574,shopping bag,0.387,804.4,544.1,870.7,635.6,837.6,589.9,66.3,91.6,
217,16.574,handbag,0.331,359.4,151.3,379.3,178.2,369.3,164.7,19.9,26.9,31
217,16.574,shopping bag,0.304,322.1,167.0,352.6,220.6,337.4,193.8,30.6,53.6,25
218,16.65,shopping bag,0.569,274.4,218.4,360.8,313.5,317.6,265.9,86.3,95.1,3
218,16.65,shopping bag,0.415,134.2,392.3,187.0,490.1,160.6,441.2,52.9,97.8,1
218,16.65,shopping bag,0.407,805.4,544.1,870.7,636.1,838.0,590.1,65.3,92.0,
218,16.65,handbag,0.314,359.4,151.0,379.3,178.2,369.4,164.6,19.9,27.2,31
218,16.65,shopping bag,0.305,322.0,166.9,352.9,220.6,337.5,193.7,30.9,53.7,25
219,16.726,shopping bag,0.525,274.6,218.5,360.2,313.7,317.4,266.1,85.6,95.2,3
219,16.726,shopping bag,0.412,134.2,392.4,187.0,490.1,160.6,441.3,52.9,97.7,1
219,16.726,handbag,0.311,359.1,150.6,379.5,178.3,369.3,164.4,20.4,27.7,31
219,16.726,shopping bag,0.283,804.6,544.3,870.7,636.5,837.7,590.4,66.1,92.3,
220,16.803,shopping bag,0.573,276.7,218.6,361.0,314.2,318.9,266.4,84.3,95.6,3
220,16.803,shopping bag,0.398,134.2,392.4,187.2,490.2,160.7,441.3,53.0,97.7,1
220,16.803,handbag,0.337,359.0,150.7,379.7,178.4,369.3,164.6,20.7,27.7,31
221,16.879,shopping bag,0.556,277.5,219.0,361.4,314.4,319.4,266.7,83.9,95.5,3
221,16.879,shopping bag,0.411,134.1,392.1,187.4,490.2,160.8,441.2,53.2,98.1,1
221,16.879,handbag,0.335,359.1,150.8,379.5,178.6,369.3,164.7,20.4,27.7,31
222,16.956,shopping bag,0.609,278.2,218.9,361.3,314.4,319.8,266.6,83.1,95.5,3
222,16.956,shopping bag,0.411,134.1,392.1,187.5,490.2,160.8,441.2,53.4,98.1,1
222,16.956,handbag,0.318,358.8,151.2,379.6,178.8,369.2,165.0,20.8,27.5,31
223,17.032,shopping bag,0.601,277.1,219.5,361.0,314.6,319.0,267.0,83.8,95.1,3
223,17.032,shopping bag,0.408,134.1,392.0,187.6,490.2,160.9,441.1,53.4,98.2,1
223,17.032,handbag,0.325,358.6,150.6,379.6,178.8,369.1,164.7,21.0,28.1,31
224,17.108,shopping bag,0.593,276.6,219.5,361.2,315.4,318.9,267.4,84.7,95.9,3
224,17.108,shopping bag,0.392,134.2,392.0,187.6,490.2,160.9,441.1,53.4,98.2,1
224,17.108,handbag,0.325,358.5,150.3,379.5,178.7,369.0,164.5,21.0,28.4,31
225,17.185,shopping bag,0.604,275.4,219.0,361.3,316.1,318.3,267.5,85.9,97.1,3
225,17.185,shopping bag,0.387,134.2,391.9,187.7,490.2,160.9,441.1,53.5,98.3,1
225,17.185,handbag,0.328,358.2,149.6,379.3,178.4,368.7,164.0,21.1,28.8,31
226,17.261,shopping bag,0.629,275.1,218.8,361.5,315.6,318.3,267.2,86.4,96.7,3
226,17.261,shopping bag,0.387,134.2,391.9,187.7,490.2,160.9,441.1,53.5,98.3,1
226,17.261,handbag,0.33,358.2,149.5,379.0,178.2,368.6,163.9,20.8,28.7,31
227,17.338,shopping bag,0.615,275.3,218.7,361.5,315.6,318.4,267.2,86.2,96.9,3
227,17.338,shopping bag,0.393,134.2,392.0,187.7,490.2,160.9,441.1,53.5,98.2,1
227,17.338,handbag,0.308,358.3,149.8,379.1,178.2,368.7,164.0,20.7,28.4,31
228,17.414,shopping bag,0.61,275.5,218.7,361.7,315.8,318.6,267.3,86.2,97.1,3
228,17.414,shopping bag,0.389,134.2,392.0,187.7,490.3,160.9,441.1,53.5,98.2,1
228,17.414,handbag,0.329,805.8,502.5,873.9,634.1,839.8,568.3,68.1,131.6,
228,17.414,shopping bag,0.273,1197.4,593.7,1270.0,719.3,1233.7,656.5,72.6,125.6,
228,17.414,shopping bag,0.272,807.7,543.1,874.2,635.5,841.0,589.3,66.6,92.4,
229,17.49,shopping bag,0.544,275.0,218.7,361.5,315.9,318.3,267.3,86.5,97.3,3
229,17.49,shopping bag,0.394,134.2,392.0,187.7,490.2,161.0,441.1,53.5,98.3,1
229,17.49,shopping bag,0.339,1197.5,589.7,1270.0,719.3,1233.7,654.5,72.5,129.5,43
229,17.49,handbag,0.267,807.6,544.3,874.4,633.9,841.0,589.1,66.9,89.6,
230,17.567,shopping bag,0.571,275.1,218.4,361.6,315.7,318.4,267.1,86.6,97.3,3
230,17.567,shopping bag,0.398,134.2,391.9,187.7,490.2,160.9,441.1,53.5,98.3,1
230,17.567,handbag,0.361,806.4,504.7,874.4,634.1,840.4,569.4,68.0,129.4,15
230,17.567,shopping bag,0.324,1197.6,597.3,1270.0,719.3,1233.8,658.3,72.4,122.0,43
230,17.567,handbag,0.274,807.9,544.0,874.4,634.0,841.2,589.0,66.6,90.0,
230,17.567,handbag,0.269,358.4,151.2,379.3,177.9,368.8,164.6,20.9,26.6,31
231,17.643,shopping bag,0.601,276.2,218.5,362.2,316.8,319.2,267.6,86.0,98.3,3
231,17.643,shopping bag,0.384,134.2,392.0,187.7,490.2,161.0,441.1,53.5,98.2,1
231,17.643,handbag,0.324,358.3,150.0,379.6,177.6,369.0,163.8,21.3,27.6,31
232,17.719,shopping bag,0.615,276.8,217.9,362.6,317.0,319.7,267.4,85.8,99.1,3
232,17.719,shopping bag,0.406,134.2,392.0,187.6,490.2,160.9,441.1,53.4,98.2,1
232,17.719,handbag,0.352,358.3,149.9,379.4,177.3,368.9,163.6,21.1,27.4,31
233,17.796,shopping bag,0.455,281.1,218.5,361.3,317.3,321.2,267.9,80.2,98.8,3
233,17.796,shopping bag,0.407,134.2,392.0,187.6,490.2,160.9,441.1,53.4,98.2,1
233,17.796,handbag,0.337,358.4,150.0,379.7,177.7,369.0,163.9,21.3,27.8,31
234,17.872,shopping bag,0.41,134.2,392.0,187.6,490.2,160.9,441.1,53.4,98.2,1
234,17.872,shopping bag,0.385,279.6,220.8,362.1,314.9,320.9,267.8,82.5,94.0,3
234,17.872,handbag,0.327,358.3,150.7,379.8,179.2,369.0,164.9,21.5,28.5,31
235,17.949,shopping bag,0.429,279.8,224.0,361.6,315.3,320.7,269.6,81.8,91.3,3
235,17.949,shopping bag,0.413,134.2,391.8,187.7,490.2,160.9,441.0,53.5,98.4,1
235,17.949,handbag,0.349,358.2,150.6,379.6,179.3,368.9,165.0,21.4,28.7,31
236,18.025,shopping bag,0.465,279.9,223.9,361.5,315.5,320.7,269.7,81.6,91.6,3
236,18.025,shopping bag,0.401,134.2,391.7,187.7,490.2,160.9,441.0,53.5,98.5,1
236,18.025,handbag,0.294,356.9,150.4,380.2,180.8,368.5,165.6,23.3,30.4,31
237,18.101,shopping bag,0.41,134.2,391.8,187.6,490.2,160.9,441.0,53.5,98.4,1
237,18.101,shopping bag,0.403,280.5,224.2,361.7,315.7,321.1,270.0,81.2,91.5,3
237,18.101,handbag,0.288,356.2,150.6,380.8,181.3,368.5,166.0,24.5,30.7,31
238,18.178,shopping bag,0.426,280.5,224.2,361.7,315.8,321.1,270.0,81.2,91.7,3
238,18.178,shopping bag,0.4,134.2,391.8,187.7,490.2,160.9,441.0,53.5,98.5,1
238,18.178,handbag,0.306,355.1,151.1,379.7,182.5,367.4,166.8,24.5,31.4,31
239,18.254,shopping bag,0.415,280.7,224.2,361.3,316.0,321.0,270.1,80.6,91.8,3
239,18.254,shopping bag,0.401,134.2,391.8,187.6,490.2,160.9,441.0,53.5,98.5,1
239,18.254,backpack,0.37,645.7,95.2,687.7,160.1,666.7,127.7,42.0,64.9,
239,18.254,handbag,0.352,354.9,151.6,379.3,183.1,367.1,167.3,24.4,31.5,31
240,18.33,shopping bag,0.514,282.0,221.4,361.4,317.7,321.7,269.5,79.5,96.4,3
240,18.33,shopping bag,0.284,134.3,392.3,188.8,490.4,161.6,441.4,54.5,98.0,1
241,18.407,shopping bag,0.514,282.3,220.3,362.1,317.5,322.2,268.9,79.8,97.2,3
241,18.407,shopping bag,0.288,134.3,392.4,188.8,490.4,161.6,441.4,54.5,98.0,1
242,18.483,shopping bag,0.564,284.2,218.3,361.7,317.2,323.0,267.7,77.5,98.9,3
242,18.483,handbag,0.298,806.8,491.3,899.7,636.3,853.3,563.8,92.9,145.1,15
242,18.483,shopping bag,0.294,921.0,523.2,1051.6,610.1,986.3,566.7,130.6,86.9,43
242,18.483,shopping bag,0.293,134.3,392.6,188.9,490.4,161.6,441.5,54.5,97.8,1
243,18.56,shopping bag,0.584,282.6,218.7,362.7,316.4,322.7,267.6,80.2,97.6,3
243,18.56,shopping bag,0.282,134.2,392.6,188.8,490.4,161.5,441.5,54.6,97.8,1
244,18.636,shopping bag,0.551,285.3,218.0,361.1,316.6,323.2,267.3,75.8,98.6,3
244,18.636,shopping bag,0.27,134.2,392.4,188.8,490.4,161.5,441.4,54.6,98.0,1
245,18.712,shopping bag,0.493,284.0,219.7,362.4,315.6,323.2,267.7,78.4,95.9,3
245,18.712,backpack,0.387,624.5,88.4,682.9,160.5,653.7,124.4,58.4,72.1,33
245,18.712,handbag,0.339,850.5,488.7,923.8,638.0,887.1,563.4,73.2,149.3,15
245,18.712,shopping bag,0.275,134.2,392.3,188.7,490.4,161.4,441.3,54.5,98.1,1
246,18.789,shopping bag,0.481,285.5,220.5,363.2,316.2,324.4,268.3,77.7,95.6,3
246,18.789,backpack,0.326,624.5,86.1,683.2,160.5,653.9,123.3,58.7,74.3,33
246,18.789,shopping bag,0.263,134.2,392.2,188.7,490.4,161.4,441.3,54.5,98.2,1
247,18.865,shopping bag,0.392,287.7,219.9,363.2,316.3,325.4,268.1,75.5,96.5,3
247,18.865,handbag,0.367,869.0,495.7,939.8,645.7,904.4,570.7,70.8,150.0,
247,18.865,backpack,0.311,624.5,85.1,684.2,159.9,654.4,122.5,59.7,74.8,33
247,18.865,shopping bag,0.272,134.2,392.4,188.6,490.4,161.4,441.4,54.4,97.9,1
247,18.865,handbag,0.259,870.0,549.5,940.5,644.6,905.2,597.0,70.5,95.1,
248,18.941,shopping bag,0.398,287.9,220.3,363.0,316.0,325.4,268.1,75.1,95.7,3
248,18.941,handbag,0.31,878.1,490.7,943.3,649.5,910.7,570.1,65.2,158.8,
248,18.941,shopping bag,0.271,134.1,392.5,188.4,490.3,161.3,441.4,54.2,97.9,1
248,18.941,backpack,0.263,624.7,83.7,683.6,160.4,654.2,122.0,58.9,76.7,33
249,19.018,shopping bag,0.324,288.5,220.0,362.8,316.4,325.7,268.2,74.3,96.4,3
249,19.018,shopping bag,0.303,134.1,392.3,188.2,490.4,161.2,441.3,54.1,98.0,1
250,19.094,shopping bag,0.289,133.2,391.4,189.8,489.2,161.5,440.3,56.6,97.8,1
250,19.094,shopping bag,0.285,288.6,220.0,362.7,316.3,325.7,268.1,74.0,96.3,3
251,19.171,shopping bag,0.282,288.1,219.0,362.3,313.8,325.2,266.4,74.2,94.8,3
251,19.171,shopping bag,0.274,133.0,391.4,190.0,489.1,161.5,440.3,57.0,97.7,1
251,19.171,bottle,0.252,876.2,489.3,950.0,655.8,913.1,572.5,73.9,166.5,15
252,19.247,shopping bag,0.398,877.5,554.6,945.8,657.1,911.7,605.8,68.3,102.5,15
252,19.247,shopping bag,0.38,877.1,489.3,948.3,657.2,912.7,573.2,71.2,167.9,15
252,19.247,shopping bag,0.265,290.5,218.9,362.5,313.1,326.5,266.0,72.0,94.2,3
252,19.247,shopping bag,0.255,132.9,391.8,189.8,488.8,161.3,440.3,56.9,97.0,1
253,19.323,handbag,0.452,871.5,485.5,949.5,659.9,910.5,572.7,78.0,174.5,15
253,19.323,shopping bag,0.309,286.5,218.2,363.0,313.0,324.8,265.6,76.5,94.8,3
253,19.323,shopping bag,0.309,871.8,553.0,947.1,659.9,909.4,606.5,75.3,106.9,15
253,19.323,shopping bag,0.289,133.0,391.7,189.7,488.9,161.3,440.3,56.7,97.3,1
254,19.4,handbag,0.477,885.1,593.3,1013.4,717.2,949.3,655.3,128.3,123.9,43
254,19.4,shopping bag,0.438,872.4,484.9,948.0,656.5,910.2,570.7,75.6,171.7,15
254,19.4,shopping bag,0.328,881.6,552.9,946.0,658.2,913.8,605.6,64.3,105.3,15
254,19.4,shopping bag,0.315,288.9,216.2,364.3,314.5,326.6,265.4,75.4,98.3,3
254,19.4,shopping bag,0.287,133.0,391.7,189.7,488.9,161.3,440.3,56.6,97.2,1
255,19.476,shopping bag,0.739,865.4,476.6,941.8,653.7,903.6,565.1,76.4,177.1,15
255,19.476,shopping bag,0.584,897.7,588.8,1009.5,718.9,953.6,653.8,111.9,130.2,
255,19.476,shopping bag,0.392,289.8,215.2,364.1,314.6,327.0,264.9,74.2,99.4,3
255,19.476,handbag,0.361,866.2,545.5,942.4,651.1,904.3,598.3,76.2,105.5,15
255,19.476,shopping bag,0.295,133.2,391.8,189.7,488.9,161.4,440.3,56.5,97.1,1
256,19.552,shopping bag,0.814,860.5,464.3,938.1,643.9,899.3,554.1,77.6,179.6,15
256,19.552,shopping bag,0.415,293.6,215.7,362.7,314.9,328.1,265.3,69.1,99.2,3
256,19.552,shopping bag,0.414,861.6,517.2,938.7,642.8,900.2,580.0,77.1,125.6,15
256,19.552,shopping bag,0.28,899.2,607.6,1034.3,719.3,966.8,663.5,135.1,111.7,
256,19.552,shopping bag,0.279,133.2,391.8,190.2,489.0,161.7,440.4,57.0,97.3,1
257,19.629,shopping bag,0.834,858.2,442.3,936.3,626.6,897.3,534.5,78.0,184.3,15
257,19.629,shopping bag,0.557,858.9,521.4,936.7,626.6,897.8,574.0,77.8,105.2,15
257,19.629,shopping bag,0.341,295.8,217.2,363.3,312.3,329.6,264.8,67.4,95.1,3
257,19.629,shopping bag,0.312,909.7,643.0,1020.6,719.5,965.2,681.3,111.0,76.5,
257,19.629,shopping bag,0.307,703.0,104.3,749.9,175.2,726.4,139.7,46.9,70.9,46
257,19.629,shopping bag,0.294,133.3,391.9,190.0,489.1,161.6,440.5,56.7,97.2,1
258,19.705,shopping bag,0.824,855.2,427.5,934.5,614.3,894.8,520.9,79.3,186.8,15
258,19.705,shopping bag,0.396,300.4,216.8,362.4,310.6,331.4,263.7,61.9,93.8,3
258,19.705,shopping bag,0.332,855.6,502.4,934.3,614.5,894.9,558.5,78.7,112.1,15
258,19.705,shopping bag,0.288,133.4,391.8,190.0,489.2,161.7,440.5,56.6,97.4,1
258,19.705,shopping bag,0.258,912.8,643.1,1022.7,719.8,967.7,681.4,109.9,76.6,
259,19.782,shopping bag,0.818,852.6,419.1,932.6,604.2,892.6,511.6,80.1,185.1,15
259,19.782,shopping bag,0.384,853.3,476.1,932.3,604.0,892.8,540.1,79.0,127.9,15
259,19.782,shopping bag,0.37,301.4,216.4,362.5,309.3,331.9,262.8,61.0,92.9,3
259,19.782,shopping bag,0.301,133.9,392.8,188.8,490.3,161.3,441.5,54.9,97.6,1
259,19.782,shopping bag,0.284,922.4,644.9,1026.6,719.8,974.5,682.3,104.2,74.9,
259,19.782,shopping bag,0.258,898.3,586.3,1036.9,719.8,967.6,653.0,138.6,133.5,
260,19.858,shopping bag,0.87,851.0,408.4,931.4,591.1,891.2,499.8,80.4,182.6,15
260,19.858,shopping bag,0.489,922.5,592.1,1030.4,719.0,976.5,655.6,107.9,127.0,
260,19.858,shopping bag,0.413,303.7,214.3,361.8,308.5,332.7,261.4,58.0,94.2,3
260,19.858,shopping bag,0.312,924.6,640.4,1023.3,719.3,973.9,679.9,98.7,78.9,
260,19.858,backpack,0.279,627.4,83.7,686.0,159.7,656.7,121.7,58.6,76.1,33
260,19.858,shopping bag,0.279,133.9,392.7,188.7,490.3,161.3,441.5,54.8,97.6,1
260,19.858,shopping bag,0.263,896.1,591.3,1013.9,718.3,955.0,654.8,117.8,127.0,
261,19.934,shopping bag,0.844,848.3,396.9,928.0,580.4,888.1,488.7,79.7,183.5,15
261,19.934,shopping bag,0.678,885.7,597.6,992.5,719.0,939.1,658.3,106.8,121.5,
261,19.934,shopping bag,0.408,849.3,478.9,927.3,580.2,888.3,529.5,78.0,101.4,15
261,19.934,backpack,0.341,626.1,82.3,684.4,158.9,655.2,120.6,58.3,76.7,33
261,19.934,shopping bag,0.325,303.2,213.5,361.8,308.2,332.5,260.8,58.6,94.7,3
261,19.934,shopping bag,0.29,133.9,392.9,188.6,490.3,161.2,441.6,54.7,97.4,1
262,20.011,shopping bag,0.874,847.9,392.4,926.4,571.0,887.1,481.7,78.5,178.6,15
262,20.011,shopping bag,0.6,874.1,608.1,979.5,719.7,926.8,663.9,105.4,111.6,
262,20.011,shopping bag,0.481,289.5,214.3,362.6,308.9,326.0,261.6,73.1,94.6,3
262,20.011,handbag,0.334,849.9,467.1,926.1,570.8,888.0,519.0,76.1,103.7,15
262,20.011,shopping bag,0.306,133.4,391.9,190.1,489.2,161.8,440.5,56.7,97.3,
263,20.087,shopping bag,0.851,866.3,609.9,971.0,720.0,918.6,664.9,104.7,110.1,
263,20.087,shopping bag,0.841,846.9,387.2,928.2,563.7,887.6,475.5,81.3,176.4,15
263,20.087,shopping bag,0.502,288.9,213.8,362.4,306.4,325.7,260.1,73.5,92.6,3
263,20.087,shopping bag,0.27,133.3,391.5,190.7,489.2,162.0,440.4,57.4,97.7,
264,20.163,shopping bag,0.894,848.5,381.1,929.7,553.8,889.1,467.4,81.2,172.6,15
264,20.163,shopping bag,0.691,289.5,212.5,361.3,304.5,325.4,258.5,71.8,92.0,3
264,20.163,shopping bag,0.578,322.5,171.8,352.9,223.4,337.7,197.6,30.4,51.6,25
264,20.163,shopping bag,0.522,849.8,618.0,957.5,720.0,903.7,669.0,107.8,102.0,15
264,20.163,shopping bag,0.496,849.7,456.9,928.7,553.2,889.2,505.1,79.0,96.2,15
265,20.24,shopping bag,0.834,850.5,372.6,929.3,545.4,889.9,459.0,78.8,172.8,15
265,20.24,shopping bag,0.721,288.4,210.0,359.2,302.5,323.8,256.3,70.9,92.5,3
265,20.24,shopping bag,0.631,838.9,616.2,933.1,720.0,886.0,668.1,94.2,103.8,15
265,20.24,shopping bag,0.523,322.0,171.1,352.8,224.3,337.4,197.7,30.9,53.2,25
265,20.24,handbag,0.361,852.1,443.5,929.1,545.3,890.6,494.4,76.9,101.8,15
266,20.316,shopping bag,0.848,851.3,370.7,929.1,543.2,890.2,457.0,77.7,172.5,15
266,20.316,shopping bag,0.672,285.8,209.5,358.5,301.9,322.2,255.7,72.7,92.4,3
266,20.316,shopping bag,0.471,808.2,612.0,922.7,719.5,865.4,665.8,114.5,107.5,15
266,20.316,shopping bag,0.439,321.0,168.3,353.0,225.1,337.0,196.7,31.9,56.8,25
266,20.316,handbag,0.362,853.3,443.5,928.2,542.3,890.7,492.9,74.9,98.8,15
267,20.393,shopping bag,0.7,283.3,210.3,357.8,299.0,320.6,254.6,74.5,88.7,3
267,20.393,shopping bag,0.674,855.2,364.4,930.0,530.7,892.6,447.6,74.8,166.3,15
267,20.393,shopping bag,0.355,318.9,165.8,353.1,225.2,336.0,195.5,34.2,59.4,25
268,20.469,shopping bag,0.721,858.7,364.0,930.8,526.1,894.8,445.1,72.1,162.1,15
268,20.469,shopping bag,0.542,280.1,210.7,356.3,298.4,318.2,254.6,76.2,87.7,3
268,20.469,shopping bag,0.295,318.4,164.6,353.2,225.7,335.8,195.2,34.8,61.1,25
268,20.469,shopping bag,0.259,275.6,164.8,358.4,298.6,317.0,231.7,82.8,133.7,3
269,20.545,shopping bag,0.622,862.2,358.5,933.2,520.4,897.7,439.5,70.9,161.9,15
269,20.545,shopping bag,0.469,279.1,205.8,353.9,297.8,316.5,251.8,74.8,92.0,3
269,20.545,shopping bag,0.311,318.6,168.1,352.9,224.1,335.7,196.1,34.3,56.1,25
269,20.545,handbag,0.281,863.7,423.6,931.6,519.4,897.6,471.5,67.9,95.8,15
270,20.622,shopping bag,0.529,863.9,356.7,934.2,518.2,899.1,437.4,70.3,161.5,15
270,20.622,shopping bag,0.424,278.9,205.8,354.0,298.0,316.4,251.9,75.2,92.2,3
270,20.622,handbag,0.381,865.4,423.4,933.8,518.4,899.6,470.9,68.4,95.0,15
270,20.622,shopping bag,0.316,318.6,168.5,353.2,224.0,335.9,196.2,34.6,55.5,25
271,20.698,shopping bag,0.653,867.0,358.9,935.8,518.3,901.4,438.6,68.9,159.4,15
271,20.698,shopping bag,0.389,317.5,170.2,352.9,223.9,335.2,197.0,35.4,53.7,25
271,20.698,shopping bag,0.357,274.8,205.6,353.4,297.3,314.1,251.4,78.5,91.7,3
271,20.698,handbag,0.301,867.7,423.4,935.6,518.7,901.6,471.0,67.9,95.3,15
272,20.774,shopping bag,0.795,866.8,360.8,935.3,519.7,901.0,440.2,68.5,158.9,15
272,20.774,shopping bag,0.411,317.4,170.2,353.0,223.7,335.2,196.9,35.6,53.4,25
272,20.774,shopping bag,0.331,274.0,204.0,350.1,297.7,312.1,250.8,76.1,93.8,3
272,20.774,handbag,0.288,867.6,423.4,935.0,519.6,901.3,471.5,67.4,96.2,15
273,20.851,shopping bag,0.747,867.5,361.9,933.5,522.7,900.5,442.3,66.0,160.8,15
273,20.851,shopping bag,0.415,317.5,169.1,353.0,223.4,335.3,196.3,35.5,54.3,25
273,20.851,shopping bag,0.362,274.9,205.8,348.2,298.1,311.5,251.9,73.4,92.2,3
273,20.851,shopping bag,0.305,868.5,421.7,932.6,522.7,900.6,472.2,64.2,100.9,15
274,20.927,shopping bag,0.655,865.5,362.7,930.3,524.3,897.9,443.5,64.8,161.6,15
274,20.927,shopping bag,0.398,317.4,168.9,352.8,223.6,335.1,196.3,35.4,54.7,25
274,20.927,shopping bag,0.345,867.1,423.8,929.2,523.5,898.1,473.7,62.1,99.6,15
274,20.927,shopping bag,0.317,275.0,205.8,346.9,297.6,311.0,251.7,71.9,91.7,3
275,21.004,shopping bag,0.503,864.7,361.5,930.0,524.8,897.4,443.1,65.3,163.3,15
275,21.004,shopping bag,0.501,275.6,205.5,345.8,297.0,310.7,251.2,70.2,91.5,3
275,21.004,shopping bag,0.427,317.7,168.7,352.8,224.0,335.2,196.4,35.2,55.3,25
275,21.004,shopping bag,0.361,867.2,427.7,928.3,524.0,897.8,475.8,61.1,96.2,15
276,21.08,shopping bag,0.725,863.4,359.6,926.0,524.4,894.7,442.0,62.5,164.8,15
276,21.08,shopping bag,0.571,276.0,208.1,350.4,298.1,313.2,253.1,74.4,90.0,3
276,21.08,shopping bag,0.463,864.0,421.2,925.7,523.7,894.8,472.4,61.7,102.5,15
276,21.08,shopping bag,0.459,684.0,253.6,801.0,384.4,742.5,319.0,117.0,130.8,15
276,21.08,shopping bag,0.394,317.2,166.2,351.7,224.3,334.4,195.2,34.5,58.0,25
276,21.08,shopping bag,0.302,634.5,638.7,744.1,719.6,689.3,679.1,109.6,80.8,
277,21.156,shopping bag,0.703,862.1,356.6,924.3,522.9,893.2,439.7,62.1,166.3,15
277,21.156,shopping bag,0.516,276.6,208.3,354.5,298.6,315.5,253.5,77.9,90.2,3
277,21.156,shopping bag,0.485,318.1,172.3,352.1,224.8,335.1,198.5,34.0,52.6,31
277,21.156,shopping bag,0.427,862.2,421.1,923.7,522.5,892.9,471.8,61.5,101.5,15
278,21.233,shopping bag,0.803,857.4,350.2,920.6,516.8,889.0,433.5,63.1,166.7,15
278,21.233,shopping bag,0.487,318.8,171.2,352.8,224.7,335.8,197.9,34.1,53.4,31
278,21.233,shopping bag,0.452,858.4,415.4,919.9,516.8,889.1,466.1,61.4,101.4,15
278,21.233,shopping bag,0.443,276.7,210.0,355.8,303.2,316.3,256.6,79.1,93.3,3
279,21.309,shopping bag,0.8,855.0,346.3,919.4,509.6,887.2,427.9,64.5,163.3,15
279,21.309,shopping bag,0.518,856.7,409.8,918.4,508.8,887.5,459.3,61.7,99.0,15
279,21.309,shopping bag,0.483,319.4,172.5,352.8,224.1,336.1,198.3,33.4,51.6,31
279,21.309,shopping bag,0.434,273.3,209.3,351.2,305.0,312.3,257.1,77.9,95.7,3
280,21.385,shopping bag,0.863,854.9,338.4,919.6,501.5,887.3,419.9,64.7,163.1,15
280,21.385,shopping bag,0.469,319.7,172.5,352.7,223.8,336.2,198.1,33.0,51.3,31
280,21.385,shopping bag,0.438,857.3,405.2,918.6,501.9,887.9,453.5,61.3,96.8,15
280,21.385,shopping bag,0.403,273.5,210.0,354.5,306.4,314.0,258.2,81.0,96.4,3
281,21.462,shopping bag,0.805,858.0,328.8,920.0,494.2,889.0,411.5,62.0,165.3,15
281,21.462,shopping bag,0.51,273.9,212.2,353.6,302.2,313.7,257.2,79.7,89.9,3
281,21.462,shopping bag,0.497,320.0,171.9,352.8,223.7,336.4,197.8,32.8,51.8,31
281,21.462,shopping bag,0.496,858.6,394.6,919.3,493.4,889.0,444.0,60.6,98.9,15
282,21.538,shopping bag,0.684,863.2,313.7,923.7,476.8,893.5,395.2,60.5,163.1,15
282,21.538,shopping bag,0.505,274.7,210.7,355.8,308.0,315.3,259.3,81.2,97.3,3
282,21.538,shopping bag,0.475,320.4,171.2,353.0,223.3,336.7,197.3,32.7,52.1,31
282,21.538,shopping bag,0.372,863.3,382.7,922.6,476.6,892.9,429.6,59.3,93.9,15
283,21.615,shopping bag,0.715,868.2,305.8,928.1,466.1,898.1,386.0,60.0,160.4,15
283,21.615,shopping bag,0.429,271.6,211.2,354.7,313.1,313.2,262.1,83.1,101.9,3
283,21.615,shopping bag,0.402,320.4,171.4,353.1,223.3,336.7,197.4,32.7,51.9,31
283,21.615,shopping bag,0.348,869.3,375.5,926.6,465.6,898.0,420.6,57.3,90.0,15
284,21.691,shopping bag,0.714,870.9,301.6,930.0,460.8,900.4,381.2,59.1,159.2,15
284,21.691,shopping bag,0.449,269.5,209.2,356.2,314.3,312.9,261.8,86.7,105.1,3
284,21.691,shopping bag,0.408,321.0,171.5,353.5,223.3,337.2,197.4,32.5,51.8,31
284,21.691,shopping bag,0.378,871.6,367.4,928.7,460.3,900.1,413.9,57.1,93.0,15
285,21.767,shopping bag,0.643,873.1,295.2,931.4,453.2,902.2,374.2,58.3,158.0,15
285,21.767,shopping bag,0.54,321.3,171.8,354.3,223.2,337.8,197.5,33.1,51.4,31
285,21.767,shopping bag,0.418,874.0,363.5,930.0,452.7,902.0,408.1,56.0,89.2,15
285,21.767,shopping bag,0.346,271.1,212.9,356.6,313.4,313.8,263.1,85.5,100.5,3
286,21.844,shopping bag,0.581,873.7,291.4,932.5,449.8,903.1,370.6,58.8,158.4,15
286,21.844,shopping bag,0.495,874.9,358.9,931.1,450.2,903.0,404.5,56.2,91.3,15
286,21.844,shopping bag,0.404,272.0,216.3,356.6,315.1,314.3,265.7,84.6,98.9,3
286,21.844,shopping bag,0.366,321.5,170.9,353.5,223.2,337.5,197.1,32.0,52.2,31
287,21.92,shopping bag,0.726,878.3,284.2,938.7,441.5,908.5,362.9,60.4,157.3,15
287,21.92,shopping bag,0.562,321.1,170.0,353.8,222.5,337.5,196.3,32.7,52.5,31
287,21.92,shopping bag,0.305,881.9,351.0,938.1,440.5,910.0,395.7,56.2,89.5,15
287,21.92,shopping bag,0.269,274.2,218.6,356.6,310.3,315.4,264.5,82.3,91.7,3
288,21.996,shopping bag,0.763,883.3,284.6,941.4,437.2,912.3,360.9,58.1,152.6,15
288,21.996,shopping bag,0.581,320.5,170.9,353.8,222.7,337.1,196.8,33.3,51.8,31
288,21.996,shopping bag,0.531,377.7,285.2,488.7,435.4,433.2,360.3,111.0,150.2,
288,21.996,shopping bag,0.473,884.9,347.6,941.0,436.8,912.9,392.2,56.1,89.1,15
288,21.996,shopping bag,0.301,275.5,220.6,357.8,313.3,316.7,267.0,82.3,92.7,3
289,22.073,shopping bag,0.804,887.2,276.1,945.3,431.4,916.3,353.7,58.1,155.3,15
289,22.073,shopping bag,0.485,319.3,171.7,353.7,222.8,336.5,197.3,34.4,51.1,31
289,22.073,shopping bag,0.425,888.7,345.9,944.6,430.5,916.7,388.2,55.8,84.6,15
289,22.073,shopping bag,0.339,271.3,222.4,355.5,317.4,313.4,269.9,84.1,94.9,3
290,22.149,shopping bag,0.612,892.8,279.4,949.0,428.3,920.9,353.9,56.3,148.9,15
290,22.149,shopping bag,0.459,317.7,171.7,353.6,222.6,335.7,197.1,35.9,50.9,31
290,22.149,shopping bag,0.351,894.9,344.8,948.4,428.2,921.6,386.5,53.5,83.3,15
291,22.226,shopping bag,0.646,896.3,280.4,953.3,425.7,924.8,353.0,57.1,145.3,15
291,22.226,shopping bag,0.544,317.5,171.2,353.8,223.3,335.6,197.3,36.3,52.1,31
291,22.226,shopping bag,0.403,898.6,340.8,952.7,425.3,925.7,383.1,54.1,84.5,15
292,22.302,shopping bag,0.657,904.0,278.1,957.5,423.8,930.8,350.9,53.5,145.7,15
292,22.302,shopping bag,0.298,266.3,229.9,349.0,324.2,307.6,277.1,82.7,94.3,3
293,22.378,shopping bag,0.81,908.8,276.9,963.0,419.4,935.9,348.2,54.2,142.5,15
293,22.378,shopping bag,0.531,910.4,336.1,962.5,418.8,936.4,377.4,52.1,82.7,15
293,22.378,shopping bag,0.333,316.4,171.4,352.2,218.4,334.3,194.9,35.8,47.0,49
293,22.378,cardboard box,0.299,278.9,346.3,390.8,491.1,334.8,418.7,112.0,144.8,49
293,22.378,shopping bag,0.275,266.2,229.8,343.6,326.8,304.9,278.3,77.5,97.0,3
294,22.455,shopping bag,0.576,916.7,270.3,969.7,411.6,943.2,340.9,53.1,141.3,15
294,22.455,shopping bag,0.536,316.4,171.2,353.7,223.5,335.0,197.3,37.3,52.3,31
294,22.455,shopping bag,0.436,918.6,327.1,969.0,411.5,943.8,369.3,50.3,84.3,15
295,22.531,shopping bag,0.726,924.2,262.0,976.0,404.5,950.1,333.3,51.8,142.5,15
295,22.531,shopping bag,0.521,925.3,324.1,975.8,404.3,950.5,364.2,50.5,80.2,15
295,22.531,shopping bag,0.519,317.2,171.5,353.8,223.8,335.5,197.7,36.6,52.3,31
295,22.531,cardboard box,0.325,207.3,257.1,285.1,373.7,246.2,315.4,77.8,116.6,49
296,22.608,shopping bag,0.781,928.6,258.8,981.8,395.8,955.2,327.3,53.2,137.0,15
296,22.608,shopping bag,0.557,317.2,171.5,354.0,224.0,335.6,197.7,36.8,52.6,31
296,22.608,shopping bag,0.399,929.9,318.1,981.5,395.4,955.7,356.7,51.7,77.3,15
296,22.608,shopping bag,0.388,266.8,232.0,349.1,311.7,308.0,271.9,82.3,79.7,49
296,22.608,cardboard box,0.273,198.6,386.9,300.2,539.5,249.4,463.2,101.5,152.6,49
297,22.684,shopping bag,0.846,929.9,260.5,981.6,393.8,955.8,327.2,51.7,133.4,15
297,22.684,shopping bag,0.554,267.1,232.4,348.1,318.3,307.6,275.4,81.0,86.0,49
297,22.684,shopping bag,0.495,317.2,171.7,354.0,223.3,335.6,197.5,36.8,51.6,3
297,22.684,cardboard box,0.28,193.8,387.1,285.7,501.5,239.7,444.3,91.9,114.4,49
297,22.684,shopping bag,0.264,930.7,316.8,981.7,393.1,956.2,354.9,51.0,76.3,15
298,22.76,shopping bag,0.798,930.0,249.0,981.5,385.6,955.7,317.3,51.5,136.6,15
298,22.76,shopping bag,0.6,318.8,171.3,354.2,222.9,336.5,197.1,35.4,51.6,31
298,22.76,shopping bag,0.492,134.1,394.5,180.4,490.6,157.3,442.5,46.3,96.1,
298,22.76,shopping bag,0.364,930.9,309.1,981.6,385.6,956.2,347.3,50.8,76.6,15
298,22.76,shopping bag,0.3,267.8,232.4,348.0,322.9,307.9,277.7,80.3,90.5,3
299,22.837,shopping bag,0.76,928.9,246.3,980.3,382.0,954.6,314.1,51.3,135.7,15
299,22.837,shopping bag,0.57,319.0,171.4,354.3,222.8,336.7,197.1,35.2,51.4,31
299,22.837,shopping bag,0.318,267.9,232.4,348.2,323.3,308.0,277.9,80.3,90.9,3
299,22.837,shopping bag,0.267,930.5,304.8,980.2,381.3,955.4,343.1,49.7,76.5,15
300,22.913,shopping bag,0.73,927.0,240.1,977.0,373.5,952.0,306.8,50.0,133.4,15
300,22.913,shopping bag,0.535,319.2,171.2,354.4,222.7,336.8,197.0,35.2,51.5,31
300,22.913,shopping bag,0.372,268.0,232.6,348.2,322.8,308.1,277.7,80.2,90.1,3
300,22.913,shopping bag,0.312,928.6,293.0,976.7,373.2,952.6,333.1,48.2,80.2,15
300,22.913,cardboard box,0.274,142.8,395.0,213.8,504.4,178.3,449.7,71.0,109.3,49
301,22.989,shopping bag,0.622,319.1,171.1,354.6,223.0,336.8,197.1,35.5,51.9,31
301,22.989,shopping bag,0.621,923.5,232.3,972.0,361.6,947.8,296.9,48.5,129.3,15
301,22.989,shopping bag,0.547,925.0,282.3,971.5,360.6,948.2,321.5,46.5,78.3,15
301,22.989,shopping bag,0.46,206.2,463.1,244.5,567.5,225.3,515.3,38.3,104.4,49
301,22.989,shopping bag,0.277,272.2,359.6,360.3,537.7,316.2,448.7,88.1,178.1,49
301,22.989,cardboard box,0.259,123.9,395.1,189.3,503.9,156.6,449.5,65.4,108.8,49
302,23.066,shopping bag,0.61,318.9,171.0,354.6,222.8,336.7,196.9,35.6,51.8,31
302,23.066,shopping bag,0.582,920.6,224.3,971.3,354.0,945.9,289.2,50.7,129.7,15
302,23.066,shopping bag,0.465,922.9,278.7,970.3,353.9,946.6,316.3,47.4,75.2,
302,23.066,shopping bag,0.415,112.8,390.3,175.6,504.0,144.2,447.2,62.8,113.7,49
302,23.066,shopping bag,0.271,267.7,232.3,348.3,321.6,308.0,276.9,80.6,89.3,3
303,23.142,shopping bag,0.628,319.5,171.7,354.5,222.3,337.0,197.0,35.0,50.6,31
303,23.142,shopping bag,0.456,919.5,215.8,971.5,344.1,945.5,279.9,52.0,128.3,15
303,23.142,shopping bag,0.295,267.7,232.2,347.6,321.5,307.7,276.9,79.9,89.3,3
303,23.142,shopping bag,0.262,921.8,268.8,970.5,343.6,946.1,306.2,48.7,74.8,15
304,23.219,shopping bag,0.636,319.6,171.2,354.5,222.4,337.1,196.8,34.9,51.2,31
304,23.219,shopping bag,0.343,917.7,214.0,971.4,340.3,944.5,277.1,53.7,126.3,15
304,23.219,shopping bag,0.28,267.8,232.3,347.2,320.6,307.5,276.4,79.4,88.3,3
304,23.219,handbag,0.267,921.6,262.7,970.6,339.8,946.1,301.2,49.1,77.1,15
305,23.295,shopping bag,0.575,319.6,169.5,354.7,222.7,337.1,196.1,35.2,53.2,31
305,23.295,shopping bag,0.346,915.5,206.2,969.5,330.6,942.5,268.4,54.0,124.4,15
305,23.295,shopping bag,0.33,268.1,230.4,344.6,319.7,306.3,275.1,76.5,89.3,3
306,23.371,shopping bag,0.526,319.7,170.4,354.6,222.7,337.2,196.5,34.9,52.3,31
306,23.371,shopping bag,0.317,916.1,206.2,969.2,328.9,942.7,267.5,53.1,122.6,15
306,23.371,shopping bag,0.313,268.1,230.4,342.2,319.7,305.2,275.0,74.1,89.3,3
307,23.448,shopping bag,0.558,318.5,169.3,354.6,222.6,336.6,195.9,36.1,53.3,31
307,23.448,shopping bag,0.267,913.0,197.7,971.6,323.3,942.3,260.5,58.6,125.6,15
307,23.448,handbag,0.259,922.4,252.8,970.6,321.9,946.5,287.3,48.3,69.1,15
307,23.448,shopping bag,0.255,266.5,229.8,341.4,316.0,303.9,272.9,74.8,86.2,3
308,23.524,shopping bag,0.544,318.9,169.2,355.1,222.8,337.0,196.0,36.1,53.6,25
308,23.524,shopping bag,0.309,919.1,199.9,972.2,318.7,945.7,259.3,53.2,118.9,15
308,23.524,shopping bag,0.252,923.5,250.3,971.2,318.1,947.3,284.2,47.7,67.8,15
309,23.6,shopping bag,0.474,318.7,169.9,354.9,222.8,336.8,196.4,36.3,52.9,31
309,23.6,shopping bag,0.414,923.0,199.0,974.2,315.4,948.6,257.2,51.2,116.4,15
309,23.6,shopping bag,0.275,928.6,246.5,973.5,315.1,951.0,280.8,44.9,68.6,15
310,23.677,shopping bag,0.509,929.9,199.6,977.2,314.7,953.6,257.2,47.4,115.1,15
310,23.677,shopping bag,0.448,318.9,170.2,354.9,222.7,336.9,196.5,36.0,52.5,31
311,23.753,shopping bag,0.429,318.9,169.8,354.7,222.9,336.8,196.3,35.8,53.1,31
311,23.753,shopping bag,0.341,936.5,196.4,984.7,310.5,960.6,253.5,48.2,114.2,15
311,23.753,shopping bag,0.317,622.8,98.7,657.3,159.8,640.1,129.3,34.4,61.1,
311,23.753,handbag,0.28,939.2,242.2,984.2,310.6,961.7,276.4,45.0,68.4,15
312,23.83,shopping bag,0.563,318.4,169.3,354.9,223.2,336.7,196.3,36.5,53.9,31
312,23.83,handbag,0.353,943.8,187.1,990.4,301.8,967.1,244.5,46.6,114.7,15
313,23.906,shopping bag,0.479,318.7,169.2,354.9,223.2,336.8,196.2,36.2,54.0,25
313,23.906,handbag,0.251,948.1,185.5,992.5,297.4,970.3,241.4,44.4,112.0,
314,23.982,shopping bag,0.426,318.9,169.2,354.7,223.0,336.8,196.1,35.8,53.8,25
314,23.982,handbag,0.332,948.0,185.9,992.9,295.2,970.4,240.6,44.9,109.3,
315,24.059,shopping bag,0.496,318.1,168.0,354.7,223.5,336.4,195.8,36.6,55.5,25
315,24.059,handbag,0.27,353.9,150.4,376.8,180.0,365.3,165.2,22.9,29.6,31
315,24.059,handbag,0.265,945.5,180.1,992.4,290.4,969.0,235.2,46.9,110.3,
316,24.135,shopping bag,0.482,317.7,167.8,354.7,223.6,336.2,195.7,37.0,55.8,25
316,24.135,handbag,0.312,353.1,143.4,376.0,179.5,364.6,161.5,22.9,36.1,31
316,24.135,handbag,0.28,944.5,180.2,991.5,286.7,968.0,233.5,47.0,106.4,
316,24.135,cardboard box,0.259,207.2,254.1,283.7,370.1,245.4,312.1,76.6,116.0,3
317,24.211,shopping bag,0.491,317.7,168.5,354.8,223.3,336.2,195.9,37.0,54.9,25
317,24.211,handbag,0.311,354.2,147.9,375.8,179.0,365.0,163.5,21.6,31.1,31
318,24.288,shopping bag,0.457,318.3,169.7,354.1,222.5,336.2,196.1,35.9,52.8,
318,24.288,handbag,0.374,934.8,172.8,983.4,276.8,959.1,224.8,48.6,103.9,
318,24.288,cardboard box,0.258,207.2,254.0,283.7,370.7,245.4,312.4,76.6,116.7,3
318,24.288,handbag,0.255,937.1,213.6,983.2,277.4,960.2,245.5,46.1,63.8,
319,24.364,shopping bag,0.414,318.2,170.0,354.1,222.4,336.1,196.2,35.8,52.5,
319,24.364,handbag,0.407,930.1,169.3,978.7,274.6,954.4,221.9,48.6,105.3,
319,24.364,cardboard box,0.268,207.5,252.5,284.8,373.3,246.1,312.9,77.3,120.8,3
320,24.441,shopping bag,0.357,919.0,167.1,971.9,268.6,945.4,217.8,52.9,101.5,
320,24.441,cardboard box,0.313,206.8,253.6,284.0,369.1,245.4,311.3,77.1,115.5,3
321,24.517,handbag,0.352,919.1,160.9,967.3,261.9,943.2,211.4,48.2,101.0,
321,24.517,cardboard box,0.321,206.8,253.5,284.0,369.1,245.4,311.3,77.2,115.6,3
321,24.517,shopping bag,0.268,317.5,169.7,353.5,222.3,335.5,196.0,36.0,52.6,
322,24.593,shopping bag,0.557,317.9,169.3,354.4,222.8,336.2,196.1,36.5,53.6,
322,24.593,cardboard box,0.321,206.7,253.5,283.9,368.8,245.3,311.2,77.2,115.3,3
323,24.67,shopping bag,0.533,317.8,168.7,354.8,222.8,336.3,195.8,36.9,54.2,
323,24.67,cardboard box,0.365,206.7,253.8,284.0,368.9,245.3,311.3,77.3,115.1,3
324,24.746,shopping bag,0.523,318.8,168.7,354.9,222.8,336.8,195.7,36.1,54.2,
324,24.746,cardboard box,0.378,206.7,253.9,283.9,368.7,245.3,311.3,77.1,114.8,3
325,24.822,shopping bag,0.639,318.6,169.0,355.4,222.9,337.0,195.9,36.8,53.9,
325,24.822,cardboard box,0.378,206.7,254.0,283.9,368.5,245.3,311.2,77.2,114.6,3
325,24.822,handbag,0.258,885.9,144.0,938.2,235.0,912.0,189.5,52.3,91.0,15
326,24.899,shopping bag,0.648,318.8,169.0,355.5,222.9,337.2,195.9,36.8,53.9,
326,24.899,cardboard box,0.341,206.7,253.9,283.9,368.5,245.3,311.2,77.2,114.6,3
326,24.899,shopping bag,0.27,133.8,395.4,196.8,491.7,165.3,443.5,62.9,96.3,
327,24.975,shopping bag,0.657,319.0,169.1,355.7,223.0,337.3,196.0,36.7,53.9,
327,24.975,cardboard box,0.335,206.7,253.8,283.9,368.6,245.3,311.2,77.3,114.8,3
327,24.975,shopping bag,0.257,133.9,395.1,197.7,494.1,165.8,444.6,63.8,99.0,
328,25.052,shopping bag,0.676,319.1,168.3,355.9,223.1,337.5,195.7,36.8,54.7,
328,25.052,cardboard box,0.315,206.7,253.9,283.9,368.9,245.3,311.4,77.2,115.0,3
328,25.052,shopping bag,0.286,133.1,394.2,198.7,492.6,165.9,443.4,65.6,98.4,
329,25.128,shopping bag,0.577,319.4,169.1,355.5,223.3,337.5,196.2,36.1,54.2,
329,25.128,cardboard box,0.303,206.6,254.7,283.9,368.8,245.2,311.7,77.2,114.1,3
330,25.204,shopping bag,0.483,319.3,169.3,355.6,223.2,337.4,196.3,36.3,53.9,
330,25.204,cardboard box,0.322,206.7,254.6,283.8,368.8,245.3,311.7,77.1,114.3,3
330,25.204,handbag,0.276,862.3,133.9,918.5,222.9,890.4,178.4,56.2,89.1,
331,25.281,shopping bag,0.469,319.3,169.1,355.7,223.3,337.5,196.2,36.4,54.2,
331,25.281,shopping bag,0.403,867.7,132.6,909.3,218.3,888.5,175.4,41.5,85.7,
331,25.281,cardboard box,0.342,206.7,254.4,283.8,368.8,245.3,311.6,77.1,114.4,3
331,25.281,shopping bag,0.29,875.8,159.0,908.5,218.0,892.1,188.5,32.7,59.0,
332,25.357,shopping bag,0.413,319.5,169.0,355.8,223.1,337.6,196.1,36.2,54.1,
332,25.357,cardboard box,0.338,206.7,254.4,283.8,368.8,245.3,311.6,77.0,114.3,3
332,25.357,shopping bag,0.305,868.4,133.5,907.3,215.5,887.9,174.5,38.8,82.0,
333,25.433,shopping bag,0.372,869.0,158.0,901.8,211.1,885.4,184.6,32.8,53.0,
333,25.433,cardboard box,0.329,206.7,254.4,283.8,368.8,245.3,311.6,77.0,114.4,3
333,25.433,shopping bag,0.295,319.3,169.4,354.6,222.9,336.9,196.2,35.3,53.5,
334,25.51,shopping bag,0.387,319.0,169.2,353.9,223.0,336.5,196.1,35.0,53.7,
334,25.51,cardboard box,0.329,206.7,254.4,283.8,368.8,245.3,311.6,77.0,114.4,3
334,25.51,shopping bag,0.271,866.5,156.0,897.2,207.9,881.9,182.0,30.7,51.9,
335,25.586,shopping bag,0.407,318.2,168.8,353.8,223.2,336.0,196.0,35.5,54.4,
335,25.586,cardboard box,0.336,206.7,254.3,283.8,368.8,245.2,311.5,77.0,114.5,3
335,25.586,shopping bag,0.272,865.1,154.7,897.0,207.9,881.0,181.3,31.9,53.2,
336,25.663,shopping bag,0.418,318.5,169.0,354.0,223.3,336.3,196.2,35.5,54.4,
336,25.663,cardboard box,0.348,206.7,254.3,283.8,368.8,245.2,311.6,77.1,114.5,3
337,25.739,cardboard box,0.353,206.7,254.2,283.8,368.8,245.2,311.5,77.1,114.6,3
337,25.739,shopping bag,0.285,318.4,169.2,352.3,223.7,335.3,196.5,33.9,54.6,
338,25.815,shopping bag,0.325,318.8,169.7,352.1,223.7,335.5,196.7,33.2,54.0,
338,25.815,cardboard box,0.318,206.8,254.3,283.7,368.9,245.2,311.6,76.9,114.6,3
338,25.815,handbag,0.264,856.6,154.1,894.2,207.3,875.4,180.7,37.7,53.2,
339,25.892,shopping bag,0.403,318.0,170.4,352.1,224.2,335.1,197.3,34.0,53.8,
339,25.892,cardboard box,0.331,206.8,254.3,283.7,368.9,245.3,311.6,76.9,114.6,3
340,25.968,shopping bag,0.437,317.2,170.5,351.9,223.9,334.6,197.2,34.7,53.4,
340,25.968,cardboard box,0.334,206.8,254.2,283.7,368.8,245.3,311.5,76.9,114.5,3
340,25.968,handbag,0.25,850.0,154.8,891.0,210.8,870.5,182.8,41.0,56.0,
341,26.044,handbag,0.394,844.6,124.2,887.6,211.8,866.1,168.0,43.0,87.6,
341,26.044,shopping bag,0.378,316.4,170.6,351.6,223.9,334.0,197.2,35.2,53.3,
341,26.044,cardboard box,0.348,206.8,254.1,283.6,368.7,245.2,311.4,76.8,114.6,3
341,26.044,handbag,0.264,847.4,157.2,887.7,211.6,867.5,184.4,40.2,54.3,
342,26.121,shopping bag,0.422,315.9,169.2,351.9,224.8,333.9,197.0,36.0,55.6,
342,26.121,cardboard box,0.357,206.8,254.5,283.5,368.8,245.1,311.6,76.7,114.3,3
342,26.121,handbag,0.267,834.7,127.4,879.8,213.8,857.2,170.6,45.1,86.5,
342,26.121,shopping bag,0.257,205.5,329.7,360.3,527.9,282.9,428.8,154.8,198.3,
343,26.197,shopping bag,0.408,315.9,169.4,351.9,224.8,333.9,197.1,36.0,55.4,
343,26.197,cardboard box,0.365,206.8,254.6,283.5,368.8,245.1,311.7,76.7,114.2,3
343,26.197,shopping bag,0.274,205.9,331.6,360.1,530.0,283.0,430.8,154.2,198.4,
344,26.274,shopping bag,0.418,315.9,169.3,351.9,224.8,333.9,197.0,36.0,55.5,
344,26.274,handbag,0.393,817.9,120.5,872.5,215.5,845.2,168.0,54.5,94.9,17
344,26.274,cardboard box,0.344,206.8,254.4,283.5,368.7,245.2,311.5,76.8,114.3,3
344,26.274,shopping bag,0.274,206.5,333.2,360.1,534.1,283.3,433.6,153.6,200.9,49
345,26.35,shopping bag,0.376,315.9,169.2,351.9,224.8,333.9,197.0,36.0,55.6,
345,26.35,shopping bag,0.291,203.7,328.6,360.4,538.5,282.0,433.6,156.7,209.9,49
345,26.35,cardboard box,0.288,206.8,254.5,283.6,369.1,245.2,311.8,76.8,114.7,3
345,26.35,handbag,0.28,815.6,118.6,868.4,217.2,842.0,167.9,52.9,98.7,17
346,26.426,shopping bag,0.363,316.2,169.4,351.8,224.5,334.0,197.0,35.6,55.1,
346,26.426,handbag,0.286,814.6,118.6,866.3,217.7,840.4,168.1,51.8,99.1,17
346,26.426,backpack,0.28,782.6,111.8,866.4,218.7,824.5,165.3,83.9,106.9,17
346,26.426,cardboard box,0.276,206.9,254.7,283.5,368.7,245.2,311.7,76.6,114.0,3
347,26.503,backpack,0.669,780.7,109.3,862.2,220.8,821.5,165.0,81.6,111.5,17
347,26.503,cardboard box,0.324,206.8,254.6,283.5,368.4,245.2,311.5,76.7,113.8,3
347,26.503,shopping bag,0.253,316.5,169.4,351.7,224.1,334.1,196.8,35.1,54.6,
348,26.579,backpack,0.697,783.3,107.9,860.8,222.7,822.1,165.3,77.5,114.8,17
348,26.579,shopping bag,0.338,317.3,170.5,352.1,223.7,334.7,197.1,34.8,53.2,
348,26.579,cardboard box,0.273,206.8,254.4,283.7,370.0,245.3,312.2,76.8,115.6,3
349,26.655,backpack,0.555,784.2,105.5,861.4,224.3,822.8,164.9,77.2,118.8,17
349,26.655,shopping bag,0.256,317.6,170.1,352.3,223.2,334.9,196.6,34.6,53.1,
350,26.732,backpack,0.654,784.2,109.7,861.7,224.7,823.0,167.2,77.5,114.9,17
350,26.732,shopping bag,0.381,317.9,169.5,352.8,222.9,335.3,196.2,34.8,53.4,
351,26.808,backpack,0.461,783.2,110.5,861.7,224.8,822.4,167.6,78.6,114.3,17
351,26.808,shopping bag,0.457,318.5,168.6,352.9,223.2,335.7,195.9,34.4,54.7,
352,26.885,shopping bag,0.444,318.0,169.0,353.8,223.0,335.9,196.0,35.8,53.9,
352,26.885,backpack,0.351,783.1,110.7,861.7,225.5,822.4,168.1,78.7,114.8,17
353,26.961,shopping bag,0.409,808.4,117.1,861.6,226.0,835.0,171.6,53.3,108.9,17
353,26.961,shopping bag,0.26,317.6,169.5,353.6,222.9,335.6,196.2,36.0,53.4,
354,27.037,backpack,0.369,791.5,113.0,861.5,225.5,826.5,169.2,70.0,112.5,17
354,27.037,handbag,0.365,352.9,149.0,376.0,180.7,364.4,164.9,23.1,31.7,31
354,27.037,handbag,0.252,817.0,121.4,861.0,226.5,839.0,174.0,44.1,105.0,17
355,27.114,handbag,0.47,350.7,149.6,373.7,180.1,362.2,164.9,23.0,30.5,31
355,27.114,handbag,0.369,818.0,122.7,860.6,226.0,839.3,174.4,42.7,103.3,17
355,27.114,cardboard box,0.275,206.7,254.4,283.7,369.7,245.2,312.1,77.0,115.2,3
356,27.19,handbag,0.408,350.1,148.7,372.9,180.2,361.5,164.5,22.8,31.5,31
356,27.19,handbag,0.388,818.3,121.5,861.1,225.2,839.7,173.3,42.8,103.7,17
357,27.266,handbag,0.507,819.0,122.6,861.5,225.4,840.2,174.0,42.5,102.8,17
357,27.266,handbag,0.409,349.1,148.3,371.6,179.9,360.4,164.1,22.5,31.6,31
357,27.266,shopping bag,0.321,198.8,418.4,288.5,545.0,243.7,481.7,89.7,126.6,49
357,27.266,shopping bag,0.318,266.8,224.0,331.7,309.7,299.3,266.9,64.9,85.7,3
358,27.343,handbag,0.556,820.3,123.7,861.7,224.9,841.0,174.3,41.5,101.2,17
358,27.343,handbag,0.419,348.9,146.6,370.6,179.5,359.7,163.0,21.7,32.8,31
358,27.343,shopping bag,0.357,317.6,168.5,354.8,222.5,336.2,195.5,37.3,53.9,3
359,27.419,handbag,0.593,821.3,124.1,863.2,225.0,842.2,174.6,41.9,100.9,17
359,27.419,handbag,0.42,348.7,147.5,370.2,179.5,359.4,163.5,21.5,32.0,31
359,27.419,shopping bag,0.351,317.9,169.2,354.7,221.8,336.3,195.5,36.8,52.6,3
359,27.419,shopping bag,0.309,267.3,228.6,346.1,316.7,306.7,272.7,78.8,88.0,3
360,27.496,handbag,0.567,821.5,123.6,864.0,225.2,842.7,174.4,42.6,101.6,17
360,27.496,handbag,0.415,348.9,145.0,370.1,179.6,359.5,162.3,21.3,34.6,31
360,27.496,shopping bag,0.304,268.5,229.7,347.6,318.2,308.1,274.0,79.1,88.5,3
360,27.496,shopping bag,0.297,318.3,168.8,354.6,221.7,336.5,195.2,36.4,52.9,3
361,27.572,handbag,0.566,821.6,124.0,864.3,225.4,842.9,174.7,42.6,101.4,17
361,27.572,handbag,0.414,349.0,145.9,370.4,179.7,359.7,162.8,21.4,33.8,31
361,27.572,shopping bag,0.275,268.6,230.7,348.5,319.0,308.5,274.9,79.8,88.3,3
361,27.572,shopping bag,0.275,319.8,168.9,354.8,221.9,337.3,195.4,35.0,53.0,3
362,27.648,handbag,0.549,822.0,123.5,864.2,225.6,843.1,174.6,42.2,102.1,17
362,27.648,handbag,0.405,350.3,150.2,372.5,180.1,361.4,165.2,22.2,29.9,31
363,27.725,handbag,0.591,821.9,124.4,864.2,225.7,843.0,175.1,42.2,101.3,17
363,27.725,handbag,0.527,351.6,148.7,374.9,180.0,363.2,164.3,23.3,31.3,31
364,27.801,handbag,0.568,821.6,124.1,863.5,225.6,842.5,174.9,41.9,101.6,17
364,27.801,handbag,0.446,352.9,147.1,375.3,180.1,364.1,163.6,22.5,33.0,31
365,27.877,handbag,0.571,821.0,124.1,863.0,225.6,842.0,174.9,42.0,101.4,17
365,27.877,handbag,0.386,353.6,146.2,376.8,180.5,365.2,163.4,23.2,34.3,31
366,27.954,handbag,0.601,818.7,124.3,862.2,225.4,840.4,174.9,43.5,101.2,17
366,27.954,handbag,0.332,354.3,145.7,379.0,180.8,366.7,163.3,24.7,35.2,31
366,27.954,handbag,0.278,821.4,160.3,862.5,224.8,841.9,192.5,41.1,64.5,17
367,28.03,handbag,0.554,817.8,124.4,861.3,225.5,839.5,174.9,43.5,101.1,17
367,28.03,handbag,0.289,354.6,149.5,378.9,181.3,366.8,165.4,24.4,31.8,31
368,28.107,handbag,0.526,816.7,123.0,861.2,224.9,839.0,174.0,44.5,101.9,17
368,28.107,handbag,0.326,354.5,149.4,378.7,181.2,366.6,165.3,24.3,31.8,31
368,28.107,shopping bag,0.269,268.3,234.7,347.3,323.6,307.8,279.2,79.0,88.9,3
369,28.183,shopping bag,0.486,814.6,119.9,859.6,225.0,837.1,172.5,45.0,105.1,17
369,28.183,handbag,0.366,354.3,149.5,378.7,181.2,366.5,165.3,24.4,31.7,31
369,28.183,shopping bag,0.304,268.5,234.8,348.4,324.9,308.4,279.8,79.9,90.0,3
369,28.183,handbag,0.268,222.2,190.9,248.3,222.4,235.3,206.6,26.1,31.5,54
370,28.259,shopping bag,0.404,809.2,116.9,859.7,224.2,834.4,170.6,50.5,107.3,17
370,28.259,shopping bag,0.316,268.2,234.0,349.8,326.1,309.0,280.0,81.7,92.1,3
370,28.259,handbag,0.273,353.9,149.3,378.0,180.9,366.0,165.1,24.1,31.6,31
370,28.259,handbag,0.253,220.6,186.1,248.1,221.5,234.3,203.8,27.5,35.4,54
371,28.336,shopping bag,0.485,263.5,262.8,360.0,532.7,311.8,397.8,96.5,269.9,49
371,28.336,backpack,0.356,801.0,114.2,859.6,224.3,830.3,169.2,58.6,110.1,17
371,28.336,shopping bag,0.328,268.7,233.3,349.4,325.4,309.1,279.3,80.6,92.1,3
371,28.336,handbag,0.293,353.7,148.7,376.6,180.5,365.2,164.6,22.9,31.8,31
371,28.336,handbag,0.254,220.3,184.4,248.5,221.5,234.4,202.9,28.1,37.1,54
372,28.412,handbag,0.375,353.0,145.9,376.1,180.0,364.6,163.0,23.2,34.1,31
372,28.412,shopping bag,0.312,268.7,232.1,349.3,326.6,309.0,279.4,80.5,94.4,3
372,28.412,shopping bag,0.308,267.0,263.0,362.1,531.7,314.6,397.4,95.2,268.7,49
372,28.412,backpack,0.302,795.8,112.9,859.4,224.3,827.6,168.6,63.6,111.4,17
373,28.489,handbag,0.463,352.9,145.5,375.6,179.8,364.3,162.7,22.6,34.3,31
373,28.489,backpack,0.293,789.5,110.2,859.8,224.0,824.7,167.1,70.4,113.8,17
374,28.565,handbag,0.459,353.1,144.0,375.7,179.4,364.4,161.7,22.6,35.3,31
374,28.565,shopping bag,0.441,317.6,368.2,361.8,526.7,339.7,447.5,44.2,158.5,49
374,28.565,shopping bag,0.334,134.2,402.8,190.0,490.9,162.1,446.9,55.8,88.1,49
374,28.565,backpack,0.258,783.3,110.3,858.9,225.5,821.1,167.9,75.6,115.2,17
375,28.641,handbag,0.454,353.1,143.5,375.6,179.4,364.3,161.4,22.6,35.9,31
375,28.641,shopping bag,0.418,322.4,365.3,361.8,525.4,342.1,445.4,39.4,160.1,49
375,28.641,shopping bag,0.341,134.2,395.3,191.4,490.7,162.8,443.0,57.1,95.4,49
375,28.641,handbag,0.257,807.7,163.2,848.1,225.1,827.9,194.1,40.4,61.9,17
375,28.641,handbag,0.251,803.9,111.9,850.2,225.6,827.1,168.8,46.4,113.7,17
376,28.718,shopping bag,0.413,324.2,379.0,364.5,524.0,344.3,451.5,40.2,145.0,49
376,28.718,handbag,0.405,353.2,143.0,376.1,179.2,364.6,161.1,22.8,36.2,31
376,28.718,handbag,0.321,803.3,112.1,849.5,225.7,826.4,168.9,46.2,113.6,17
376,28.718,handbag,0.315,806.5,162.8,847.6,225.2,827.1,194.0,41.2,62.5,17
377,28.794,handbag,0.413,353.2,144.6,376.1,179.2,364.6,161.9,22.9,34.5,31
377,28.794,handbag,0.287,803.3,111.8,848.7,226.1,826.0,168.9,45.5,114.3,17
377,28.794,handbag,0.278,806.0,161.8,847.2,225.5,826.6,193.6,41.2,63.7,17
377,28.794,shopping bag,0.263,134.4,395.1,187.4,490.7,160.9,442.9,53.0,95.6,
378,28.87,handbag,0.377,354.3,146.8,377.6,179.1,365.9,163.0,23.4,32.4,31
379,28.947,handbag,0.349,354.1,149.0,377.8,179.3,365.9,164.1,23.7,30.2,31
380,29.023,shopping bag,0.251,134.3,394.4,187.8,490.5,161.1,442.5,53.5,96.0,
381,29.1,shopping bag,0.265,134.4,394.8,187.8,490.3,161.1,442.6,53.5,95.5,
382,29.176,shopping basket,0.359,134.4,395.1,187.8,490.3,161.1,442.7,53.3,95.2,
382,29.176,handbag,0.272,800.8,114.6,849.0,226.1,824.9,170.3,48.1,111.5,17
383,29.252,shopping basket,0.306,134.4,394.7,188.0,490.4,161.2,442.6,53.6,95.7,
383,29.252,handbag,0.283,802.8,125.4,849.8,226.2,826.3,175.8,47.0,100.7,17
384,29.329,handbag,0.365,801.7,122.1,850.5,228.2,826.1,175.2,48.8,106.1,17
384,29.329,shopping basket,0.315,134.4,395.1,187.8,490.4,161.1,442.8,53.4,95.3,
385,29.405,handbag,0.386,801.4,122.6,850.3,228.7,825.9,175.6,48.9,106.0,17
385,29.405,shopping basket,0.27,134.4,394.6,188.2,490.3,161.3,442.4,53.8,95.8,
386,29.481,handbag,0.428,799.2,126.3,850.2,229.4,824.7,177.8,51.0,103.1,17
386,29.481,shopping basket,0.252,134.4,394.3,188.3,490.3,161.4,442.3,53.9,96.0,
387,29.558,handbag,0.372,798.7,124.8,849.8,230.6,824.2,177.7,51.1,105.7,17
387,29.558,shopping bag,0.337,134.5,393.9,187.5,490.2,161.0,442.1,52.9,96.2,
387,29.558,cardboard box,0.272,207.4,255.3,284.0,372.2,245.7,313.8,76.5,116.9,
388,29.634,handbag,0.346,797.8,128.9,849.2,231.8,823.5,180.3,51.4,102.9,17
388,29.634,shopping bag,0.274,134.5,393.7,187.6,490.2,161.0,441.9,53.0,96.6,
389,29.711,handbag,0.325,796.6,126.4,851.8,232.6,824.2,179.5,55.2,106.2,17
389,29.711,cardboard box,0.278,207.5,255.8,285.2,372.9,246.4,314.4,77.6,117.1,3
390,29.787,cardboard box,0.317,207.6,256.8,285.3,372.8,246.5,314.8,77.7,116.0,3
390,29.787,handbag,0.308,795.2,128.0,846.8,232.3,821.0,180.1,51.6,104.2,17
391,29.863,shopping bag,0.417,796.6,128.3,850.7,233.2,823.6,180.7,54.0,104.8,17
391,29.863,shopping bag,0.292,632.4,92.2,669.3,156.9,650.9,124.6,36.9,64.7,
391,29.863,cardboard box,0.283,207.6,257.0,285.3,372.8,246.4,314.9,77.6,115.8,3
391,29.863,shopping basket,0.265,134.4,393.8,187.4,490.1,160.9,441.9,52.9,96.3,
392,29.94,handbag,0.423,797.2,128.3,851.6,232.7,824.4,180.5,54.4,104.4,17
392,29.94,shopping bag,0.299,134.5,393.7,187.3,490.2,160.9,441.9,52.8,96.4,
393,30.016,handbag,0.379,797.2,126.9,853.3,232.0,825.2,179.5,56.1,105.1,17
394,30.092,handbag,0.428,796.0,127.8,850.6,231.5,823.3,179.6,54.6,103.8,17
394,30.092,cardboard box,0.28,207.5,254.1,285.3,372.8,246.4,313.4,77.9,118.7,3
394,30.092,handbag,0.263,800.8,170.8,849.0,230.6,824.9,200.7,48.2,59.9,17
394,30.092,shopping bag,0.253,134.5,393.5,187.6,490.1,161.0,441.8,53.1,96.6,1
395,30.169,handbag,0.423,800.2,123.1,849.2,228.5,824.7,175.8,49.0,105.4,17
395,30.169,shopping bag,0.337,133.8,391.4,189.5,489.2,161.6,440.3,55.7,97.8,1
395,30.169,cardboard box,0.301,207.4,253.8,285.3,372.8,246.4,313.3,77.9,119.1,3
395,30.169,shopping bag,0.286,269.1,231.3,343.1,315.7,306.1,273.5,74.0,84.4,3
396,30.245,handbag,0.381,799.7,123.1,852.0,227.2,825.8,175.1,52.3,104.1,17
396,30.245,shopping bag,0.347,133.7,391.4,189.4,489.3,161.5,440.3,55.7,97.9,1
396,30.245,cardboard box,0.319,207.5,255.7,285.1,372.9,246.3,314.3,77.6,117.2,3
396,30.245,shopping bag,0.308,273.9,231.5,344.7,317.5,309.3,274.5,70.8,86.0,3
396,30.245,shopping basket,0.279,421.9,365.1,538.8,511.1,480.4,438.1,116.9,146.0,49
397,30.322,shopping bag,0.406,133.8,391.7,189.4,489.2,161.6,440.4,55.6,97.5,
397,30.322,shopping bag,0.395,274.0,233.2,347.0,320.2,310.5,276.7,73.0,87.0,3
397,30.322,handbag,0.345,800.3,122.9,849.8,226.3,825.1,174.6,49.5,103.4,17
397,30.322,cardboard box,0.313,207.5,255.0,285.1,372.8,246.3,313.9,77.7,117.8,3
398,30.398,shopping bag,0.48,134.3,393.3,187.8,490.3,161.0,441.8,53.6,97.0,1
398,30.398,shopping bag,0.442,275.7,233.1,347.1,323.8,311.4,278.4,71.4,90.8,3
398,30.398,handbag,0.356,800.7,122.9,847.7,225.9,824.2,174.4,47.1,103.0,17
398,30.398,backpack,0.282,780.8,120.4,848.4,227.5,814.6,173.9,67.7,107.1,17
399,30.474,shopping bag,0.616,279.7,234.4,349.7,326.2,314.7,280.3,70.0,91.8,3
399,30.474,shopping bag,0.413,133.5,391.8,189.4,489.5,161.4,440.6,55.8,97.7,1
400,30.551,shopping bag,0.578,283.2,235.2,351.2,326.1,317.2,280.6,68.0,90.8,3
400,30.551,handbag,0.332,800.7,120.8,852.2,220.7,826.4,170.8,51.5,99.9,17
400,30.551,shopping basket,0.311,134.3,392.4,188.5,489.6,161.4,441.0,54.2,97.2,1
400,30.551,cardboard box,0.257,207.2,256.8,284.2,369.6,245.7,313.2,77.0,112.7,3
401,30.627,shopping bag,0.615,287.2,235.6,353.6,325.1,320.4,280.4,66.4,89.5,3
401,30.627,handbag,0.339,801.4,121.0,855.8,219.5,828.6,170.2,54.4,98.5,17
401,30.627,shopping basket,0.304,134.3,392.4,188.6,489.6,161.5,441.0,54.3,97.2,1
401,30.627,shopping basket,0.286,418.9,366.3,533.7,462.0,476.3,414.2,114.7,95.7,49
401,30.627,cardboard box,0.254,207.2,255.9,284.2,369.2,245.7,312.6,77.0,113.2,3
402,30.703,shopping bag,0.634,289.8,234.9,356.4,328.1,323.1,281.5,66.6,93.2,3
402,30.703,shopping basket,0.315,134.3,392.4,188.7,489.6,161.5,441.0,54.4,97.2,1
402,30.703,handbag,0.311,800.0,120.5,860.0,217.6,830.0,169.1,59.9,97.2,17
403,30.78,shopping bag,0.587,292.4,235.4,357.5,322.5,324.9,278.9,65.1,87.1,3
403,30.78,shopping basket,0.325,134.3,392.2,188.9,489.6,161.6,440.9,54.6,97.4,1
403,30.78,handbag,0.307,800.3,120.2,859.9,215.2,830.1,167.7,59.7,95.0,17
403,30.78,shopping basket,0.25,417.9,366.4,532.4,463.8,475.2,415.1,114.5,97.4,49
404,30.856,shopping bag,0.516,296.2,235.2,358.4,318.9,327.3,277.0,62.2,83.8,3
404,30.856,shopping basket,0.327,134.4,392.0,189.0,489.6,161.7,440.8,54.6,97.5,1
404,30.856,backpack,0.317,786.6,111.1,860.6,215.1,823.6,163.1,74.0,104.0,17
405,30.933,backpack,0.418,786.1,110.1,860.6,214.2,823.4,162.1,74.5,104.1,17
405,30.933,shopping bag,0.378,299.3,235.8,359.0,320.2,329.2,278.0,59.7,84.4,3
405,30.933,shopping basket,0.346,134.4,392.7,188.9,489.6,161.7,441.1,54.5,96.9,1
406,31.009,shopping bag,0.405,308.5,234.7,360.5,317.4,334.5,276.1,52.0,82.6,3
406,31.009,backpack,0.37,787.4,109.4,860.5,212.4,824.0,160.9,73.0,103.0,17
406,31.009,shopping basket,0.34,134.4,392.1,188.9,489.5,161.6,440.8,54.4,97.4,1
407,31.085,shopping bag,0.351,292.8,241.3,316.5,312.7,304.6,277.0,23.7,71.5,3
407,31.085,shopping basket,0.327,134.4,391.9,189.0,489.4,161.7,440.7,54.5,97.5,1
407,31.085,shopping basket,0.28,415.0,365.7,534.0,466.1,474.5,415.9,118.9,100.4,
407,31.085,backpack,0.278,793.9,110.5,860.6,210.7,827.2,160.6,66.8,100.2,17
408,31.162,shopping basket,0.38,134.6,392.1,188.9,489.5,161.8,440.8,54.3,97.4,
408,31.162,shopping bag,0.342,321.6,233.3,364.6,310.6,343.1,272.0,43.0,77.3,3
408,31.162,shopping basket,0.258,415.0,365.9,533.5,466.2,474.3,416.0,118.5,100.3,
409,31.238,shopping bag,0.337,134.6,391.5,188.9,489.5,161.8,440.5,54.3,98.0,
409,31.238,shopping bag,0.304,301.3,238.2,327.1,309.4,314.2,273.8,25.9,71.3,3
409,31.238,shopping bag,0.297,300.4,232.4,367.6,314.5,334.0,273.4,67.2,82.1,3
409,31.238,shopping bag,0.25,808.9,114.0,860.0,207.6,834.5,160.8,51.1,93.6,
410,31.314,shopping bag,0.386,307.0,233.2,335.8,306.1,321.4,269.6,28.8,72.9,3
410,31.314,shopping basket,0.301,134.6,391.1,189.2,489.7,161.9,440.4,54.6,98.5,
411,31.391,shopping bag,0.495,308.2,228.7,340.9,303.0,324.5,265.9,32.7,74.3,3
411,31.391,shopping bag,0.31,134.6,390.8,189.3,489.6,161.9,440.2,54.7,98.8,
411,31.391,backpack,0.258,788.0,112.6,859.2,205.3,823.6,158.9,71.3,92.7,17
412,31.467,shopping bag,0.487,308.6,222.4,348.3,298.8,328.4,260.6,39.7,76.4,3
412,31.467,shopping bag,0.379,312.8,220.1,382.4,299.4,347.6,259.8,69.6,79.3,3
412,31.467,shopping bag,0.324,339.4,220.2,382.3,300.0,360.9,260.1,42.9,79.8,
412,31.467,shopping bag,0.306,134.6,390.3,189.2,489.4,161.9,439.8,54.6,99.1,
412,31.467,backpack,0.252,800.1,113.0,858.9,204.5,829.5,158.8,58.8,91.6,
413,31.544,shopping bag,0.38,321.7,213.3,385.6,293.6,353.7,253.4,63.9,80.3,
413,31.544,shopping bag,0.367,309.2,217.7,353.5,294.9,331.3,256.3,44.3,77.2,3
413,31.544,shopping bag,0.312,134.8,390.1,189.4,489.3,162.1,439.7,54.6,99.2,
413,31.544,cardboard box,0.291,207.0,255.5,284.5,369.5,245.8,312.5,77.5,113.9,3
414,31.62,shopping bag,0.358,134.7,390.2,189.2,489.3,162.0,439.8,54.5,99.1,
414,31.62,shopping bag,0.329,310.5,208.0,387.9,293.1,349.2,250.5,77.4,85.1,3
414,31.62,handbag,0.317,310.1,208.8,357.0,292.8,333.6,250.8,47.0,84.0,3
414,31.62,shopping bag,0.278,586.4,102.0,618.8,154.8,602.6,128.4,32.4,52.8,33
414,31.62,shopping bag,0.254,808.9,113.0,859.5,204.8,834.2,158.9,50.5,91.8,
415,31.696,shopping bag,0.351,310.4,208.3,360.4,292.8,335.4,250.6,50.0,84.5,3
415,31.696,shopping bag,0.342,134.7,390.2,189.3,489.3,162.0,439.8,54.6,99.1,
415,31.696,shopping bag,0.303,807.9,113.0,859.2,204.8,833.6,158.9,51.3,91.8,
416,31.773,shopping bag,0.347,134.6,390.4,189.2,489.4,161.9,439.9,54.6,99.0,
416,31.773,shopping bag,0.333,807.3,111.6,858.4,204.4,832.8,158.0,51.1,92.8,
416,31.773,shopping bag,0.278,311.3,205.6,362.6,290.7,337.0,248.2,51.3,85.1,3
416,31.773,shopping bag,0.277,310.9,202.2,390.4,290.2,350.6,246.2,79.4,88.0,3
417,31.849,shopping bag,0.345,310.6,204.5,365.4,286.9,338.0,245.7,54.8,82.3,3
417,31.849,shopping bag,0.322,134.7,390.4,189.2,489.4,161.9,439.9,54.5,99.0,
417,31.849,shopping bag,0.262,803.9,113.1,857.9,205.0,830.9,159.0,54.1,91.9,
418,31.925,shopping bag,0.42,311.5,201.3,366.2,287.2,338.8,244.3,54.7,85.9,3
418,31.925,shopping bag,0.392,134.8,390.4,189.0,489.5,161.9,439.9,54.3,99.1,
418,31.925,shopping bag,0.289,310.9,201.3,391.0,288.4,350.9,244.9,80.2,87.1,
418,31.925,backpack,0.263,800.3,112.7,855.0,201.2,827.6,157.0,54.8,88.5,
419,32.002,shopping bag,0.456,310.2,199.0,365.8,286.3,338.0,242.6,55.7,87.3,3
419,32.002,shopping bag,0.373,134.8,390.4,189.0,489.5,161.9,439.9,54.2,99.0,
419,32.002,backpack,0.27,795.2,110.7,857.4,201.2,826.3,156.0,62.3,90.5,
419,32.002,cardboard box,0.256,207.0,255.0,284.5,369.6,245.8,312.3,77.5,114.6,3
419,32.002,shopping bag,0.25,309.1,198.7,390.6,287.5,349.9,243.1,81.6,88.8,
420,32.078,shopping bag,0.51,310.2,198.5,363.3,284.7,336.8,241.6,53.1,86.3,3
420,32.078,shopping bag,0.352,134.9,390.2,189.0,489.6,161.9,439.9,54.1,99.4,
421,32.155,shopping bag,0.385,134.9,390.3,189.0,489.7,162.0,440.0,54.2,99.3,
421,32.155,shopping bag,0.25,308.0,197.4,361.9,282.3,335.0,239.8,53.9,84.9,3
422,32.231,shopping bag,0.4,306.7,197.2,359.6,281.4,333.2,239.3,52.9,84.3,3
422,32.231,shopping basket,0.361,134.8,390.4,189.1,489.7,161.9,440.0,54.3,99.2,
422,32.231,handbag,0.309,780.8,107.2,834.6,199.4,807.7,153.3,53.9,92.2,
422,32.231,shopping bag,0.259,306.8,195.7,388.4,276.7,347.6,236.2,81.6,81.0,
422,32.231,handbag,0.256,354.4,149.8,378.1,180.1,366.2,164.9,23.7,30.3,31
423,32.307,shopping basket,0.35,134.7,390.6,189.1,489.7,161.9,440.1,54.3,99.1,
423,32.307,shopping bag,0.322,307.4,196.9,358.0,281.9,332.7,239.4,50.6,85.0,3
423,32.307,handbag,0.315,772.4,105.6,824.9,198.1,798.7,151.8,52.5,92.5,17
424,32.384,shopping basket,0.338,134.8,390.6,189.1,489.7,161.9,440.1,54.3,99.1,
424,32.384,shopping bag,0.335,308.1,198.4,356.7,283.1,332.4,240.8,48.6,84.7,3
424,32.384,handbag,0.265,763.2,103.6,824.3,198.5,793.8,151.0,61.1,94.9,17
424,32.384,shopping bag,0.264,595.8,97.4,624.4,158.4,610.1,127.9,28.5,61.0,
425,32.46,handbag,0.426,758.3,103.4,810.6,194.4,784.5,148.9,52.3,91.1,17
425,32.46,shopping basket,0.359,134.7,390.5,189.1,489.7,161.9,440.1,54.4,99.1,
425,32.46,shopping bag,0.337,306.4,200.1,389.2,281.0,347.8,240.6,82.8,80.9,3
425,32.46,shopping bag,0.327,309.1,204.0,356.8,282.8,332.9,243.4,47.7,78.7,3
426,32.536,shopping bag,0.503,308.9,208.6,388.6,285.9,348.8,247.2,79.6,77.3,3
426,32.536,handbag,0.394,751.7,102.2,804.0,191.7,777.9,146.9,52.4,89.5,17
426,32.536,shopping bag,0.357,308.5,209.3,359.1,287.2,333.8,248.2,50.7,77.9,3
426,32.536,shopping basket,0.314,134.8,390.5,189.1,489.7,161.9,440.1,54.3,99.2,
427,32.613,shopping bag,0.518,310.0,213.8,388.6,290.4,349.3,252.1,78.6,76.7,3
427,32.613,handbag,0.38,757.0,102.2,802.7,191.2,779.9,146.7,45.7,89.0,17
427,32.613,shopping basket,0.303,134.8,390.5,189.0,489.7,161.9,440.1,54.3,99.2,
427,32.613,handbag,0.258,759.4,137.2,802.6,190.5,781.0,163.8,43.2,53.4,17
428,32.689,shopping bag,0.718,310.3,214.7,389.1,295.5,349.7,255.1,78.7,80.7,49
428,32.689,shopping basket,0.332,134.8,390.5,189.0,489.7,161.9,440.1,54.2,99.2,
428,32.689,shopping bag,0.323,758.4,134.6,801.4,191.1,779.9,162.8,43.0,56.6,17
428,32.689,handbag,0.284,755.7,105.4,802.0,190.8,778.8,148.1,46.2,85.3,17
429,32.766,shopping bag,0.783,311.1,224.7,387.4,298.8,349.2,261.7,76.2,74.1,49
429,32.766,shopping basket,0.308,134.9,390.4,189.2,489.7,162.0,440.0,54.3,99.2,
429,32.766,shopping bag,0.259,757.9,136.6,800.8,191.1,779.4,163.8,43.0,54.5,17
429,32.766,handbag,0.252,753.9,102.6,801.2,190.8,777.5,146.7,47.4,88.2,17
430,32.842,shopping bag,0.539,315.5,228.7,383.6,303.5,349.6,266.1,68.1,74.9,49
430,32.842,shopping bag,0.504,310.3,229.3,349.3,302.8,329.8,266.1,39.0,73.5,3
430,32.842,shopping bag,0.41,346.3,236.7,383.4,305.1,364.9,270.9,37.1,68.4,49
430,32.842,shopping basket,0.324,134.8,390.4,189.1,489.7,162.0,440.0,54.3,99.3,
430,32.842,shopping bag,0.301,759.9,139.2,801.7,190.7,780.8,164.9,41.8,51.5,
430,32.842,handbag,0.289,756.7,106.6,802.0,190.4,779.3,148.5,45.3,83.8,17
431,32.918,shopping bag,0.467,310.0,231.4,346.9,306.3,328.4,268.8,36.8,74.9,3
431,32.918,shopping bag,0.414,331.2,221.8,383.4,311.2,357.3,266.5,52.3,89.4,49
431,32.918,shopping bag,0.404,341.4,241.0,383.2,310.6,362.3,275.8,41.8,69.7,49
431,32.918,shopping bag,0.348,134.8,390.8,188.9,489.6,161.9,440.2,54.1,98.8,
431,32.918,shopping bag,0.324,760.8,136.2,802.3,192.8,781.6,164.5,41.5,56.5,17
431,32.918,handbag,0.295,755.0,103.2,802.5,192.3,778.7,147.7,47.5,89.1,17
431,32.918,shopping bag,0.251,326.6,179.9,383.7,310.3,355.2,245.1,57.1,130.4,49
432,32.995,shopping bag,0.478,309.6,236.5,344.1,310.7,326.8,273.6,34.4,74.2,3
432,32.995,handbag,0.318,758.4,103.0,806.0,194.8,782.2,148.9,47.5,91.8,17
432,32.995,shopping bag,0.31,134.6,390.7,189.1,489.6,161.8,440.2,54.4,98.9,
432,32.995,shopping bag,0.295,338.8,229.0,379.8,314.7,359.3,271.8,41.0,85.7,49
433,33.071,shopping bag,0.521,310.0,238.5,342.2,312.1,326.1,275.3,32.2,73.6,3
433,33.071,shopping bag,0.457,761.9,104.7,808.2,198.8,785.0,151.8,46.3,94.0,17
433,33.071,shopping bag,0.363,337.2,230.4,377.6,301.1,357.4,265.7,40.5,70.6,49
433,33.071,shopping basket,0.33,134.6,390.8,189.1,489.5,161.9,440.1,54.5,98.7,
433,33.071,shopping bag,0.261,764.8,139.7,808.2,197.8,786.5,168.8,43.4,58.1,17
434,33.147,shopping bag,0.517,315.6,223.1,380.1,322.8,347.9,272.9,64.5,99.8,3
434,33.147,shopping bag,0.43,331.0,230.9,379.3,323.3,355.1,277.1,48.3,92.3,49
434,33.147,shopping basket,0.321,134.7,390.4,189.3,489.4,162.0,439.9,54.6,99.1,
434,33.147,handbag,0.262,771.6,142.6,813.2,200.5,792.4,171.6,41.6,58.0,17
435,33.224,shopping bag,0.475,314.4,226.0,380.4,323.8,347.4,274.9,66.0,97.8,3
435,33.224,shopping bag,0.361,767.0,105.6,815.9,201.0,791.5,153.3,48.9,95.5,17
435,33.224,shopping bag,0.334,332.3,231.5,380.6,320.1,356.4,275.8,48.4,88.6,49
435,33.224,shopping basket,0.308,134.7,390.3,189.2,489.5,162.0,439.9,54.5,99.2,
435,33.224,handbag,0.254,775.5,142.9,816.5,203.2,796.0,173.0,41.0,60.3,17
436,33.3,shopping bag,0.396,323.5,230.4,379.5,324.9,351.5,277.6,56.0,94.5,3
436,33.3,shopping bag,0.368,766.9,104.4,819.5,203.5,793.2,154.0,52.6,99.1,17
436,33.3,shopping basket,0.328,134.8,390.3,189.2,489.4,162.0,439.8,54.5,99.1,
437,33.377,shopping bag,0.359,322.9,232.6,381.3,324.7,352.1,278.6,58.4,92.2,3
437,33.377,shopping bag,0.333,309.2,246.8,333.4,320.0,321.3,283.4,24.2,73.2,3
437,33.377,shopping bag,0.323,134.8,390.4,189.1,489.4,161.9,439.9,54.4,99.0,
438,33.453,shopping bag,0.436,305.3,232.8,379.7,328.1,342.5,280.4,74.4,95.3,3
438,33.453,handbag,0.35,786.8,113.4,828.5,207.8,807.7,160.6,41.8,94.4,62
438,33.453,shopping bag,0.349,305.1,249.0,327.8,319.0,316.5,284.0,22.7,70.0,3
438,33.453,shopping bag,0.306,134.7,390.4,189.1,489.4,161.9,439.9,54.4,99.0,
439,33.529,shopping bag,0.502,308.4,232.6,376.2,328.8,342.3,280.7,67.7,96.2,3
439,33.529,handbag,0.325,788.8,113.5,829.7,208.3,809.3,160.9,40.9,94.8,62
439,33.529,shopping basket,0.262,134.7,390.3,189.2,489.4,162.0,439.9,54.5,99.1,
440,33.606,shopping bag,0.298,297.2,251.6,316.9,323.2,307.0,287.4,19.8,71.6,3
440,33.606,shopping bag,0.28,134.7,390.3,189.1,489.4,161.9,439.9,54.4,99.2,
440,33.606,shopping bag,0.275,790.6,150.1,831.9,207.0,811.3,178.5,41.4,56.8,62
440,33.606,shopping bag,0.263,298.6,240.5,371.5,330.6,335.1,285.5,72.9,90.1,3
441,33.682,shopping bag,0.444,303.2,234.2,371.2,327.1,337.2,280.7,68.0,93.0,3
441,33.682,shopping bag,0.277,134.7,390.3,189.1,489.4,161.9,439.9,54.4,99.2,
442,33.758,shopping bag,0.641,298.1,234.3,369.8,330.0,334.0,282.2,71.6,95.7,3
442,33.758,shopping basket,0.27,134.7,390.3,189.1,489.4,161.9,439.8,54.4,99.1,
443,33.835,shopping bag,0.553,298.8,234.3,369.3,329.0,334.1,281.7,70.5,94.7,3
444,33.911,shopping bag,0.551,297.9,234.5,369.1,328.6,333.5,281.6,71.2,94.1,3
445,33.988,shopping bag,0.531,303.9,234.2,372.4,326.1,338.2,280.1,68.5,91.9,3
445,33.988,handbag,0.309,789.3,115.2,830.8,204.7,810.0,159.9,41.5,89.5,62
445,33.988,handbag,0.262,789.7,148.6,830.5,204.4,810.1,176.5,40.8,55.9,62
446,34.064,shopping bag,0.394,309.1,234.3,375.5,326.6,342.3,280.5,66.4,92.4,3
446,34.064,handbag,0.262,788.5,113.6,830.2,203.5,809.3,158.6,41.7,89.9,62
447,34.14,shopping bag,0.425,312.2,232.3,377.6,323.8,344.9,278.1,65.4,91.4,3
448,34.217,shopping bag,0.412,303.9,232.3,380.3,326.2,342.1,279.2,76.4,94.0,3
449,34.293,shopping bag,0.516,322.9,233.4,384.3,328.3,353.6,280.9,61.4,94.9,3
449,34.293,shopping bag,0.254,312.9,250.8,335.5,318.9,324.2,284.9,22.5,68.1,3
450,34.37,shopping bag,0.698,337.7,235.4,386.6,325.5,362.1,280.4,49.0,90.2,3
450,34.37,shopping bag,0.339,317.1,246.9,343.1,317.9,330.1,282.4,26.0,70.9,3
450,34.37,shopping bag,0.259,313.2,219.4,386.1,329.2,349.6,274.3,72.9,109.8,3
451,34.446,shopping bag,0.905,346.8,235.7,391.4,322.6,369.1,279.1,44.6,86.9,3
451,34.446,shopping bag,0.425,324.2,247.7,354.6,317.2,339.4,282.5,30.3,69.5,3
451,34.446,shopping bag,0.406,323.3,224.6,390.8,320.2,357.0,272.4,67.5,95.6,3
451,34.446,shopping bag,0.371,248.7,140.2,287.6,190.7,268.2,165.4,38.9,50.5,54
452,34.522,shopping bag,0.833,332.7,234.0,395.6,322.8,364.1,278.4,63.0,88.8,3
452,34.522,shopping bag,0.471,249.5,139.4,286.8,190.2,268.2,164.8,37.3,50.9,54
452,34.522,handbag,0.438,326.0,246.1,359.0,316.3,342.5,281.2,33.0,70.1,3
452,34.522,shopping bag,0.267,757.4,126.3,809.1,187.8,783.3,157.1,51.7,61.5,
453,34.599,shopping bag,0.857,334.9,233.7,395.2,322.5,365.1,278.1,60.3,88.7,3
453,34.599,shopping bag,0.482,249.7,141.0,286.6,188.3,268.2,164.7,36.8,47.3,54
453,34.599,handbag,0.46,325.9,245.7,358.9,316.6,342.4,281.1,33.0,70.9,3
453,34.599,shopping bag,0.253,752.7,123.6,804.4,184.5,778.5,154.1,51.7,60.9,
454,34.675,shopping bag,0.897,346.4,235.0,392.4,324.3,369.4,279.7,46.0,89.3,3
454,34.675,shopping bag,0.548,325.0,248.1,356.5,317.9,340.8,283.0,31.5,69.8,3
454,34.675,shopping bag,0.375,249.1,141.5,289.0,186.6,269.1,164.1,39.9,45.1,54
454,34.675,shopping bag,0.303,725.1,95.2,798.3,185.4,761.7,140.3,73.2,90.2,17
455,34.751,shopping bag,0.928,344.8,235.5,391.3,324.3,368.0,279.9,46.5,88.8,3
455,34.751,shopping bag,0.509,323.4,247.8,353.8,318.6,338.6,283.2,30.4,70.8,3
456,34.828,shopping bag,0.745,324.3,233.6,386.5,328.3,355.4,281.0,62.2,94.6,3
456,34.828,shopping bag,0.361,340.3,239.7,385.9,327.8,363.1,283.7,45.6,88.1,3
456,34.828,shopping bag,0.331,318.2,250.5,347.8,318.6,333.0,284.6,29.7,68.1,3
457,34.904,shopping bag,0.691,326.3,235.6,384.3,330.5,355.3,283.0,58.0,94.9,3
457,34.904,shopping bag,0.531,315.9,250.4,341.0,322.7,328.4,286.6,25.1,72.3,3
458,34.981,shopping bag,0.552,328.0,235.6,383.5,331.5,355.7,283.6,55.4,95.9,3
459,35.057,shopping bag,0.477,310.4,234.6,375.7,325.9,343.1,280.3,65.3,91.4,3
460,35.133,shopping bag,0.527,302.3,236.0,374.6,327.7,338.4,281.9,72.3,91.7,3
461,35.21,shopping bag,0.566,303.7,238.7,373.1,328.2,338.4,283.5,69.4,89.4,3
462,35.286,shopping bag,0.583,299.9,240.8,368.3,328.3,334.1,284.5,68.4,87.5,3
462,35.286,handbag,0.319,326.6,124.2,362.1,174.5,344.4,149.3,35.5,50.3,31
462,35.286,shopping basket,0.282,134.4,389.9,189.4,489.1,161.9,439.5,55.1,99.2,
463,35.362,handbag,0.549,299.8,239.3,368.3,327.3,334.1,283.3,68.5,88.0,3
463,35.362,handbag,0.347,326.1,125.1,363.8,173.6,344.9,149.4,37.7,48.6,31
463,35.362,shopping basket,0.308,134.3,390.1,189.2,489.1,161.8,439.6,54.9,99.0,
463,35.362,cardboard box,0.273,206.1,256.4,286.3,372.7,246.2,314.6,80.2,116.2,
464,35.439,handbag,0.563,298.8,237.4,371.8,328.0,335.3,282.7,73.0,90.5,3
464,35.439,handbag,0.322,326.3,124.1,365.2,172.8,345.8,148.4,38.9,48.6,31
464,35.439,shopping basket,0.302,134.7,389.8,189.3,489.2,162.0,439.5,54.6,99.4,
464,35.439,cardboard box,0.252,206.1,256.2,285.9,372.7,246.0,314.5,79.8,116.5,
465,35.515,shopping bag,0.655,302.9,236.6,374.8,329.3,338.9,282.9,71.9,92.7,3
465,35.515,handbag,0.286,326.1,124.1,365.5,172.9,345.8,148.5,39.4,48.8,31
465,35.515,shopping basket,0.261,134.8,389.7,189.7,489.1,162.3,439.4,54.8,99.4,
466,35.592,shopping bag,0.562,297.7,233.6,379.7,331.4,338.7,282.5,82.0,97.8,3
466,35.592,handbag,0.278,326.0,123.3,365.2,173.5,345.6,148.4,39.2,50.2,31
467,35.668,shopping bag,0.636,321.2,233.4,380.4,323.1,350.8,278.2,59.3,89.6,3
467,35.668,cardboard box,0.296,206.2,256.4,284.1,371.8,245.1,314.1,77.9,115.5,3
468,35.744,shopping bag,0.483,330.0,232.0,382.5,325.3,356.2,278.6,52.5,93.4,3
468,35.744,shopping bag,0.398,310.3,249.5,336.4,319.7,323.3,284.6,26.1,70.2,3
469,35.821,shopping bag,0.737,334.5,232.8,385.1,320.3,359.8,276.6,50.6,87.5,3
469,35.821,shopping bag,0.362,325.1,120.5,361.1,177.2,343.1,148.8,36.0,56.7,31
469,35.821,shopping bag,0.283,317.2,242.8,348.7,314.8,332.9,278.8,31.5,72.0,3
470,35.897,shopping bag,0.72,328.2,229.6,387.9,315.5,358.0,272.6,59.7,85.8,3
470,35.897,shopping bag,0.443,325.1,120.6,360.2,177.1,342.7,148.9,35.1,56.5,31
471,35.973,shopping bag,0.519,344.4,237.3,389.0,306.9,366.7,272.1,44.6,69.6,
471,35.973,shopping bag,0.479,324.8,119.9,360.3,177.6,342.5,148.7,35.5,57.7,31
471,35.973,shopping bag,0.349,316.4,232.3,354.0,305.2,335.2,268.8,37.6,72.8,3
471,35.973,shopping basket,0.256,134.4,390.1,189.2,489.5,161.8,439.8,54.8,99.4,
472,36.05,shopping bag,0.572,346.5,236.3,388.8,301.8,367.6,269.0,42.2,65.5,
472,36.05,shopping bag,0.506,315.3,230.7,354.2,301.9,334.7,266.3,38.9,71.2,3
472,36.05,handbag,0.496,324.1,120.3,361.4,177.9,342.7,149.1,37.3,57.6,31
473,36.126,handbag,0.563,325.7,124.0,362.3,178.3,344.0,151.2,36.7,54.2,31
473,36.126,shopping bag,0.493,343.5,231.7,388.2,299.4,365.9,265.5,44.6,67.7,
473,36.126,shopping bag,0.35,314.2,228.3,354.1,299.5,334.1,263.9,39.9,71.2,3
473,36.126,shopping bag,0.303,313.7,223.5,388.3,300.3,351.0,261.9,74.7,76.8,3
473,36.126,backpack,0.262,688.3,94.5,801.9,192.8,745.1,143.7,113.6,98.3,17
474,36.203,handbag,0.607,326.0,122.7,363.1,178.8,344.5,150.7,37.1,56.1,31
474,36.203,shopping bag,0.606,347.7,230.2,388.1,297.3,367.9,263.8,40.4,67.2,
474,36.203,shopping bag,0.446,314.6,224.9,388.4,298.2,351.5,261.5,73.8,73.3,3
474,36.203,handbag,0.347,314.5,225.7,354.1,297.0,334.3,261.3,39.6,71.3,3
475,36.279,shopping bag,0.738,313.8,221.9,390.6,295.8,352.2,258.8,76.9,73.9,3
475,36.279,handbag,0.69,326.5,122.7,363.2,179.0,344.9,150.8,36.7,56.3,31
475,36.279,handbag,0.261,315.4,221.8,359.2,295.0,337.3,258.4,43.8,73.3,3
476,36.355,shopping bag,0.728,313.0,216.6,392.8,295.2,352.9,255.9,79.8,78.5,3
476,36.355,handbag,0.608,326.6,123.1,364.5,178.7,345.5,150.9,37.9,55.6,31
477,36.432,handbag,0.582,326.8,122.4,365.5,179.7,346.2,151.1,38.7,57.3,31
477,36.432,shopping bag,0.508,318.2,214.8,394.6,292.1,356.4,253.5,76.4,77.3,3
477,36.432,shopping bag,0.436,319.1,216.3,366.1,291.8,342.6,254.1,47.0,75.6,3
478,36.508,shopping bag,0.712,319.9,215.9,396.4,291.7,358.2,253.8,76.5,75.9,3
478,36.508,handbag,0.646,327.2,122.2,365.3,180.2,346.3,151.2,38.1,58.1,31
478,36.508,shopping bag,0.337,319.8,217.6,370.6,289.2,345.2,253.4,50.8,71.6,3
479,36.584,handbag,0.658,327.5,122.8,365.2,178.7,346.3,150.8,37.8,55.9,31
479,36.584,shopping bag,0.615,322.0,216.8,398.5,292.1,360.2,254.5,76.5,75.3,3
479,36.584,shopping bag,0.345,321.8,217.5,369.5,289.5,345.7,253.5,47.7,71.9,3
479,36.584,handbag,0.254,750.4,124.9,799.9,182.5,775.1,153.7,49.6,57.6,
480,36.661,shopping bag,0.824,324.7,216.8,399.6,293.4,362.2,255.1,74.9,76.6,3
480,36.661,handbag,0.509,328.1,123.7,365.4,176.4,346.7,150.0,37.3,52.7,31
480,36.661,backpack,0.395,629.3,77.0,685.0,149.0,657.1,113.0,55.7,72.0,46
480,36.661,shopping bag,0.343,134.4,390.5,188.3,489.6,161.3,440.0,53.9,99.1,
480,36.661,shopping bag,0.297,325.1,218.5,372.8,291.6,349.0,255.0,47.8,73.1,3
480,36.661,backpack,0.264,685.3,94.8,802.9,192.5,744.1,143.7,117.5,97.7,17
481,36.737,shopping bag,0.512,328.6,221.8,374.7,293.2,351.7,257.5,46.1,71.5,3
481,36.737,backpack,0.357,629.6,77.0,683.0,150.2,656.3,113.6,53.4,73.2,46
481,36.737,handbag,0.344,327.2,121.4,365.7,176.5,346.5,149.0,38.6,55.1,31
481,36.737,shopping bag,0.313,134.4,390.3,188.4,489.6,161.4,439.9,54.1,99.4,
481,36.737,backpack,0.259,685.6,94.7,802.2,191.9,743.9,143.3,116.6,97.2,17
482,36.814,shopping bag,0.645,331.5,214.2,408.1,296.0,369.8,255.1,76.6,81.8,3
482,36.814,handbag,0.317,332.5,222.8,380.4,294.8,356.4,258.8,47.9,72.0,3
482,36.814,shopping bag,0.295,134.3,390.1,188.5,489.7,161.4,439.9,54.3,99.5,
482,36.814,backpack,0.281,685.6,94.6,802.4,192.5,744.0,143.5,116.8,97.9,17
483,36.89,shopping bag,0.552,342.6,227.8,387.0,299.2,364.8,263.5,44.4,71.5,3
483,36.89,shopping bag,0.288,134.3,390.2,188.3,489.7,161.3,440.0,54.1,99.5,
484,36.966,shopping bag,0.49,346.2,230.2,388.4,301.3,367.3,265.7,42.2,71.1,3
484,36.966,backpack,0.315,682.7,93.7,764.3,197.6,723.5,145.6,81.6,103.9,17
484,36.966,shopping bag,0.273,134.1,390.2,188.3,489.9,161.2,440.0,54.3,99.6,
484,36.966,shopping bag,0.253,753.2,126.3,802.1,182.8,777.7,154.6,48.8,56.5,
485,37.043,shopping bag,0.577,351.0,233.8,390.8,305.3,370.9,269.6,39.9,71.4,3
485,37.043,shopping bag,0.44,380.4,232.6,425.1,306.0,402.7,269.3,44.6,73.4,
485,37.043,shopping bag,0.405,355.0,233.1,425.2,305.9,390.1,269.5,70.3,72.8,3
485,37.043,backpack,0.27,689.2,92.7,766.7,197.2,727.9,145.0,77.5,104.5,17
486,37.119,shopping bag,0.651,352.4,236.1,392.7,306.9,372.5,271.5,40.3,70.7,3
486,37.119,shopping bag,0.586,387.8,234.6,426.4,306.9,407.1,270.8,38.6,72.3,
486,37.119,shopping bag,0.302,134.1,390.4,188.3,490.0,161.2,440.2,54.2,99.6,
486,37.119,handbag,0.263,758.3,127.6,805.3,181.8,781.8,154.7,47.0,54.2,
486,37.119,backpack,0.261,689.5,93.5,767.7,196.5,728.6,145.0,78.2,103.0,17
487,37.195,shopping bag,0.77,376.4,229.9,427.7,310.2,402.0,270.1,51.3,80.4,
487,37.195,shopping bag,0.59,352.2,236.5,391.5,310.0,371.9,273.3,39.3,73.6,3
487,37.195,shopping bag,0.318,134.4,389.9,188.2,489.8,161.3,439.9,53.8,99.8,
488,37.272,shopping bag,0.713,372.4,228.2,426.1,313.3,399.2,270.7,53.7,85.0,
488,37.272,shopping bag,0.564,351.9,239.7,390.0,310.9,371.0,275.3,38.1,71.2,3
488,37.272,shopping bag,0.431,764.5,129.4,806.0,187.8,785.2,158.6,41.5,58.4,
488,37.272,shopping bag,0.359,134.4,389.7,188.4,489.7,161.4,439.7,54.0,100.0,
489,37.348,shopping bag,0.509,367.3,228.5,423.0,315.2,395.2,271.9,55.6,86.7,3
489,37.348,shopping bag,0.486,349.6,240.0,386.3,312.7,367.9,276.4,36.7,72.7,3
489,37.348,backpack,0.408,702.3,95.3,772.1,189.7,737.2,142.5,69.9,94.4,17
489,37.348,shopping bag,0.331,767.6,133.7,805.5,184.9,786.5,159.3,37.8,51.2,
489,37.348,shopping bag,0.299,134.9,389.1,188.4,489.6,161.6,439.4,53.5,100.4,
490,37.425,shopping bag,0.561,354.4,228.3,418.7,318.1,386.6,273.2,64.3,89.8,3
490,37.425,handbag,0.423,347.4,241.7,380.7,314.1,364.1,277.9,33.3,72.4,3
490,37.425,shopping bag,0.275,768.3,117.8,805.5,184.3,786.9,151.1,37.2,66.5,
491,37.501,shopping bag,0.58,343.1,244.9,372.4,316.9,357.8,280.9,29.3,72.0,3
491,37.501,shopping bag,0.457,359.3,230.8,410.5,323.3,384.9,277.0,51.1,92.5,3
492,37.577,shopping bag,0.508,348.5,232.3,411.9,324.5,380.2,278.4,63.4,92.2,3
492,37.577,shopping bag,0.346,340.2,244.2,367.0,317.1,353.6,280.6,26.8,72.9,3
493,37.654,shopping bag,0.469,338.8,230.4,412.4,325.5,375.6,278.0,73.6,95.1,3
493,37.654,shopping bag,0.442,338.7,245.9,365.6,317.7,352.2,281.8,26.8,71.8,3
493,37.654,shopping bag,0.366,360.9,230.6,412.0,325.6,386.4,278.1,51.1,95.0,3
493,37.654,shopping bag,0.258,338.5,242.1,397.3,321.6,367.9,281.9,58.8,79.5,3
493,37.654,shopping bag,0.258,134.9,389.2,188.2,489.5,161.6,439.4,53.4,100.3,
494,37.73,shopping bag,0.58,337.4,219.5,407.0,323.4,372.2,271.4,69.7,103.9,3
494,37.73,shopping bag,0.454,337.8,243.9,365.5,318.5,351.7,281.2,27.7,74.6,3
494,37.73,shopping bag,0.419,360.9,230.3,408.7,325.8,384.8,278.1,47.8,95.5,3
494,37.73,shopping bag,0.274,134.9,389.3,188.2,489.5,161.6,439.4,53.3,100.2,
495,37.806,shopping bag,0.65,336.7,247.0,365.8,317.2,351.3,282.1,29.1,70.2,3
495,37.806,shopping bag,0.513,355.0,230.3,406.5,325.9,380.7,278.1,51.5,95.6,3
495,37.806,shopping bag,0.411,333.9,222.5,406.4,323.6,370.1,273.0,72.6,101.1,3
495,37.806,shopping bag,0.255,134.8,389.3,188.1,489.3,161.5,439.3,53.3,100.0,
496,37.883,shopping bag,0.568,333.2,243.0,366.2,317.1,349.7,280.0,33.0,74.1,3
496,37.883,shopping bag,0.495,357.9,229.2,404.7,322.1,381.3,275.7,46.9,92.9,3
496,37.883,shopping bag,0.428,333.0,225.8,404.5,321.4,368.7,273.6,71.4,95.6,3
496,37.883,shopping bag,0.255,134.8,389.4,188.1,489.3,161.5,439.4,53.2,99.9,
497,37.959,shopping bag,0.59,327.8,241.3,364.2,318.5,346.0,279.9,36.4,77.1,3
497,37.959,shopping bag,0.573,352.2,233.1,401.5,322.1,376.8,277.6,49.3,89.0,3
497,37.959,shopping bag,0.324,332.6,225.1,400.6,321.9,366.6,273.5,68.0,96.8,3
497,37.959,shopping bag,0.252,134.9,389.3,188.1,489.4,161.5,439.4,53.2,100.1,
498,38.036,shopping bag,0.539,327.9,240.5,362.6,319.3,345.3,279.9,34.7,78.8,3
498,38.036,shopping bag,0.482,352.0,230.8,401.0,323.7,376.5,277.2,49.0,92.9,3
498,38.036,shopping bag,0.401,319.9,224.6,399.8,323.8,359.8,274.2,80.0,99.2,3
499,38.112,shopping bag,0.635,329.5,242.6,360.8,321.9,345.1,282.2,31.4,79.3,3
499,38.112,shopping bag,0.432,315.5,223.7,398.4,327.4,357.0,275.6,82.9,103.7,3
499,38.112,shopping bag,0.376,355.3,231.5,401.9,324.7,378.6,278.1,46.6,93.3,3
499,38.112,shopping bag,0.274,134.9,389.3,188.1,489.4,161.5,439.4,53.2,100.1,
500,38.188,shopping bag,0.647,328.4,247.4,359.4,325.7,343.9,286.6,31.0,78.3,3
500,38.188,shopping bag,0.522,340.4,232.2,402.2,329.1,371.3,280.6,61.8,96.9,3
500,38.188,shopping bag,0.336,324.1,227.4,397.5,331.9,360.8,279.7,73.4,104.6,3
500,38.188,shopping bag,0.304,135.0,389.7,188.6,489.5,161.8,439.6,53.6,99.8,
501,38.265,shopping bag,0.543,327.7,254.4,355.9,330.8,341.8,292.6,28.2,76.4,3
501,38.265,shopping bag,0.522,328.2,232.6,401.9,336.0,365.0,284.3,73.7,103.4,3
501,38.265,shopping bag,0.363,348.5,235.1,404.4,336.7,376.5,285.9,55.9,101.6,3
501,38.265,shopping bag,0.297,135.0,389.7,188.6,489.5,161.8,439.6,53.6,99.8,
502,38.341,shopping bag,0.509,339.8,244.1,406.9,339.5,373.4,291.8,67.1,95.4,3
502,38.341,shopping bag,0.274,135.0,389.6,188.8,489.5,161.9,439.6,53.7,99.9,
503,38.417,shopping bag,0.559,327.9,248.0,409.2,349.3,368.6,298.7,81.3,101.3,3
503,38.417,shopping bag,0.304,135.1,389.6,188.8,489.6,162.0,439.6,53.7,100.0,
504,38.494,shopping bag,0.565,323.5,250.0,407.6,354.5,365.5,302.3,84.1,104.5,3
504,38.494,shopping bag,0.31,135.1,389.6,188.7,489.5,161.9,439.6,53.7,99.9,
505,38.57,shopping bag,0.716,312.5,255.3,403.5,368.4,358.0,311.8,91.0,113.1,3
505,38.57,shopping bag,0.337,134.8,389.4,188.9,489.6,161.8,439.5,54.1,100.2,
506,38.647,shopping bag,0.749,309.5,258.7,404.4,362.4,357.0,310.6,94.8,103.8,3
506,38.647,shopping bag,0.293,134.7,389.6,188.7,489.6,161.7,439.6,54.0,100.0,
506,38.647,cardboard box,0.253,206.3,256.3,291.3,375.8,248.8,316.1,84.9,119.5,68
507,38.723,shopping bag,0.753,305.4,257.8,399.7,365.0,352.6,311.4,94.3,107.2,3
507,38.723,shopping bag,0.272,134.6,389.8,188.0,489.5,161.3,439.6,53.5,99.7,
508,38.799,shopping bag,0.667,302.6,259.9,398.8,365.3,350.7,312.6,96.2,105.4,3
508,38.799,shopping bag,0.287,134.7,389.8,188.0,489.5,161.3,439.7,53.3,99.7,
509,38.876,shopping bag,0.747,302.6,261.3,396.8,364.3,349.7,312.8,94.2,103.1,3
509,38.876,shopping bag,0.326,298.3,172.7,324.5,230.6,311.4,201.6,26.2,57.9,3
509,38.876,shopping bag,0.313,134.7,389.9,188.0,489.5,161.3,439.7,53.3,99.7,
510,38.952,shopping bag,0.648,301.8,264.1,395.3,364.0,348.5,314.1,93.5,99.9,3
510,38.952,shopping bag,0.574,297.2,169.6,325.9,230.0,311.6,199.8,28.7,60.4,25
510,38.952,shopping bag,0.334,134.6,389.9,188.0,489.6,161.3,439.8,53.4,99.7,
511,39.028,shopping bag,0.681,297.4,169.6,327.1,230.5,312.3,200.0,29.7,60.8,25
511,39.028,shopping bag,0.59,302.6,266.6,394.7,362.6,348.7,314.6,92.1,96.0,3
511,39.028,shopping bag,0.333,134.6,390.0,188.1,489.6,161.3,439.8,53.5,99.6,
512,39.105,shopping bag,0.769,297.4,169.2,327.1,229.6,312.2,199.4,29.7,60.4,25
512,39.105,shopping bag,0.493,304.6,266.4,394.7,360.0,349.7,313.2,90.1,93.5,3
512,39.105,shopping bag,0.331,134.7,390.0,188.1,489.6,161.4,439.8,53.4,99.6,
513,39.181,shopping bag,0.785,297.1,167.2,326.6,230.2,311.8,198.7,29.5,63.0,25
513,39.181,shopping bag,0.491,308.3,263.4,396.6,354.1,352.5,308.8,88.4,90.7,3
513,39.181,shopping bag,0.296,134.8,389.6,188.2,489.6,161.5,439.6,53.5,100.0,
514,39.258,shopping bag,0.736,296.5,167.0,326.9,230.2,311.7,198.6,30.3,63.2,25
514,39.258,shopping bag,0.637,311.2,260.4,401.7,351.8,356.5,306.1,90.5,91.4,3
514,39.258,handbag,0.557,327.4,124.8,359.1,180.7,343.2,152.8,31.8,55.9,3
514,39.258,shopping bag,0.273,134.5,389.6,188.3,489.6,161.4,439.6,53.8,100.0,
515,39.334,shopping bag,0.756,296.3,166.9,327.1,230.1,311.7,198.5,30.7,63.2,25
515,39.334,shopping bag,0.743,310.5,261.4,405.7,350.6,358.1,306.0,95.2,89.2,3
515,39.334,handbag,0.599,327.2,124.4,360.3,180.2,343.7,152.3,33.0,55.8,31
515,39.334,shopping bag,0.272,134.6,389.6,188.3,489.6,161.5,439.6,53.7,100.0,
516,39.41,shopping bag,0.783,296.4,167.1,326.9,230.5,311.7,198.8,30.5,63.4,25
516,39.41,handbag,0.593,327.4,123.8,365.9,180.4,346.6,152.1,38.5,56.6,31
516,39.41,shopping bag,0.59,318.7,265.7,414.4,350.5,366.6,308.1,95.7,84.8,3
516,39.41,shopping bag,0.29,134.6,389.6,188.3,489.5,161.5,439.5,53.7,99.9,
517,39.487,shopping bag,0.795,296.4,166.8,327.1,230.9,311.7,198.9,30.6,64.1,25
517,39.487,shopping bag,0.634,319.9,266.6,418.1,351.4,369.0,309.0,98.2,84.7,3
517,39.487,handbag,0.628,327.5,124.2,364.7,180.5,346.1,152.4,37.2,56.3,31
517,39.487,shopping bag,0.293,134.7,389.7,188.3,489.5,161.5,439.6,53.6,99.8,
518,39.563,shopping bag,0.805,296.4,166.5,326.7,231.2,311.6,198.9,30.3,64.7,25
518,39.563,handbag,0.621,327.1,122.7,365.4,180.4,346.3,151.6,38.3,57.7,31
518,39.563,shopping bag,0.532,326.2,271.5,425.1,356.1,375.6,313.8,98.9,84.6,3
518,39.563,shopping bag,0.28,134.7,389.9,188.4,489.5,161.5,439.7,53.7,99.6,
519,39.64,shopping bag,0.814,296.3,166.9,326.5,231.0,311.4,199.0,30.2,64.1,25
519,39.64,shopping bag,0.636,329.1,272.3,428.4,357.6,378.7,314.9,99.3,85.3,3
519,39.64,handbag,0.587,327.2,122.3,365.7,180.2,346.4,151.3,38.5,57.8,31
519,39.64,shopping bag,0.269,134.6,389.7,188.3,489.5,161.4,439.6,53.7,99.9,
520,39.716,shopping bag,0.821,296.6,168.0,325.7,231.0,311.1,199.5,29.1,63.0,25
520,39.716,shopping bag,0.571,334.3,272.9,435.8,364.4,385.1,318.7,101.5,91.5,3
520,39.716,shopping bag,0.556,327.9,120.8,367.6,180.8,347.7,150.8,39.7,60.0,31
520,39.716,shopping bag,0.335,134.2,389.8,188.2,489.5,161.2,439.6,54.0,99.7,
521,39.792,shopping bag,0.83,296.4,167.5,325.9,231.0,311.1,199.3,29.4,63.6,25
521,39.792,shopping bag,0.55,337.1,274.6,439.1,368.3,388.1,321.5,102.0,93.7,3
521,39.792,shopping bag,0.507,329.1,122.9,367.4,179.6,348.2,151.2,38.3,56.7,31
521,39.792,shopping bag,0.311,134.2,389.8,188.2,489.5,161.2,439.6,53.9,99.7,
522,39.869,shopping bag,0.813,296.4,167.3,325.4,231.0,310.9,199.2,29.0,63.7,25
522,39.869,shopping bag,0.62,345.0,278.2,445.9,373.2,395.5,325.7,100.9,95.1,3
522,39.869,handbag,0.545,329.8,122.2,368.4,179.3,349.1,150.7,38.6,57.1,31
522,39.869,shopping bag,0.282,134.2,389.8,188.3,489.5,161.2,439.7,54.1,99.6,
523,39.945,shopping bag,0.794,296.6,167.9,324.9,231.2,310.8,199.5,28.3,63.3,25
523,39.945,shopping bag,0.734,355.3,279.3,456.0,377.0,405.6,328.1,100.7,97.7,3
523,39.945,handbag,0.514,329.4,120.6,369.7,178.2,349.6,149.4,40.2,57.6,31
523,39.945,shopping bag,0.34,134.2,389.8,188.3,489.5,161.3,439.6,54.1,99.7,
524,40.021,shopping bag,0.86,372.6,275.7,474.0,380.4,423.3,328.0,101.5,104.7,3
524,40.021,shopping bag,0.777,296.1,168.2,324.9,231.4,310.5,199.8,28.7,63.2,25
524,40.021,shopping bag,0.638,329.7,120.6,370.5,177.9,350.1,149.3,40.8,57.3,31
524,40.021,shopping bag,0.337,134.2,389.8,188.3,489.5,161.3,439.6,54.1,99.7,
525,40.098,shopping bag,0.807,379.4,269.8,481.0,380.7,430.2,325.2,101.7,110.8,3
525,40.098,shopping bag,0.723,296.0,168.3,324.8,231.5,310.4,199.9,28.8,63.1,25
525,40.098,shopping bag,0.578,329.5,120.8,371.4,178.2,350.5,149.5,41.8,57.4,31
525,40.098,shopping bag,0.348,134.2,389.7,188.3,489.5,161.3,439.6,54.1,99.8,
526,40.174,shopping bag,0.666,295.8,168.4,324.6,231.4,310.2,199.9,28.8,63.0,25
526,40.174,shopping bag,0.623,396.7,273.5,498.6,378.3,447.6,325.9,101.9,104.8,
526,40.174,shopping bag,0.573,329.2,120.5,371.0,178.2,350.1,149.4,41.9,57.7,31
526,40.174,shopping bag,0.356,134.2,389.9,188.3,489.5,161.3,439.7,54.0,99.6,
527,40.251,shopping bag,0.655,295.9,168.0,324.7,231.4,310.3,199.7,28.8,63.4,25
527,40.251,shopping bag,0.561,329.4,120.1,371.1,178.7,350.2,149.4,41.7,58.6,31
527,40.251,shopping bag,0.473,426.5,271.4,519.6,375.6,473.1,323.5,93.1,104.1,3
527,40.251,shopping bag,0.354,134.2,389.8,188.3,489.5,161.3,439.6,54.1,99.7,
527,40.251,cardboard box,0.264,206.1,256.8,283.8,370.5,244.9,313.7,77.7,113.7,68
528,40.327,shopping bag,0.695,296.3,168.6,324.8,231.4,310.6,200.0,28.5,62.8,25
528,40.327,shopping bag,0.563,434.4,270.5,527.2,380.6,480.8,325.6,92.8,110.1,3
528,40.327,handbag,0.527,331.5,121.5,371.6,178.2,351.6,149.9,40.2,56.8,31
528,40.327,shopping bag,0.326,134.2,389.8,188.3,489.4,161.2,439.6,54.1,99.6,
528,40.327,cardboard box,0.284,206.1,256.3,283.7,370.4,244.9,313.4,77.6,114.2,68
529,40.403,shopping bag,0.691,296.5,169.0,324.7,231.5,310.6,200.2,28.2,62.5,25
529,40.403,shopping bag,0.626,443.1,273.1,524.2,376.0,483.7,324.5,81.1,102.9,3
529,40.403,handbag,0.565,331.4,121.5,371.7,178.2,351.5,149.8,40.3,56.7,31
529,40.403,shopping bag,0.328,134.0,390.2,188.1,489.6,161.0,439.9,54.1,99.3,
529,40.403,cardboard box,0.321,206.2,255.6,283.8,370.1,245.0,312.9,77.7,114.6,68
529,40.403,shopping bag,0.258,442.7,296.0,470.1,374.1,456.4,335.1,27.4,78.1,3
529,40.403,shopping bag,0.256,377.3,254.2,400.2,341.2,388.8,297.7,22.9,87.0,3
530,40.48,shopping bag,0.66,296.5,169.1,325.0,231.7,310.8,200.4,28.4,62.7,25
530,40.48,handbag,0.635,332.5,122.1,371.7,178.5,352.1,150.3,39.2,56.4,31
530,40.48,shopping bag,0.34,134.0,390.6,187.8,489.6,160.9,440.1,53.8,98.9,
531,40.556,shopping bag,0.688,295.1,168.0,325.7,231.8,310.4,199.9,30.6,63.8,25
531,40.556,handbag,0.564,332.6,121.9,371.9,178.5,352.3,150.2,39.2,56.6,31
531,40.556,shopping bag,0.351,323.5,109.1,371.8,178.8,347.6,143.9,48.3,69.7,31
531,40.556,shopping bag,0.339,133.8,391.5,187.5,489.7,160.7,440.6,53.7,98.2,
532,40.632,shopping bag,0.7,294.1,169.0,325.4,231.7,309.7,200.4,31.4,62.8,25
532,40.632,handbag,0.542,333.0,121.9,371.8,178.4,352.4,150.2,38.8,56.5,31
532,40.632,shopping bag,0.338,322.9,107.9,371.8,178.7,347.4,143.3,48.9,70.8,31
532,40.632,shopping bag,0.306,133.8,391.5,187.6,489.7,160.7,440.6,53.8,98.2,
533,40.709,shopping bag,0.697,294.1,169.9,325.1,231.6,309.6,200.7,31.0,61.7,25
533,40.709,handbag,0.581,333.2,122.2,371.8,178.8,352.5,150.5,38.6,56.6,31
533,40.709,shopping bag,0.348,323.5,108.2,371.9,179.2,347.7,143.7,48.4,70.9,31
533,40.709,shopping bag,0.317,133.8,391.1,187.8,489.7,160.8,440.4,54.0,98.5,
534,40.785,handbag,0.605,333.5,121.4,372.4,178.8,353.0,150.1,38.9,57.4,31
534,40.785,shopping bag,0.6,293.9,172.3,325.0,231.3,309.4,201.8,31.1,59.0,25
534,40.785,shopping bag,0.431,323.0,109.0,372.4,179.0,347.7,144.0,49.4,70.0,31
534,40.785,shopping bag,0.343,133.8,391.0,187.9,489.7,160.8,440.4,54.1,98.6,
535,40.862,shopping bag,0.633,293.7,171.9,325.1,231.4,309.4,201.6,31.5,59.5,25
535,40.862,handbag,0.631,333.8,121.0,372.5,178.9,353.1,149.9,38.7,57.9,31
535,40.862,shopping bag,0.486,323.3,109.3,372.5,179.2,347.9,144.2,49.2,69.9,31
535,40.862,shopping bag,0.345,133.8,391.3,187.8,489.7,160.8,440.5,54.0,98.4,
535,40.862,cardboard box,0.264,206.0,255.8,284.1,372.6,245.0,314.2,78.1,116.7,68
536,40.938,shopping bag,0.632,293.1,172.0,324.9,231.3,309.0,201.7,31.8,59.3,25
536,40.938,handbag,0.617,333.8,120.8,372.6,178.6,353.2,149.7,38.8,57.8,31
536,40.938,shopping bag,0.491,324.1,109.3,372.7,178.7,348.4,144.0,48.5,69.5,31
536,40.938,shopping bag,0.351,133.8,391.3,187.8,489.7,160.8,440.5,54.0,98.4,
536,40.938,cardboard box,0.267,206.0,255.7,284.0,372.4,245.0,314.0,78.0,116.7,68
537,41.014,shopping bag,0.664,292.9,170.4,324.5,231.6,308.7,201.0,31.6,61.2,25
537,41.014,shopping bag,0.606,329.7,118.3,374.0,179.4,351.9,148.8,44.4,61.1,31
537,41.014,shopping bag,0.342,133.8,391.2,187.9,489.6,160.8,440.4,54.0,98.4,
537,41.014,shopping basket,0.326,419.1,365.5,541.6,510.8,480.4,438.1,122.5,145.3,
537,41.014,cardboard box,0.253,206.1,255.6,283.9,372.1,245.0,313.9,77.9,116.4,68
538,41.091,shopping bag,0.665,292.6,170.0,324.8,231.5,308.7,200.8,32.2,61.5,25
538,41.091,shopping bag,0.576,328.6,117.0,373.6,178.9,351.1,148.0,45.0,61.9,31
538,41.091,shopping bag,0.357,133.8,391.3,187.9,489.6,160.9,440.4,54.1,98.4,
539,41.167,shopping bag,0.654,291.7,169.8,324.6,231.4,308.2,200.6,32.9,61.6,25
539,41.167,shopping bag,0.56,331.3,116.7,373.6,178.8,352.4,147.7,42.4,62.1,31
539,41.167,shopping bag,0.359,133.9,391.3,188.0,489.6,160.9,440.5,54.1,98.3,
540,41.243,shopping bag,0.633,291.6,169.3,324.6,230.8,308.1,200.1,33.0,61.5,25
540,41.243,shopping bag,0.542,331.9,117.0,373.9,178.7,352.9,147.8,42.0,61.7,31
540,41.243,shopping bag,0.361,133.9,391.3,188.0,489.6,160.9,440.4,54.1,98.4,
540,41.243,shopping bag,0.258,321.3,106.5,373.8,178.7,347.6,142.6,52.5,72.1,31
541,41.32,shopping bag,0.691,290.9,168.4,324.8,230.8,307.9,199.6,33.9,62.4,25
541,41.32,shopping bag,0.547,333.1,118.3,373.9,178.4,353.5,148.3,40.8,60.2,31
541,41.32,shopping bag,0.354,133.9,391.2,188.0,489.6,160.9,440.4,54.2,98.4,
541,41.32,shopping bag,0.26,321.4,106.7,373.7,178.4,347.6,142.6,52.3,71.7,31
541,41.32,shopping basket,0.256,415.1,365.8,541.1,516.7,478.1,441.3,126.0,150.9,
542,41.396,shopping bag,0.745,292.5,168.0,324.7,230.5,308.6,199.2,32.3,62.5,25
542,41.396,shopping bag,0.521,332.8,117.9,374.1,178.5,353.5,148.2,41.4,60.6,31
542,41.396,shopping bag,0.37,133.9,390.8,188.2,489.6,161.0,440.2,54.2,98.8,
543,41.473,shopping bag,0.737,292.7,167.5,325.0,230.5,308.8,199.0,32.3,63.0,25
543,41.473,shopping bag,0.52,332.1,116.5,374.5,179.1,353.3,147.8,42.4,62.6,31
543,41.473,shopping bag,0.313,133.8,391.3,188.1,489.6,160.9,440.5,54.2,98.4,
543,41.473,shopping basket,0.306,417.3,366.0,531.5,470.7,474.4,418.3,114.3,104.7,
544,41.549,shopping bag,0.725,292.8,167.0,324.6,230.7,308.7,198.8,31.7,63.7,25
544,41.549,handbag,0.487,334.3,117.5,374.1,179.1,354.2,148.3,39.9,61.6,31
544,41.549,shopping bag,0.381,323.2,107.9,374.6,179.3,348.9,143.6,51.5,71.4,31
544,41.549,shopping bag,0.263,133.3,391.7,187.7,489.6,160.5,440.6,54.4,98.0,
545,41.625,shopping bag,0.703,293.0,166.9,324.4,230.9,308.7,198.9,31.4,64.0,25
545,41.625,handbag,0.483,334.3,118.5,374.0,179.2,354.2,148.9,39.7,60.8,31
545,41.625,shopping bag,0.408,323.0,108.1,374.4,179.6,348.7,143.8,51.3,71.5,31
545,41.625,shopping bag,0.272,133.3,391.3,187.7,489.7,160.5,440.5,54.4,98.4,
546,41.702,shopping bag,0.714,293.0,166.7,324.4,231.1,308.7,198.9,31.4,64.4,25
546,41.702,handbag,0.462,334.7,118.1,374.1,179.3,354.4,148.7,39.4,61.3,31
546,41.702,shopping bag,0.386,321.8,107.1,374.7,179.6,348.3,143.4,52.8,72.5,31
546,41.702,shopping bag,0.299,133.3,391.6,187.5,489.6,160.4,440.6,54.2,98.0,
546,41.702,shopping basket,0.296,519.2,354.5,659.7,558.2,589.5,456.3,140.5,203.7,
547,41.778,shopping bag,0.731,293.4,167.2,324.5,230.8,309.0,199.0,31.1,63.6,25
547,41.778,handbag,0.465,334.8,118.0,374.1,179.3,354.5,148.7,39.4,61.4,31
547,41.778,shopping bag,0.378,322.2,107.4,374.7,179.6,348.4,143.5,52.5,72.2,31
547,41.778,shopping bag,0.336,133.5,391.7,187.5,489.6,160.5,440.6,54.0,97.9,
547,41.778,shopping basket,0.265,520.8,354.2,658.7,557.9,589.8,456.1,137.9,203.7,
548,41.854,shopping bag,0.734,292.6,166.7,324.7,230.7,308.6,198.7,32.0,64.0,25
548,41.854,handbag,0.474,334.7,117.9,374.2,179.4,354.4,148.6,39.4,61.5,31
548,41.854,shopping bag,0.388,323.2,108.2,374.6,179.6,348.9,143.9,51.4,71.4,31
548,41.854,shopping bag,0.318,133.5,391.5,187.6,489.6,160.6,440.5,54.1,98.1,
549,41.931,shopping bag,0.704,292.9,166.8,324.5,230.1,308.7,198.4,31.6,63.3,25
549,41.931,handbag,0.505,334.8,118.8,374.2,179.4,354.5,149.1,39.4,60.5,31
549,41.931,shopping bag,0.409,323.7,109.2,374.7,179.6,349.2,144.4,50.9,70.4,31
549,41.931,shopping bag,0.363,133.6,391.7,187.5,489.6,160.6,440.6,54.0,97.9,
549,41.931,shopping bag,0.253,774.5,132.3,797.9,184.4,786.2,158.3,23.4,52.1,
550,42.007,shopping bag,0.657,292.5,166.8,324.9,229.6,308.7,198.2,32.4,62.9,25
550,42.007,handbag,0.51,334.8,119.2,374.2,179.4,354.5,149.3,39.4,60.1,31
550,42.007,shopping bag,0.409,323.5,109.1,374.7,179.5,349.1,144.3,51.2,70.4,31
550,42.007,shopping bag,0.373,133.6,391.7,187.5,489.6,160.5,440.7,53.9,97.9,
550,42.007,shopping bag,0.266,775.0,132.8,797.6,184.4,786.3,158.6,22.6,51.6,
551,42.084,shopping bag,0.618,292.8,167.0,324.6,229.7,308.7,198.4,31.8,62.7,25
551,42.084,handbag,0.494,334.6,119.3,374.0,179.2,354.3,149.2,39.4,59.9,31
551,42.084,shopping bag,0.365,323.4,109.4,374.6,179.4,349.0,144.4,51.2,69.9,31
551,42.084,shopping bag,0.341,133.6,391.6,187.5,489.6,160.5,440.6,54.0,98.1,
552,42.16,shopping bag,0.647,293.5,167.0,324.4,229.7,309.0,198.4,30.9,62.7,25
552,42.16,handbag,0.482,334.4,118.8,374.0,179.2,354.2,149.0,39.5,60.4,31
552,42.16,shopping bag,0.354,323.1,109.3,374.6,179.4,348.9,144.3,51.4,70.1,31
552,42.16,shopping bag,0.343,133.7,391.6,187.6,489.6,160.7,440.6,53.8,98.0,
553,42.236,shopping bag,0.655,293.7,167.0,324.0,230.1,308.9,198.5,30.4,63.0,25
553,42.236,handbag,0.497,334.5,119.9,374.3,179.2,354.4,149.5,39.8,59.3,31
553,42.236,shopping bag,0.369,322.0,108.5,375.0,179.3,348.5,143.9,53.0,70.8,31
553,42.236,shopping bag,0.352,133.7,391.5,187.6,489.6,160.6,440.6,53.9,98.2,
554,42.313,shopping bag,0.538,294.6,167.7,324.8,230.2,309.7,198.9,30.2,62.6,25
554,42.313,handbag,0.492,333.6,119.0,374.2,179.0,353.9,149.0,40.6,60.1,31
554,42.313,shopping bag,0.371,321.9,108.7,374.9,179.2,348.4,143.9,52.9,70.5,31
554,42.313,shopping bag,0.338,133.7,391.0,187.8,489.6,160.7,440.3,54.1,98.6,
555,42.389,handbag,0.572,333.1,120.8,372.9,179.7,353.0,150.2,39.8,58.9,31
555,42.389,shopping bag,0.541,294.2,166.9,325.5,230.0,309.9,198.4,31.3,63.1,25
555,42.389,shopping bag,0.353,322.8,108.9,372.9,179.9,347.9,144.4,50.1,71.1,31
555,42.389,shopping bag,0.3,133.7,390.7,187.7,489.6,160.7,440.2,54.0,98.9,
556,42.465,handbag,0.571,333.6,121.2,372.8,179.6,353.2,150.4,39.2,58.4,31
556,42.465,shopping bag,0.545,294.5,167.1,325.5,229.8,310.0,198.5,31.0,62.6,25
556,42.465,shopping bag,0.371,322.9,109.0,372.8,179.9,347.8,144.5,49.9,70.8,31
556,42.465,shopping bag,0.279,133.6,390.9,187.6,489.6,160.6,440.3,54.0,98.8,
557,42.542,handbag,0.578,333.8,121.4,372.8,179.4,353.3,150.4,39.1,58.1,31
557,42.542,shopping bag,0.559,294.6,168.1,326.9,229.9,310.7,199.0,32.3,61.8,25
557,42.542,shopping bag,0.33,322.9,109.2,372.9,179.8,347.9,144.5,50.0,70.6,31
557,42.542,shopping bag,0.285,133.4,390.7,187.7,489.6,160.5,440.2,54.3,98.9,
558,42.618,shopping bag,0.592,294.1,167.7,327.1,229.7,310.6,198.7,33.0,62.0,25
558,42.618,handbag,0.586,333.5,120.4,372.9,179.4,353.2,149.9,39.4,59.0,31
558,42.618,shopping bag,0.32,323.0,109.3,372.9,179.7,347.9,144.5,50.0,70.4,31
559,42.695,handbag,0.613,333.6,120.7,372.9,179.2,353.2,150.0,39.3,58.5,31
559,42.695,shopping bag,0.581,293.7,167.8,326.8,229.6,310.3,198.7,33.1,61.8,25
559,42.695,shopping bag,0.313,323.5,109.5,372.9,179.6,348.2,144.6,49.5,70.1,31
560,42.771,handbag,0.643,335.0,121.5,373.1,179.6,354.1,150.5,38.2,58.0,31
560,42.771,shopping bag,0.537,294.0,166.2,327.5,228.8,310.7,197.5,33.5,62.7,25
560,42.771,shopping bag,0.454,910.7,558.8,986.0,670.4,948.3,614.6,75.3,111.7,3
560,42.771,shopping bag,0.361,322.9,112.2,373.4,180.1,348.2,146.2,50.6,68.0,31
560,42.771,shopping bag,0.3,775.7,136.4,797.5,182.4,786.6,159.4,21.7,46.0,
560,42.771,shopping bag,0.269,293.1,136.4,327.3,230.2,310.2,183.3,34.3,93.8,25
561,42.847,handbag,0.647,335.4,121.5,373.1,179.5,354.3,150.5,37.7,58.0,31
561,42.847,shopping bag,0.591,913.9,557.8,988.9,678.2,951.4,618.0,75.0,120.3,3
561,42.847,shopping bag,0.526,294.4,168.8,327.8,230.0,311.1,199.4,33.4,61.3,25
561,42.847,shopping bag,0.363,322.5,111.0,373.3,180.0,347.9,145.5,50.9,69.1,31
561,42.847,shopping bag,0.296,775.7,136.4,797.5,182.5,786.6,159.4,21.8,46.0,
561,42.847,shopping bag,0.257,293.0,131.9,327.5,230.4,310.3,181.2,34.5,98.5,25
562,42.924,handbag,0.61,336.3,121.3,373.2,179.7,354.7,150.5,36.9,58.4,31
562,42.924,shopping bag,0.559,294.7,167.4,327.6,229.5,311.1,198.5,32.9,62.1,25
562,42.924,shopping bag,0.431,927.8,605.7,1002.7,707.2,965.3,656.4,74.9,101.5,3
562,42.924,shopping bag,0.391,325.2,111.4,373.7,180.2,349.4,145.8,48.4,68.8,31
562,42.924,shopping bag,0.358,775.7,136.3,797.4,182.3,786.6,159.3,21.7,46.0,
562,42.924,shopping bag,0.294,292.5,142.8,327.8,229.9,310.1,186.4,35.3,87.1,25
563,43.0,shopping bag,0.655,294.6,165.9,327.4,228.4,311.0,197.1,32.8,62.5,25
563,43.0,handbag,0.546,336.2,120.3,373.4,179.2,354.8,149.8,37.2,58.9,31
563,43.0,shopping bag,0.354,322.9,110.6,374.0,179.7,348.5,145.1,51.1,69.1,31
563,43.0,shopping bag,0.354,775.6,135.8,797.4,182.3,786.5,159.1,21.8,46.5,
564,43.076,shopping bag,0.642,294.0,166.2,327.7,228.1,310.9,197.1,33.7,61.9,25
564,43.076,handbag,0.513,334.9,118.2,373.7,179.4,354.3,148.8,38.9,61.3,31
564,43.076,shopping bag,0.376,775.3,134.6,797.3,183.3,786.3,158.9,22.1,48.7,
564,43.076,shopping bag,0.374,323.2,110.5,374.5,179.8,348.9,145.2,51.4,69.3,31
565,43.153,shopping bag,0.599,294.8,171.9,327.6,228.2,311.2,200.1,32.8,56.3,25
565,43.153,shopping bag,0.529,337.2,119.6,375.0,179.3,356.1,149.4,37.8,59.7,31
565,43.153,shopping bag,0.399,775.5,135.4,797.5,182.4,786.5,158.9,21.9,47.0,
566,43.229,shopping bag,0.654,293.4,173.4,327.9,226.2,310.6,199.8,34.5,52.7,25
566,43.229,shopping bag,0.504,337.2,119.8,374.7,178.7,356.0,149.3,37.5,59.0,31
566,43.229,shopping bag,0.397,775.3,134.2,797.4,183.3,786.4,158.7,22.1,49.0,
567,43.306,shopping bag,0.562,292.1,172.9,328.4,225.1,310.2,199.0,36.3,52.2,25
567,43.306,handbag,0.475,335.9,118.9,374.7,178.9,355.3,148.9,38.8,60.0,31
567,43.306,shopping bag,0.365,774.8,133.6,797.4,184.0,786.1,158.8,22.5,50.5,
568,43.382,shopping bag,0.564,292.3,171.1,329.1,226.5,310.7,198.8,36.8,55.3,25
568,43.382,handbag,0.471,337.2,119.6,374.7,178.7,355.9,149.1,37.5,59.1,31
568,43.382,shopping bag,0.393,774.8,133.6,797.2,183.7,786.0,158.7,22.4,50.1,
569,43.458,handbag,0.54,286.7,169.5,332.4,225.6,309.6,197.5,45.7,56.1,25
569,43.458,handbag,0.459,337.5,120.6,375.0,178.5,356.2,149.6,37.5,57.9,31
569,43.458,handbag,0.319,330.1,109.6,374.9,178.1,352.5,143.9,44.7,68.5,31
569,43.458,shopping bag,0.268,134.1,393.5,187.4,490.4,160.8,442.0,53.4,96.9,1
569,43.458,shopping bag,0.264,774.9,133.1,797.2,185.3,786.0,159.2,22.4,52.3,
569,43.458,handbag,0.264,286.9,136.4,333.5,226.6,310.2,181.5,46.6,90.2,25
570,43.535,handbag,0.479,337.8,121.1,375.2,179.0,356.5,150.0,37.4,57.9,31
570,43.535,handbag,0.463,287.1,169.0,335.0,225.3,311.1,197.1,47.8,56.3,25
571,43.611,handbag,0.503,337.8,121.0,375.5,179.1,356.6,150.0,37.7,58.1,31
571,43.611,shopping bag,0.488,291.2,168.3,338.2,219.7,314.7,194.0,46.9,51.5,25
572,43.687,handbag,0.535,337.7,121.9,374.7,179.3,356.2,150.6,36.9,57.4,31
572,43.687,handbag,0.383,284.4,167.2,337.8,219.5,311.1,193.4,53.4,52.3,25
572,43.687,shopping bag,0.271,287.6,143.2,338.7,219.1,313.1,181.2,51.1,75.9,25
573,43.764,handbag,0.562,337.6,121.8,373.6,179.3,355.6,150.6,36.0,57.5,31
573,43.764,shopping bag,0.363,286.2,166.8,339.1,220.8,312.6,193.8,52.9,54.1,25
573,43.764,handbag,0.35,285.4,144.4,338.9,222.4,312.2,183.4,53.4,77.9,25
573,43.764,shopping bag,0.281,330.1,111.1,373.7,180.2,351.9,145.6,43.5,69.1,31
574,43.84,handbag,0.559,337.6,121.6,372.8,178.9,355.2,150.2,35.1,57.3,31
574,43.84,handbag,0.388,285.9,164.8,338.9,222.4,312.4,193.6,53.0,57.6,25
574,43.84,shopping bag,0.363,285.4,135.8,339.5,221.0,312.5,178.4,54.0,85.3,25
574,43.84,shopping bag,0.255,329.1,108.6,372.7,180.0,350.9,144.3,43.7,71.3,31
575,43.917,handbag,0.57,337.0,121.1,372.8,179.2,354.9,150.1,35.8,58.1,31
575,43.917,shopping bag,0.38,285.9,138.9,338.8,219.9,312.3,179.4,52.9,81.0,25
575,43.917,handbag,0.34,286.6,164.3,338.4,220.5,312.5,192.4,51.8,56.2,25
575,43.917,shopping bag,0.288,328.8,108.6,372.8,180.3,350.8,144.5,44.0,71.7,31
576,43.993,handbag,0.59,337.3,121.1,372.9,179.3,355.1,150.2,35.6,58.2,31
576,43.993,handbag,0.392,403.3,665.9,487.9,719.8,445.6,692.9,84.6,53.9,
576,43.993,shopping bag,0.313,328.9,109.4,372.9,180.5,350.9,144.9,44.1,71.1,31
576,43.993,handbag,0.289,288.3,166.6,338.8,221.7,313.5,194.1,50.5,55.1,25
576,43.993,handbag,0.271,287.6,134.4,338.6,218.4,313.1,176.4,50.9,84.0,25
577,44.069,handbag,0.584,337.0,121.1,372.8,179.4,354.9,150.3,35.9,58.3,31
577,44.069,shopping bag,0.311,326.3,108.4,373.0,180.6,349.6,144.5,46.7,72.1,31
577,44.069,shopping bag,0.306,290.4,165.7,338.8,219.3,314.6,192.5,48.4,53.7,25
577,44.069,handbag,0.254,397.4,671.8,480.0,719.1,438.7,695.5,82.6,47.3,
578,44.146,handbag,0.539,337.4,121.2,373.2,179.4,355.3,150.3,35.8,58.2,31
578,44.146,shopping bag,0.272,327.1,109.5,373.6,180.5,350.4,145.0,46.5,71.0,31
579,44.222,handbag,0.487,337.5,121.3,373.6,179.4,355.5,150.3,36.2,58.0,31
580,44.298,handbag,0.43,336.6,120.2,374.1,179.1,355.3,149.7,37.6,58.8,31
581,44.375,handbag,0.501,336.6,121.2,375.0,178.9,355.8,150.1,38.4,57.7,31
582,44.451,handbag,0.55,337.8,123.1,375.5,179.4,356.6,151.3,37.7,56.3,31
582,44.451,shopping bag,0.251,134.1,394.3,187.2,489.9,160.6,442.1,53.2,95.6,1
583,44.528,handbag,0.518,337.9,123.3,375.5,179.5,356.7,151.4,37.6,56.2,31
584,44.604,shopping bag,0.486,337.9,122.6,375.6,179.9,356.8,151.2,37.7,57.3,31
585,44.68,shopping bag,0.511,338.0,122.0,375.3,179.8,356.7,150.9,37.3,57.8,31
585,44.68,shopping bag,0.312,321.2,114.7,376.1,180.4,348.6,147.6,55.0,65.7,31
586,44.757,shopping bag,0.503,338.4,122.3,375.1,180.1,356.8,151.2,36.8,57.8,31
586,44.757,shopping bag,0.338,326.1,116.2,375.9,180.7,351.0,148.4,49.8,64.5,31
587,44.833,shopping bag,0.525,338.6,122.1,375.2,180.1,356.9,151.1,36.6,58.0,31
587,44.833,shopping bag,0.39,324.7,117.4,376.0,180.7,350.3,149.0,51.3,63.3,31
588,44.909,shopping bag,0.526,338.6,121.7,375.2,180.0,356.9,150.9,36.6,58.3,31
588,44.909,shopping bag,0.379,325.4,116.6,376.0,180.7,350.7,148.7,50.6,64.1,31
589,44.986,shopping bag,0.494,338.7,121.8,375.5,179.9,357.1,150.9,36.8,58.0,31
590,45.062,shopping bag,0.521,338.5,121.6,375.6,179.7,357.1,150.6,37.1,58.1,31
591,45.139,shopping bag,0.484,338.6,121.2,375.6,179.6,357.1,150.4,37.0,58.3,31
592,45.215,shopping bag,0.45,338.6,121.6,375.5,179.4,357.0,150.5,36.9,57.8,31
593,45.291,handbag,0.47,339.0,120.8,375.5,179.3,357.2,150.0,36.5,58.6,31
594,45.368,shopping bag,0.444,338.2,121.3,376.0,179.2,357.1,150.2,37.7,57.9,31
595,45.444,shopping bag,0.472,338.1,120.9,376.1,178.9,357.1,149.9,38.0,58.0,31
596,45.521,shopping bag,0.475,337.7,119.7,376.1,178.6,356.9,149.1,38.3,58.9,31
597,45.597,shopping bag,0.394,338.1,119.9,376.0,178.5,357.0,149.2,37.9,58.6,31
598,45.673,shopping bag,0.379,338.1,119.5,376.0,178.5,357.0,149.0,37.9,59.0,31
598,45.673,shopping bag,0.285,781.5,132.6,807.0,187.7,794.2,160.2,25.5,55.0,62
598,45.673,shopping bag,0.28,323.7,115.1,376.4,180.0,350.0,147.5,52.8,64.8,31
599,45.75,shopping bag,0.408,337.8,120.2,376.6,179.8,357.2,150.0,38.8,59.6,31
599,45.75,shopping bag,0.298,781.5,133.9,807.0,186.9,794.2,160.4,25.5,53.0,62
599,45.75,shopping bag,0.288,324.1,117.1,376.5,180.7,350.3,148.9,52.5,63.6,31
600,45.826,handbag,0.368,339.0,120.2,376.7,180.1,357.8,150.1,37.7,59.9,31
600,45.826,handbag,0.359,745.9,595.1,878.2,718.6,812.1,656.8,132.3,123.5,
600,45.826,handbag,0.298,319.3,116.3,376.9,180.4,348.1,148.4,57.5,64.2,31
600,45.826,shopping bag,0.263,780.8,130.6,806.4,185.5,793.6,158.0,25.6,54.8,62
601,45.902,handbag,0.414,339.3,122.0,376.1,179.3,357.7,150.6,36.8,57.3,31
601,45.902,handbag,0.296,754.4,582.2,885.7,715.6,820.1,648.9,131.3,133.3,
601,45.902,handbag,0.266,324.5,117.2,376.7,180.0,350.6,148.6,52.2,62.7,31
602,45.979,handbag,0.43,339.1,121.6,376.2,179.4,357.6,150.5,37.1,57.8,31
602,45.979,handbag,0.302,327.1,117.5,376.8,180.1,351.9,148.8,49.6,62.7,31
602,45.979,handbag,0.276,755.5,579.7,881.2,711.1,818.3,645.4,125.7,131.4,
603,46.055,handbag,0.416,340.0,120.4,376.9,178.9,358.4,149.7,36.8,58.6,31
603,46.055,shopping bag,0.254,770.1,126.4,802.2,180.6,786.2,153.5,32.1,54.2,
604,46.132,handbag,0.434,339.8,120.6,377.1,179.3,358.5,149.9,37.3,58.7,31
604,46.132,shopping bag,0.376,768.5,129.5,800.5,180.3,784.5,154.9,32.0,50.7,
604,46.132,shopping basket,0.353,771.0,554.3,908.6,715.1,839.8,634.7,137.6,160.8,
605,46.208,handbag,0.42,340.2,121.7,377.1,178.9,358.6,150.3,36.9,57.2,31
605,46.208,shopping basket,0.367,776.7,544.1,914.3,703.6,845.5,623.9,137.6,159.5,
606,46.284,handbag,0.403,340.1,122.2,376.9,179.0,358.5,150.6,36.8,56.8,31
606,46.284,shopping basket,0.333,781.3,533.2,919.0,694.6,850.1,613.9,137.7,161.4,3
606,46.284,handbag,0.256,763.4,129.5,798.9,179.1,781.2,154.3,35.5,49.6,
607,46.361,handbag,0.376,340.0,122.1,376.9,179.1,358.5,150.6,36.9,57.0,31
608,46.437,handbag,0.373,339.1,120.6,376.8,179.0,358.0,149.8,37.7,58.5,31
608,46.437,shopping bag,0.324,753.7,128.7,796.2,179.4,774.9,154.1,42.5,50.7,
608,46.437,backpack,0.293,608.6,73.2,692.9,166.8,650.8,120.0,84.3,93.6,69
608,46.437,bottle,0.254,942.9,458.6,967.8,499.8,955.3,479.2,25.0,41.1,3
609,46.513,handbag,0.367,338.1,120.1,376.3,179.3,357.2,149.7,38.2,59.2,31
609,46.513,handbag,0.292,750.3,127.9,795.6,180.4,773.0,154.2,45.3,52.5,
610,46.59,shopping bag,0.431,828.4,649.5,979.4,719.9,903.9,684.7,151.0,70.4,3
610,46.59,shopping bag,0.379,337.6,120.4,376.0,179.7,356.8,150.1,38.3,59.4,31
610,46.59,handbag,0.332,748.6,126.6,793.8,181.2,771.2,153.9,45.2,54.7,
611,46.666,shopping bag,0.417,337.4,119.7,376.0,179.6,356.7,149.7,38.6,59.9,31
611,46.666,shopping bag,0.405,826.9,644.4,976.2,719.9,901.6,682.2,149.3,75.5,3
611,46.666,shopping bag,0.399,823.1,496.6,923.8,635.7,873.5,566.1,100.7,139.2,3
611,46.666,handbag,0.262,747.6,126.5,793.4,181.1,770.5,153.8,45.8,54.6,
611,46.666,backpack,0.261,659.3,91.3,758.5,195.7,708.9,143.5,99.2,104.4,17
612,46.743,handbag,0.445,338.0,119.2,374.8,178.6,356.4,148.9,36.8,59.4,31
612,46.743,shopping bag,0.317,817.8,626.9,966.4,720.0,892.1,673.4,148.6,93.1,3
613,46.819,shopping bag,0.462,337.3,118.9,375.4,178.7,356.3,148.8,38.1,59.8,31
613,46.819,shopping bag,0.333,810.4,617.3,959.8,719.6,885.1,668.4,149.5,102.3,3
614,46.895,shopping bag,0.609,798.8,603.6,948.2,710.4,873.5,657.0,149.4,106.8,3
614,46.895,shopping bag,0.454,337.1,119.9,376.1,179.9,356.6,149.9,38.9,60.0,31
615,46.972,shopping bag,0.69,785.2,589.3,937.7,702.8,861.5,646.0,152.5,113.4,3
615,46.972,handbag,0.461,338.1,122.5,375.5,178.7,356.8,150.6,37.4,56.2,31
615,46.972,shopping bag,0.396,326.7,109.8,376.5,179.3,351.6,144.6,49.7,69.4,31
616,47.048,shopping bag,0.477,336.5,118.7,376.1,179.6,356.3,149.2,39.6,60.9,31
616,47.048,shopping bag,0.362,322.3,107.2,376.0,179.4,349.2,143.3,53.7,72.2,31
616,47.048,shopping bag,0.267,776.6,581.2,922.2,692.4,849.4,636.8,145.6,111.2,
617,47.124,shopping bag,0.477,336.6,118.8,376.2,179.5,356.4,149.2,39.6,60.8,31
617,47.124,shopping bag,0.364,323.3,107.2,376.1,179.3,349.7,143.2,52.8,72.1,31
617,47.124,shopping bag,0.282,768.6,577.7,912.2,688.1,840.4,632.9,143.6,110.3,3
618,47.201,shopping bag,0.471,336.6,119.0,376.1,179.6,356.4,149.3,39.5,60.6,31
618,47.201,shopping bag,0.369,322.3,107.1,376.2,179.2,349.3,143.1,53.9,72.1,31
618,47.201,handbag,0.315,291.1,179.2,323.5,228.2,307.3,203.7,32.4,49.0,78
618,47.201,shopping bag,0.311,760.4,574.8,899.8,682.3,830.1,628.5,139.4,107.4,3
619,47.277,shopping bag,0.474,336.8,120.2,376.1,179.8,356.4,150.0,39.3,59.6,31
619,47.277,shopping bag,0.374,321.7,107.0,376.1,179.4,348.9,143.2,54.5,72.4,31
619,47.277,shopping bag,0.29,739.7,123.7,788.7,181.3,764.2,152.5,49.0,57.6,
620,47.354,shopping bag,0.494,336.7,119.8,376.1,179.8,356.4,149.8,39.4,60.0,31
620,47.354,shopping bag,0.431,289.9,179.3,324.2,232.0,307.1,205.6,34.3,52.8,78
620,47.354,shopping bag,0.38,322.2,107.2,376.1,179.5,349.2,143.4,53.9,72.3,31
620,47.354,shopping bag,0.326,740.0,122.4,788.6,182.1,764.3,152.3,48.6,59.7,
620,47.354,cardboard box,0.303,642.3,275.1,816.6,482.1,729.5,378.6,174.3,207.0,
621,47.43,shopping bag,0.516,337.5,120.8,376.1,179.3,356.8,150.0,38.6,58.5,31
621,47.43,shopping bag,0.448,292.9,178.7,323.8,231.7,308.4,205.2,30.9,53.0,78
621,47.43,shopping bag,0.401,721.1,540.9,857.1,653.7,789.1,597.3,135.9,112.8,3
621,47.43,shopping bag,0.381,328.8,107.6,376.0,179.2,352.4,143.4,47.2,71.7,31
621,47.43,shopping bag,0.301,740.5,124.1,787.8,182.5,764.1,153.3,47.2,58.4,
622,47.506,shopping bag,0.505,337.4,120.8,376.1,179.5,356.7,150.1,38.7,58.7,31
622,47.506,shopping bag,0.455,292.8,178.2,325.4,231.5,309.1,204.9,32.6,53.3,78
622,47.506,shopping bag,0.356,327.6,107.3,376.1,179.4,351.9,143.4,48.5,72.1,31
622,47.506,shopping bag,0.302,741.4,126.2,787.3,181.2,764.4,153.7,45.8,55.0,
623,47.583,shopping bag,0.516,336.5,120.1,376.4,179.4,356.4,149.8,39.9,59.3,31
623,47.583,shopping bag,0.355,291.1,178.7,323.3,232.6,307.2,205.7,32.2,53.9,78
623,47.583,shopping bag,0.339,326.0,107.3,376.9,179.5,351.4,143.4,50.9,72.2,31
623,47.583,shopping bag,0.289,743.2,125.9,785.4,176.5,764.3,151.2,42.1,50.6,
624,47.659,shopping bag,0.506,335.7,119.9,376.5,179.4,356.1,149.7,40.9,59.5,31
624,47.659,shopping bag,0.375,290.3,178.0,323.4,232.0,306.9,205.0,33.1,54.1,78
624,47.659,shopping bag,0.311,323.4,107.3,377.2,179.6,350.3,143.5,53.9,72.4,31
624,47.659,shopping bag,0.27,744.3,126.2,785.3,176.9,764.8,151.5,41.0,50.7,
625,47.735,handbag,0.502,334.8,119.6,376.6,178.9,355.7,149.3,41.8,59.3,31
625,47.735,shopping bag,0.4,288.2,178.4,323.8,232.4,306.0,205.4,35.6,53.9,78
625,47.735,shopping bag,0.354,748.7,124.3,783.8,177.0,766.3,150.7,35.1,52.7,
625,47.735,shopping bag,0.298,323.9,107.4,377.4,179.8,350.7,143.6,53.6,72.4,31
626,47.812,handbag,0.537,335.2,119.4,376.6,179.1,355.9,149.2,41.4,59.7,31
626,47.812,shopping bag,0.424,288.9,179.1,324.1,231.9,306.5,205.5,35.2,52.9,78
626,47.812,shopping bag,0.328,324.0,107.4,377.4,180.0,350.7,143.7,53.4,72.5,31
627,47.888,shopping bag,0.603,662.9,454.4,787.7,584.6,725.3,519.5,124.8,130.2,3
627,47.888,handbag,0.544,335.9,119.9,376.6,179.1,356.2,149.5,40.6,59.1,31
627,47.888,shopping bag,0.358,286.4,178.5,323.9,231.0,305.1,204.7,37.5,52.5,78
627,47.888,shopping bag,0.329,324.2,107.3,377.3,179.9,350.8,143.6,53.2,72.6,31
628,47.965,shopping bag,0.668,658.5,442.3,780.5,574.3,719.5,508.3,121.9,131.9,3
628,47.965,handbag,0.54,335.8,120.0,376.6,179.0,356.2,149.5,40.7,59.0,31
628,47.965,shopping bag,0.35,287.2,179.0,324.3,232.6,305.7,205.8,37.1,53.6,78
628,47.965,shopping bag,0.307,324.0,107.2,377.3,179.8,350.7,143.5,53.3,72.6,31
629,48.041,shopping bag,0.767,650.9,432.4,769.7,566.8,710.3,499.6,118.7,134.4,3
629,48.041,handbag,0.534,336.3,119.8,376.6,179.0,356.5,149.4,40.3,59.2,31
629,48.041,handbag,0.339,74.3,318.9,104.2,354.5,89.2,336.7,29.9,35.6,1
629,48.041,shopping bag,0.31,756.3,130.3,784.4,177.4,770.4,153.9,28.1,47.1,
629,48.041,shopping bag,0.289,325.6,107.3,377.2,179.7,351.4,143.5,51.6,72.5,31
630,48.117,handbag,0.508,336.2,119.7,376.6,179.2,356.4,149.5,40.4,59.6,31
630,48.117,handbag,0.351,74.3,318.9,104.1,357.7,89.2,338.3,29.8,38.9,1
630,48.117,shopping bag,0.277,759.5,130.5,783.6,179.8,771.6,155.2,24.1,49.3,
630,48.117,shopping bag,0.264,325.6,107.4,377.0,179.8,351.3,143.6,51.5,72.4,31
631,48.194,handbag,0.479,337.4,119.2,375.8,178.3,356.6,148.8,38.5,59.0,31
632,48.27,shopping bag,0.488,336.2,119.0,376.6,179.0,356.4,149.0,40.4,60.0,31
633,48.346,shopping bag,0.486,336.4,119.0,376.6,179.0,356.5,149.0,40.2,60.0,31
634,48.423,handbag,0.472,337.2,119.8,375.9,178.0,356.5,148.9,38.7,58.2,31
635,48.499,handbag,0.433,336.9,119.2,375.8,178.2,356.4,148.7,38.9,59.0,31
636,48.576,handbag,0.432,336.9,119.2,375.7,178.2,356.3,148.7,38.8,59.0,31
637,48.652,handbag,0.436,336.8,119.3,375.7,178.1,356.3,148.7,38.9,58.8,31
638,48.728,shopping bag,0.441,334.9,118.7,376.7,178.9,355.8,148.8,41.8,60.2,31
639,48.805,handbag,0.413,335.5,118.7,376.6,178.8,356.1,148.8,41.1,60.1,31
639,48.805,shopping bag,0.271,761.3,130.8,786.6,180.5,773.9,155.6,25.3,49.7,
640,48.881,shopping bag,0.412,760.9,130.7,786.6,180.2,773.7,155.4,25.7,49.5,
640,48.881,handbag,0.296,336.3,119.3,375.4,178.7,355.9,149.0,39.2,59.4,31
640,48.881,cardboard box,0.253,206.5,255.7,284.2,370.6,245.4,313.2,77.7,114.9,
641,48.957,shopping bag,0.427,760.0,129.5,787.1,180.6,773.5,155.0,27.0,51.1,
641,48.957,handbag,0.325,336.8,120.2,375.5,178.8,356.2,149.5,38.7,58.6,31
641,48.957,cardboard box,0.253,206.5,255.5,284.2,370.6,245.4,313.1,77.7,115.1,
642,49.034,shopping bag,0.379,758.9,129.3,788.4,180.2,773.7,154.8,29.5,50.9,
642,49.034,shopping bag,0.353,335.7,119.7,376.4,179.7,356.1,149.7,40.7,60.0,31
643,49.11,shopping bag,0.377,335.0,119.2,376.3,179.9,355.7,149.5,41.3,60.7,31
643,49.11,shopping bag,0.361,757.2,128.3,789.9,180.4,773.6,154.4,32.8,52.0,
643,49.11,shopping bag,0.311,326.2,109.1,376.7,180.1,351.4,144.6,50.6,71.0,31
643,49.11,cardboard box,0.251,206.5,255.7,284.2,370.7,245.4,313.2,77.7,115.0,
644,49.187,handbag,0.37,333.1,117.5,376.3,180.2,354.7,148.8,43.2,62.6,31
644,49.187,shopping bag,0.318,323.0,107.8,376.6,180.3,349.8,144.0,53.7,72.5,31
644,49.187,cardboard box,0.274,206.5,255.8,284.2,370.7,245.4,313.2,77.7,114.9,
644,49.187,shopping bag,0.269,753.4,130.2,791.1,178.9,772.2,154.5,37.7,48.7,
645,49.263,shopping bag,0.388,752.4,129.2,790.1,179.7,771.2,154.4,37.7,50.4,
645,49.263,handbag,0.385,335.8,120.2,375.6,178.9,355.7,149.5,39.8,58.8,31
645,49.263,shopping bag,0.334,323.3,108.6,376.5,180.0,349.9,144.3,53.2,71.4,31
645,49.263,cardboard box,0.266,206.6,255.8,284.3,370.5,245.4,313.2,77.7,114.7,
646,49.339,handbag,0.44,336.7,121.7,375.5,178.5,356.1,150.1,38.8,56.8,31
646,49.339,shopping bag,0.327,324.4,108.8,376.5,179.3,350.5,144.1,52.1,70.6,31
646,49.339,handbag,0.292,749.9,131.2,790.1,181.0,770.0,156.1,40.3,49.7,
646,49.339,cardboard box,0.26,206.7,255.2,284.2,370.2,245.5,312.7,77.5,115.0,
647,49.416,handbag,0.432,336.2,121.4,375.5,178.5,355.8,149.9,39.3,57.1,31
647,49.416,shopping bag,0.364,747.7,131.0,787.7,180.6,767.7,155.8,40.0,49.6,
647,49.416,shopping bag,0.305,324.7,109.2,376.5,179.3,350.6,144.2,51.8,70.1,31
647,49.416,cardboard box,0.264,206.7,255.0,284.3,370.2,245.5,312.6,77.6,115.2,
648,49.492,shopping bag,0.426,417.1,292.0,522.7,401.8,469.9,346.9,105.6,109.8,3
648,49.492,handbag,0.405,335.9,121.1,375.5,178.5,355.7,149.8,39.6,57.5,31
648,49.492,shopping bag,0.361,747.5,131.4,787.4,181.6,767.5,156.5,39.9,50.2,
648,49.492,shopping bag,0.307,324.1,109.3,376.4,179.3,350.3,144.3,52.3,70.1,31
648,49.492,cardboard box,0.275,206.7,255.2,284.3,370.2,245.5,312.7,77.5,115.0,
648,49.492,shopping bag,0.257,364.5,300.8,430.4,380.7,397.4,340.7,65.9,79.9,
649,49.568,shopping bag,0.437,743.2,130.4,787.5,182.1,765.4,156.2,44.3,51.7,
649,49.568,handbag,0.428,336.4,121.3,375.5,178.6,355.9,149.9,39.1,57.3,31
649,49.568,shopping bag,0.323,327.0,110.5,376.4,179.4,351.7,144.9,49.4,68.9,31
649,49.568,cardboard box,0.258,206.7,255.2,284.3,370.3,245.5,312.7,77.6,115.1,
650,49.645,handbag,0.419,336.3,120.9,375.5,178.6,355.9,149.7,39.2,57.8,31
650,49.645,shopping bag,0.416,742.3,129.7,787.8,182.9,765.1,156.3,45.5,53.2,
650,49.645,shopping basket,0.39,352.5,248.4,511.7,413.0,432.1,330.7,159.2,164.6,3
650,49.645,shopping bag,0.313,325.3,110.0,376.5,179.5,350.9,144.8,51.2,69.5,31
650,49.645,cardboard box,0.256,206.7,255.1,284.2,370.3,245.5,312.7,77.5,115.2,
651,49.721,shopping bag,0.405,741.6,129.7,787.5,184.0,764.5,156.9,45.9,54.3,
651,49.721,handbag,0.399,336.3,120.8,375.5,178.5,355.9,149.7,39.1,57.7,31
651,49.721,shopping bag,0.305,323.8,109.4,376.3,179.4,350.1,144.4,52.5,70.0,31
651,49.721,cardboard box,0.273,206.7,255.1,284.2,370.5,245.5,312.8,77.6,115.3,
652,49.798,shopping bag,0.402,739.4,125.5,788.1,186.9,763.7,156.2,48.7,61.4,
652,49.798,shopping bag,0.385,336.6,121.0,375.3,178.6,355.9,149.8,38.7,57.6,31
652,49.798,cardboard box,0.278,206.7,255.0,284.2,370.6,245.5,312.8,77.6,115.6,
652,49.798,shopping bag,0.259,323.2,109.1,376.3,179.5,349.7,144.3,53.1,70.4,31
653,49.874,shopping bag,0.423,411.6,269.3,506.5,375.6,459.1,322.5,94.9,106.3,3
653,49.874,shopping bag,0.343,336.0,120.5,375.2,178.8,355.6,149.7,39.2,58.3,31
653,49.874,shopping bag,0.335,736.2,118.2,787.4,188.3,761.8,153.2,51.2,70.1,
653,49.874,cardboard box,0.292,206.7,255.0,284.2,370.5,245.4,312.8,77.5,115.6,
653,49.874,handbag,0.278,341.3,316.1,419.7,384.6,380.5,350.4,78.4,68.6,
653,49.874,handbag,0.269,726.2,96.3,786.5,187.9,756.3,142.1,60.3,91.6,17
653,49.874,handbag,0.264,327.4,696.6,426.1,720.0,376.7,708.3,98.7,23.4,
654,49.95,shopping bag,0.484,417.9,262.7,506.8,359.1,462.4,310.9,88.9,96.4,3
654,49.95,shopping bag,0.397,734.4,100.5,787.4,189.2,760.9,144.8,53.0,88.7,17
654,49.95,shopping bag,0.382,337.5,122.7,376.2,178.9,356.9,150.8,38.7,56.2,25
654,49.95,handbag,0.307,341.1,315.3,421.2,383.0,381.1,349.2,80.1,67.7,3
654,49.95,shopping bag,0.299,738.7,130.5,786.5,188.1,762.6,159.3,47.8,57.6,
654,49.95,cardboard box,0.289,206.8,255.1,284.2,370.4,245.5,312.7,77.5,115.3,
654,49.95,handbag,0.288,323.6,696.1,426.3,720.0,375.0,708.1,102.7,23.9,
655,50.027,shopping bag,0.6,418.0,260.6,506.2,358.8,462.1,309.7,88.2,98.2,3
655,50.027,shopping bag,0.408,734.1,100.3,787.3,188.9,760.7,144.6,53.2,88.6,17
655,50.027,handbag,0.353,341.2,315.2,422.4,381.8,381.8,348.5,81.1,66.6,3
655,50.027,shopping bag,0.323,337.4,122.2,376.1,178.8,356.8,150.5,38.7,56.6,31
655,50.027,shopping bag,0.309,738.6,130.3,786.5,187.8,762.6,159.1,47.8,57.6,
655,50.027,cardboard box,0.305,206.8,255.0,284.2,370.4,245.5,312.7,77.3,115.4,
655,50.027,handbag,0.266,323.7,696.2,426.3,720.0,375.0,708.1,102.7,23.8,
656,50.103,shopping bag,0.744,414.4,245.4,498.9,355.0,456.6,300.2,84.5,109.6,3
656,50.103,shopping bag,0.337,738.6,120.3,787.3,188.9,763.0,154.6,48.7,68.6,17
656,50.103,cardboard box,0.267,206.8,255.1,284.2,370.7,245.5,312.9,77.5,115.5,
656,50.103,handbag,0.259,726.3,93.8,787.0,188.8,756.7,141.3,60.7,95.1,17
657,50.179,shopping bag,0.709,419.3,245.5,499.1,352.4,459.2,299.0,79.7,106.9,3
657,50.179,shopping bag,0.351,739.1,102.1,787.7,189.8,763.4,146.0,48.7,87.7,17
657,50.179,shopping basket,0.311,340.0,255.9,465.9,413.0,403.0,334.4,125.9,157.1,3
657,50.179,cardboard box,0.292,207.0,255.1,284.2,370.4,245.6,312.7,77.2,115.4,
657,50.179,shopping bag,0.278,741.5,130.8,787.1,189.1,764.3,160.0,45.6,58.3,17
658,50.256,shopping bag,0.471,434.0,239.8,495.6,327.1,464.8,283.4,61.6,87.4,3
658,50.256,shopping bag,0.452,739.2,94.4,787.3,190.2,763.3,142.3,48.1,95.8,17
658,50.256,shopping bag,0.337,415.4,263.1,450.3,339.7,432.9,301.4,34.9,76.6,3
658,50.256,shopping bag,0.325,742.4,131.3,786.8,190.4,764.6,160.8,44.4,59.2,17
658,50.256,handbag,0.278,345.0,307.7,431.9,374.3,388.4,341.0,86.8,66.6,3
658,50.256,cardboard box,0.267,206.9,255.0,284.2,370.2,245.6,312.6,77.3,115.2,
659,50.332,shopping bag,0.438,742.1,96.1,787.2,190.1,764.6,143.1,45.2,94.0,17
659,50.332,shopping bag,0.414,432.7,236.5,497.2,321.6,464.9,279.1,64.5,85.1,3
659,50.332,shopping bag,0.413,744.7,132.8,786.9,189.9,765.8,161.4,42.3,57.1,17
660,50.409,shopping bag,0.399,746.1,98.3,789.9,189.0,768.0,143.7,43.7,90.8,17
660,50.409,shopping bag,0.364,432.8,234.9,497.2,323.8,465.0,279.3,64.4,88.9,3
660,50.409,shopping bag,0.359,748.5,132.5,789.7,188.6,769.1,160.5,41.2,56.1,17
660,50.409,shopping bag,0.335,413.4,234.7,497.5,340.7,455.4,287.7,84.1,106.0,3
660,50.409,handbag,0.264,330.3,696.9,429.0,720.0,379.7,708.4,98.7,23.1,
661,50.485,shopping bag,0.403,750.2,130.5,791.0,187.2,770.6,158.9,40.8,56.7,17
661,50.485,shopping bag,0.342,749.0,100.5,791.9,187.9,770.5,144.2,42.9,87.4,17
661,50.485,shopping bag,0.315,432.6,234.3,495.1,318.3,463.9,276.3,62.5,84.0,3
661,50.485,shopping bag,0.275,416.9,234.7,495.5,340.0,456.2,287.3,78.6,105.3,3
661,50.485,handbag,0.273,331.0,698.9,430.2,720.0,380.6,709.4,99.2,21.1,
661,50.485,cardboard box,0.252,206.9,255.0,284.2,370.3,245.6,312.7,77.3,115.3,
662,50.561,shopping bag,0.363,750.9,98.9,792.9,186.8,771.9,142.8,42.0,87.9,17
662,50.561,shopping bag,0.31,751.7,129.5,792.5,186.4,772.1,158.0,40.8,56.9,17
662,50.561,shopping bag,0.306,427.3,235.7,492.7,327.1,460.0,281.4,65.4,91.4,3
663,50.638,shopping bag,0.36,426.9,237.0,490.8,325.9,458.9,281.4,64.0,88.9,3
663,50.638,shopping bag,0.324,751.7,129.3,792.8,186.3,772.3,157.8,41.1,57.0,17
663,50.638,handbag,0.313,750.7,96.9,793.3,187.1,772.0,142.0,42.6,90.2,17
663,50.638,handbag,0.257,340.5,302.5,431.8,376.5,386.1,339.5,91.3,74.0,3
664,50.714,shopping bag,0.358,751.4,116.7,793.3,187.2,772.4,152.0,41.8,70.5,17
664,50.714,handbag,0.351,338.9,303.6,430.0,382.8,384.4,343.2,91.0,79.1,3
664,50.714,shopping bag,0.3,422.5,245.2,487.5,346.8,455.0,296.0,65.0,101.6,3
664,50.714,handbag,0.259,337.7,267.1,433.6,391.0,385.7,329.1,95.9,123.9,3
665,50.79,shopping bag,0.412,751.6,107.1,792.8,188.5,772.2,147.8,41.2,81.5,17
665,50.79,shopping bag,0.383,752.2,130.3,792.4,187.8,772.3,159.0,40.2,57.5,17
665,50.79,shopping bag,0.258,133.9,391.5,187.1,490.4,160.5,441.0,53.2,98.8,
666,50.867,shopping bag,0.499,751.0,95.6,792.4,190.3,771.7,142.9,41.4,94.6,17
666,50.867,shopping bag,0.495,752.0,130.2,791.5,189.5,771.7,159.9,39.5,59.2,17
666,50.867,shopping bag,0.305,403.5,280.1,439.8,349.4,421.7,314.7,36.3,69.3,3
667,50.943,shopping bag,0.536,748.8,94.8,790.1,193.2,769.4,144.0,41.2,98.4,17
667,50.943,shopping bag,0.466,403.2,250.0,482.1,355.8,442.7,302.9,78.9,105.8,3
667,50.943,shopping bag,0.423,749.8,131.5,789.7,192.6,769.8,162.0,39.9,61.1,17
667,50.943,handbag,0.306,331.7,695.0,437.1,720.0,384.4,707.5,105.4,25.0,
668,51.02,shopping bag,0.517,748.1,94.7,787.6,193.5,767.8,144.1,39.5,98.8,17
668,51.02,shopping bag,0.405,749.1,131.6,788.0,192.8,768.5,162.2,38.9,61.2,17
668,51.02,shopping bag,0.388,400.7,250.1,480.8,355.2,440.8,302.7,80.1,105.1,3
668,51.02,handbag,0.362,329.6,694.4,438.0,720.0,383.8,707.2,108.4,25.6,
669,51.096,shopping bag,0.492,739.8,93.9,778.9,194.3,759.4,144.1,39.1,100.4,17
669,51.096,handbag,0.321,327.5,693.3,440.3,720.0,383.9,706.7,112.8,26.7,
670,51.172,shopping bag,0.552,735.4,92.9,773.3,195.1,754.4,144.0,37.9,102.2,17
670,51.172,shopping bag,0.532,419.1,252.2,480.8,349.9,449.9,301.1,61.7,97.7,
670,51.172,shopping bag,0.333,404.7,272.2,439.2,344.4,422.0,308.3,34.4,72.2,3
670,51.172,handbag,0.31,329.4,692.2,441.1,720.0,385.2,706.1,111.7,27.8,
670,51.172,handbag,0.279,736.0,133.6,773.7,194.9,754.9,164.2,37.7,61.3,17
671,51.249,shopping bag,0.497,403.3,259.2,443.8,339.2,423.5,299.2,40.5,80.0,3
671,51.249,shopping bag,0.468,728.1,92.2,770.8,195.4,749.5,143.8,42.7,103.3,17
671,51.249,handbag,0.329,332.4,691.2,443.2,720.0,387.8,705.6,110.9,28.8,
671,51.249,handbag,0.279,730.0,131.2,770.2,193.8,750.1,162.5,40.2,62.6,17
672,51.325,shopping bag,0.655,722.9,93.1,770.4,193.8,746.6,143.5,47.5,100.7,17
672,51.325,shopping bag,0.46,405.2,260.0,447.2,333.2,426.2,296.6,42.0,73.2,3
672,51.325,handbag,0.344,722.5,123.9,767.1,193.1,744.8,158.5,44.6,69.2,17
672,51.325,handbag,0.308,331.7,691.6,446.0,720.0,388.8,705.8,114.4,28.4,
673,51.402,shopping bag,0.552,429.9,246.5,491.0,334.5,460.5,290.5,61.1,88.0,
673,51.402,shopping bag,0.471,406.8,250.4,450.9,330.8,428.8,290.6,44.1,80.5,3
673,51.402,shopping bag,0.442,718.0,93.1,768.4,193.3,743.2,143.2,50.4,100.1,17
673,51.402,handbag,0.409,717.9,129.1,763.8,193.5,740.9,161.3,45.9,64.5,17
673,51.402,handbag,0.331,333.0,690.9,447.0,720.0,390.0,705.4,114.0,29.1,
674,51.478,shopping bag,0.631,411.5,250.5,454.1,328.3,432.8,289.4,42.7,77.8,3
674,51.478,shopping bag,0.598,442.4,256.3,494.0,333.3,468.2,294.8,51.5,77.0,
674,51.478,handbag,0.42,712.1,128.7,761.2,195.9,736.6,162.3,49.1,67.3,17
674,51.478,handbag,0.405,711.9,91.2,763.4,196.0,737.6,143.6,51.5,104.8,17
674,51.478,handbag,0.372,333.3,690.3,448.3,720.0,390.8,705.1,115.1,29.7,
675,51.554,shopping bag,0.475,445.7,255.4,496.1,331.9,470.9,293.6,50.4,76.4,
675,51.554,shopping bag,0.472,415.4,252.5,457.7,328.7,436.5,290.6,42.3,76.2,3
675,51.554,handbag,0.412,335.9,689.8,449.5,720.0,392.7,704.9,113.6,30.2,
675,51.554,handbag,0.401,707.9,129.6,761.1,196.9,734.5,163.2,53.2,67.3,17
675,51.554,handbag,0.314,707.8,94.2,763.1,196.8,735.5,145.5,55.4,102.6,17
675,51.554,handbag,0.286,345.5,304.0,436.9,361.3,391.2,332.6,91.4,57.3,3
676,51.631,shopping bag,0.378,422.2,256.1,467.0,332.5,444.6,294.3,44.8,76.4,3
676,51.631,handbag,0.371,338.5,687.3,450.4,720.0,394.4,703.6,111.9,32.7,
676,51.631,shopping bag,0.339,456.1,256.4,503.8,333.8,479.9,295.1,47.6,77.4,
676,51.631,shopping bag,0.314,348.7,246.0,444.1,372.9,396.4,309.4,95.4,126.9,3
676,51.631,handbag,0.254,705.5,136.3,764.9,199.8,735.2,168.1,59.4,63.5,17
677,51.707,handbag,0.444,338.6,685.8,452.5,720.0,395.5,702.9,113.9,34.2,
677,51.707,shopping bag,0.398,429.4,262.5,476.1,334.4,452.7,298.4,46.8,72.0,3
677,51.707,handbag,0.338,706.7,135.4,769.3,201.8,738.0,168.6,62.6,66.4,17
677,51.707,shopping bag,0.303,359.3,249.3,457.2,377.1,408.2,313.2,97.9,127.8,3
677,51.707,handbag,0.288,706.7,102.5,769.6,201.7,738.1,152.1,62.9,99.2,17
678,51.783,shopping bag,0.55,453.0,261.7,519.7,338.6,486.3,300.1,66.7,77.0,
678,51.783,handbag,0.402,340.2,684.6,454.1,720.0,397.2,702.3,113.9,35.4,
678,51.783,shopping bag,0.392,367.0,254.8,462.3,373.3,414.6,314.0,95.3,118.5,3
678,51.783,handbag,0.31,709.3,103.7,773.1,201.7,741.2,152.7,63.9,98.0,17
678,51.783,handbag,0.305,709.3,136.5,773.6,201.8,741.4,169.1,64.3,65.3,17
679,51.86,handbag,0.349,343.9,681.3,455.8,720.0,399.8,700.6,112.0,38.7,
679,51.86,shopping bag,0.341,448.9,266.5,499.6,341.1,474.2,303.8,50.7,74.7,3
679,51.86,shopping bag,0.335,710.9,138.6,778.3,203.0,744.6,170.8,67.4,64.4,17
679,51.86,shopping basket,0.314,376.5,256.9,477.8,409.8,427.1,333.3,101.3,152.9,3
680,51.936,shopping bag,0.4,453.2,267.2,503.5,342.2,478.3,304.7,50.2,75.1,3
680,51.936,shopping bag,0.387,711.8,138.9,778.9,202.8,745.4,170.8,67.0,63.9,
680,51.936,shopping bag,0.354,711.7,101.3,778.3,204.0,745.0,152.6,66.5,102.8,
680,51.936,shopping basket,0.332,380.4,269.9,483.6,412.2,432.0,341.0,103.2,142.3,3
680,51.936,handbag,0.268,344.8,681.4,455.4,720.0,400.1,700.7,110.7,38.6,
681,52.013,handbag,0.457,351.1,670.3,458.8,720.0,404.9,695.1,107.7,49.7,
681,52.013,shopping bag,0.373,296.4,176.2,327.3,235.3,311.9,205.8,30.8,59.0,78
681,52.013,shopping bag,0.335,464.6,272.6,517.6,345.4,491.1,309.0,53.0,72.9,3
681,52.013,shopping bag,0.309,334.4,113.6,375.9,178.5,355.1,146.0,41.4,64.9,31
682,52.089,handbag,0.452,353.3,663.2,461.2,720.0,407.2,691.6,107.8,56.8,
682,52.089,handbag,0.283,403.3,322.2,506.8,400.4,455.0,361.3,103.5,78.2,3
682,52.089,shopping bag,0.272,334.2,112.8,375.9,178.2,355.0,145.5,41.8,65.3,31
683,52.165,handbag,0.485,359.0,657.0,462.6,720.0,410.8,688.5,103.6,63.0,
683,52.165,shopping bag,0.315,336.3,118.5,376.1,178.3,356.2,148.4,39.8,59.7,31
684,52.242,handbag,0.427,363.5,663.5,463.2,720.0,413.3,691.8,99.7,56.5,
684,52.242,backpack,0.311,749.9,105.5,813.6,188.0,781.8,146.7,63.7,82.5,17
684,52.242,shopping bag,0.307,334.6,115.9,376.1,178.3,355.3,147.1,41.5,62.4,31
684,52.242,shopping basket,0.275,421.2,368.3,531.4,464.6,476.3,416.4,110.2,96.3,3
685,52.318,backpack,0.366,750.4,105.1,820.1,191.9,785.2,148.5,69.7,86.7,17
685,52.318,handbag,0.363,366.0,661.5,464.4,720.0,415.2,690.7,98.5,58.5,
685,52.318,shopping bag,0.273,334.6,116.0,376.1,178.3,355.4,147.1,41.5,62.4,31
686,52.394,handbag,0.579,408.9,332.0,518.4,410.5,463.6,371.3,109.5,78.5,3
686,52.394,handbag,0.349,367.5,659.8,465.5,720.0,416.5,689.9,98.0,60.2,70
686,52.394,backpack,0.344,750.2,104.7,819.9,188.8,785.0,146.7,69.6,84.2,17
686,52.394,shopping bag,0.294,336.3,118.9,375.9,178.6,356.1,148.8,39.6,59.7,25
687,52.471,backpack,0.391,759.1,111.2,824.3,199.8,791.7,155.5,65.2,88.6,17
687,52.471,handbag,0.374,371.7,659.3,467.7,720.0,419.7,689.6,96.0,60.7,70
687,52.471,shopping bag,0.338,336.5,118.6,376.0,178.7,356.3,148.7,39.5,60.1,25
687,52.471,handbag,0.269,398.8,337.3,506.7,415.7,452.7,376.5,107.8,78.4,3
687,52.471,shopping bag,0.253,294.7,171.2,328.1,234.0,311.4,202.6,33.5,62.8,78
688,52.547,backpack,0.527,763.5,111.0,830.1,200.2,796.8,155.6,66.6,89.2,17
688,52.547,shopping bag,0.396,337.9,120.7,376.2,178.5,357.0,149.6,38.3,57.8,25
688,52.547,shopping bag,0.338,295.9,170.9,328.2,233.1,312.0,202.0,32.3,62.1,78
688,52.547,handbag,0.295,374.1,659.9,468.9,719.9,421.5,689.9,94.8,59.9,70
688,52.547,shopping bag,0.262,323.7,109.7,377.0,179.2,350.3,144.5,53.3,69.5,25
689,52.624,backpack,0.537,767.5,113.5,836.7,206.4,802.1,159.9,69.3,92.9,17
689,52.624,shopping bag,0.397,337.2,120.4,376.0,178.4,356.6,149.4,38.8,58.0,31
689,52.624,handbag,0.295,376.8,653.4,471.5,719.8,424.1,686.6,94.8,66.4,70
690,52.7,shopping bag,0.417,337.2,119.9,375.9,178.3,356.5,149.1,38.7,58.4,31
690,52.7,handbag,0.311,377.8,657.0,472.5,720.0,425.2,688.5,94.8,62.9,70
690,52.7,handbag,0.309,326.3,237.4,364.2,290.7,345.3,264.0,37.8,53.3,76
690,52.7,shopping bag,0.271,325.7,110.1,376.7,179.1,351.2,144.6,51.0,69.0,31
690,52.7,shopping bag,0.271,292.6,169.1,326.1,240.4,309.3,204.7,33.5,71.3,78
691,52.776,shopping bag,0.387,336.4,118.2,376.0,178.1,356.2,148.2,39.6,59.9,31
691,52.776,shopping basket,0.362,362.0,369.2,463.1,471.1,412.6,420.1,101.1,102.0,
691,52.776,bottle,0.339,303.4,296.2,320.4,330.9,311.9,313.6,17.0,34.8,76
691,52.776,handbag,0.321,377.7,659.3,471.7,720.0,424.7,689.6,94.0,60.7,70
691,52.776,shopping bag,0.266,325.7,109.2,376.7,178.2,351.2,143.7,50.9,68.9,31
692,52.853,handbag,0.607,379.6,657.1,472.2,719.9,425.9,688.5,92.6,62.9,70
692,52.853,shopping bag,0.425,336.3,118.6,375.8,177.8,356.0,148.2,39.5,59.1,31
692,52.853,shopping basket,0.29,346.7,369.7,456.2,475.2,401.5,422.4,109.4,105.4,
692,52.853,shopping bag,0.258,294.1,168.8,323.6,230.3,308.8,199.5,29.5,61.6,78
692,52.853,shopping bag,0.252,324.2,109.4,376.7,178.5,350.4,143.9,52.5,69.1,31
693,52.929,handbag,0.664,381.7,656.1,472.4,719.3,427.1,687.7,90.7,63.2,70
693,52.929,shopping bag,0.401,336.7,118.9,375.8,177.7,356.2,148.3,39.1,58.8,31
694,53.005,handbag,0.564,383.0,654.3,472.9,719.2,428.0,686.7,90.0,65.0,70
694,53.005,shopping bag,0.42,762.9,143.4,826.5,223.0,794.7,183.2,63.6,79.6,17
694,53.005,shopping bag,0.401,336.9,119.9,375.8,178.0,356.3,149.0,38.9,58.1,31
694,53.005,shopping cart,0.315,327.8,304.1,452.7,484.2,390.2,394.2,124.9,180.1,
694,53.005,shopping bag,0.276,326.4,109.6,376.6,178.9,351.5,144.2,50.2,69.3,31
694,53.005,shopping bag,0.264,763.1,121.3,857.0,223.7,810.0,172.5,93.8,102.4,17
695,53.082,shopping basket,0.525,323.0,300.5,442.6,485.7,382.8,393.1,119.6,185.2,
695,53.082,handbag,0.475,383.9,653.7,472.7,719.4,428.3,686.5,88.8,65.7,70
695,53.082,shopping bag,0.441,336.9,119.8,375.8,178.5,356.3,149.1,38.8,58.7,31
695,53.082,shopping bag,0.377,767.3,145.6,832.1,225.1,799.7,185.4,64.8,79.5,17
695,53.082,shopping bag,0.308,324.1,366.1,442.5,484.3,383.3,425.2,118.5,118.2,
695,53.082,shopping bag,0.273,327.7,110.0,376.5,179.3,352.1,144.7,48.8,69.3,31
695,53.082,shopping bag,0.251,766.7,135.5,852.9,225.0,809.8,180.3,86.2,89.6,17
696,53.158,handbag,0.505,384.0,653.2,471.5,719.6,427.8,686.4,87.5,66.4,
696,53.158,shopping basket,0.504,320.1,305.8,442.5,484.8,381.3,395.3,122.5,178.9,
696,53.158,shopping bag,0.446,337.1,120.5,375.8,178.4,356.5,149.5,38.6,57.9,31
696,53.158,backpack,0.325,778.2,120.4,867.1,230.4,822.7,175.4,88.8,110.0,17
696,53.158,shopping bag,0.301,775.0,146.8,833.9,228.1,804.4,187.5,58.9,81.3,17
696,53.158,shopping bag,0.301,320.2,368.9,441.3,486.2,380.7,427.5,121.1,117.3,
696,53.158,shopping bag,0.276,326.2,109.7,376.5,179.1,351.4,144.4,50.3,69.5,31
697,53.235,handbag,0.536,384.1,653.5,471.8,719.6,427.9,686.5,87.7,66.1,
697,53.235,shopping bag,0.463,337.5,121.2,375.8,178.5,356.7,149.9,38.3,57.3,31
697,53.235,shopping basket,0.449,318.4,369.9,439.7,489.2,379.1,429.6,121.4,119.2,
697,53.235,shopping bag,0.374,779.8,149.5,840.0,231.8,809.9,190.6,60.2,82.3,17
697,53.235,shopping cart,0.342,317.4,306.2,441.5,489.1,379.4,397.7,124.1,182.9,
697,53.235,shopping bag,0.309,328.3,110.0,376.6,179.2,352.4,144.6,48.3,69.2,31
697,53.235,cardboard box,0.255,206.6,251.7,285.5,372.1,246.1,311.9,78.9,120.4,78
698,53.311,shopping basket,0.58,317.7,316.6,440.0,490.8,378.9,403.7,122.3,174.3,
698,53.311,shopping bag,0.466,337.4,121.5,375.8,178.6,356.6,150.1,38.4,57.1,31
698,53.311,shopping bag,0.416,383.7,653.1,469.7,719.6,426.7,686.3,86.0,66.5,
698,53.311,shopping bag,0.357,318.2,369.9,439.5,491.5,378.8,430.7,121.3,121.6,
698,53.311,shopping bag,0.33,328.5,111.1,376.5,179.2,352.5,145.1,48.0,68.1,31
698,53.311,shopping bag,0.275,784.8,151.8,842.0,235.5,813.4,193.7,57.2,83.7,17
699,53.387,shopping bag,0.489,337.3,121.4,375.8,178.7,356.6,150.1,38.5,57.3,31
699,53.387,handbag,0.444,382.8,653.8,468.8,719.4,425.8,686.6,86.1,65.6,
699,53.387,shopping basket,0.305,318.7,313.6,441.5,496.5,380.1,405.0,122.8,182.9,
699,53.387,shopping bag,0.276,298.3,168.7,326.8,219.6,312.5,194.2,28.5,50.9,25
699,53.387,handbag,0.266,317.0,375.0,440.0,495.1,378.5,435.1,123.0,120.1,
700,53.464,shopping bag,0.508,337.0,121.2,375.8,178.8,356.4,150.0,38.8,57.7,31
700,53.464,handbag,0.494,380.8,654.0,468.3,719.7,424.6,686.8,87.5,65.7,
700,53.464,handbag,0.451,316.6,374.9,440.1,494.8,378.3,434.9,123.5,119.9,
700,53.464,shopping bag,0.35,298.2,168.4,327.5,214.9,312.8,191.6,29.3,46.5,25
700,53.464,backpack,0.323,833.9,146.9,899.0,242.1,866.5,194.5,65.2,95.2,17
700,53.464,cardboard box,0.261,207.0,255.6,284.6,370.1,245.8,312.8,77.6,114.6,1
701,53.54,shopping bag,0.501,336.7,120.1,376.0,178.9,356.4,149.5,39.2,58.8,31
701,53.54,handbag,0.391,380.3,654.4,468.1,719.7,424.2,687.0,87.8,65.3,
701,53.54,shopping bag,0.327,328.6,110.5,376.6,179.4,352.6,145.0,48.1,69.0,31
701,53.54,cardboard box,0.295,207.1,255.5,285.2,370.5,246.1,313.0,78.1,115.0,1
701,53.54,shopping bag,0.284,298.2,167.6,326.7,214.9,312.4,191.3,28.4,47.3,25
701,53.54,cardboard box,0.273,208.8,359.7,360.1,544.3,284.4,452.0,151.4,184.5,1
701,53.54,shopping bag,0.264,805.9,169.7,855.8,253.2,830.9,211.5,49.9,83.5,62
702,53.616,shopping bag,0.496,337.0,119.9,376.0,178.8,356.5,149.3,39.0,58.9,31
702,53.616,shopping bag,0.443,810.9,170.8,858.6,255.8,834.7,213.3,47.7,85.0,62
702,53.616,handbag,0.411,379.7,654.8,467.1,719.7,423.4,687.3,87.4,64.9,70
702,53.616,shopping bag,0.345,185.0,419.2,271.4,549.6,228.2,484.4,86.4,130.4,1
702,53.616,cardboard box,0.32,207.0,256.1,284.9,371.0,245.9,313.5,77.9,114.9,1
702,53.616,shopping bag,0.307,325.1,109.6,376.7,179.3,350.9,144.5,51.6,69.7,31
703,53.693,shopping bag,0.481,336.6,119.2,376.3,178.6,356.4,148.9,39.7,59.4,31
703,53.693,handbag,0.416,378.9,656.3,466.4,719.4,422.6,687.8,87.5,63.1,70
703,53.693,shopping basket,0.34,208.1,361.9,359.5,544.4,283.8,453.2,151.5,182.5,1
703,53.693,backpack,0.333,820.4,157.8,897.8,258.2,859.1,208.0,77.4,100.4,17
703,53.693,shopping bag,0.299,328.9,107.3,376.8,178.6,352.9,142.9,47.9,71.3,31
703,53.693,cardboard box,0.277,206.8,255.8,284.5,371.1,245.7,313.5,77.6,115.3,1
703,53.693,cardboard box,0.254,137.7,605.2,230.5,710.2,184.1,657.7,92.9,104.9,
704,53.769,shopping bag,0.477,337.9,120.3,376.6,178.4,357.3,149.4,38.8,58.1,31
704,53.769,handbag,0.465,378.9,656.1,466.3,719.5,422.6,687.8,87.4,63.4,70
704,53.769,shopping bag,0.424,313.6,329.8,438.5,499.4,376.0,414.6,124.9,169.7,
704,53.769,shopping bag,0.378,191.5,436.1,271.2,551.3,231.3,493.7,79.7,115.3,1
704,53.769,backpack,0.35,823.4,153.2,901.0,260.2,862.2,206.7,77.6,107.0,17
704,53.769,handbag,0.305,825.2,175.8,865.1,260.3,845.1,218.1,39.8,84.4,62
704,53.769,handbag,0.259,877.6,259.2,917.9,324.6,897.7,291.9,40.3,65.4,17
704,53.769,shopping bag,0.253,330.1,109.0,377.1,179.0,353.6,144.0,47.0,70.0,31
705,53.846,handbag,0.475,379.3,655.5,465.9,719.9,422.6,687.7,86.6,64.4,70
705,53.846,shopping bag,0.468,338.2,121.2,376.4,178.3,357.3,149.7,38.2,57.1,31
705,53.846,handbag,0.433,313.9,377.3,436.5,499.8,375.2,438.6,122.6,122.5,
705,53.846,shopping bag,0.348,831.2,179.9,868.4,261.7,849.8,220.8,37.2,81.7,62
705,53.846,cardboard box,0.277,137.7,604.9,230.4,710.0,184.0,657.5,92.8,105.1,
705,53.846,shopping bag,0.271,195.1,445.9,270.6,551.8,232.8,498.8,75.5,105.9,1
705,53.846,handbag,0.26,878.8,263.4,917.8,327.2,898.3,295.3,39.0,63.8,17
706,53.922,shopping bag,0.515,338.2,120.0,377.0,178.0,357.6,149.0,38.7,58.0,31
706,53.922,shopping bag,0.447,379.1,653.8,464.5,719.8,421.8,686.8,85.4,66.0,70
706,53.922,shopping bag,0.416,841.9,175.7,917.1,271.6,879.5,223.7,75.2,95.8,17
706,53.922,shopping basket,0.331,314.8,337.7,435.1,504.9,374.9,421.3,120.2,167.2,
706,53.922,cardboard box,0.288,137.7,605.1,230.5,709.8,184.1,657.4,92.8,104.7,
706,53.922,cardboard box,0.253,206.2,253.2,293.7,374.3,250.0,313.7,87.5,121.1,1
707,53.998,shopping basket,0.673,315.7,337.9,435.8,506.8,375.7,422.4,120.1,168.9,
707,53.998,shopping bag,0.56,337.8,118.3,377.6,178.2,357.7,148.2,39.9,59.8,31
707,53.998,shopping bag,0.377,378.3,652.8,463.6,719.7,420.9,686.2,85.3,67.0,70
707,53.998,cardboard box,0.286,207.0,256.1,284.6,370.2,245.8,313.2,77.6,114.2,1
707,53.998,cardboard box,0.255,137.7,605.1,230.5,710.1,184.1,657.6,92.8,104.9,
708,54.075,shopping basket,0.593,318.7,337.7,438.1,510.5,378.4,424.1,119.4,172.8,
708,54.075,shopping bag,0.541,338.1,118.7,377.6,178.1,357.8,148.4,39.5,59.4,31
708,54.075,shopping bag,0.54,318.3,391.1,438.2,510.0,378.2,450.5,119.9,119.0,
708,54.075,cardboard box,0.271,137.9,604.7,231.4,715.0,184.6,659.8,93.5,110.4,
708,54.075,cardboard box,0.268,206.3,253.1,292.1,374.8,249.2,314.0,85.8,121.7,78
709,54.151,shopping basket,0.802,323.2,346.3,440.7,512.1,381.9,429.2,117.4,165.9,
709,54.151,shopping bag,0.537,338.0,118.8,377.6,178.0,357.8,148.4,39.6,59.3,31
709,54.151,shopping bag,0.341,375.8,652.8,462.2,719.8,419.0,686.3,86.4,67.0,
709,54.151,cardboard box,0.276,206.3,253.1,289.0,373.5,247.6,313.3,82.7,120.4,78
710,54.227,shopping basket,0.748,335.3,346.1,446.1,513.0,390.7,429.5,110.9,166.9,
710,54.227,shopping bag,0.547,338.3,118.8,378.1,177.9,358.2,148.4,39.8,59.1,31
710,54.227,handbag,0.308,375.2,655.1,461.1,719.5,418.1,687.3,85.9,64.5,70
710,54.227,cardboard box,0.293,206.4,251.7,287.8,372.9,247.1,312.3,81.4,121.2,78
711,54.304,shopping bag,0.536,338.9,119.3,378.4,177.7,358.7,148.5,39.5,58.4,31
711,54.304,handbag,0.456,374.9,655.8,460.6,719.7,417.7,687.7,85.7,63.9,70
711,54.304,handbag,0.333,349.5,395.7,461.5,511.0,405.5,453.3,111.9,115.3,
711,54.304,cardboard box,0.267,206.3,251.4,288.4,373.3,247.4,312.4,82.1,121.9,1
712,54.38,handbag,0.471,341.8,122.5,378.7,177.5,360.2,150.0,37.0,55.0,31
712,54.38,handbag,0.357,372.4,656.8,461.5,719.9,417.0,688.4,89.1,63.1,70
713,54.457,handbag,0.455,372.2,656.8,463.0,720.0,417.6,688.4,90.7,63.1,70
713,54.457,handbag,0.454,342.2,124.8,379.2,177.5,360.7,151.1,37.0,52.7,31
714,54.533,handbag,0.486,341.8,124.4,379.1,177.7,360.5,151.0,37.3,53.3,31
714,54.533,shopping bag,0.295,372.9,654.1,463.7,720.0,418.3,687.0,90.7,65.9,70
715,54.609,handbag,0.522,376.7,653.2,465.9,720.0,421.3,686.6,89.1,66.8,70
715,54.609,handbag,0.461,342.4,123.2,380.1,177.8,361.2,150.5,37.7,54.6,31
716,54.686,shopping bag,0.632,381.5,651.2,467.3,719.8,424.4,685.5,85.8,68.6,70
716,54.686,handbag,0.471,343.9,123.5,380.9,177.6,362.4,150.6,37.0,54.1,31
717,54.762,handbag,0.496,384.4,646.9,468.5,719.7,426.5,683.3,84.1,72.8,70
717,54.762,handbag,0.478,344.4,123.6,381.6,177.6,363.0,150.6,37.2,54.0,31
718,54.838,handbag,0.579,386.4,643.1,470.5,719.1,428.4,681.1,84.1,76.1,70
718,54.838,handbag,0.446,346.6,124.1,382.2,177.8,364.4,151.0,35.6,53.7,31
719,54.915,handbag,0.466,344.8,123.3,381.9,177.4,363.3,150.4,37.1,54.1,31
719,54.915,handbag,0.402,386.1,642.1,470.6,719.5,428.4,680.8,84.4,77.4,70
719,54.915,shopping basket,0.326,134.3,394.1,191.1,491.9,162.7,443.0,56.8,97.8,
720,54.991,handbag,0.454,386.3,641.6,471.3,719.5,428.8,680.5,85.0,77.9,70
720,54.991,handbag,0.363,344.4,122.7,381.9,176.8,363.2,149.7,37.5,54.1,31
721,55.068,handbag,0.61,386.7,642.0,471.9,718.5,429.3,680.2,85.2,76.5,70
721,55.068,handbag,0.349,346.6,124.0,382.6,176.9,364.6,150.4,35.9,52.9,31
721,55.068,shopping basket,0.266,416.7,365.8,538.5,512.2,477.6,439.0,121.8,146.4,85
722,55.144,handbag,0.611,387.2,642.0,472.3,719.1,429.8,680.5,85.1,77.1,70
722,55.144,handbag,0.333,346.0,122.9,382.7,176.9,364.4,149.9,36.7,54.0,31
723,55.22,handbag,0.591,386.7,641.7,473.4,719.3,430.1,680.5,86.7,77.6,70
723,55.22,handbag,0.303,345.3,122.6,382.8,176.9,364.0,149.7,37.5,54.3,31
724,55.297,handbag,0.696,386.6,641.7,475.1,719.7,430.8,680.7,88.5,78.0,70
725,55.373,handbag,0.638,386.6,641.0,476.0,719.8,431.3,680.4,89.4,78.9,70
726,55.449,handbag,0.529,386.8,642.9,476.6,719.8,431.7,681.4,89.8,76.9,70
726,55.449,shopping bag,0.403,878.2,276.1,913.7,347.8,895.9,312.0,35.5,71.8,17
726,55.449,handbag,0.314,344.1,122.7,383.9,176.3,364.0,149.5,39.9,53.5,31
726,55.449,cardboard box,0.288,206.5,252.7,275.0,373.0,240.8,312.9,68.5,120.2,
727,55.526,handbag,0.677,388.6,640.2,477.9,719.3,433.3,679.7,89.3,79.1,70
727,55.526,shopping bag,0.489,857.8,283.7,904.5,358.1,881.2,320.9,46.7,74.4,17
727,55.526,cardboard box,0.318,206.9,256.3,278.4,372.6,242.7,314.4,71.5,116.3,
727,55.526,handbag,0.272,344.4,123.1,383.4,176.4,363.9,149.8,39.0,53.3,31
728,55.602,shopping bag,0.688,833.9,289.3,885.9,366.3,859.9,327.8,51.9,77.0,17
728,55.602,handbag,0.562,389.3,639.7,478.0,718.1,433.7,678.9,88.7,78.4,
729,55.679,shopping bag,0.568,813.8,280.7,872.2,360.0,843.0,320.4,58.4,79.3,
729,55.679,handbag,0.463,390.5,637.7,477.9,717.6,434.2,677.7,87.4,80.0,
730,55.755,shopping bag,0.753,804.3,275.7,864.4,358.5,834.3,317.1,60.1,82.9,
730,55.755,shopping bag,0.393,746.8,351.9,835.7,458.5,791.3,405.2,88.9,106.7,17
730,55.755,handbag,0.358,390.4,638.1,477.7,717.0,434.1,677.5,87.2,79.0,
730,55.755,handbag,0.315,348.0,127.2,381.9,177.8,364.9,152.5,33.9,50.6,31
730,55.755,cardboard box,0.296,207.0,256.3,284.8,370.2,245.9,313.2,77.8,113.9,
731,55.831,shopping bag,0.409,794.1,266.9,856.3,359.2,825.2,313.1,62.2,92.3,
731,55.831,shopping bag,0.393,783.7,224.9,855.8,359.6,819.8,292.2,72.0,134.7,
731,55.831,handbag,0.335,347.9,126.5,381.8,177.8,364.8,152.1,33.9,51.3,31
731,55.831,shopping basket,0.327,526.4,248.2,642.9,447.9,584.6,348.1,116.4,199.7,
731,55.831,handbag,0.283,389.7,639.8,476.4,718.0,433.1,678.9,86.7,78.1,
731,55.831,cardboard box,0.283,207.0,255.0,284.4,369.7,245.7,312.3,77.5,114.7,
732,55.908,handbag,0.617,388.3,642.8,474.7,718.8,431.5,680.8,86.4,76.0,70
732,55.908,shopping bag,0.571,759.8,219.2,850.0,363.0,804.9,291.1,90.2,143.8,17
732,55.908,shopping basket,0.325,525.3,248.5,643.1,446.6,584.2,347.5,117.8,198.1,
732,55.908,cardboard box,0.3,206.9,255.8,284.9,369.1,245.9,312.4,78.0,113.3,
732,55.908,handbag,0.256,346.2,125.0,382.0,177.5,364.1,151.2,35.8,52.6,31
733,55.984,handbag,0.675,387.9,642.9,473.8,719.6,430.8,681.3,86.0,76.7,70
733,55.984,shopping bag,0.67,756.5,217.8,829.6,365.3,793.0,291.5,73.2,147.5,17
733,55.984,cardboard box,0.298,206.9,255.6,284.9,369.3,245.9,312.5,78.0,113.6,78
733,55.984,handbag,0.255,346.4,125.1,382.3,177.5,364.3,151.3,35.9,52.4,31
734,56.06,shopping bag,0.606,693.7,198.0,757.1,347.0,725.4,272.5,63.4,149.0,17
734,56.06,handbag,0.454,385.5,645.6,472.0,719.5,428.8,682.5,86.5,73.9,70
734,56.06,shopping bag,0.339,699.1,261.5,757.8,346.9,728.5,304.2,58.7,85.4,17
734,56.06,handbag,0.324,344.8,125.0,382.1,176.8,363.5,150.9,37.3,51.8,31
734,56.06,shopping basket,0.274,413.7,265.7,661.2,621.3,537.4,443.5,247.4,355.6,
734,56.06,cardboard box,0.265,206.7,255.0,284.5,369.3,245.6,312.2,77.8,114.3,
735,56.137,handbag,0.374,385.3,645.1,471.6,719.5,428.4,682.3,86.3,74.4,70
735,56.137,shopping bag,0.292,672.7,183.1,733.3,327.1,703.0,255.1,60.6,144.0,17
735,56.137,shopping bag,0.274,676.9,244.7,734.3,327.2,705.6,286.0,57.5,82.5,17
736,56.213,shopping bag,0.611,656.0,180.9,721.7,320.6,688.9,250.8,65.7,139.7,17
736,56.213,handbag,0.358,385.8,645.2,470.7,719.4,428.2,682.3,84.9,74.2,70
736,56.213,handbag,0.256,334.6,123.5,381.2,180.0,357.9,151.8,46.6,56.5,31
737,56.29,shopping bag,0.704,645.7,177.2,717.7,317.1,681.7,247.1,72.0,139.9,17
737,56.29,handbag,0.367,385.7,644.9,470.8,719.4,428.2,682.2,85.1,74.5,70
737,56.29,handbag,0.262,331.9,124.0,381.2,182.4,356.6,153.2,49.3,58.4,31
738,56.366,shopping bag,0.621,641.5,173.6,707.7,314.6,674.6,244.1,66.2,141.0,17
738,56.366,shopping basket,0.5,529.7,247.5,643.0,430.0,586.3,338.8,113.3,182.4,17
738,56.366,shopping basket,0.382,531.1,302.3,643.6,424.1,587.4,363.2,112.4,121.8,17
738,56.366,handbag,0.35,385.7,644.5,471.0,719.5,428.4,682.0,85.2,75.0,70
738,56.366,shopping bag,0.341,645.3,235.8,708.5,313.2,676.9,274.5,63.2,77.5,17
738,56.366,handbag,0.269,338.7,123.8,381.0,177.4,359.8,150.6,42.3,53.6,31
739,56.442,shopping bag,0.693,637.4,175.8,704.1,314.1,670.7,244.9,66.7,138.3,17
739,56.442,handbag,0.323,385.7,644.0,471.5,719.5,428.6,681.7,85.7,75.5,70
739,56.442,shopping bag,0.314,640.8,235.0,706.5,313.2,673.7,274.1,65.7,78.1,17
739,56.442,handbag,0.308,347.1,128.9,381.7,178.2,364.4,153.6,34.5,49.3,31
739,56.442,shopping basket,0.299,529.5,245.3,641.1,435.0,585.3,340.2,111.7,189.7,17
740,56.519,shopping bag,0.725,635.1,175.6,694.1,314.4,664.6,245.0,58.9,138.8,17
740,56.519,shopping basket,0.511,531.3,253.3,641.9,442.3,586.6,347.8,110.7,189.0,17
740,56.519,handbag,0.328,386.0,645.1,471.9,719.7,428.9,682.4,85.9,74.6,70
740,56.519,cardboard box,0.29,205.9,253.5,299.1,376.0,252.5,314.7,93.1,122.4,
740,56.519,handbag,0.279,340.2,122.5,381.0,177.3,360.6,149.9,40.7,54.9,31
740,56.519,shopping bag,0.265,637.4,238.1,693.7,313.8,665.6,276.0,56.3,75.7,17
741,56.595,shopping bag,0.662,632.2,171.9,690.0,310.8,661.1,241.3,57.8,138.9,17
741,56.595,shopping basket,0.544,530.1,248.3,640.2,443.5,585.2,345.9,110.0,195.2,17
741,56.595,shopping basket,0.387,532.5,326.0,640.6,443.2,586.5,384.6,108.1,117.2,
741,56.595,shopping bag,0.363,672.3,176.2,726.6,302.0,699.5,239.1,54.3,125.8,
741,56.595,shopping bag,0.337,632.8,235.1,690.3,310.8,661.6,272.9,57.5,75.8,17
741,56.595,handbag,0.33,385.9,644.3,472.3,719.7,429.1,682.0,86.4,75.5,70
741,56.595,handbag,0.292,345.8,126.8,381.7,178.1,363.7,152.5,35.9,51.3,31
741,56.595,cardboard box,0.271,206.3,253.5,299.1,375.1,252.7,314.3,92.8,121.6,
742,56.672,shopping bag,0.684,629.2,172.2,688.0,309.6,658.6,240.9,58.8,137.4,17
742,56.672,shopping basket,0.439,531.2,272.3,641.8,441.5,586.5,356.9,110.6,169.3,17
742,56.672,handbag,0.438,385.9,644.5,472.3,719.8,429.1,682.2,86.4,75.3,70
742,56.672,shopping basket,0.337,532.5,320.3,641.5,446.6,587.0,383.5,109.0,126.3,
742,56.672,shopping bag,0.296,673.4,176.6,726.4,303.7,699.9,240.1,53.0,127.1,
742,56.672,shopping bag,0.293,631.4,232.7,687.7,309.8,659.6,271.3,56.3,77.1,17
742,56.672,handbag,0.269,342.6,122.7,381.2,177.6,361.9,150.2,38.6,54.9,31
743,56.748,shopping bag,0.715,623.7,167.4,679.9,303.7,651.8,235.6,56.2,136.2,17
743,56.748,handbag,0.521,386.0,644.5,472.0,719.9,429.0,682.2,86.0,75.4,70
743,56.748,shopping basket,0.359,531.2,248.8,645.4,424.1,588.3,336.5,114.2,175.3,17
743,56.748,shopping basket,0.325,532.3,318.5,645.7,419.9,589.0,369.2,113.4,101.4,
743,56.748,handbag,0.287,341.9,122.3,381.3,177.5,361.6,149.9,39.4,55.2,31
743,56.748,cardboard box,0.275,206.5,252.3,298.8,379.9,252.6,316.1,92.3,127.6,
743,56.748,shopping bag,0.259,626.5,223.9,680.3,303.4,653.4,263.7,53.7,79.5,17
744,56.824,shopping bag,0.713,620.3,165.0,677.3,302.5,648.8,233.7,57.1,137.5,17
744,56.824,handbag,0.501,386.0,643.9,472.4,719.9,429.2,681.9,86.4,76.0,70
744,56.824,shopping basket,0.432,531.5,249.6,644.6,421.8,588.1,335.7,113.1,172.2,17
744,56.824,shopping basket,0.405,532.4,314.2,644.9,418.6,588.7,366.4,112.5,104.4,
744,56.824,cardboard box,0.269,206.4,251.7,295.7,376.3,251.1,314.0,89.3,124.6,
744,56.824,handbag,0.267,345.7,127.1,381.7,177.7,363.7,152.4,36.0,50.6,31
745,56.901,shopping bag,0.713,615.8,159.5,669.6,293.5,642.7,226.5,53.8,133.9,17
745,56.901,handbag,0.502,385.9,644.1,472.1,719.8,429.0,682.0,86.3,75.7,70
745,56.901,shopping basket,0.397,532.8,316.8,644.5,419.0,588.7,367.9,111.8,102.2,
745,56.901,shopping basket,0.375,531.5,250.4,644.5,423.8,588.0,337.1,113.0,173.4,17
745,56.901,shopping bag,0.256,341.2,121.6,381.2,178.2,361.2,149.9,40.0,56.7,31
746,56.977,shopping bag,0.673,604.7,162.8,663.2,290.8,634.0,226.8,58.5,128.1,17
746,56.977,handbag,0.477,385.7,644.4,471.9,719.9,428.8,682.1,86.2,75.5,70
746,56.977,shopping basket,0.438,532.5,308.5,644.6,418.5,588.6,363.5,112.2,110.0,
746,56.977,shopping basket,0.37,531.4,250.1,644.5,423.3,588.0,336.7,113.1,173.3,17
746,56.977,shopping bag,0.261,341.0,121.1,381.4,178.3,361.2,149.7,40.4,57.2,31
746,56.977,cardboard box,0.26,207.3,255.4,285.5,369.0,246.4,312.2,78.2,113.7,
747,57.053,shopping bag,0.592,592.1,161.1,658.4,285.0,625.2,223.0,66.3,123.9,17
747,57.053,handbag,0.492,385.6,644.6,471.5,719.9,428.6,682.2,85.8,75.3,70
747,57.053,shopping basket,0.368,532.8,309.8,644.9,417.1,588.9,363.5,112.2,107.3,
747,57.053,shopping basket,0.343,531.7,250.7,644.8,420.1,588.2,335.4,113.1,169.5,17
747,57.053,handbag,0.337,604.3,211.7,658.2,285.6,631.3,248.6,53.8,73.9,17
747,57.053,cardboard box,0.267,207.3,255.7,286.0,369.1,246.6,312.4,78.7,113.5,
747,57.053,handbag,0.261,341.9,122.1,381.2,177.3,361.6,149.7,39.3,55.2,31
748,57.13,shopping bag,0.47,575.2,155.2,644.3,275.2,609.8,215.2,69.1,120.0,17
748,57.13,handbag,0.465,385.3,645.2,471.2,719.9,428.3,682.5,85.9,74.7,70
748,57.13,shopping basket,0.39,533.2,318.5,644.6,416.8,588.9,367.7,111.4,98.3,
748,57.13,shopping basket,0.352,531.8,250.7,644.0,419.8,587.9,335.2,112.1,169.1,17
748,57.13,cardboard box,0.289,207.3,255.6,285.8,369.0,246.6,312.3,78.5,113.5,
748,57.13,shopping bag,0.264,589.2,200.4,646.4,275.6,617.8,238.0,57.2,75.2,17
748,57.13,shopping bag,0.258,341.1,121.1,381.2,178.3,361.2,149.7,40.1,57.2,31
749,57.206,shopping bag,0.663,565.7,151.1,643.6,272.0,604.7,211.5,78.0,120.9,17
749,57.206,handbag,0.454,385.0,645.5,470.8,719.8,427.9,682.7,85.8,74.3,70
749,57.206,shopping basket,0.358,531.2,250.2,643.6,421.6,587.4,335.9,112.5,171.4,
749,57.206,shopping basket,0.346,533.1,318.1,645.0,417.4,589.0,367.8,111.9,99.3,
749,57.206,cardboard box,0.299,207.3,255.5,285.5,369.1,246.4,312.3,78.2,113.6,
749,57.206,shopping bag,0.284,581.9,197.1,643.5,271.5,612.7,234.3,61.7,74.4,17
749,57.206,handbag,0.276,344.9,122.9,380.7,176.9,362.8,149.9,35.8,54.0,31
749,57.206,cardboard box,0.251,631.7,276.4,819.9,482.0,725.8,379.2,188.2,205.5,
750,57.283,handbag,0.391,384.4,645.2,470.1,719.9,427.2,682.6,85.8,74.7,70
750,57.283,shopping basket,0.36,532.7,318.1,644.8,416.8,588.8,367.4,112.0,98.7,
750,57.283,shopping bag,0.358,568.4,190.2,623.6,259.6,596.0,224.9,55.2,69.4,17
750,57.283,shopping basket,0.338,530.3,251.7,643.7,419.7,587.0,335.7,113.4,168.0,
750,57.283,cardboard box,0.317,207.1,255.4,285.1,369.0,246.1,312.2,78.0,113.5,
750,57.283,handbag,0.305,345.8,127.3,381.8,177.8,363.8,152.6,36.0,50.6,31
751,57.359,handbag,0.365,384.0,646.1,469.6,720.0,426.8,683.0,85.6,73.9,70
751,57.359,shopping basket,0.356,530.1,251.1,643.7,420.3,586.9,335.7,113.6,169.2,
751,57.359,shopping basket,0.355,532.5,315.7,644.7,417.0,588.6,366.3,112.1,101.3,
751,57.359,cardboard box,0.334,207.1,255.5,284.9,368.9,246.0,312.2,77.8,113.4,
751,57.359,shopping bag,0.317,562.1,189.2,621.8,262.8,592.0,226.0,59.7,73.6,17
751,57.359,handbag,0.315,346.2,127.7,381.6,177.9,363.9,152.8,35.5,50.2,31
752,57.435,handbag,0.407,384.3,645.7,468.3,719.8,426.3,682.8,84.0,74.0,70
752,57.435,cardboard box,0.345,206.5,256.0,285.4,369.4,246.0,312.7,78.8,113.5,
752,57.435,handbag,0.314,346.5,128.4,381.0,177.9,363.8,153.2,34.4,49.5,31
752,57.435,shopping bag,0.261,532.1,143.6,610.8,262.6,571.4,203.1,78.7,119.0,17
752,57.435,shopping basket,0.255,528.9,249.9,644.1,423.7,586.5,336.8,115.2,173.8,
753,57.512,handbag,0.392,384.2,645.6,468.1,719.8,426.1,682.7,84.0,74.3,70
753,57.512,cardboard box,0.37,206.5,256.1,285.4,369.4,246.0,312.7,78.8,113.4,
753,57.512,shopping bag,0.339,548.0,182.6,604.7,255.3,576.3,219.0,56.6,72.7,3
753,57.512,handbag,0.312,346.8,128.7,381.0,177.9,363.9,153.3,34.2,49.2,31
754,57.588,handbag,0.395,384.1,645.5,468.0,719.8,426.1,682.7,83.9,74.3,70
754,57.588,cardboard box,0.384,206.6,256.0,285.3,369.5,246.0,312.7,78.7,113.6,
754,57.588,shopping bag,0.332,539.5,180.9,597.0,253.9,568.3,217.4,57.5,73.0,3
754,57.588,handbag,0.307,346.2,128.2,380.9,178.0,363.6,153.1,34.8,49.8,31
755,57.664,handbag,0.447,383.5,646.4,468.3,720.0,425.9,683.2,84.8,73.5,70
755,57.664,handbag,0.366,345.2,123.2,380.1,177.2,362.7,150.2,34.9,54.0,31
755,57.664,cardboard box,0.338,206.5,255.8,285.5,369.6,246.0,312.7,79.0,113.8,
756,57.741,handbag,0.476,383.8,647.0,467.8,719.9,425.8,683.5,84.1,73.0,70
756,57.741,handbag,0.356,344.0,122.5,380.3,177.1,362.1,149.8,36.3,54.7,31
756,57.741,cardboard box,0.301,206.5,255.9,285.9,369.8,246.2,312.9,79.3,113.9,
757,57.817,handbag,0.43,384.3,647.8,467.1,719.9,425.7,683.9,82.8,72.1,70
757,57.817,handbag,0.348,344.1,122.5,380.2,177.1,362.2,149.8,36.1,54.6,31
757,57.817,cardboard box,0.311,206.5,255.8,286.4,369.8,246.5,312.8,79.9,114.0,
757,57.817,handbag,0.25,333.8,154.8,355.0,188.6,344.4,171.7,21.2,33.8,31
758,57.894,handbag,0.463,384.3,647.1,467.4,719.9,425.9,683.5,83.0,72.8,70
758,57.894,handbag,0.367,344.7,122.6,380.1,177.0,362.4,149.8,35.3,54.4,31
758,57.894,cardboard box,0.289,206.6,255.4,286.3,369.8,246.4,312.6,79.7,114.4,
758,57.894,handbag,0.252,333.7,154.6,354.4,188.2,344.1,171.4,20.7,33.7,31
759,57.97,handbag,0.501,384.3,646.7,467.7,719.9,426.0,683.3,83.4,73.2,70
759,57.97,handbag,0.34,344.2,122.4,380.1,177.1,362.2,149.8,35.8,54.8,31
759,57.97,handbag,0.27,333.7,154.7,354.7,188.2,344.2,171.5,20.9,33.5,31
760,58.046,handbag,0.513,384.3,646.5,467.7,719.8,426.0,683.1,83.4,73.3,70
760,58.046,handbag,0.297,341.3,120.5,380.3,179.0,360.8,149.7,38.9,58.5,31
760,58.046,handbag,0.277,333.6,154.2,355.0,188.1,344.3,171.1,21.5,33.9,31
760,58.046,cardboard box,0.259,206.5,255.3,285.2,369.8,245.9,312.5,78.7,114.4,
761,58.123,handbag,0.512,384.2,646.5,467.4,719.8,425.8,683.2,83.2,73.4,70
761,58.123,handbag,0.284,341.1,120.5,380.2,179.0,360.6,149.8,39.1,58.5,31
761,58.123,handbag,0.275,333.0,155.1,355.2,188.1,344.1,171.6,22.1,33.0,31
761,58.123,cardboard box,0.255,206.2,250.7,298.8,377.7,252.5,314.2,92.6,127.0,
762,58.199,handbag,0.5,383.9,646.7,466.9,719.9,425.4,683.3,83.0,73.1,70
762,58.199,handbag,0.307,341.7,120.8,380.2,178.7,360.9,149.7,38.5,57.9,31
762,58.199,handbag,0.276,333.1,154.5,355.2,188.1,344.1,171.3,22.1,33.6,31
762,58.199,cardboard box,0.261,206.1,250.7,299.0,377.4,252.5,314.1,92.8,126.7,
763,58.275,handbag,0.513,383.7,646.9,466.4,719.9,425.1,683.4,82.6,72.9,70
763,58.275,handbag,0.309,341.7,120.8,380.1,178.7,360.9,149.8,38.4,58.0,31
763,58.275,handbag,0.284,332.9,154.6,355.3,188.2,344.1,171.4,22.3,33.6,31
764,58.352,handbag,0.523,383.4,647.4,465.8,719.8,424.6,683.6,82.4,72.4,70
764,58.352,handbag,0.255,342.6,123.1,379.8,178.2,361.2,150.7,37.1,55.1,31
765,58.428,handbag,0.501,383.1,647.2,465.4,719.8,424.2,683.5,82.3,72.6,70
765,58.428,cardboard box,0.264,206.5,255.9,284.8,370.0,245.6,313.0,78.4,114.1,
765,58.428,handbag,0.256,333.6,155.0,354.8,188.3,344.2,171.6,21.3,33.3,31
766,58.505,handbag,0.442,382.8,647.2,465.4,719.8,424.1,683.5,82.7,72.7,70
766,58.505,cardboard box,0.304,206.5,256.1,284.9,370.0,245.7,313.0,78.3,113.9,
766,58.505,handbag,0.276,342.2,123.6,379.8,178.1,361.0,150.8,37.6,54.5,31
767,58.581,handbag,0.48,382.6,647.5,465.1,719.8,423.8,683.7,82.5,72.3,70
767,58.581,handbag,0.329,345.3,123.8,379.6,176.4,362.4,150.1,34.3,52.6,31
767,58.581,handbag,0.305,333.0,156.1,354.4,187.8,343.7,171.9,21.4,31.8,31
767,58.581,cardboard box,0.289,206.5,256.0,284.8,370.0,245.7,313.0,78.3,114.0,
768,58.657,handbag,0.537,382.5,647.4,464.8,719.9,423.6,683.6,82.3,72.5,70
768,58.657,handbag,0.3,342.6,122.9,378.0,178.0,360.3,150.4,35.4,55.1,31
768,58.657,cardboard box,0.275,206.4,255.2,284.6,370.1,245.5,312.6,78.2,114.9,
768,58.657,shopping bag,0.263,445.7,111.6,493.4,212.3,469.5,161.9,47.7,100.6,17
768,58.657,handbag,0.262,332.0,155.4,354.5,187.8,343.3,171.6,22.5,32.4,31
769,58.734,handbag,0.574,382.2,647.8,464.2,719.9,423.2,683.9,81.9,72.1,70
769,58.734,handbag,0.364,330.3,155.5,354.1,188.6,342.2,172.0,23.8,33.0,31
769,58.734,shopping bag,0.283,433.4,107.9,481.0,209.8,457.2,158.8,47.6,101.9,17
769,58.734,cardboard box,0.264,206.3,252.9,284.3,369.9,245.3,311.4,78.0,117.0,
770,58.81,handbag,0.59,382.4,648.3,463.8,719.8,423.1,684.0,81.4,71.4,70
770,58.81,handbag,0.441,328.6,157.6,353.7,188.5,341.1,173.1,25.1,30.9,31
770,58.81,shopping bag,0.378,432.0,107.6,478.9,208.8,455.4,158.2,46.9,101.2,17
770,58.81,shopping bag,0.359,439.5,124.9,482.4,208.1,461.0,166.5,42.8,83.2,17
770,58.81,handbag,0.312,342.3,121.4,372.3,178.2,357.3,149.8,29.9,56.7,31
770,58.81,cardboard box,0.302,206.4,254.5,284.2,370.1,245.3,312.3,77.9,115.6,
771,58.886,shopping bag,0.6,427.9,103.5,476.1,207.1,452.0,155.3,48.3,103.5,17
771,58.886,shopping bag,0.521,382.4,647.9,462.7,720.0,422.5,683.9,80.3,72.1,70
771,58.886,cardboard box,0.338,206.4,255.0,284.6,369.7,245.5,312.4,78.2,114.7,
771,58.886,shopping bag,0.317,433.9,137.9,475.8,207.4,454.9,172.6,41.8,69.5,17
772,58.963,handbag,0.597,382.9,647.7,461.2,720.0,422.1,683.8,78.3,72.3,70
772,58.963,shopping bag,0.506,427.7,102.9,475.6,205.7,451.6,154.3,47.9,102.8,17
772,58.963,cardboard box,0.331,206.3,254.5,284.3,369.6,245.3,312.1,77.9,115.1,
772,58.963,shopping bag,0.314,433.7,140.9,474.6,206.3,454.2,173.6,40.9,65.4,17
773,59.039,shopping bag,0.498,428.0,102.3,475.1,205.8,451.6,154.0,47.0,103.5,17
773,59.039,handbag,0.423,383.9,647.6,460.8,719.5,422.4,683.6,76.9,71.9,70
773,59.039,shopping bag,0.35,432.0,140.7,474.1,206.6,453.0,173.6,42.1,65.9,17
773,59.039,cardboard box,0.339,206.3,254.6,284.3,369.5,245.3,312.1,78.0,114.9,
773,59.039,handbag,0.303,327.7,156.2,352.9,185.8,340.3,171.0,25.3,29.5,31
774,59.116,shopping bag,0.621,426.0,101.2,472.5,205.5,449.2,153.4,46.5,104.3,17
774,59.116,cardboard box,0.332,206.3,252.9,287.9,374.8,247.1,313.8,81.6,121.9,
774,59.116,shopping bag,0.319,429.4,141.6,471.7,205.6,450.6,173.6,42.3,64.0,17
774,59.116,handbag,0.258,384.4,640.2,457.8,718.8,421.1,679.5,73.4,78.6,70
775,59.192,shopping bag,0.688,426.3,102.4,472.0,201.8,449.2,152.1,45.7,99.4,17
775,59.192,cardboard box,0.298,206.3,251.4,289.5,374.6,247.9,313.0,83.2,123.2,
775,59.192,shopping bag,0.265,429.2,141.4,471.1,202.5,450.1,172.0,42.0,61.1,17
776,59.268,shopping bag,0.719,425.8,100.4,472.4,199.6,449.1,150.0,46.5,99.2,17
776,59.268,cardboard box,0.304,206.3,251.0,289.9,374.9,248.1,312.9,83.6,123.9,
777,59.345,shopping bag,0.732,425.7,97.6,472.2,196.4,448.9,147.0,46.5,98.9,17
777,59.345,shopping bag,0.354,428.1,128.5,471.4,196.6,449.8,162.5,43.3,68.2,17
777,59.345,cardboard box,0.257,206.3,255.6,284.5,369.7,245.4,312.7,78.1,114.1,
778,59.421,shopping bag,0.658,425.6,95.8,473.1,193.8,449.4,144.8,47.5,98.0,17
778,59.421,shopping bag,0.302,427.4,125.5,472.6,194.7,450.0,160.1,45.3,69.2,17
778,59.421,cardboard box,0.292,206.4,256.5,284.6,369.7,245.5,313.1,78.1,113.2,
779,59.497,shopping bag,0.614,424.9,96.7,469.0,190.2,446.9,143.5,44.1,93.5,17
779,59.497,shopping bag,0.331,427.4,131.3,469.3,190.9,448.4,161.1,41.9,59.7,17
779,59.497,cardboard box,0.294,206.4,254.6,287.8,374.0,247.1,314.3,81.4,119.4,
779,59.497,shopping basket,0.266,530.9,246.5,640.4,432.5,585.7,339.5,109.5,186.0,
780,59.574,shopping bag,0.64,422.9,93.7,467.6,188.2,445.3,141.0,44.7,94.5,17
780,59.574,shopping bag,0.323,426.4,130.0,467.3,188.3,446.9,159.2,41.0,58.2,17
780,59.574,cardboard box,0.303,206.3,254.5,290.7,374.7,248.5,314.6,84.4,120.2,
781,59.65,shopping bag,0.535,419.4,94.1,464.9,186.8,442.2,140.4,45.5,92.7,17
781,59.65,cardboard box,0.283,206.2,254.2,293.5,375.3,249.9,314.8,87.3,121.1,
782,59.727,shopping bag,0.418,416.9,93.1,463.8,185.8,440.3,139.4,46.9,92.6,17
782,59.727,cardboard box,0.272,206.1,255.6,295.3,376.1,250.7,315.8,89.2,120.5,
783,59.803,handbag,0.336,415.9,91.4,459.5,182.6,437.7,137.0,43.7,91.3,17
784,59.879,shopping bag,0.42,403.6,88.0,449.4,180.0,426.5,134.0,45.8,92.0,17
784,59.879,shopping bag,0.389,405.7,118.3,448.3,181.1,427.0,149.7,42.6,62.8,17
785,59.956,shopping bag,0.355,400.4,110.0,439.0,177.5,419.7,143.8,38.6,67.5,17
785,59.956,shopping bag,0.287,400.4,89.6,436.8,173.4,418.6,131.5,36.4,83.8,17
786,60.032,shopping bag,0.462,397.5,114.9,436.5,176.4,417.0,145.7,39.0,61.5,17
786,60.032,handbag,0.255,394.7,82.0,432.6,173.0,413.6,127.5,37.9,91.1,17
787,60.108,handbag,0.359,394.2,114.6,433.6,175.1,413.9,144.9,39.4,60.6,17
788,60.185,handbag,0.35,391.8,114.1,432.0,172.0,411.9,143.1,40.2,57.9,17
788,60.185,handbag,0.274,390.7,81.9,427.9,169.6,409.3,125.8,37.2,87.7,17
789,60.261,handbag,0.291,389.4,111.0,430.1,171.5,409.8,141.2,40.7,60.5,17
789,60.261,handbag,0.279,388.6,77.6,428.7,171.8,408.7,124.7,40.0,94.2,17
790,60.338,shopping bag,0.366,388.4,111.1,429.6,171.6,409.0,141.3,41.2,60.4,17
790,60.338,shopping bag,0.319,388.1,80.0,427.1,171.2,407.6,125.6,39.0,91.2,17
791,60.414,shopping bag,0.394,272.6,109.2,298.7,170.7,285.7,140.0,26.0,61.6,68
791,60.414,shopping bag,0.375,386.6,78.7,426.5,169.6,406.6,124.1,39.9,90.9,17
791,60.414,shopping bag,0.342,386.7,112.6,431.3,170.3,409.0,141.5,44.5,57.7,17
792,60.49,shopping bag,0.404,386.9,116.2,422.9,167.1,404.9,141.6,36.1,50.9,17
792,60.49,shopping bag,0.382,273.7,109.3,302.0,173.8,287.8,141.5,28.3,64.5,68
792,60.49,shopping bag,0.35,386.6,76.0,423.4,167.3,405.0,121.6,36.8,91.4,17
793,60.567,shopping bag,0.309,386.7,113.2,423.8,166.9,405.3,140.1,37.2,53.7,17
793,60.567,handbag,0.283,386.6,76.3,423.7,167.1,405.2,121.7,37.1,90.8,17
794,60.643,shopping bag,0.338,387.0,113.3,424.5,166.2,405.8,139.8,37.4,53.0,17
794,60.643,shopping bag,0.284,386.9,75.5,424.6,165.8,405.7,120.7,37.7,90.3,17
795,60.719,handbag,0.267,387.0,75.1,423.3,164.2,405.2,119.7,36.3,89.1,17
796,60.796,shopping bag,0.372,384.6,92.5,424.0,165.6,404.3,129.1,39.4,73.0,17
797,60.872,shopping bag,0.371,382.7,87.4,421.6,164.8,402.1,126.1,39.0,77.4,17
797,60.872,shopping bag,0.304,383.1,110.2,421.2,164.9,402.2,137.6,38.0,54.7,17
798,60.949,shopping bag,0.293,379.3,77.0,419.6,163.6,399.4,120.3,40.4,86.6,17
798,60.949,shopping bag,0.284,380.1,107.9,419.7,164.1,399.9,136.0,39.6,56.2,17
799,61.025,shopping bag,0.262,380.3,72.1,418.8,164.6,399.6,118.3,38.5,92.5,17
799,61.025,cardboard box,0.259,206.1,255.3,289.1,372.8,247.6,314.1,83.0,117.5,
800,61.101,cardboard box,0.251,206.4,254.5,292.5,371.1,249.5,312.8,86.1,116.5,
803,61.33,shopping basket,0.298,510.4,352.2,655.8,534.2,583.1,443.2,145.4,182.0,
803,61.33,cardboard box,0.278,206.2,255.6,295.4,374.0,250.8,314.8,89.2,118.4,
804,61.407,cardboard box,0.262,206.2,255.2,292.8,373.7,249.5,314.4,86.6,118.5,1
805,61.483,shopping bag,0.599,740.4,641.9,830.2,720.0,785.3,680.9,89.8,78.1,
805,61.483,cardboard box,0.282,206.5,256.2,284.6,372.4,245.5,314.3,78.1,116.1,1
806,61.56,shopping bag,0.452,739.6,627.7,832.9,720.0,786.3,673.8,93.4,92.3,
807,61.636,shopping bag,0.559,720.6,607.5,840.0,720.0,780.3,663.7,119.4,112.5,
808,61.712,shopping bag,0.465,320.4,245.9,372.5,334.5,346.4,290.2,52.1,88.5,78
808,61.712,shopping bag,0.4,346.5,89.4,378.0,137.4,362.2,113.4,31.5,47.9,17
809,61.789,shopping bag,0.621,314.9,247.9,366.2,335.9,340.6,291.9,51.4,88.0,78
809,61.789,handbag,0.331,346.2,90.1,379.2,135.7,362.7,112.9,33.1,45.6,17
809,61.789,shopping bag,0.263,738.9,579.5,835.9,720.0,787.4,649.8,97.0,140.5,
810,61.865,shopping bag,0.632,303.9,241.2,354.2,338.4,329.1,289.8,50.3,97.2,1
810,61.865,shopping bag,0.527,748.3,553.7,842.6,719.5,795.5,636.6,94.3,165.8,92
810,61.865,handbag,0.343,347.0,89.7,389.6,136.3,368.3,113.0,42.6,46.5,78
810,61.865,handbag,0.318,346.5,59.7,390.8,137.6,368.6,98.6,44.3,77.9,78
811,61.941,shopping bag,0.707,293.7,239.7,342.8,336.5,318.3,288.1,49.1,96.8,68
811,61.941,shopping bag,0.612,760.9,533.6,848.6,714.1,804.8,623.8,87.8,180.5,92
811,61.941,handbag,0.437,352.9,89.3,402.8,139.8,377.8,114.5,49.9,50.5,78
811,61.941,handbag,0.322,352.9,65.9,402.7,140.5,377.8,103.2,49.8,74.6,78
812,62.018,shopping bag,0.764,289.1,236.1,336.5,335.1,312.8,285.6,47.5,99.0,68
812,62.018,shopping bag,0.7,775.3,531.6,855.9,688.7,815.6,610.1,80.6,157.1,92
812,62.018,handbag,0.358,356.5,87.5,408.5,136.6,382.5,112.1,52.1,49.1,78
813,62.094,shopping bag,0.821,283.0,230.5,330.2,327.8,306.6,279.2,47.3,97.3,68
813,62.094,shopping bag,0.43,789.2,538.8,861.6,681.5,825.4,610.1,72.4,142.7,92
813,62.094,handbag,0.37,362.8,84.3,410.1,133.3,386.5,108.8,47.3,49.0,78
813,62.094,handbag,0.36,362.6,55.4,411.2,133.7,386.9,94.5,48.6,78.3,78
814,62.171,shopping bag,0.708,277.2,231.2,326.6,328.4,301.9,279.8,49.4,97.3,68
814,62.171,shopping bag,0.478,795.8,552.6,864.1,671.9,830.0,612.2,68.3,119.3,92
814,62.171,handbag,0.347,365.2,51.9,413.4,130.7,389.3,91.3,48.2,78.8,
814,62.171,handbag,0.279,365.4,81.2,412.1,130.4,388.8,105.8,46.8,49.2,78
815,62.247,shopping bag,0.713,269.5,226.6,320.7,304.0,295.1,265.3,51.2,77.4,68
815,62.247,handbag,0.411,800.6,546.9,864.5,662.1,832.5,604.5,63.9,115.2,92
815,62.247,handbag,0.362,370.1,79.1,415.2,127.7,392.6,103.4,45.1,48.6,78
815,62.247,shopping bag,0.305,206.8,252.3,274.1,375.2,240.4,313.8,67.3,122.9,1
815,62.247,handbag,0.286,370.0,50.5,416.3,127.8,393.2,89.2,46.2,77.3,
816,62.323,handbag,0.624,802.0,544.5,867.0,657.9,834.5,601.2,65.0,113.3,92
816,62.323,shopping bag,0.574,268.2,223.1,317.9,304.0,293.1,263.5,49.7,80.9,68
816,62.323,handbag,0.489,374.0,54.8,419.9,126.8,397.0,90.8,45.9,72.1,
816,62.323,handbag,0.421,374.0,76.3,419.1,126.7,396.5,101.5,45.1,50.4,78
816,62.323,shopping bag,0.352,206.9,253.0,273.9,374.3,240.4,313.6,67.1,121.3,1
817,62.4,handbag,0.657,801.8,537.8,867.0,653.7,834.4,595.7,65.2,115.9,92
817,62.4,shopping bag,0.551,267.0,222.8,315.9,302.7,291.4,262.8,48.9,79.8,68
817,62.4,handbag,0.49,377.5,57.9,422.0,126.2,399.8,92.0,44.4,68.3,17
817,62.4,shopping bag,0.31,206.9,253.0,273.5,374.0,240.2,313.5,66.6,121.0,1
818,62.476,handbag,0.708,800.4,538.2,864.6,647.7,832.5,593.0,64.2,109.5,92
818,62.476,shopping bag,0.604,266.1,214.0,311.8,300.8,289.0,257.4,45.7,86.8,68
818,62.476,handbag,0.522,381.5,74.3,422.6,124.4,402.0,99.4,41.1,50.2,17
818,62.476,shopping bag,0.423,381.3,48.2,423.0,123.7,402.2,86.0,41.7,75.5,17
818,62.476,shopping bag,0.275,207.1,250.5,273.2,373.5,240.2,312.0,66.0,123.0,1
819,62.553,handbag,0.683,798.9,534.8,863.4,642.1,831.1,588.4,64.5,107.3,92
819,62.553,shopping bag,0.642,264.7,214.4,310.2,297.5,287.4,256.0,45.5,83.1,68
819,62.553,handbag,0.465,385.1,73.2,424.6,122.5,404.9,97.8,39.4,49.3,17
820,62.629,shopping bag,0.667,797.3,533.0,860.0,637.2,828.7,585.1,62.7,104.2,92
820,62.629,shopping bag,0.647,262.7,216.1,307.3,294.8,285.0,255.5,44.5,78.7,68
820,62.629,handbag,0.253,387.2,72.2,428.0,119.8,407.6,96.0,40.8,47.6,17
821,62.705,shopping bag,0.738,260.4,217.1,304.8,293.1,282.6,255.1,44.4,76.0,68
821,62.705,handbag,0.57,792.6,533.3,854.2,633.8,823.4,583.5,61.7,100.5,92
821,62.705,shopping bag,0.382,328.8,457.6,441.8,554.6,385.3,506.1,113.0,97.0,1
821,62.705,handbag,0.338,390.6,65.8,432.5,114.1,411.6,90.0,41.9,48.3,17
821,62.705,shopping basket,0.277,414.5,364.8,538.1,527.4,476.3,446.1,123.6,162.5,
822,62.782,shopping bag,0.784,258.7,211.6,303.7,293.3,281.2,252.5,45.0,81.6,68
822,62.782,handbag,0.555,790.4,529.6,851.9,631.1,821.2,580.4,61.5,101.5,92
822,62.782,handbag,0.445,393.9,63.9,436.7,110.2,415.3,87.0,42.8,46.3,17
822,62.782,shopping bag,0.327,326.3,458.0,434.7,561.3,380.5,509.6,108.4,103.3,1
822,62.782,shopping bag,0.253,206.4,253.7,291.4,363.6,248.9,308.6,85.0,109.9,1
823,62.858,shopping bag,0.714,257.9,209.8,303.5,294.0,280.7,251.9,45.6,84.2,68
823,62.858,handbag,0.633,788.6,528.7,850.9,628.8,819.8,578.7,62.4,100.0,92
823,62.858,shopping bag,0.35,206.2,254.6,282.9,357.8,244.6,306.2,76.7,103.2,1
823,62.858,handbag,0.345,397.6,61.9,440.2,106.4,418.9,84.2,42.5,44.5,17
824,62.934,shopping bag,0.628,258.6,211.8,302.8,292.7,280.7,252.2,44.2,80.8,68
824,62.934,handbag,0.528,786.7,523.2,851.1,625.0,818.9,574.1,64.3,101.7,92
824,62.934,shopping bag,0.437,206.2,253.4,283.7,357.5,245.0,305.4,77.5,104.1,1
824,62.934,shopping bag,0.282,401.4,33.4,444.2,105.2,422.8,69.3,42.8,71.9,17
824,62.934,handbag,0.277,401.4,59.7,442.4,105.3,421.9,82.5,41.0,45.5,17
825,63.011,shopping bag,0.68,257.8,209.6,303.8,293.6,280.8,251.6,46.0,84.0,68
825,63.011,handbag,0.532,406.4,59.6,446.7,103.6,426.5,81.6,40.3,44.0,17
825,63.011,handbag,0.41,784.6,515.3,847.9,621.9,816.2,568.6,63.3,106.6,92
825,63.011,handbag,0.255,406.1,32.9,449.0,103.5,427.5,68.2,42.9,70.6,17
826,63.087,shopping bag,0.598,258.8,210.3,304.7,294.2,281.8,252.2,45.9,83.9,68
826,63.087,handbag,0.433,784.0,515.9,846.6,620.0,815.3,567.9,62.6,104.0,92
826,63.087,handbag,0.377,407.3,58.8,447.8,103.7,427.6,81.2,40.5,44.9,17
827,63.164,shopping bag,0.772,258.2,206.5,305.8,297.2,282.0,251.9,47.6,90.7,68
827,63.164,handbag,0.53,783.6,512.0,841.8,615.0,812.7,563.5,58.2,103.1,92
827,63.164,handbag,0.281,413.0,35.9,455.5,100.7,434.2,68.3,42.4,64.8,17
827,63.164,handbag,0.276,303.5,476.5,416.2,573.8,359.9,525.2,112.7,97.4,1
827,63.164,cardboard box,0.264,138.8,605.0,230.0,709.1,184.4,657.1,91.2,104.1,1
828,63.24,shopping bag,0.716,258.2,209.7,305.5,297.8,281.9,253.8,47.3,88.1,68
828,63.24,handbag,0.488,784.5,512.7,844.0,613.3,814.2,563.0,59.4,100.6,92
828,63.24,handbag,0.343,298.1,479.3,413.2,579.6,355.6,529.5,115.0,100.3,1
828,63.24,shopping bag,0.291,374.1,423.1,467.1,554.7,420.6,488.9,93.0,131.6,
828,63.24,handbag,0.274,417.2,41.9,459.5,101.9,438.4,71.9,42.3,60.1,17
829,63.316,shopping bag,0.426,786.7,512.4,846.2,611.0,816.4,561.7,59.5,98.7,92
829,63.316,shopping bag,0.408,258.3,216.8,301.7,294.2,280.0,255.5,43.4,77.4,68
829,63.316,shopping bag,0.386,257.9,216.4,303.8,339.2,280.8,277.8,46.0,122.8,
829,63.316,shopping bag,0.295,303.1,482.1,411.6,589.0,357.3,535.6,108.5,106.9,1
830,63.393,shopping bag,0.514,258.7,218.1,300.6,293.8,279.6,256.0,41.9,75.7,68
830,63.393,shopping bag,0.486,258.7,217.3,302.4,337.8,280.6,277.6,43.7,120.4,
830,63.393,shopping bag,0.415,789.0,509.7,848.3,609.6,818.7,559.6,59.3,99.9,92
830,63.393,handbag,0.325,432.6,60.9,472.9,98.1,452.7,79.5,40.4,37.1,
831,63.469,handbag,0.48,794.8,506.5,851.6,608.9,823.2,557.7,56.8,102.4,92
831,63.469,shopping bag,0.456,258.8,217.8,300.7,293.2,279.7,255.5,41.9,75.4,68
831,63.469,shopping bag,0.396,258.8,216.6,303.0,345.0,280.9,280.8,44.2,128.4,
831,63.469,handbag,0.29,441.4,57.6,479.1,95.9,460.2,76.8,37.7,38.4,
832,63.545,shopping bag,0.507,258.3,217.2,301.2,292.3,279.8,254.8,42.9,75.0,68
832,63.545,shopping bag,0.446,797.3,504.5,853.6,608.7,825.5,556.6,56.3,104.3,92
832,63.545,handbag,0.271,447.2,23.2,485.8,94.0,466.5,58.6,38.6,70.9,
832,63.545,shopping basket,0.26,290.7,487.4,408.1,601.4,349.4,544.4,117.5,113.9,1
832,63.545,shopping bag,0.255,257.2,214.6,302.9,343.7,280.1,279.2,45.7,129.1,
833,63.622,shopping bag,0.425,259.3,219.8,302.2,293.2,280.8,256.5,42.9,73.4,68
833,63.622,handbag,0.425,800.8,507.3,856.8,610.0,828.8,558.6,56.0,102.7,92
833,63.622,shopping bag,0.278,257.5,218.3,303.1,337.4,280.3,277.9,45.5,119.1,
834,63.698,shopping bag,0.662,258.6,213.4,303.4,344.7,281.0,279.0,44.8,131.3,
834,63.698,shopping bag,0.571,260.3,213.4,302.3,292.8,281.3,253.1,42.0,79.4,68
834,63.698,handbag,0.563,805.2,503.5,860.3,609.1,832.8,556.3,55.1,105.6,92
834,63.698,handbag,0.301,455.4,24.0,493.0,92.2,474.2,58.1,37.6,68.2,
834,63.698,handbag,0.263,455.8,49.0,492.2,91.4,474.0,70.2,36.4,42.3,
835,63.775,shopping bag,0.656,259.6,208.9,302.9,293.5,281.2,251.2,43.4,84.6,68
835,63.775,shopping bag,0.572,258.4,206.9,304.0,346.7,281.2,276.8,45.5,139.7,
835,63.775,handbag,0.491,811.3,503.3,864.9,607.8,838.1,555.6,53.6,104.5,92
835,63.775,handbag,0.433,460.3,48.0,494.0,89.5,477.1,68.8,33.8,41.5,
835,63.775,handbag,0.299,459.7,32.2,495.8,90.8,477.8,61.5,36.1,58.6,
835,63.775,cardboard box,0.295,206.7,254.6,284.0,358.2,245.3,306.4,77.3,103.6,
836,63.851,shopping bag,0.628,258.9,206.6,303.6,347.8,281.3,277.2,44.7,141.2,
836,63.851,shopping bag,0.553,260.0,208.7,302.8,293.2,281.4,251.0,42.9,84.5,68
836,63.851,handbag,0.48,813.0,503.1,867.2,606.7,840.1,554.9,54.2,103.6,92
836,63.851,handbag,0.364,462.2,47.2,496.6,89.0,479.4,68.1,34.4,41.8,
836,63.851,cardboard box,0.346,206.8,254.3,283.8,357.1,245.3,305.7,77.0,102.8,
836,63.851,shopping basket,0.288,424.2,366.3,530.3,465.1,477.3,415.7,106.1,98.8,
837,63.927,shopping bag,0.673,261.7,205.4,303.7,351.7,282.7,278.5,42.0,146.3,
837,63.927,handbag,0.528,818.2,499.4,871.6,606.7,844.9,553.1,53.4,107.3,92
837,63.927,shopping bag,0.415,262.4,206.9,303.0,294.8,282.7,250.9,40.5,87.9,68
837,63.927,cardboard box,0.323,206.7,253.4,283.7,361.2,245.2,307.3,77.0,107.8,
837,63.927,handbag,0.28,466.5,45.1,498.9,82.6,482.7,63.8,32.4,37.5,
837,63.927,shopping basket,0.276,425.5,366.6,531.8,464.7,478.7,415.7,106.3,98.1,
838,64.004,handbag,0.66,820.7,504.3,874.1,606.2,847.4,555.2,53.4,101.9,92
838,64.004,shopping bag,0.636,262.9,205.6,308.9,356.4,285.9,281.0,46.0,150.8,
838,64.004,shopping bag,0.317,263.3,206.5,306.9,313.9,285.1,260.2,43.7,107.5,68
838,64.004,cardboard box,0.269,206.4,250.9,283.1,369.1,244.8,310.0,76.7,118.1,
838,64.004,shopping basket,0.258,424.9,366.6,531.5,465.9,478.2,416.3,106.6,99.3,
839,64.08,handbag,0.641,824.5,503.9,878.4,604.9,851.5,554.4,53.9,100.9,92
839,64.08,handbag,0.481,472.1,38.9,505.0,82.0,488.6,60.4,32.9,43.1,
839,64.08,cardboard box,0.273,206.3,251.9,283.7,370.1,245.0,311.0,77.4,118.2,
840,64.156,handbag,0.671,825.8,504.0,880.6,605.3,853.2,554.7,54.9,101.3,92
840,64.156,handbag,0.466,474.2,35.8,506.2,78.1,490.2,56.9,32.0,42.3,
840,64.156,shopping bag,0.424,268.4,205.5,312.7,283.1,290.5,244.3,44.3,77.5,68
840,64.156,cardboard box,0.326,206.7,255.0,287.8,362.5,247.3,308.7,81.1,107.5,
841,64.233,handbag,0.593,826.9,507.0,882.0,604.4,854.5,555.7,55.1,97.4,92
841,64.233,handbag,0.423,477.7,33.9,508.9,76.8,493.3,55.4,31.2,42.9,
841,64.233,cardboard box,0.307,206.3,255.6,294.7,370.5,250.5,313.0,88.3,114.9,
841,64.233,handbag,0.287,477.0,12.0,509.5,77.4,493.2,44.7,32.5,65.3,
842,64.309,handbag,0.569,829.2,505.5,882.9,604.6,856.0,555.1,53.7,99.1,92
842,64.309,handbag,0.439,481.7,34.5,509.6,75.3,495.7,54.9,27.9,40.7,
842,64.309,cardboard box,0.31,206.7,254.4,287.5,362.7,247.1,308.5,80.8,108.3,
843,64.386,handbag,0.561,829.7,505.7,883.3,604.7,856.5,555.2,53.6,99.0,92
843,64.386,handbag,0.339,482.4,33.7,511.5,74.1,497.0,53.9,29.1,40.4,
843,64.386,cardboard box,0.313,206.1,255.1,294.6,369.3,250.4,312.2,88.6,114.2,
844,64.462,handbag,0.585,830.2,508.1,883.8,604.7,857.0,556.4,53.5,96.6,92
844,64.462,shopping bag,0.583,269.8,209.1,311.6,292.2,290.7,250.7,41.8,83.1,68
844,64.462,handbag,0.317,484.2,33.8,512.6,71.9,498.4,52.8,28.4,38.1,
844,64.462,cardboard box,0.291,206.3,255.9,291.9,371.0,249.1,313.5,85.5,115.1,
845,64.538,handbag,0.566,830.3,507.6,883.7,604.6,857.0,556.1,53.4,97.1,92
845,64.538,handbag,0.452,485.9,33.2,512.7,71.6,499.3,52.4,26.7,38.5,
845,64.538,shopping bag,0.428,267.4,207.9,309.2,292.1,288.3,250.0,41.8,84.2,68
846,64.615,handbag,0.588,829.8,506.7,883.5,604.8,856.7,555.8,53.6,98.1,92
846,64.615,shopping bag,0.396,269.0,210.4,308.6,300.4,288.8,255.4,39.6,89.9,3
847,64.691,handbag,0.584,829.4,507.1,883.0,604.8,856.2,556.0,53.6,97.8,92
847,64.691,shopping bag,0.435,268.8,215.1,311.5,354.3,290.2,284.7,42.7,139.2,3
847,64.691,handbag,0.266,490.7,33.4,519.1,72.1,504.9,52.8,28.5,38.8,
848,64.767,handbag,0.599,828.2,508.7,882.3,604.7,855.3,556.7,54.1,96.0,92
848,64.767,shopping bag,0.454,267.8,219.7,305.1,357.1,286.5,288.4,37.3,137.4,3
848,64.767,handbag,0.387,492.9,33.3,520.5,71.8,506.7,52.6,27.6,38.5,
848,64.767,cardboard box,0.26,206.8,257.7,283.8,367.4,245.3,312.6,77.0,109.7,
849,64.844,handbag,0.667,827.2,506.5,881.9,605.5,854.5,556.0,54.7,99.0,92
849,64.844,shopping bag,0.621,231.0,220.0,303.1,358.1,267.0,289.0,72.1,138.2,
849,64.844,shopping bag,0.599,259.7,222.5,303.3,355.5,281.5,289.0,43.7,133.0,
850,64.92,handbag,0.68,826.2,507.2,881.0,604.8,853.6,556.0,54.8,97.6,92
850,64.92,shopping bag,0.513,265.1,226.6,303.7,354.7,284.4,290.6,38.6,128.1,3
850,64.92,handbag,0.28,331.3,430.0,411.3,610.3,371.3,520.1,80.0,180.3,3
851,64.997,handbag,0.678,825.7,509.1,880.5,603.8,853.1,556.5,54.7,94.7,92
851,64.997,shopping bag,0.501,259.8,216.8,302.5,353.0,281.1,284.9,42.7,136.3,
851,64.997,shopping bag,0.308,262.2,223.0,302.1,321.5,282.2,272.2,39.9,98.5,
852,65.073,handbag,0.695,824.1,513.0,878.2,601.7,851.2,557.4,54.1,88.7,92
852,65.073,shopping bag,0.445,217.0,218.5,302.3,333.2,259.6,275.9,85.3,114.7,
852,65.073,shopping bag,0.319,255.6,220.8,302.3,330.1,279.0,275.4,46.8,109.3,68
852,65.073,cardboard box,0.252,138.3,605.8,259.7,718.5,199.0,662.1,121.4,112.7,1
853,65.149,handbag,0.657,824.4,516.3,877.9,599.8,851.2,558.1,53.5,83.4,92
853,65.149,shopping bag,0.492,253.7,217.2,301.9,335.6,277.8,276.4,48.3,118.4,68
853,65.149,shopping bag,0.475,229.7,217.5,302.9,331.7,266.3,274.6,73.2,114.2,
853,65.149,shopping bag,0.3,206.6,256.7,280.5,370.3,243.6,313.5,73.9,113.5,
853,65.149,shopping bag,0.272,217.2,216.0,300.5,300.0,258.8,258.0,83.3,84.0,68
854,65.226,handbag,0.576,823.3,517.9,876.6,597.9,849.9,557.9,53.2,80.0,92
855,65.302,handbag,0.577,820.7,521.6,874.8,595.1,847.7,558.4,54.1,73.5,92
855,65.302,shopping bag,0.328,206.7,255.5,290.8,356.7,248.8,306.1,84.0,101.2,1
855,65.302,shopping bag,0.296,253.7,203.9,296.4,282.8,275.1,243.3,42.7,78.9,68
856,65.378,handbag,0.515,819.2,521.5,873.4,594.9,846.3,558.2,54.2,73.4,92
856,65.378,shopping bag,0.452,206.2,250.6,290.1,358.4,248.2,304.5,83.9,107.7,1
856,65.378,handbag,0.255,118.5,346.8,179.0,405.7,148.7,376.3,60.5,58.9,
857,65.455,handbag,0.509,816.7,521.7,871.7,594.0,844.2,557.9,55.0,72.3,92
857,65.455,shopping bag,0.363,205.3,246.4,295.2,359.7,250.2,303.1,89.9,113.2,1
857,65.455,cardboard box,0.277,138.3,605.6,259.9,718.5,199.1,662.0,121.6,112.9,1
858,65.531,handbag,0.558,814.8,522.7,870.5,594.2,842.7,558.5,55.7,71.5,92
858,65.531,cardboard box,0.316,138.3,605.6,259.4,718.5,198.8,662.0,121.1,112.9,1
859,65.608,shopping bag,0.499,814.1,523.0,869.2,593.7,841.7,558.4,55.2,70.7,92
859,65.608,cardboard box,0.319,138.3,605.6,259.0,718.5,198.7,662.0,120.7,112.9,1
859,65.608,shopping bag,0.318,289.8,438.5,408.9,610.8,349.4,524.7,119.1,172.3,3
860,65.684,handbag,0.519,812.4,522.2,866.9,595.4,839.7,558.8,54.4,73.2,92
860,65.684,cardboard box,0.33,138.4,605.6,259.0,718.5,198.7,662.1,120.6,112.9,1
861,65.76,handbag,0.512,811.6,522.8,866.3,595.9,838.9,559.3,54.7,73.1,92
861,65.76,cardboard box,0.346,138.4,605.6,258.8,718.5,198.6,662.0,120.3,112.9,1
861,65.76,shopping bag,0.274,257.4,207.3,299.1,300.6,278.3,253.9,41.7,93.3,3
862,65.837,handbag,0.44,811.4,523.4,864.9,598.5,838.2,560.9,53.5,75.1,92
862,65.837,shopping bag,0.419,258.5,206.2,297.4,286.5,277.9,246.3,38.9,80.3,3
862,65.837,handbag,0.252,493.0,21.5,520.7,60.0,506.8,40.8,27.7,38.5,
863,65.913,handbag,0.423,809.7,522.0,864.3,602.0,837.0,562.0,54.6,80.1,92
863,65.913,shopping bag,0.349,263.0,204.8,300.5,277.3,281.8,241.0,37.6,72.5,68
863,65.913,shopping bag,0.253,303.5,483.2,409.9,611.2,356.7,547.2,106.4,128.0,3
864,65.989,handbag,0.468,809.5,523.6,863.5,602.8,836.5,563.2,54.0,79.2,92
864,65.989,shopping bag,0.304,304.9,483.6,410.7,611.8,357.8,547.7,105.9,128.2,3
865,66.066,handbag,0.452,808.3,515.8,864.1,605.4,836.2,560.6,55.8,89.6,92
865,66.066,backpack,0.277,594.3,72.3,644.1,119.4,619.2,95.9,49.8,47.1,103
865,66.066,handbag,0.274,311.9,483.1,411.3,611.5,361.6,547.3,99.3,128.4,3
865,66.066,backpack,0.258,594.2,74.2,625.2,118.5,609.7,96.3,31.0,44.3,103
866,66.142,handbag,0.523,808.1,516.7,863.9,606.6,836.0,561.7,55.8,90.0,92
866,66.142,backpack,0.263,594.3,71.4,644.1,118.6,619.2,95.0,49.8,47.2,103
867,66.219,handbag,0.561,808.5,505.9,863.8,607.6,836.2,556.7,55.3,101.7,92
867,66.219,shopping bag,0.508,204.7,246.9,282.1,358.1,243.4,302.5,77.4,111.2,1
868,66.295,handbag,0.551,808.7,506.4,863.3,607.5,836.0,557.0,54.6,101.1,92
868,66.295,shopping bag,0.455,798.9,330.9,910.2,430.6,854.6,380.8,111.3,99.8,92
868,66.295,shopping bag,0.302,205.5,250.2,284.7,361.0,245.1,305.6,79.2,110.8,1
868,66.295,handbag,0.275,312.7,483.2,412.2,610.8,362.5,547.0,99.4,127.6,3
869,66.371,handbag,0.534,808.0,504.6,862.9,608.2,835.4,556.4,55.0,103.6,92
869,66.371,handbag,0.362,275.5,253.1,326.4,321.6,301.0,287.4,50.8,68.5,3
869,66.371,handbag,0.297,313.6,483.2,411.0,610.9,362.3,547.1,97.4,127.8,3
870,66.448,handbag,0.455,808.8,521.8,861.1,608.1,834.9,565.0,52.3,86.3,92
870,66.448,shopping bag,0.353,393.6,454.6,484.8,569.4,439.2,512.0,91.2,114.8,3
870,66.448,shopping bag,0.297,267.0,216.4,296.8,290.8,281.9,253.6,29.9,74.3,3
870,66.448,handbag,0.251,485.2,22.3,517.3,57.1,501.2,39.7,32.1,34.8,
871,66.524,shopping bag,0.401,267.4,218.8,296.0,290.9,281.7,254.9,28.6,72.1,
871,66.524,handbag,0.368,808.2,519.4,861.6,607.7,834.9,563.6,53.4,88.3,92
871,66.524,shopping bag,0.359,395.2,458.2,486.3,569.3,440.8,513.7,91.2,111.1,3
871,66.524,handbag,0.284,484.8,22.2,518.1,57.6,501.5,39.9,33.3,35.4,
872,66.6,shopping bag,0.451,264.9,220.7,298.0,291.5,281.5,256.1,33.1,70.9,
872,66.6,handbag,0.393,807.5,510.1,861.5,606.6,834.5,558.3,54.0,96.5,92
872,66.6,handbag,0.298,485.9,21.8,517.3,57.4,501.6,39.6,31.4,35.6,
872,66.6,shopping bag,0.296,831.6,361.9,935.1,465.0,883.4,413.5,103.5,103.2,
873,66.677,shopping bag,0.524,261.9,220.5,300.2,293.7,281.1,257.1,38.3,73.2,
873,66.677,handbag,0.364,806.9,508.7,861.6,606.2,834.3,557.5,54.7,97.5,92
873,66.677,handbag,0.293,486.1,22.3,517.6,57.5,501.8,39.9,31.5,35.2,
874,66.753,shopping bag,0.573,260.2,218.8,299.9,293.6,280.0,256.2,39.7,74.9,68
874,66.753,shopping bag,0.35,845.3,374.4,949.9,481.9,897.6,428.1,104.6,107.5,
874,66.753,handbag,0.292,802.2,507.4,861.0,628.1,831.6,567.7,58.8,120.7,92
875,66.83,shopping bag,0.681,255.8,213.6,299.2,289.5,277.5,251.5,43.4,75.9,68
875,66.83,handbag,0.283,804.5,506.8,859.8,612.5,832.1,559.7,55.2,105.7,92
875,66.83,shopping bag,0.263,205.8,249.1,272.4,354.0,239.1,301.5,66.6,104.9,1
876,66.906,shopping bag,0.453,247.5,212.1,299.5,291.3,273.5,251.7,52.0,79.3,68
876,66.906,shopping bag,0.439,865.3,395.1,978.0,498.9,921.7,447.0,112.7,103.8,
876,66.906,handbag,0.378,804.0,505.4,858.9,609.1,831.4,557.3,54.9,103.6,92
876,66.906,shopping bag,0.307,207.3,211.2,300.6,361.5,254.0,286.3,93.3,150.3,1
877,66.982,handbag,0.357,803.7,506.7,858.4,609.0,831.1,557.8,54.7,102.3,92
878,67.059,shopping bag,0.604,895.6,412.1,1005.7,519.9,950.6,466.0,110.1,107.8,
878,67.059,handbag,0.286,804.1,517.7,858.0,609.0,831.0,563.4,53.9,91.3,92
878,67.059,shopping bag,0.267,257.0,211.5,294.0,288.6,275.5,250.0,37.0,77.1,68
879,67.135,shopping bag,0.437,907.1,419.3,1017.6,527.1,962.3,473.2,110.5,107.8,
879,67.135,shopping bag,0.313,258.6,215.5,296.0,289.6,277.3,252.5,37.4,74.1,68
880,67.211,shopping bag,0.602,921.1,428.4,1033.3,539.0,977.2,483.7,112.3,110.6,
880,67.211,shopping bag,0.4,262.1,220.9,298.5,282.5,280.3,251.7,36.4,61.6,68
880,67.211,handbag,0.301,488.2,20.5,516.5,57.1,502.3,38.8,28.2,36.6,
881,67.288,shopping bag,0.482,930.3,434.6,1043.8,546.0,987.1,490.3,113.5,111.4,
881,67.288,shopping bag,0.315,263.2,221.8,299.7,278.8,281.5,250.3,36.5,57.0,68
881,67.288,handbag,0.3,488.2,20.5,516.5,57.0,502.4,38.7,28.2,36.4,
882,67.364,shopping bag,0.561,947.5,445.1,1058.9,559.0,1003.2,502.1,111.4,113.9,
882,67.364,shopping bag,0.492,265.0,220.1,305.7,288.5,285.4,254.3,40.7,68.5,68
882,67.364,handbag,0.276,488.6,21.0,516.8,57.2,502.7,39.1,28.1,36.2,
883,67.441,shopping bag,0.539,956.7,452.6,1070.3,566.8,1013.5,509.7,113.7,114.2,78
883,67.441,shopping bag,0.471,265.8,218.0,306.7,289.1,286.2,253.6,40.9,71.2,68
883,67.441,handbag,0.26,488.5,19.5,515.9,57.0,502.2,38.2,27.4,37.5,
884,67.517,shopping bag,0.534,266.8,217.0,307.8,297.2,287.3,257.1,41.0,80.2,68
884,67.517,shopping bag,0.349,978.4,465.7,1089.9,578.0,1034.1,521.8,111.5,112.3,78
885,67.593,shopping bag,0.733,1000.6,476.4,1111.9,592.6,1056.3,534.5,111.4,116.2,78
885,67.593,shopping bag,0.476,267.1,218.7,307.4,299.4,287.3,259.0,40.3,80.7,68
885,67.593,handbag,0.462,802.7,506.5,857.2,610.0,830.0,558.3,54.5,103.5,92
886,67.67,shopping bag,0.771,1018.6,485.2,1127.6,604.4,1073.1,544.8,109.0,119.1,78
886,67.67,handbag,0.672,802.5,506.6,857.1,609.8,829.8,558.2,54.6,103.2,92
886,67.67,shopping bag,0.589,267.0,218.5,307.0,299.0,287.0,258.8,40.0,80.6,68
887,67.746,handbag,0.667,801.8,506.0,856.5,610.1,829.2,558.0,54.7,104.2,92
887,67.746,shopping bag,0.6,1030.5,491.9,1139.1,612.0,1084.8,552.0,108.5,120.1,78
887,67.746,shopping bag,0.481,266.9,217.5,306.4,297.2,286.6,257.4,39.5,79.7,68
888,67.823,handbag,0.651,801.8,505.3,856.4,609.7,829.1,557.5,54.6,104.4,92
888,67.823,shopping bag,0.534,266.5,219.5,305.8,295.1,286.2,257.3,39.4,75.6,68
888,67.823,shopping bag,0.402,1047.2,503.9,1155.2,623.7,1101.2,563.8,107.9,119.8,78
889,67.899,shopping bag,0.75,1059.2,510.7,1163.4,631.7,1111.3,571.2,104.2,120.9,78
889,67.899,handbag,0.65,802.1,505.2,856.7,609.8,829.4,557.5,54.6,104.6,92
889,67.899,shopping bag,0.529,266.3,219.2,305.6,295.3,285.9,257.3,39.3,76.2,68
890,67.975,handbag,0.639,801.9,504.9,856.1,609.7,829.0,557.3,54.3,104.8,92
890,67.975,shopping bag,0.457,266.2,221.6,305.4,294.4,285.8,258.0,39.2,72.8,68
890,67.975,shopping bag,0.396,1069.8,517.8,1174.5,642.8,1122.2,580.3,104.7,125.1,78
891,68.052,handbag,0.641,801.4,503.1,855.9,609.8,828.6,556.4,54.5,106.8,92
891,68.052,shopping bag,0.307,266.2,222.5,305.6,294.7,285.9,258.6,39.4,72.2,68
892,68.128,handbag,0.628,802.3,503.5,856.1,609.4,829.2,556.4,53.8,105.9,92
892,68.128,shopping bag,0.293,265.8,225.1,306.2,290.6,286.0,257.9,40.4,65.5,68
893,68.204,handbag,0.612,801.7,502.2,856.4,608.6,829.0,555.4,54.6,106.3,92
893,68.204,handbag,0.372,487.4,20.6,515.0,56.2,501.2,38.4,27.6,35.6,
893,68.204,shopping bag,0.296,265.9,225.1,306.5,290.5,286.2,257.8,40.6,65.3,68
894,68.281,handbag,0.603,801.5,502.3,855.9,608.4,828.7,555.3,54.4,106.0,92
894,68.281,handbag,0.381,487.3,21.0,514.8,56.0,501.0,38.5,27.6,35.0,
895,68.357,handbag,0.645,802.2,502.4,856.4,607.7,829.3,555.1,54.2,105.3,92
895,68.357,handbag,0.414,487.2,20.9,515.3,55.9,501.3,38.4,28.1,35.0,
896,68.434,handbag,0.649,802.2,501.9,856.5,607.5,829.4,554.7,54.3,105.6,92
896,68.434,handbag,0.358,487.0,21.3,515.6,55.5,501.3,38.4,28.6,34.2,
897,68.51,handbag,0.675,801.6,501.2,856.2,607.7,828.9,554.4,54.6,106.5,92
897,68.51,handbag,0.414,487.1,21.0,515.4,56.1,501.2,38.6,28.3,35.1,
897,68.51,shopping bag,0.28,266.5,223.5,307.0,296.9,286.8,260.2,40.4,73.5,68
898,68.586,handbag,0.686,801.6,501.8,856.2,607.6,828.9,554.7,54.7,105.8,92
898,68.586,handbag,0.466,486.7,20.8,515.0,56.6,500.9,38.7,28.3,35.8,
899,68.663,handbag,0.671,801.5,501.1,856.2,607.7,828.9,554.4,54.7,106.5,92
899,68.663,handbag,0.428,486.7,20.9,515.3,56.6,501.0,38.7,28.6,35.7,
900,68.739,handbag,0.69,801.5,501.1,855.8,608.2,828.6,554.7,54.3,107.0,92
900,68.739,handbag,0.427,486.7,20.8,515.0,56.6,500.8,38.7,28.4,35.8,
901,68.815,handbag,0.694,801.5,501.2,855.7,608.1,828.6,554.7,54.3,107.0,92
901,68.815,handbag,0.474,487.2,20.6,515.0,56.6,501.1,38.6,27.8,36.0,
902,68.892,handbag,0.698,801.5,501.1,855.8,608.1,828.6,554.6,54.3,107.0,92
902,68.892,shopping bag,0.453,487.1,22.0,513.9,56.2,500.5,39.1,26.8,34.2,
903,68.968,handbag,0.699,801.4,501.1,855.8,608.2,828.6,554.6,54.3,107.1,92
903,68.968,handbag,0.462,487.8,21.1,515.0,56.4,501.4,38.8,27.2,35.3,
903,68.968,shopping bag,0.253,266.4,223.3,306.3,295.1,286.4,259.2,39.9,71.9,68
904,69.045,handbag,0.701,801.4,501.2,855.8,608.0,828.6,554.6,54.4,106.9,92
904,69.045,shopping bag,0.441,488.3,21.5,513.9,56.1,501.1,38.8,25.6,34.6,
904,69.045,shopping bag,0.28,266.4,223.2,306.2,295.4,286.3,259.3,39.7,72.2,68
905,69.121,handbag,0.701,801.5,501.3,855.8,608.0,828.6,554.6,54.4,106.8,92
905,69.121,shopping bag,0.357,488.5,21.2,513.7,56.1,501.1,38.6,25.2,34.9,
905,69.121,shopping bag,0.315,266.4,223.0,306.3,295.0,286.3,259.0,39.8,72.0,68
906,69.197,handbag,0.704,801.5,501.2,855.7,607.9,828.6,554.6,54.2,106.7,92
906,69.197,shopping bag,0.319,266.5,222.3,306.3,295.1,286.4,258.7,39.8,72.9,68
906,69.197,shopping bag,0.291,488.6,21.2,513.1,55.7,500.9,38.4,24.5,34.6,
907,69.274,handbag,0.704,801.5,501.3,855.7,607.8,828.6,554.6,54.2,106.5,92
907,69.274,shopping bag,0.324,266.4,221.6,306.5,295.0,286.5,258.3,40.1,73.3,68
907,69.274,shopping bag,0.274,489.1,21.6,511.1,55.7,500.1,38.7,22.0,34.1,
908,69.35,handbag,0.699,801.5,501.5,855.8,607.9,828.7,554.7,54.3,106.4,92
908,69.35,backpack,0.405,645.7,90.0,702.2,168.8,674.0,129.4,56.5,78.8,103
908,69.35,shopping bag,0.32,266.5,221.4,306.5,294.9,286.5,258.2,40.0,73.5,68
908,69.35,shopping bag,0.295,489.2,21.4,512.5,56.0,500.8,38.7,23.3,34.6,
909,69.426,handbag,0.698,801.6,501.7,855.9,607.8,828.8,554.7,54.3,106.1,92
909,69.426,backpack,0.439,647.7,91.3,706.4,168.1,677.1,129.7,58.7,76.8,103
909,69.426,shopping bag,0.4,266.5,221.6,306.6,295.1,286.6,258.3,40.0,73.5,68
909,69.426,shopping bag,0.264,205.9,244.5,270.9,351.8,238.4,298.1,65.0,107.3,1
910,69.503,handbag,0.699,801.6,501.6,855.9,607.8,828.8,554.7,54.3,106.2,92
910,69.503,shopping bag,0.418,266.7,220.7,306.6,294.9,286.6,257.8,39.9,74.2,68
910,69.503,backpack,0.299,652.8,94.8,706.1,165.4,679.4,130.1,53.3,70.6,103
911,69.579,handbag,0.698,801.6,501.6,855.9,607.8,828.8,554.7,54.3,106.1,92
911,69.579,shopping bag,0.414,266.6,219.2,306.9,294.7,286.8,257.0,40.3,75.5,68
911,69.579,backpack,0.402,655.6,96.9,704.3,172.0,680.0,134.5,48.7,75.2,103
912,69.656,handbag,0.697,801.6,501.6,855.9,607.8,828.8,554.7,54.3,106.2,92
912,69.656,backpack,0.488,661.4,95.5,712.9,176.6,687.1,136.1,51.5,81.1,103
912,69.656,shopping bag,0.382,266.9,217.7,307.1,295.3,287.0,256.5,40.2,77.6,68
913,69.732,handbag,0.703,801.5,501.6,855.9,607.7,828.7,554.7,54.5,106.1,92
913,69.732,backpack,0.585,662.6,97.0,713.7,180.1,688.1,138.6,51.1,83.1,103
913,69.732,shopping bag,0.389,266.9,217.9,307.1,295.3,287.0,256.6,40.2,77.4,68
914,69.808,handbag,0.703,801.3,501.7,856.0,607.7,828.6,554.7,54.6,106.1,92
914,69.808,backpack,0.688,666.3,102.0,717.9,182.4,692.1,142.2,51.6,80.4,103
914,69.808,shopping bag,0.376,266.9,218.2,307.1,295.3,287.0,256.7,40.2,77.1,68
915,69.885,handbag,0.699,801.3,501.7,855.9,607.7,828.6,554.7,54.6,106.1,92
915,69.885,backpack,0.503,670.1,101.8,722.5,180.4,696.3,141.1,52.5,78.6,103
915,69.885,shopping bag,0.386,266.9,217.9,307.1,295.3,287.0,256.6,40.3,77.4,68
916,69.961,handbag,0.698,801.3,501.7,856.0,607.7,828.6,554.7,54.6,106.1,92
916,69.961,shopping bag,0.375,266.8,217.2,307.2,295.2,287.0,256.2,40.3,78.1,68
917,70.037,handbag,0.695,801.3,501.7,855.9,607.7,828.6,554.7,54.6,106.1,92
917,70.037,shopping bag,0.386,266.9,218.1,307.1,295.2,287.0,256.7,40.2,77.1,68
918,70.114,handbag,0.696,801.3,501.7,855.9,607.7,828.6,554.7,54.6,106.1,92
918,70.114,shopping bag,0.384,266.9,218.7,307.1,295.2,287.0,257.0,40.3,76.6,68
919,70.19,handbag,0.697,801.3,501.8,855.9,607.7,828.6,554.7,54.6,105.9,92
919,70.19,shopping bag,0.386,266.8,218.9,307.1,295.3,287.0,257.1,40.3,76.4,68
920,70.267,handbag,0.703,801.4,502.2,855.9,607.6,828.7,554.9,54.5,105.5,92
920,70.267,shopping bag,0.387,266.9,218.7,306.9,294.9,286.9,256.8,40.0,76.2,68
920,70.267,handbag,0.275,119.0,346.5,179.4,405.7,149.2,376.1,60.4,59.2,
921,70.343,handbag,0.692,801.6,501.8,855.9,607.8,828.7,554.8,54.3,106.0,92
921,70.343,shopping bag,0.409,266.9,218.5,307.0,294.8,286.9,256.6,40.0,76.2,68
921,70.343,handbag,0.265,119.0,346.4,179.4,405.8,149.2,376.1,60.4,59.4,
922,70.419,handbag,0.696,802.4,502.3,856.3,606.5,829.3,554.4,53.8,104.1,92
922,70.419,shopping bag,0.504,266.9,217.8,306.9,296.4,286.9,257.1,40.0,78.6,68
922,70.419,shopping bag,0.326,205.6,244.3,269.3,351.0,237.5,297.6,63.7,106.6,1
922,70.419,handbag,0.272,119.5,346.4,179.5,405.8,149.5,376.1,60.0,59.5,
923,70.496,handbag,0.697,803.5,502.3,857.5,606.2,830.5,554.3,53.9,103.8,92
923,70.496,shopping bag,0.457,266.9,218.0,306.9,294.3,286.9,256.1,40.0,76.4,68
923,70.496,shopping bag,0.339,206.0,243.6,269.8,350.6,237.9,297.1,63.7,107.0,1
923,70.496,handbag,0.312,119.0,346.3,179.5,406.0,149.2,376.2,60.5,59.7,
924,70.572,handbag,0.669,805.8,500.6,861.4,604.9,833.6,552.8,55.5,104.3,92
924,70.572,shopping bag,0.49,266.8,217.9,306.8,294.0,286.8,256.0,39.9,76.1,68
924,70.572,shopping bag,0.338,205.9,244.2,270.4,350.2,238.2,297.2,64.5,106.0,1
924,70.572,handbag,0.3,118.1,346.4,179.1,406.2,148.6,376.3,60.9,59.8,
925,70.648,handbag,0.672,806.5,501.8,863.2,605.4,834.9,553.6,56.7,103.7,92
925,70.648,shopping bag,0.462,267.0,219.5,306.7,294.4,286.8,256.9,39.7,74.9,68
925,70.648,handbag,0.285,118.8,347.0,178.6,405.6,148.7,376.3,59.8,58.6,
926,70.725,handbag,0.674,808.5,502.2,864.8,604.4,836.7,553.3,56.4,102.2,92
926,70.725,shopping bag,0.402,266.8,219.3,306.9,294.5,286.9,256.9,40.1,75.3,68
927,70.801,handbag,0.623,809.4,503.3,865.8,605.5,837.6,554.4,56.4,102.2,92
927,70.801,shopping bag,0.276,266.8,217.5,307.2,295.2,287.0,256.3,40.4,77.7,68
928,70.878,handbag,0.647,812.6,503.1,868.1,607.6,840.4,555.4,55.4,104.6,92
928,70.878,shopping bag,0.382,267.0,215.6,307.4,297.9,287.2,256.7,40.4,82.3,68
929,70.954,handbag,0.656,813.4,502.2,868.4,607.4,840.9,554.8,55.0,105.2,92
929,70.954,shopping bag,0.419,267.0,215.5,307.5,297.8,287.2,256.6,40.5,82.3,68
929,70.954,shopping bag,0.292,205.9,246.5,269.5,350.4,237.7,298.4,63.7,103.9,1
930,71.03,handbag,0.624,819.1,503.5,872.0,605.8,845.5,554.7,52.9,102.2,92
930,71.03,shopping bag,0.471,267.0,218.1,307.7,298.9,287.4,258.5,40.7,80.8,68
930,71.03,shopping bag,0.311,205.6,246.9,269.7,351.5,237.6,299.2,64.1,104.6,1
931,71.107,handbag,0.65,821.0,503.1,874.0,605.9,847.5,554.5,52.9,102.7,92
931,71.107,shopping bag,0.497,267.1,218.8,307.9,298.8,287.5,258.8,40.8,80.1,68
931,71.107,shopping bag,0.394,205.5,245.8,269.5,351.5,237.5,298.6,64.0,105.8,1
932,71.183,handbag,0.762,824.1,510.9,876.8,603.6,850.4,557.3,52.8,92.7,92
932,71.183,shopping bag,0.587,267.0,221.8,308.3,299.3,287.6,260.5,41.2,77.5,68
932,71.183,shopping bag,0.269,205.5,245.5,269.2,351.8,237.4,298.7,63.7,106.3,1
933,71.259,handbag,0.628,826.6,517.9,880.5,601.6,853.6,559.8,53.9,83.7,92
933,71.259,shopping bag,0.564,267.1,222.4,308.0,299.2,287.6,260.8,41.0,76.7,68
933,71.259,shopping bag,0.265,205.6,247.2,269.3,352.5,237.5,299.8,63.8,105.2,1
934,71.336,shopping bag,0.611,266.6,221.4,307.0,299.4,286.8,260.4,40.4,78.0,68
934,71.336,handbag,0.558,828.9,515.9,881.6,599.8,855.2,557.9,52.7,83.9,92
934,71.336,shopping bag,0.269,205.7,248.0,269.2,351.6,237.4,299.8,63.4,103.5,1
935,71.412,handbag,0.621,829.9,519.6,882.2,595.3,856.0,557.4,52.4,75.7,92
935,71.412,shopping bag,0.586,263.5,223.0,305.5,298.2,284.5,260.6,42.1,75.1,68
935,71.412,shopping bag,0.259,513.5,21.4,534.8,51.7,524.1,36.5,21.3,30.3,69
935,71.412,shopping bag,0.253,205.9,248.4,268.6,352.1,237.3,300.3,62.7,103.7,1
936,71.489,shopping bag,0.64,262.8,223.3,305.7,297.1,284.3,260.2,42.9,73.8,68
936,71.489,handbag,0.546,829.9,517.8,882.4,595.1,856.2,556.4,52.5,77.3,92
936,71.489,shopping bag,0.269,513.6,21.3,535.5,51.5,524.5,36.4,21.9,30.3,69
937,71.565,shopping bag,0.615,261.1,222.5,305.1,296.8,283.1,259.6,44.0,74.3,68
937,71.565,handbag,0.477,830.1,519.5,882.3,594.1,856.2,556.8,52.3,74.6,92
938,71.641,shopping bag,0.533,260.0,223.6,303.5,296.2,281.7,259.9,43.5,72.6,68
938,71.641,handbag,0.376,830.1,519.4,881.6,592.0,855.9,555.7,51.5,72.5,92
939,71.718,shopping bag,0.47,259.5,223.9,299.9,293.9,279.7,258.9,40.3,70.0,68
939,71.718,handbag,0.362,829.5,518.6,880.1,589.6,854.8,554.1,50.6,71.0,92
939,71.718,cardboard box,0.256,138.1,605.5,262.1,718.7,200.1,662.1,124.0,113.2,
940,71.794,shopping bag,0.284,256.2,223.3,294.4,288.4,275.3,255.8,38.2,65.1,68
941,71.87,cardboard box,0.256,138.1,605.5,262.2,718.7,200.1,662.1,124.1,113.2,
942,71.947,shopping basket,0.378,315.3,425.0,410.0,610.8,362.7,517.9,94.7,185.8,3
942,71.947,handbag,0.266,509.7,13.6,533.1,50.1,521.4,31.8,23.4,36.5,69
942,71.947,cardboard box,0.259,138.0,605.4,262.2,718.7,200.1,662.1,124.1,113.3,
943,72.023,shopping basket,0.416,318.0,424.4,409.8,610.8,363.9,517.6,91.8,186.4,3
943,72.023,cardboard box,0.274,138.1,605.6,261.9,718.7,200.0,662.2,123.8,113.2,
944,72.1,shopping basket,0.432,316.0,425.2,410.0,610.9,363.0,518.0,94.1,185.7,3
945,72.176,shopping basket,0.452,316.6,424.9,410.2,611.0,363.4,517.9,93.6,186.1,3
946,72.252,shopping basket,0.638,317.3,425.5,410.2,610.9,363.8,518.2,92.8,185.4,3
947,72.329,shopping basket,0.645,309.1,426.3,410.5,610.8,359.8,518.5,101.4,184.4,1
947,72.329,shopping bag,0.304,699.4,103.8,751.2,199.4,725.3,151.6,51.7,95.6,
948,72.405,shopping basket,0.784,310.5,426.1,410.3,610.8,360.4,518.4,99.8,184.7,3
949,72.481,shopping basket,0.618,311.6,424.5,410.1,611.1,360.9,517.8,98.5,186.6,1
950,72.558,shopping basket,0.488,313.8,423.1,410.2,611.1,362.0,517.1,96.4,188.0,1
951,72.634,shopping basket,0.331,314.8,455.3,409.9,611.2,362.4,533.3,95.1,155.9,1
952,72.711,shopping cart,0.443,311.1,422.8,410.1,611.5,360.6,517.2,99.0,188.8,1
952,72.711,shopping basket,0.257,312.9,476.8,410.0,611.3,361.5,544.0,97.1,134.5,1
952,72.711,backpack,0.252,704.7,101.3,754.7,197.5,729.7,149.4,50.0,96.2,103
953,72.787,shopping cart,0.355,312.0,422.0,410.8,611.6,361.4,516.8,98.8,189.6,1
953,72.787,shopping basket,0.32,312.6,492.3,410.7,611.1,361.6,551.7,98.1,118.8,1
954,72.863,shopping basket,0.315,312.4,492.1,410.5,611.3,361.4,551.7,98.1,119.2,1
955,72.94,shopping bag,0.333,312.1,490.5,410.4,610.8,361.3,550.6,98.3,120.3,1
955,72.94,shopping bag,0.311,683.0,120.3,735.2,198.5,709.1,159.4,52.1,78.2,103
955,72.94,shopping bag,0.27,684.2,142.8,734.7,198.3,709.5,170.5,50.6,55.5,103
956,73.016,shopping bag,0.32,309.6,491.9,410.5,610.9,360.0,551.4,100.9,119.1,1
956,73.016,backpack,0.279,706.2,106.9,753.6,186.1,729.9,146.5,47.4,79.2,103
956,73.016,shopping bag,0.261,682.0,109.4,736.6,200.4,709.3,154.9,54.6,91.0,103
957,73.092,shopping bag,0.479,307.4,485.0,410.1,611.5,358.8,548.3,102.7,126.5,1
957,73.092,handbag,0.255,829.1,519.0,882.4,583.5,855.7,551.3,53.3,64.5,92
958,73.169,handbag,0.45,307.3,481.1,410.3,611.5,358.8,546.3,102.9,130.3,1
958,73.169,handbag,0.256,829.5,519.8,883.2,583.8,856.3,551.8,53.8,64.0,92
959,73.245,shopping bag,0.273,308.6,476.9,409.7,612.0,359.2,544.4,101.0,135.0,1
960,73.322,handbag,0.385,831.9,517.7,884.7,585.0,858.3,551.4,52.8,67.2,92
961,73.398,handbag,0.363,832.8,517.5,886.0,585.3,859.4,551.4,53.2,67.8,92
961,73.398,shopping basket,0.338,313.5,424.9,410.4,610.9,361.9,517.9,96.9,186.0,3
961,73.398,shopping bag,0.311,313.4,486.5,410.7,610.1,362.0,548.3,97.3,123.5,3
961,73.398,shopping bag,0.281,275.8,322.2,344.0,444.1,309.9,383.2,68.2,121.9,1
962,73.474,shopping basket,0.776,320.0,427.0,410.8,610.5,365.4,518.7,90.8,183.5,3
962,73.474,shopping bag,0.355,279.9,327.3,345.4,458.4,312.6,392.8,65.5,131.1,1
962,73.474,handbag,0.338,834.6,517.7,889.8,584.9,862.2,551.3,55.3,67.2,92
962,73.474,handbag,0.254,313.0,298.4,343.8,355.6,328.4,327.0,30.8,57.2,1
963,73.551,shopping basket,0.813,320.5,427.0,410.9,610.4,365.7,518.7,90.4,183.4,3
963,73.551,handbag,0.296,835.6,519.1,890.8,585.6,863.2,552.3,55.3,66.5,92
963,73.551,shopping bag,0.274,279.6,326.4,346.3,485.3,312.9,405.9,66.8,159.0,1
964,73.627,shopping basket,0.586,325.4,427.3,411.0,610.5,368.2,518.9,85.5,183.2,3
964,73.627,handbag,0.319,841.4,518.3,894.9,587.9,868.1,553.1,53.5,69.6,92
965,73.704,shopping basket,0.66,325.0,427.3,411.0,610.6,368.0,519.0,86.0,183.3,3
965,73.704,handbag,0.355,845.8,518.3,898.4,588.8,872.1,553.6,52.6,70.5,92
966,73.78,shopping basket,0.532,319.6,426.5,410.9,610.9,365.3,518.7,91.3,184.4,3
966,73.78,handbag,0.374,853.7,521.5,905.2,594.8,879.4,558.1,51.4,73.2,92
967,73.856,handbag,0.436,856.2,523.9,908.5,598.6,882.4,561.2,52.3,74.7,92
967,73.856,shopping basket,0.328,315.8,426.7,410.8,609.9,363.3,518.3,95.0,183.2,3
967,73.856,cardboard box,0.264,138.0,605.7,261.5,718.1,199.7,661.9,123.5,112.5,1
967,73.856,cardboard box,0.256,638.7,275.2,810.5,481.2,724.6,378.2,171.8,206.0,92
968,73.933,handbag,0.523,856.1,526.2,909.1,602.0,882.6,564.1,53.0,75.8,92
968,73.933,shopping basket,0.403,310.2,427.1,410.8,611.3,360.5,519.2,100.6,184.2,3
968,73.933,cardboard box,0.342,138.0,605.5,263.3,717.7,200.6,661.6,125.3,112.2,1
968,73.933,cardboard box,0.274,639.6,275.3,810.5,481.2,725.1,378.2,170.9,205.9,92
968,73.933,shopping bag,0.271,257.1,365.2,355.0,494.7,306.1,430.0,97.9,129.5,1
969,74.009,handbag,0.468,852.0,528.0,906.5,608.9,879.3,568.5,54.5,80.9,92
969,74.009,cardboard box,0.355,138.0,605.7,260.2,718.5,199.1,662.1,122.2,112.8,1
969,74.009,shopping basket,0.311,310.6,485.4,410.9,611.0,360.8,548.2,100.3,125.6,3
970,74.085,shopping basket,0.714,296.1,427.6,410.8,611.6,353.4,519.6,114.7,184.0,1
970,74.085,handbag,0.6,844.8,527.6,899.4,614.1,872.1,570.8,54.6,86.5,92
970,74.085,cardboard box,0.313,138.2,605.5,262.9,717.9,200.5,661.7,124.7,112.4,1
971,74.162,shopping basket,0.765,295.0,426.6,410.7,612.4,352.9,519.5,115.7,185.8,1
971,74.162,handbag,0.565,842.1,529.6,895.3,615.2,868.7,572.4,53.2,85.6,92
971,74.162,cardboard box,0.331,138.4,605.5,262.3,717.9,200.4,661.7,123.9,112.4,1
972,74.238,shopping basket,0.913,293.7,427.2,410.6,611.4,352.2,519.3,116.9,184.2,1
972,74.238,handbag,0.563,829.0,519.8,888.9,624.1,859.0,572.0,59.8,104.3,92
972,74.238,cardboard box,0.348,138.4,606.0,263.0,717.8,200.7,661.9,124.6,111.8,1
973,74.315,shopping basket,0.896,294.2,426.8,410.1,611.2,352.2,519.0,115.9,184.4,1
973,74.315,shopping bag,0.487,819.0,520.0,884.5,629.9,851.7,574.9,65.6,109.9,92
973,74.315,cardboard box,0.336,138.7,606.1,261.1,718.7,199.9,662.4,122.4,112.6,1
973,74.315,cardboard box,0.284,203.9,266.9,355.8,547.9,279.9,407.4,151.9,281.0,1
973,74.315,cardboard box,0.279,644.7,276.1,812.8,478.9,728.8,377.5,168.1,202.8,92
974,74.391,shopping basket,0.768,293.8,426.1,410.6,611.2,352.2,518.6,116.7,185.1,1
974,74.391,shopping bag,0.63,802.6,510.5,870.7,642.7,836.6,576.6,68.1,132.2,92
974,74.391,cardboard box,0.332,138.5,605.7,264.2,717.9,201.3,661.8,125.7,112.2,1
974,74.391,cardboard box,0.315,202.1,267.8,356.1,545.6,279.1,406.7,154.0,277.8,1
974,74.391,shopping basket,0.283,294.1,480.5,409.8,610.5,351.9,545.5,115.7,130.0,1
975,74.467,shopping bag,0.723,790.1,514.8,861.1,654.1,825.6,584.4,71.0,139.4,92
975,74.467,shopping basket,0.593,294.2,483.9,410.1,610.6,352.2,547.2,115.9,126.6,1
975,74.467,cardboard box,0.26,198.0,272.7,356.3,544.8,277.2,408.8,158.3,272.1,1
975,74.467,shopping basket,0.253,294.2,422.3,410.0,611.0,352.1,516.7,115.8,188.7,1
976,74.544,shopping bag,0.722,786.6,521.1,859.4,657.5,823.0,589.3,72.7,136.3,92
976,74.544,shopping basket,0.551,294.2,484.9,410.3,610.6,352.2,547.8,116.0,125.8,1
976,74.544,shopping basket,0.477,294.0,422.2,410.5,611.3,352.2,516.7,116.5,189.1,1
977,74.62,shopping basket,0.723,294.0,426.5,410.3,610.6,352.2,518.5,116.3,184.1,1
977,74.62,handbag,0.451,776.1,547.4,852.3,668.3,814.2,607.8,76.2,120.9,92
977,74.62,shopping basket,0.323,294.0,484.0,410.1,610.8,352.0,547.4,116.1,126.7,1
978,74.696,shopping basket,0.574,294.0,484.4,409.6,609.8,351.8,547.1,115.6,125.5,
978,74.696,shopping bag,0.533,773.1,546.7,851.7,670.6,812.4,608.6,78.6,123.9,92
978,74.696,shopping bag,0.52,381.1,405.8,467.5,516.6,424.3,461.2,86.3,110.8,
979,74.773,shopping basket,0.619,294.2,484.7,411.6,609.8,352.9,547.3,117.4,125.1,
979,74.773,shopping bag,0.582,770.2,527.1,852.5,672.8,811.3,600.0,82.3,145.7,92
979,74.773,shopping bag,0.264,372.7,393.2,467.6,510.9,420.1,452.0,95.0,117.7,
979,74.773,cardboard box,0.263,206.2,251.3,298.4,378.4,252.3,314.8,92.1,127.1,1
980,74.849,shopping bag,0.757,768.0,496.5,853.3,675.0,810.6,585.7,85.3,178.5,92
980,74.849,shopping basket,0.572,294.0,484.5,411.5,609.9,352.7,547.2,117.4,125.4,
980,74.849,shopping basket,0.426,293.9,417.3,413.6,610.2,353.7,513.7,119.6,192.8,
980,74.849,shopping bag,0.282,366.1,377.2,467.9,519.0,417.0,448.1,101.8,141.8,
980,74.849,cardboard box,0.27,206.4,254.5,298.4,378.4,252.4,316.4,92.0,124.0,1
981,74.926,shopping bag,0.827,761.3,485.8,853.4,676.9,807.4,581.3,92.1,191.1,92
981,74.926,shopping basket,0.679,294.1,484.9,411.9,609.8,353.0,547.4,117.7,124.9,109
981,74.926,shopping bag,0.278,356.8,378.5,468.4,484.0,412.6,431.2,111.6,105.4,109
982,75.002,shopping bag,0.854,758.2,487.0,852.7,677.9,805.5,582.4,94.6,190.9,92
982,75.002,shopping basket,0.649,294.2,484.3,412.3,609.7,353.2,547.0,118.1,125.4,109
982,75.002,shopping bag,0.286,349.9,380.6,463.8,481.8,406.9,431.2,113.9,101.2,109
983,75.078,shopping bag,0.861,757.8,486.8,852.5,678.3,805.1,582.5,94.7,191.4,92
983,75.078,shopping basket,0.604,294.2,484.4,412.4,609.7,353.3,547.0,118.2,125.3,109
983,75.078,shopping bag,0.386,347.5,376.3,466.2,484.0,406.9,430.1,118.7,107.7,109
984,75.155,shopping bag,0.83,757.9,489.7,849.9,681.1,803.9,585.4,92.1,191.3,92
984,75.155,shopping basket,0.492,294.2,484.4,412.3,609.8,353.2,547.1,118.1,125.4,109
984,75.155,shopping bag,0.324,344.6,369.5,463.3,481.3,404.0,425.4,118.7,111.8,109
985,75.231,shopping bag,0.796,759.6,491.8,847.0,680.4,803.3,586.1,87.4,188.6,92
985,75.231,shopping basket,0.537,294.3,484.4,412.1,609.8,353.2,547.1,117.8,125.4,109
986,75.307,shopping bag,0.878,760.2,494.8,845.4,685.3,802.8,590.0,85.2,190.5,92
986,75.307,shopping basket,0.594,294.3,484.5,412.1,609.8,353.2,547.1,117.8,125.3,109
987,75.384,shopping bag,0.858,759.0,498.9,843.9,691.2,801.4,595.1,84.9,192.3,92
987,75.384,shopping basket,0.601,294.3,484.6,411.9,609.7,353.1,547.1,117.6,125.2,109
988,75.46,shopping bag,0.708,759.6,504.2,843.6,692.5,801.6,598.4,83.9,188.3,92
988,75.46,shopping basket,0.58,294.4,484.5,411.7,609.7,353.1,547.1,117.3,125.2,109
989,75.537,shopping bag,0.63,764.1,508.7,844.3,698.1,804.2,603.4,80.2,189.4,92
989,75.537,shopping basket,0.562,294.4,484.3,411.6,609.8,353.0,547.1,117.2,125.5,109
989,75.537,shopping bag,0.358,342.5,367.6,463.9,480.7,403.2,424.2,121.4,113.1,109
989,75.537,shopping bag,0.354,750.3,466.3,845.2,700.9,797.7,583.6,94.9,234.6,92
990,75.613,shopping bag,0.784,763.6,509.8,846.6,701.5,805.1,605.6,83.0,191.6,92
990,75.613,shopping basket,0.613,294.4,484.4,412.7,610.2,353.5,547.3,118.4,125.8,109
990,75.613,shopping bag,0.352,341.3,367.4,462.6,479.1,402.0,423.2,121.3,111.7,109
991,75.689,shopping bag,0.863,767.8,512.9,855.3,702.5,811.6,607.7,87.5,189.6,92
991,75.689,shopping basket,0.586,294.3,484.3,412.7,610.1,353.5,547.2,118.4,125.8,109
992,75.766,shopping bag,0.854,773.7,511.8,861.6,702.5,817.6,607.2,87.9,190.7,92
992,75.766,shopping basket,0.52,294.4,484.7,412.9,610.2,353.6,547.5,118.5,125.5,109
993,75.842,shopping bag,0.896,783.6,511.8,869.9,698.9,826.7,605.3,86.3,187.1,92
993,75.842,shopping basket,0.462,294.3,485.1,412.5,610.0,353.4,547.6,118.2,124.9,109
994,75.918,shopping bag,0.804,793.6,506.8,882.8,693.9,838.2,600.4,89.2,187.1,92
994,75.918,shopping basket,0.351,294.4,484.1,412.8,610.1,353.6,547.1,118.4,126.0,109
994,75.918,cardboard box,0.311,206.8,255.3,298.4,382.9,252.6,319.1,91.6,127.6,1
995,75.995,shopping bag,0.767,805.1,503.3,888.8,690.3,846.9,596.8,83.7,187.0,92
995,75.995,shopping basket,0.455,294.5,484.8,412.3,610.3,353.4,547.6,117.8,125.5,
995,75.995,cardboard box,0.277,206.9,253.0,298.2,382.8,252.6,317.9,91.2,129.8,1
996,76.071,shopping bag,0.871,816.6,499.0,915.1,684.9,865.8,592.0,98.5,185.9,92
996,76.071,shopping basket,0.309,294.2,484.5,411.3,610.6,352.7,547.5,117.1,126.1,109
996,76.071,cardboard box,0.263,206.8,255.2,299.6,383.0,253.2,319.1,92.8,127.7,1
997,76.148,shopping bag,0.919,821.8,499.1,928.3,684.5,875.0,591.8,106.5,185.4,92
997,76.148,shopping basket,0.393,294.1,484.3,411.5,610.7,352.8,547.5,117.4,126.3,109
997,76.148,cardboard box,0.285,206.7,254.8,301.2,382.4,253.9,318.6,94.5,127.6,1
998,76.224,shopping bag,0.864,832.1,497.5,943.8,682.1,888.0,589.8,111.7,184.6,92
998,76.224,shopping bag,0.71,299.3,360.6,428.8,475.0,364.1,417.8,129.5,114.4,
998,76.224,shopping basket,0.485,294.6,484.7,411.6,610.6,353.1,547.7,116.9,125.9,
998,76.224,cardboard box,0.269,206.5,254.7,303.3,382.7,254.9,318.7,96.7,127.9,1
999,76.3,shopping bag,0.925,838.0,496.7,951.7,680.5,894.8,588.6,113.8,183.8,92
999,76.3,shopping basket,0.571,294.5,484.8,412.0,610.5,353.3,547.7,117.6,125.7,
999,76.3,cardboard box,0.259,207.1,256.6,285.8,370.2,246.4,313.4,78.7,113.6,1
1000,76.377,shopping bag,0.9,851.4,497.2,954.1,678.2,902.8,587.7,102.7,181.0,92
1000,76.377,shopping basket,0.576,294.3,485.0,415.2,610.5,354.7,547.7,120.9,125.5,109
1000,76.377,shopping bag,0.385,337.6,335.2,466.5,466.2,402.0,400.7,128.9,130.9,109
1000,76.377,shopping basket,0.299,416.5,337.3,525.3,459.1,470.9,398.2,108.8,121.8,109
1001,76.453,shopping bag,0.931,845.8,496.9,955.1,678.5,900.5,587.7,109.2,181.6,92
1001,76.453,shopping basket,0.611,294.5,484.8,414.5,610.4,354.5,547.6,120.1,125.6,109
1001,76.453,cardboard box,0.31,207.1,256.4,285.7,369.2,246.4,312.8,78.5,112.8,1
1002,76.529,shopping bag,0.923,843.7,496.6,955.8,678.1,899.7,587.3,112.1,181.5,92
1002,76.529,shopping cart,0.559,294.1,409.3,414.9,610.5,354.5,509.9,120.8,201.2,109
1002,76.529,shopping basket,0.415,294.2,484.8,412.9,610.2,353.5,547.5,118.7,125.4,109
1002,76.529,cardboard box,0.311,207.1,256.3,285.3,368.6,246.2,312.4,78.2,112.3,1
1003,76.606,shopping bag,0.9,846.3,493.1,957.7,671.6,902.0,582.4,111.4,178.6,92
1003,76.606,shopping basket,0.493,294.4,483.7,411.6,610.1,353.0,546.9,117.2,126.4,109
1003,76.606,cardboard box,0.324,207.1,256.4,284.5,368.6,245.8,312.5,77.4,112.2,1
1004,76.682,shopping bag,0.926,843.2,488.0,959.3,666.3,901.2,577.2,116.1,178.4,92
1004,76.682,shopping basket,0.473,294.1,420.3,414.1,610.5,354.1,515.4,119.9,190.2,109
1004,76.682,shopping basket,0.463,294.3,484.1,412.6,610.1,353.5,547.1,118.3,126.1,
1004,76.682,cardboard box,0.303,207.1,255.1,284.3,368.5,245.7,311.8,77.2,113.4,1
1005,76.759,shopping bag,0.918,848.4,479.7,958.5,655.0,903.4,567.3,110.1,175.3,92
1005,76.759,shopping basket,0.484,293.8,484.1,413.0,610.2,353.4,547.1,119.1,126.1,
1005,76.759,shopping cart,0.305,293.6,408.8,416.1,610.1,354.8,509.5,122.5,201.3,109
1005,76.759,cardboard box,0.301,207.1,255.8,284.4,368.6,245.8,312.2,77.3,112.7,1
1006,76.835,shopping bag,0.924,832.5,465.3,959.8,642.7,896.2,554.0,127.4,177.4,92
1006,76.835,shopping basket,0.692,293.9,424.7,411.4,610.5,352.7,517.6,117.5,185.8,109
1006,76.835,shopping basket,0.537,294.6,485.6,411.0,610.1,352.8,547.8,116.4,124.5,
1007,76.911,shopping bag,0.953,828.4,457.1,961.2,636.2,894.8,546.6,132.8,179.1,92
1007,76.911,shopping basket,0.589,293.8,423.9,411.7,610.8,352.8,517.3,118.0,186.9,109
1007,76.911,shopping basket,0.482,294.7,485.7,411.0,610.2,352.8,548.0,116.3,124.5,
1007,76.911,cardboard box,0.252,206.4,255.3,293.1,374.6,249.7,314.9,86.7,119.3,1
1008,76.988,shopping bag,0.942,823.0,434.8,960.0,611.9,891.5,523.4,137.0,177.1,92
1008,76.988,shopping basket,0.458,294.8,485.4,409.8,610.1,352.3,547.7,115.0,124.8,
1009,77.064,shopping bag,0.956,823.1,425.8,956.3,602.0,889.7,513.9,133.2,176.2,92
1009,77.064,shopping basket,0.562,295.1,485.2,409.5,610.0,352.3,547.6,114.4,124.8,
1010,77.14,shopping bag,0.902,832.5,410.4,944.4,585.9,888.5,498.1,112.0,175.5,92
1010,77.14,shopping basket,0.537,294.5,485.1,409.6,610.2,352.0,547.6,115.0,125.1,
1010,77.14,shopping basket,0.262,415.5,366.9,530.8,463.8,473.2,415.3,115.3,96.9,
1011,77.217,shopping bag,0.835,842.4,397.4,935.2,568.3,888.8,482.8,92.8,170.9,92
1011,77.217,shopping basket,0.374,292.3,484.2,410.0,609.8,351.1,547.0,117.7,125.6,
1011,77.217,bottle,0.272,281.4,250.5,296.9,284.9,289.2,267.7,15.5,34.4,68
1011,77.217,shopping basket,0.251,415.5,366.8,530.9,463.1,473.2,414.9,115.4,96.3,109
1012,77.293,shopping bag,0.823,844.5,391.8,935.0,561.7,889.7,476.8,90.5,169.9,92
1012,77.293,shopping basket,0.379,295.3,484.2,410.1,609.8,352.7,547.0,114.8,125.7,
1012,77.293,cardboard box,0.258,207.1,256.7,284.4,369.5,245.8,313.1,77.3,112.8,1
1013,77.37,shopping bag,0.806,847.0,390.7,936.8,556.5,891.9,473.6,89.7,165.8,92
1013,77.37,shopping cart,0.459,293.8,423.3,411.0,610.3,352.4,516.8,117.2,187.0,109
1013,77.37,shopping basket,0.282,295.6,484.6,409.7,610.0,352.7,547.3,114.2,125.4,
1013,77.37,cardboard box,0.264,207.0,256.8,284.5,370.0,245.8,313.4,77.4,113.2,1
1014,77.446,shopping bag,0.852,848.4,391.2,938.9,555.9,893.6,473.5,90.5,164.7,92
1014,77.446,shopping basket,0.3,296.9,485.0,410.0,609.8,353.5,547.4,113.0,124.7,
1014,77.446,shopping cart,0.264,294.7,423.1,410.5,610.3,352.6,516.7,115.8,187.2,109
1015,77.522,shopping bag,0.895,851.3,390.0,948.3,554.7,899.8,472.4,97.0,164.7,92
1015,77.522,shopping basket,0.388,294.6,484.7,410.1,609.6,352.4,547.2,115.5,124.9,
1016,77.599,shopping bag,0.918,852.6,389.7,955.2,553.7,903.9,471.7,102.6,164.0,92
1016,77.599,shopping basket,0.399,294.5,484.0,409.9,609.5,352.2,546.7,115.4,125.5,
1016,77.599,cardboard box,0.254,206.3,246.1,295.7,372.8,251.0,309.5,89.4,126.7,1
1017,77.675,shopping bag,0.921,868.9,388.4,966.5,549.0,917.7,468.7,97.5,160.5,92
1017,77.675,shopping basket,0.39,290.8,483.5,409.5,610.4,350.2,546.9,118.7,126.9,
1018,77.751,shopping bag,0.879,882.8,383.0,977.3,542.3,930.1,462.6,94.5,159.3,92
1018,77.751,shopping basket,0.328,290.9,481.7,409.1,610.8,350.0,546.3,118.2,129.0,
1019,77.828,shopping bag,0.855,887.2,381.8,980.0,539.8,933.6,460.8,92.8,158.0,92
1019,77.828,shopping basket,0.373,291.3,482.1,408.3,610.9,349.8,546.5,117.1,128.8,
1020,77.904,shopping bag,0.88,895.5,377.7,996.4,534.4,946.0,456.0,100.9,156.6,92
1020,77.904,shopping basket,0.421,291.9,483.8,406.0,612.7,349.0,548.3,114.1,128.9,
1021,77.981,shopping bag,0.933,897.7,379.8,1004.1,532.4,950.9,456.1,106.5,152.6,92
1021,77.981,shopping basket,0.306,289.6,483.7,405.5,613.3,347.6,548.5,115.9,129.6,
1022,78.057,shopping bag,0.944,901.8,380.2,1008.3,527.9,955.0,454.1,106.6,147.7,92
1022,78.057,shopping basket,0.454,288.9,480.6,404.3,612.9,346.6,546.8,115.4,132.3,109
1023,78.133,shopping bag,0.931,906.8,374.5,1007.3,521.3,957.0,447.9,100.5,146.8,92
1024,78.21,shopping bag,0.902,908.0,369.3,1002.3,516.5,955.2,442.9,94.3,147.1,92
1024,78.21,backpack,0.343,694.9,126.1,744.5,190.1,719.7,158.1,49.6,64.0,103
1025,78.286,shopping bag,0.899,909.6,359.9,993.2,505.5,951.4,432.7,83.6,145.6,92
1025,78.286,backpack,0.441,691.7,121.4,743.9,192.4,717.8,156.9,52.2,71.1,103
1025,78.286,shopping basket,0.294,290.1,484.4,421.5,613.2,355.8,548.8,131.4,128.7,109
1026,78.362,shopping bag,0.792,907.9,353.9,990.8,502.1,949.4,428.0,82.9,148.2,92
1026,78.362,shopping cart,0.452,290.0,426.3,415.7,612.3,352.9,519.3,125.7,185.9,109
1026,78.362,shopping basket,0.277,289.9,485.0,411.2,612.8,350.6,548.9,121.2,127.8,109
1026,78.362,backpack,0.261,691.5,123.9,743.3,190.9,717.4,157.4,51.9,67.0,103
1027,78.439,shopping basket,0.404,290.4,485.0,410.1,612.6,350.2,548.8,119.7,127.7,109
1027,78.439,handbag,0.354,899.3,404.5,948.0,486.3,923.6,445.4,48.8,81.8,92
1027,78.439,shopping bag,0.288,894.3,333.7,963.2,485.1,928.8,409.4,68.9,151.4,92
1027,78.439,cardboard box,0.255,206.2,253.5,300.2,377.0,253.2,315.2,94.0,123.5,1
1028,78.515,shopping cart,0.621,290.7,436.1,416.2,612.1,353.5,524.1,125.6,176.0,109
1028,78.515,shopping bag,0.288,890.9,326.6,947.1,479.5,919.0,403.1,56.2,152.9,92
1028,78.515,shopping basket,0.278,290.5,484.9,412.8,612.8,351.6,548.8,122.3,127.9,109
1028,78.515,cardboard box,0.262,206.1,252.1,301.7,377.9,253.9,315.0,95.6,125.8,1
1029,78.592,shopping basket,0.376,291.0,438.4,417.4,612.7,354.2,525.6,126.4,174.3,109
1030,78.668,shopping bag,0.776,862.7,351.3,915.8,460.5,889.3,405.9,53.1,109.2,92
1030,78.668,shopping basket,0.405,290.7,482.2,415.9,611.6,353.3,546.9,125.2,129.4,109
1030,78.668,shopping bag,0.296,848.2,289.2,916.6,462.1,882.4,375.7,68.3,172.9,92
1031,78.744,handbag,0.665,854.4,355.1,904.9,453.5,879.6,404.3,50.4,98.4,92
1031,78.744,shopping basket,0.261,290.8,482.9,422.2,609.8,356.5,546.3,131.5,126.9,109
1032,78.821,handbag,0.583,848.3,351.9,892.9,447.2,870.6,399.5,44.7,95.3,92
1032,78.821,backpack,0.34,696.4,123.9,741.4,190.8,718.9,157.3,45.0,66.9,103
1033,78.897,handbag,0.639,842.6,352.5,885.4,441.5,864.0,397.0,42.8,89.1,
1033,78.897,backpack,0.338,694.3,123.6,741.1,196.3,717.7,159.9,46.8,72.7,103
1034,78.973,handbag,0.394,834.6,358.7,876.5,430.2,855.6,394.4,42.0,71.5,
1034,78.973,cardboard box,0.289,207.0,254.5,284.5,369.4,245.8,312.0,77.5,114.9,68
1035,79.05,handbag,0.447,830.1,351.9,870.4,424.6,850.2,388.3,40.3,72.7,92
1035,79.05,cardboard box,0.252,207.1,254.3,284.4,369.6,245.7,311.9,77.3,115.3,68
1036,79.126,handbag,0.416,820.4,350.3,853.7,416.7,837.0,383.5,33.3,66.4,92
1037,79.203,handbag,0.336,814.1,352.2,845.5,414.8,829.8,383.5,31.5,62.7,92
1037,79.203,shopping bag,0.305,813.4,279.3,848.4,415.4,830.9,347.4,35.0,136.1,92
1037,79.203,shopping cart,0.272,297.9,422.7,444.6,605.2,371.2,514.0,146.8,182.4,
1038,79.279,handbag,0.305,804.0,347.7,835.4,421.5,819.7,384.6,31.4,73.9,92
1038,79.279,shopping bag,0.294,803.8,269.5,852.6,429.2,828.2,349.3,48.8,159.7,92
1038,79.279,cardboard box,0.253,206.9,255.3,284.4,370.1,245.6,312.7,77.5,114.8,68
1039,79.355,shopping bag,0.424,797.7,265.3,852.4,427.1,825.1,346.2,54.7,161.8,
1040,79.432,shopping basket,0.443,297.4,426.2,445.3,604.6,371.4,515.4,147.9,178.4,109
1040,79.432,shopping bag,0.264,788.3,261.8,852.6,434.0,820.5,347.9,64.3,172.1,
1041,79.508,cardboard box,0.268,206.8,247.9,296.2,372.9,251.5,310.4,89.4,124.9,68
1042,79.585,shopping bag,0.29,779.2,255.6,852.5,439.4,815.8,347.5,73.3,183.7,
1052,80.348,shopping cart,0.765,297.9,429.4,419.1,603.4,358.5,516.4,121.2,174.0,3
1053,80.425,shopping basket,0.757,297.9,429.3,415.8,603.4,356.8,516.3,117.8,174.1,3
1053,80.425,handbag,0.382,330.5,117.6,361.5,151.6,346.0,134.6,31.0,34.0,112
1053,80.425,cardboard box,0.292,206.4,254.1,298.4,375.7,252.4,314.9,92.0,121.6,1
1054,80.501,shopping cart,0.607,297.7,421.8,416.5,603.2,357.1,512.5,118.7,181.4,3
1054,80.501,handbag,0.446,331.7,114.9,365.9,151.9,348.8,133.4,34.2,37.0,112
1054,80.501,cardboard box,0.361,206.4,254.3,298.1,375.1,252.3,314.7,91.7,120.8,1
1054,80.501,shopping basket,0.254,298.5,487.3,415.4,603.5,357.0,545.4,116.9,116.2,3
1055,80.577,shopping basket,0.795,298.2,422.6,415.8,603.5,357.0,513.0,117.5,180.8,3
1055,80.577,handbag,0.591,330.3,111.9,369.0,154.2,349.6,133.0,38.6,42.3,112
1055,80.577,cardboard box,0.307,206.2,254.1,296.6,376.3,251.4,315.2,90.4,122.2,1
1056,80.654,shopping basket,0.742,298.5,420.8,416.1,603.4,357.3,512.1,117.6,182.6,3
1056,80.654,handbag,0.562,330.3,111.3,370.2,154.5,350.3,132.9,39.9,43.2,112
1056,80.654,cardboard box,0.316,206.3,253.0,295.5,371.6,250.9,312.3,89.2,118.6,1
1057,80.73,shopping basket,0.887,298.4,424.0,415.9,603.7,357.1,513.9,117.5,179.7,3
1057,80.73,handbag,0.606,330.0,109.3,371.5,155.4,350.8,132.3,41.5,46.1,112
1057,80.73,shopping bag,0.308,263.8,241.0,312.0,333.9,287.9,287.5,48.2,93.0,68
1057,80.73,cardboard box,0.275,206.8,254.4,285.0,368.7,245.9,311.5,78.3,114.3,1
1058,80.807,shopping basket,0.774,298.2,424.5,415.5,603.5,356.8,514.0,117.3,179.0,3
1058,80.807,handbag,0.597,329.8,117.6,370.6,154.5,350.2,136.1,40.8,36.9,112
1058,80.807,cardboard box,0.291,206.8,253.9,284.4,369.2,245.6,311.6,77.6,115.3,1
1059,80.883,shopping basket,0.735,298.4,423.4,415.7,603.3,357.1,513.4,117.3,179.8,3
1059,80.883,handbag,0.538,341.2,118.4,372.1,155.5,356.7,136.9,30.8,37.1,112
1059,80.883,shopping basket,0.285,299.1,482.1,415.7,603.5,357.4,542.8,116.7,121.4,3
1059,80.883,cardboard box,0.261,206.8,254.2,284.4,369.3,245.6,311.8,77.6,115.0,1
1060,80.959,shopping basket,0.66,298.2,422.0,415.3,603.3,356.8,512.7,117.0,181.3,3
1060,80.959,handbag,0.616,338.7,114.8,373.1,155.9,355.9,135.4,34.3,41.1,112
1060,80.959,shopping basket,0.436,298.8,485.8,416.0,604.0,357.4,544.9,117.2,118.2,
1061,81.036,shopping basket,0.64,298.7,485.7,415.8,604.1,357.3,544.9,117.1,118.4,
1061,81.036,handbag,0.503,343.0,114.1,374.6,155.3,358.8,134.7,31.6,41.3,112
1061,81.036,shopping bag,0.328,465.6,35.8,485.0,66.8,475.3,51.3,19.4,31.0,69
1062,81.112,shopping basket,0.715,298.3,423.1,415.5,603.3,356.9,513.2,117.2,180.3,3
1062,81.112,shopping basket,0.424,298.6,487.3,416.1,603.9,357.3,545.6,117.5,116.7,
1062,81.112,handbag,0.346,342.9,111.9,378.5,156.3,360.7,134.1,35.6,44.4,112
1063,81.188,handbag,0.521,349.0,110.9,384.4,154.4,366.7,132.6,35.4,43.5,112
1063,81.188,shopping basket,0.485,298.8,485.9,415.9,604.0,357.3,545.0,117.1,118.2,
1063,81.188,shopping basket,0.306,298.1,413.4,415.8,603.6,356.9,508.5,117.7,190.1,3
1064,81.265,shopping basket,0.616,298.1,485.5,415.9,603.7,357.0,544.6,117.8,118.2,
1064,81.265,handbag,0.462,354.8,111.5,388.9,153.2,371.9,132.3,34.2,41.7,112
1064,81.265,shopping basket,0.291,298.2,351.0,415.7,602.5,357.0,476.7,117.5,251.5,3
1065,81.341,shopping basket,0.656,298.2,485.5,416.1,603.7,357.1,544.6,118.0,118.2,
1065,81.341,shopping basket,0.333,297.9,343.5,416.1,602.6,357.0,473.0,118.1,259.1,3
1065,81.341,handbag,0.301,367.9,112.8,399.5,151.6,383.7,132.2,31.6,38.9,112
1065,81.341,shopping bag,0.278,273.1,248.8,319.6,338.8,296.3,293.8,46.5,90.0,68
1066,81.418,shopping basket,0.635,298.1,485.4,416.4,603.6,357.3,544.5,118.2,118.2,
1066,81.418,handbag,0.395,371.2,114.4,404.5,148.6,387.8,131.5,33.3,34.2,112
1066,81.418,shopping bag,0.35,275.5,248.4,318.8,338.9,297.1,293.7,43.3,90.5,68
1066,81.418,shopping basket,0.348,297.9,340.9,416.5,602.7,357.2,471.8,118.7,261.8,3
1067,81.494,shopping basket,0.674,298.1,485.4,416.2,603.6,357.1,544.5,118.1,118.2,
1068,81.57,shopping basket,0.659,298.1,485.3,416.2,603.6,357.1,544.4,118.1,118.3,
1068,81.57,handbag,0.383,381.5,110.4,415.3,146.5,398.4,128.5,33.8,36.0,112
1068,81.57,shopping basket,0.272,297.7,330.2,416.3,602.7,357.0,466.5,118.6,272.4,3
1069,81.647,shopping basket,0.661,298.1,485.2,416.2,603.6,357.1,544.4,118.2,118.4,
1070,81.723,shopping basket,0.662,298.0,485.1,416.2,603.7,357.1,544.4,118.1,118.5,
1070,81.723,shopping basket,0.264,297.8,336.0,416.4,602.7,357.1,469.4,118.5,266.6,3
1071,81.799,shopping basket,0.632,298.7,485.6,416.2,604.2,357.4,544.9,117.5,118.6,
1072,81.876,shopping basket,0.627,298.7,485.6,416.2,604.3,357.4,544.9,117.5,118.7,
1072,81.876,shopping basket,0.259,298.3,365.6,415.9,602.3,357.1,483.9,117.6,236.7,3
1073,81.952,shopping basket,0.639,298.7,485.7,416.2,604.2,357.4,545.0,117.4,118.6,
1073,81.952,shopping basket,0.257,298.3,366.2,414.9,602.6,356.6,484.4,116.6,236.4,3
1074,82.029,shopping basket,0.709,298.7,485.6,416.2,604.3,357.4,544.9,117.5,118.6,
1075,82.105,shopping basket,0.761,298.6,485.6,416.2,604.2,357.4,544.9,117.5,118.7,
1075,82.105,shopping basket,0.293,415.4,366.3,527.8,457.2,471.6,411.8,112.4,90.9,3
1076,82.181,shopping basket,0.69,298.7,485.8,416.2,604.2,357.5,545.0,117.6,118.5,
1076,82.181,shopping basket,0.3,298.4,366.8,415.0,602.4,356.7,484.6,116.6,235.6,3
1077,82.258,shopping basket,0.666,298.7,485.9,416.4,604.2,357.5,545.0,117.7,118.4,
1077,82.258,shopping basket,0.302,298.4,365.2,415.1,602.5,356.8,483.8,116.7,237.3,3
1078,82.334,shopping basket,0.689,298.7,485.9,416.4,604.3,357.5,545.1,117.7,118.4,
1079,82.41,shopping basket,0.648,298.7,485.8,416.4,604.2,357.5,545.0,117.7,118.4,
1079,82.41,shopping basket,0.337,298.5,368.7,416.0,602.4,357.2,485.5,117.5,233.7,3
1080,82.487,shopping basket,0.624,298.8,485.9,416.4,604.1,357.6,545.0,117.6,118.2,
1080,82.487,shopping basket,0.47,298.3,409.8,415.6,603.4,357.0,506.6,117.3,193.6,3
1080,82.487,handbag,0.252,478.5,187.0,524.6,262.2,501.6,224.6,46.1,75.1,
1081,82.563,shopping basket,0.657,298.9,485.9,416.4,604.2,357.6,545.1,117.5,118.3,
1081,82.563,handbag,0.356,245.0,166.3,269.2,232.6,257.1,199.5,24.2,66.3,74
1081,82.563,shopping basket,0.347,298.7,367.2,416.2,602.5,357.4,484.9,117.5,235.3,3
1081,82.563,handbag,0.305,465.5,183.4,513.5,258.8,489.5,221.1,48.0,75.4,92
1081,82.563,shopping bag,0.287,372.4,201.7,394.9,250.1,383.7,225.9,22.5,48.4,92
1082,82.64,shopping basket,0.703,298.9,485.9,416.2,604.1,357.6,545.0,117.4,118.3,
1082,82.64,handbag,0.589,243.7,174.6,280.1,235.1,261.9,204.9,36.3,60.6,74
1082,82.64,shopping basket,0.417,298.3,408.7,415.5,603.4,356.9,506.0,117.1,194.7,3
1082,82.64,shopping bag,0.339,233.0,148.5,280.9,237.8,257.0,193.2,47.9,89.3,25
1082,82.64,handbag,0.275,452.0,179.1,499.7,259.1,475.9,219.1,47.7,80.1,92
1083,82.716,shopping basket,0.653,298.9,485.8,416.2,604.1,357.6,544.9,117.3,118.3,
1083,82.716,shopping basket,0.522,298.4,410.5,415.6,603.3,357.0,506.9,117.1,192.8,3
1083,82.716,handbag,0.449,243.5,176.7,283.7,236.9,263.6,206.8,40.1,60.2,74
1083,82.716,handbag,0.35,237.7,164.3,284.8,238.1,261.3,201.2,47.1,73.8,74
1084,82.792,shopping basket,0.669,298.9,485.8,416.2,604.1,357.6,545.0,117.3,118.3,
1084,82.792,shopping basket,0.613,298.4,411.5,415.5,603.3,357.0,507.4,117.1,191.9,3
1084,82.792,handbag,0.455,241.4,175.3,284.5,238.9,262.9,207.1,43.0,63.6,115
1084,82.792,handbag,0.348,439.8,183.4,487.4,251.0,463.6,217.2,47.5,67.6,
1084,82.792,shopping bag,0.264,231.8,159.3,285.8,239.2,258.8,199.2,53.9,79.9,115
1084,82.792,handbag,0.251,313.5,162.9,340.6,207.3,327.1,185.1,27.1,44.4,74
1085,82.869,shopping basket,0.702,298.9,485.9,416.2,604.2,357.6,545.0,117.3,118.3,
1085,82.869,shopping basket,0.537,298.3,397.2,415.5,603.4,356.9,500.3,117.1,206.3,3
1085,82.869,handbag,0.447,431.4,178.2,479.6,244.2,455.5,211.2,48.2,66.0,
1085,82.869,shopping bag,0.411,240.2,176.3,284.6,240.9,262.4,208.6,44.5,64.6,115
1085,82.869,handbag,0.359,230.9,166.8,285.8,242.6,258.3,204.7,54.8,75.8,115
1086,82.945,shopping basket,0.693,298.5,390.2,415.5,603.4,357.0,496.8,117.0,213.2,3
1086,82.945,shopping basket,0.638,298.9,485.9,416.1,604.2,357.5,545.0,117.3,118.3,3
1086,82.945,shopping bag,0.53,239.1,178.6,287.0,243.7,263.0,211.1,48.0,65.0,115
1086,82.945,handbag,0.517,427.8,177.0,474.3,241.5,451.1,209.2,46.5,64.5,
1087,83.021,shopping basket,0.716,298.5,389.1,415.6,603.4,357.0,496.2,117.1,214.3,3
1087,83.021,shopping basket,0.607,298.9,485.9,416.2,604.1,357.5,545.0,117.3,118.3,3
1087,83.021,handbag,0.489,240.2,182.8,287.3,245.3,263.7,214.1,47.1,62.5,115
1087,83.021,handbag,0.454,427.4,176.0,471.8,242.6,449.6,209.3,44.3,66.6,
1088,83.098,shopping basket,0.636,298.8,485.8,416.2,604.1,357.5,545.0,117.4,118.4,3
1088,83.098,shopping basket,0.587,298.3,417.5,415.5,603.4,356.9,510.4,117.2,185.8,3
1088,83.098,handbag,0.526,242.0,179.5,289.4,247.1,265.7,213.3,47.5,67.6,115
1088,83.098,handbag,0.363,428.0,178.6,468.5,243.8,448.2,211.2,40.5,65.2,92
1089,83.174,shopping basket,0.682,298.8,485.7,416.1,604.1,357.4,544.9,117.3,118.5,
1089,83.174,handbag,0.554,239.0,179.4,289.8,247.9,264.4,213.6,50.9,68.6,115
1089,83.174,shopping basket,0.397,298.6,370.6,415.7,602.0,357.1,486.3,117.1,231.5,3
1090,83.251,shopping basket,0.62,298.2,394.0,415.6,603.4,356.9,498.7,117.4,209.4,3
1090,83.251,shopping basket,0.611,298.7,485.8,416.3,604.1,357.5,545.0,117.6,118.3,
1090,83.251,handbag,0.379,241.5,185.7,291.0,249.6,266.2,217.7,49.5,63.9,115
1090,83.251,cardboard box,0.303,206.9,255.4,283.8,369.1,245.4,312.3,76.9,113.7,1
1090,83.251,handbag,0.259,226.4,161.8,292.2,250.1,259.3,205.9,65.8,88.3,115
1091,83.327,shopping basket,0.774,298.6,381.5,416.1,603.7,357.3,492.6,117.5,222.2,3
1091,83.327,shopping basket,0.448,298.9,485.4,416.0,604.1,357.4,544.8,117.1,118.8,3
1091,83.327,handbag,0.448,234.0,176.5,291.8,251.3,262.9,213.9,57.8,74.8,115
1091,83.327,handbag,0.353,242.6,190.2,291.5,250.7,267.1,220.5,48.9,60.4,115
1091,83.327,cardboard box,0.312,206.8,256.1,284.5,374.0,245.6,315.1,77.8,117.9,1
1091,83.327,handbag,0.295,423.1,171.7,460.1,238.8,441.6,205.3,37.0,67.1,92
1092,83.403,shopping basket,0.718,298.3,393.0,415.8,603.7,357.1,498.4,117.5,210.7,3
1092,83.403,shopping basket,0.491,298.8,484.6,415.9,604.0,357.4,544.3,117.1,119.4,3
1092,83.403,handbag,0.491,244.7,190.2,291.9,253.3,268.3,221.8,47.2,63.2,115
1092,83.403,cardboard box,0.33,206.8,255.9,284.3,373.4,245.5,314.7,77.5,117.5,1
1093,83.48,shopping basket,0.763,298.3,422.1,415.6,604.0,357.0,513.1,117.3,181.9,3
1093,83.48,shopping basket,0.446,298.8,486.4,415.7,604.0,357.3,545.2,116.8,117.6,3
1093,83.48,shopping bag,0.28,243.0,190.6,292.3,256.1,267.6,223.3,49.3,65.5,115
1093,83.48,cardboard box,0.271,206.9,256.1,285.5,374.2,246.2,315.1,78.6,118.2,1
1094,83.556,shopping basket,0.564,297.8,419.2,416.2,604.1,357.0,511.6,118.4,185.0,3
1094,83.556,shopping basket,0.522,298.4,485.7,416.2,604.3,357.3,545.0,117.8,118.6,
1094,83.556,cardboard box,0.291,207.1,256.9,283.9,369.4,245.5,313.2,76.8,112.5,1
1095,83.632,shopping basket,0.626,297.5,420.6,416.0,604.0,356.8,512.3,118.5,183.4,3
1095,83.632,shopping basket,0.571,297.7,485.4,416.2,604.3,356.9,544.8,118.5,118.9,
1095,83.632,cardboard box,0.259,207.1,256.8,283.9,369.5,245.5,313.2,76.8,112.7,1
1096,83.709,shopping basket,0.747,297.6,423.0,416.2,604.1,356.9,513.5,118.7,181.1,
1096,83.709,shopping basket,0.615,298.1,485.9,416.4,604.5,357.2,545.2,118.3,118.6,
1097,83.785,shopping basket,0.789,298.0,423.2,414.9,604.2,356.5,513.7,116.9,181.0,
1097,83.785,shopping basket,0.392,298.5,486.5,414.9,603.8,356.7,545.1,116.4,117.4,
1097,83.785,shopping bag,0.294,419.0,153.2,448.6,249.8,433.8,201.5,29.6,96.6,
1098,83.862,shopping basket,0.829,298.0,423.6,415.5,604.3,356.8,514.0,117.5,180.7,
1098,83.862,shopping basket,0.324,298.7,485.8,415.3,603.8,357.0,544.8,116.6,118.0,
1098,83.862,cardboard box,0.259,207.0,256.9,284.0,369.8,245.5,313.4,77.1,112.9,115
1099,83.938,shopping basket,0.561,297.9,420.3,415.4,604.1,356.6,512.2,117.5,183.8,
1099,83.938,handbag,0.39,406.4,148.7,435.5,201.5,420.9,175.1,29.1,52.8,
1099,83.938,shopping basket,0.335,297.9,480.4,415.2,604.0,356.6,542.2,117.3,123.6,
1099,83.938,cardboard box,0.255,206.9,257.0,284.2,370.4,245.5,313.7,77.3,113.4,115
1100,84.014,shopping basket,0.664,298.7,433.2,415.2,603.9,357.0,518.6,116.5,170.7,3
1100,84.014,handbag,0.39,398.9,144.3,430.2,196.7,414.6,170.5,31.3,52.4,92
1100,84.014,shopping basket,0.306,299.8,485.3,415.5,604.2,357.6,544.7,115.7,118.8,
1101,84.091,shopping basket,0.715,300.9,423.0,415.6,604.1,358.3,513.6,114.7,181.1,3
1101,84.091,shopping basket,0.291,300.0,486.6,415.3,603.6,357.7,545.1,115.3,117.1,3
1101,84.091,shopping bag,0.28,304.0,407.2,369.3,490.6,336.6,448.9,65.3,83.5,3
1102,84.167,shopping basket,0.733,301.1,420.8,415.6,604.2,358.3,512.5,114.5,183.4,3
1102,84.167,shopping bag,0.381,302.0,416.1,365.5,498.8,333.7,457.4,63.5,82.7,3
1102,84.167,handbag,0.279,388.0,141.0,419.2,190.3,403.6,165.7,31.2,49.4,92
1102,84.167,shopping basket,0.273,300.7,488.8,415.3,604.4,358.0,546.6,114.6,115.5,3
1103,84.243,shopping basket,0.544,300.9,420.2,415.6,603.9,358.3,512.0,114.7,183.7,3
1103,84.243,shopping basket,0.534,300.9,491.0,415.6,604.1,358.3,547.6,114.7,113.1,3
1103,84.243,shopping bag,0.307,300.6,421.2,365.2,501.8,332.9,461.5,64.6,80.6,3
1103,84.243,handbag,0.289,383.1,138.7,412.1,189.0,397.6,163.9,29.0,50.3,92
1104,84.32,handbag,0.447,379.4,138.2,406.9,186.8,393.1,162.5,27.5,48.7,92
1104,84.32,shopping basket,0.379,301.2,492.3,415.8,603.6,358.5,548.0,114.5,111.3,3
1104,84.32,shopping bag,0.269,300.5,423.2,364.4,510.8,332.4,467.0,63.9,87.5,3
1105,84.396,shopping bag,0.295,299.4,426.1,360.9,512.1,330.2,469.1,61.5,86.0,3
1105,84.396,shopping basket,0.262,300.1,492.9,416.0,602.2,358.0,547.6,115.9,109.3,3
1110,84.778,handbag,0.541,364.6,126.8,386.6,176.0,375.6,151.4,22.0,49.1,
1110,84.778,handbag,0.28,293.4,408.4,350.9,507.9,322.2,458.1,57.5,99.4,1
1111,84.855,handbag,0.393,363.8,124.7,383.4,171.7,373.6,148.2,19.6,47.0,
1111,84.855,handbag,0.362,294.1,413.8,349.8,507.9,321.9,460.9,55.7,94.2,1
1112,84.931,handbag,0.309,361.2,121.0,384.8,168.4,373.0,144.7,23.6,47.4,
1113,85.007,handbag,0.352,360.9,118.4,386.6,166.3,373.7,142.3,25.7,47.8,
1114,85.084,handbag,0.269,359.2,114.6,386.2,163.3,372.7,138.9,27.1,48.7,
1115,85.16,handbag,0.424,357.6,109.9,387.5,161.4,372.5,135.7,29.9,51.5,
1119,85.466,handbag,0.377,345.3,100.7,379.6,157.8,362.5,129.3,34.2,57.1,92
1120,85.542,handbag,0.301,341.4,96.7,365.3,155.2,353.4,125.9,23.8,58.5,92
1122,85.695,shopping bag,0.264,246.9,221.0,311.9,329.5,279.4,275.2,65.0,108.4,
1124,85.847,handbag,0.372,335.7,94.9,372.0,151.9,353.8,123.4,36.2,57.0,92
1130,86.306,shopping basket,0.504,302.4,482.0,417.0,599.9,359.7,540.9,114.6,117.9,3
1131,86.382,shopping basket,0.443,302.3,481.4,417.4,599.1,359.9,540.2,115.1,117.7,3
1132,86.458,shopping basket,0.284,301.7,480.6,417.2,599.6,359.4,540.1,115.5,119.0,3
1133,86.535,shopping basket,0.682,301.3,485.0,416.7,599.1,359.0,542.0,115.4,114.0,3
1134,86.611,shopping basket,0.551,301.9,483.2,417.4,599.1,359.7,541.2,115.5,115.9,3
1135,86.688,shopping basket,0.557,301.7,482.0,417.1,599.4,359.4,540.7,115.4,117.5,3
1135,86.688,handbag,0.252,379.1,92.0,409.3,136.1,394.2,114.1,30.2,44.1,92
1136,86.764,shopping basket,0.387,301.5,482.0,417.2,599.3,359.4,540.7,115.8,117.2,3
1136,86.764,handbag,0.296,380.8,90.3,408.2,135.3,394.5,112.8,27.4,45.0,92
1137,86.84,shopping basket,0.417,301.6,482.4,418.0,598.9,359.8,540.7,116.4,116.5,3
1137,86.84,handbag,0.254,382.7,86.7,412.4,126.9,397.6,106.8,29.7,40.1,92
1138,86.917,shopping basket,0.478,301.9,483.2,417.6,599.7,359.7,541.5,115.7,116.6,3
1139,86.993,shopping basket,0.739,301.9,483.3,418.4,598.6,360.2,540.9,116.6,115.4,3
1140,87.069,shopping basket,0.785,301.9,483.7,418.8,599.5,360.3,541.6,116.9,115.8,3
1141,87.146,shopping basket,0.85,301.5,484.9,419.3,599.3,360.4,542.1,117.8,114.4,3
1141,87.146,shopping bag,0.257,277.6,246.3,331.7,330.3,304.7,288.3,54.1,84.0,
1142,87.222,shopping basket,0.823,301.6,484.4,417.6,599.4,359.6,541.9,116.1,115.1,3
1142,87.222,handbag,0.27,400.3,89.1,420.6,126.6,410.4,107.8,20.3,37.6,92
1143,87.299,shopping basket,0.811,300.9,484.4,418.3,599.5,359.6,541.9,117.4,115.1,3
1144,87.375,shopping basket,0.863,300.7,484.4,419.3,599.7,360.0,542.0,118.7,115.2,3
1145,87.451,shopping basket,0.872,300.8,485.0,418.7,599.1,359.8,542.0,117.9,114.1,3
1145,87.451,shopping bag,0.251,281.8,247.1,328.9,313.2,305.4,280.1,47.2,66.1,
1146,87.528,shopping basket,0.858,301.0,484.7,418.7,599.3,359.8,542.0,117.7,114.6,3
1147,87.604,shopping basket,0.873,302.0,484.7,419.0,599.5,360.5,542.1,117.0,114.7,3
1148,87.68,shopping basket,0.877,302.1,484.9,419.2,599.6,360.7,542.2,117.0,114.7,3
1149,87.757,shopping basket,0.881,302.4,485.1,419.0,599.5,360.7,542.3,116.7,114.4,3
1150,87.833,shopping basket,0.864,302.5,484.9,419.2,599.2,360.8,542.0,116.7,114.3,3
1151,87.91,shopping basket,0.817,302.9,484.9,419.1,599.0,361.0,542.0,116.2,114.0,3
1152,87.986,shopping basket,0.834,302.9,485.0,419.2,598.9,361.0,542.0,116.3,114.0,3
1152,87.986,handbag,0.255,280.5,258.4,328.1,309.6,304.3,284.0,47.5,51.2,
1153,88.062,shopping basket,0.756,303.1,484.7,419.3,599.0,361.2,541.8,116.2,114.3,3
1154,88.139,shopping basket,0.821,303.0,483.6,420.0,598.7,361.5,541.1,117.0,115.1,3
1155,88.215,shopping basket,0.718,304.9,478.6,421.3,597.5,363.1,538.0,116.4,119.0,3
1155,88.215,shopping basket,0.379,304.7,413.4,421.7,596.3,363.2,504.9,117.0,182.9,3
1155,88.215,shopping basket,0.295,442.4,351.2,659.5,588.8,550.9,470.0,217.1,237.6,3
1156,88.291,shopping basket,0.759,309.4,470.7,423.8,593.5,366.6,532.1,114.4,122.8,
1156,88.291,shopping basket,0.341,440.4,352.1,660.0,586.0,550.2,469.0,219.6,233.9,3
1157,88.368,shopping basket,0.782,319.6,465.0,432.0,592.7,375.8,528.9,112.4,127.7,
1157,88.368,shopping basket,0.256,447.5,351.9,659.9,582.3,553.7,467.1,212.4,230.3,3
1158,88.444,shopping basket,0.707,327.4,461.1,438.1,589.7,382.8,525.4,110.7,128.5,
1159,88.521,shopping basket,0.709,337.5,455.3,447.5,580.9,392.5,518.1,110.0,125.6,
1160,88.597,shopping basket,0.78,343.7,450.4,454.1,573.5,398.9,511.9,110.4,123.0,
1161,88.673,shopping basket,0.688,348.8,446.5,459.1,570.5,403.9,508.5,110.4,124.0,
1162,88.75,shopping basket,0.506,355.5,442.8,466.3,563.3,410.9,503.1,110.8,120.5,
1162,88.75,cardboard box,0.251,206.2,253.8,302.2,382.9,254.2,318.3,96.0,129.1,1
1163,88.826,shopping basket,0.526,360.8,438.8,468.6,562.4,414.7,500.6,107.9,123.5,
1164,88.902,shopping basket,0.407,368.2,434.8,468.7,556.9,418.4,495.8,100.5,122.2,
1164,88.902,shopping basket,0.273,434.2,353.0,659.4,582.8,546.8,467.9,225.2,229.7,
1165,88.979,shopping basket,0.419,370.5,433.0,470.0,552.2,420.2,492.6,99.5,119.2,
1166,89.055,shopping basket,0.471,374.1,430.1,471.8,547.3,422.9,488.7,97.7,117.2,
1166,89.055,shopping basket,0.25,416.5,366.7,531.1,464.9,473.8,415.8,114.6,98.2,
1167,89.132,shopping basket,0.538,376.6,428.6,472.8,546.2,424.7,487.4,96.2,117.5,
1167,89.132,shopping basket,0.301,416.4,366.2,530.8,462.3,473.6,414.2,114.4,96.1,
1168,89.208,shopping basket,0.427,379.2,424.2,470.1,542.9,424.6,483.6,90.9,118.7,
1168,89.208,shopping basket,0.252,417.4,365.7,531.3,463.4,474.3,414.5,113.9,97.8,
1169,89.284,shopping basket,0.361,381.7,423.3,474.7,540.8,428.2,482.0,92.9,117.5,
1169,89.284,shopping basket,0.289,417.7,364.1,530.8,462.2,474.3,413.1,113.1,98.0,
1170,89.361,shopping basket,0.33,415.8,361.4,530.5,461.2,473.2,411.3,114.6,99.7,
1170,89.361,shopping basket,0.299,383.8,422.1,473.5,538.4,428.7,480.2,89.8,116.3,
1171,89.437,shopping bag,0.508,237.6,331.2,361.4,526.5,299.5,428.8,123.8,195.3,1
1172,89.513,shopping bag,0.705,251.0,331.0,361.4,520.5,306.2,425.7,110.5,189.5,1
1172,89.513,shopping basket,0.295,416.7,356.3,528.7,462.6,472.7,409.5,112.0,106.3,
1172,89.513,handbag,0.291,907.8,279.1,952.5,326.1,930.1,302.6,44.7,47.0,112
1173,89.59,shopping bag,0.664,271.0,331.3,361.2,516.3,316.1,423.8,90.2,184.9,1
1173,89.59,shopping bag,0.358,264.6,210.8,294.2,284.3,279.4,247.6,29.7,73.6,115
1173,89.59,shopping basket,0.314,418.0,353.3,528.7,463.8,473.4,408.5,110.7,110.5,
1173,89.59,shopping bag,0.301,133.8,393.8,187.1,491.0,160.5,442.4,53.3,97.2,1
1174,89.666,shopping bag,0.471,264.1,208.3,295.6,282.8,279.9,245.5,31.5,74.5,115
1174,89.666,shopping basket,0.429,397.7,352.5,535.7,527.3,466.7,439.9,138.0,174.8,
1174,89.666,shopping bag,0.425,279.8,331.3,361.4,514.9,320.6,423.1,81.6,183.7,1
1174,89.666,shopping bag,0.279,858.1,172.1,947.0,329.3,902.6,250.7,88.9,157.1,112
1174,89.666,shopping bag,0.267,133.8,393.6,186.8,491.4,160.3,442.5,53.0,97.7,
1174,89.666,shopping basket,0.263,418.2,350.6,529.4,465.9,473.8,408.3,111.2,115.4,
1175,89.743,handbag,0.502,268.5,207.9,304.2,280.5,286.3,244.2,35.7,72.6,115
1175,89.743,shopping basket,0.416,404.7,350.8,536.3,524.1,470.5,437.4,131.6,173.2,
1176,89.819,shopping bag,0.625,276.5,204.8,304.7,280.3,290.6,242.6,28.2,75.4,115
1176,89.819,shopping basket,0.434,406.6,343.5,535.5,515.1,471.0,429.3,128.9,171.6,
1177,89.895,shopping bag,0.54,277.9,205.4,307.9,277.0,292.9,241.2,30.0,71.6,115
1177,89.895,shopping basket,0.34,408.9,340.7,537.5,516.1,473.2,428.4,128.6,175.4,
1178,89.972,handbag,0.588,278.3,213.7,309.8,276.6,294.1,245.1,31.5,62.9,115
1178,89.972,shopping basket,0.43,412.9,351.8,535.0,510.1,473.9,430.9,122.1,158.3,
1179,90.048,shopping bag,0.629,280.0,206.5,311.5,277.1,295.7,241.8,31.4,70.6,115
1179,90.048,shopping basket,0.352,413.3,336.2,535.3,509.2,474.3,422.7,122.0,173.0,
1180,90.124,shopping bag,0.67,282.6,205.5,314.0,276.9,298.3,241.2,31.3,71.4,115
1180,90.124,shopping basket,0.374,414.5,366.3,534.3,505.0,474.4,435.6,119.8,138.7,
1181,90.201,shopping bag,0.595,284.0,206.7,315.1,277.6,299.5,242.1,31.1,70.9,115
1182,90.277,shopping bag,0.545,287.0,216.9,315.1,277.3,301.0,247.1,28.1,60.5,115
1183,90.354,shopping bag,0.593,287.1,209.9,317.0,277.7,302.1,243.8,29.9,67.8,115
1184,90.43,shopping bag,0.682,287.9,207.1,318.9,278.6,303.4,242.8,31.0,71.5,115
1185,90.506,shopping bag,0.734,288.1,206.8,320.0,279.2,304.0,243.0,31.9,72.4,115
1186,90.583,shopping bag,0.723,288.4,207.0,320.0,279.4,304.2,243.2,31.5,72.4,115
1186,90.583,shopping bag,0.256,286.5,206.8,337.1,289.1,311.8,247.9,50.7,82.3,115
1187,90.659,shopping bag,0.5,288.9,205.7,334.8,282.6,311.9,244.1,45.9,76.9,115
1187,90.659,handbag,0.476,979.3,318.5,1022.5,371.2,1000.9,344.9,43.2,52.7,112
1187,90.659,shopping bag,0.315,288.2,206.4,322.5,280.4,305.3,243.4,34.2,74.0,115
1187,90.659,shopping basket,0.282,304.1,89.2,342.4,160.9,323.2,125.1,38.3,71.7,115
1188,90.736,shopping bag,0.525,290.1,205.4,337.3,283.7,313.7,244.6,47.2,78.3,115
1188,90.736,handbag,0.424,982.8,322.1,1029.2,373.8,1006.0,347.9,46.3,51.7,112
1188,90.736,shopping bag,0.311,307.0,89.1,344.9,160.1,326.0,124.6,37.9,71.0,115
1189,90.812,shopping bag,0.63,289.9,205.1,333.6,282.4,311.8,243.8,43.7,77.4,115
1189,90.812,handbag,0.374,985.6,322.1,1029.2,376.2,1007.4,349.1,43.6,54.1,112
1189,90.812,shopping bag,0.354,307.3,89.4,345.6,160.4,326.4,124.9,38.2,71.0,115
1189,90.812,cardboard box,0.293,207.4,249.9,285.5,357.5,246.5,303.7,78.1,107.6,1
1190,90.888,shopping bag,0.66,290.7,204.4,326.3,282.4,308.5,243.4,35.6,78.0,115
1190,90.888,handbag,0.377,990.8,327.1,1036.1,383.2,1013.4,355.2,45.3,56.2,112
1190,90.888,cardboard box,0.345,205.7,253.0,303.3,380.6,254.5,316.8,97.6,127.6,1
1190,90.888,cardboard box,0.272,206.2,252.0,285.7,359.0,246.0,305.5,79.6,107.0,1
1190,90.888,shopping bag,0.258,306.9,88.7,345.2,157.9,326.0,123.3,38.3,69.2,115
1191,90.965,shopping bag,0.55,290.6,203.7,327.1,280.0,308.8,241.8,36.5,76.2,115
1191,90.965,handbag,0.417,995.1,335.3,1040.0,387.9,1017.6,361.6,44.9,52.6,112
1191,90.965,cardboard box,0.334,205.9,252.9,303.2,380.4,254.6,316.7,97.3,127.5,1
1191,90.965,shopping bag,0.281,306.0,89.4,344.8,157.4,325.4,123.4,38.8,68.0,115
1192,91.041,shopping bag,0.594,292.2,201.3,326.2,274.3,309.2,237.8,34.0,73.0,115
1192,91.041,cardboard box,0.302,206.1,253.0,303.0,380.5,254.6,316.7,96.9,127.5,1
1193,91.117,shopping bag,0.611,293.1,200.1,325.2,271.8,309.1,235.9,32.1,71.7,115
1193,91.117,cardboard box,0.26,206.0,253.8,303.1,380.3,254.6,317.0,97.1,126.5,1
1194,91.194,shopping bag,0.599,292.1,196.8,323.3,267.2,307.7,232.0,31.2,70.4,115
1194,91.194,shopping basket,0.488,389.9,320.2,478.8,413.3,434.4,366.8,88.9,93.0,
1194,91.194,shopping bag,0.354,307.8,86.3,339.5,165.9,323.6,126.1,31.7,79.6,115
1194,91.194,cardboard box,0.301,205.5,253.6,303.0,380.7,254.2,317.1,97.5,127.1,1
1194,91.194,handbag,0.295,1019.1,356.4,1066.5,412.4,1042.8,384.4,47.5,56.0,112
1195,91.27,shopping basket,0.569,384.7,312.8,472.8,411.9,428.8,362.3,88.1,99.1,
1195,91.27,shopping bag,0.438,291.4,194.3,324.8,264.9,308.1,229.6,33.4,70.6,115
1195,91.27,shopping bag,0.365,310.5,86.2,340.5,164.9,325.5,125.5,30.0,78.7,120
1195,91.27,shopping basket,0.328,383.9,256.6,473.1,411.7,428.5,334.1,89.2,155.2,3
1195,91.27,handbag,0.31,1021.5,363.4,1070.5,417.4,1046.0,390.4,49.0,54.0,112
1196,91.347,shopping basket,0.539,379.3,307.0,465.8,403.8,422.5,355.4,86.5,96.8,
1196,91.347,shopping bag,0.445,290.9,193.9,321.3,264.1,306.1,229.0,30.5,70.2,115
1196,91.347,shopping bag,0.265,311.3,86.5,341.1,164.8,326.2,125.6,29.8,78.3,120
1196,91.347,cardboard box,0.257,206.1,253.4,303.0,380.6,254.5,317.0,96.9,127.2,1
1197,91.423,handbag,0.455,1025.5,367.6,1074.1,420.6,1049.8,394.1,48.6,53.0,112
1197,91.423,shopping basket,0.431,375.1,303.1,463.7,397.9,419.4,350.5,88.6,94.8,
1197,91.423,shopping bag,0.284,290.0,192.0,324.2,267.0,307.1,229.5,34.1,75.0,115
1198,91.499,shopping basket,0.644,371.8,298.8,458.1,392.0,414.9,345.4,86.3,93.3,
1198,91.499,shopping bag,0.334,289.6,192.4,320.6,266.2,305.1,229.3,30.9,73.7,115
1198,91.499,cardboard box,0.252,206.3,253.1,302.9,381.2,254.6,317.2,96.6,128.1,1
1199,91.576,shopping basket,0.506,366.6,291.1,453.5,386.3,410.0,338.7,86.9,95.2,
1199,91.576,shopping bag,0.389,288.7,191.6,322.6,265.7,305.7,228.6,33.9,74.1,115
1200,91.652,shopping bag,0.638,288.0,192.0,321.2,266.1,304.6,229.1,33.3,74.1,115
1200,91.652,shopping basket,0.523,360.5,286.2,444.5,379.7,402.5,332.9,84.0,93.6,
1200,91.652,shopping bag,0.416,312.6,87.0,342.6,170.4,327.6,128.7,30.0,83.4,120
1200,91.652,handbag,0.3,1029.5,372.9,1083.2,429.6,1056.3,401.2,53.8,56.8,112
1200,91.652,cardboard box,0.262,206.7,253.8,283.7,368.9,245.2,311.4,77.0,115.0,1
1201,91.728,shopping bag,0.643,287.9,191.9,321.5,266.3,304.7,229.1,33.6,74.4,115
1201,91.728,handbag,0.503,1034.3,373.8,1088.3,430.7,1061.3,402.2,54.0,57.0,112
1201,91.728,shopping basket,0.479,358.1,282.9,441.5,374.9,399.8,328.9,83.5,92.0,
1201,91.728,shopping bag,0.478,312.0,86.8,341.9,171.6,327.0,129.2,30.0,84.7,120
1201,91.728,cardboard box,0.276,206.7,253.8,283.7,369.2,245.2,311.5,77.1,115.3,1
1202,91.805,handbag,0.593,1035.9,376.7,1088.3,430.7,1062.1,403.7,52.4,54.0,112
1202,91.805,shopping bag,0.592,287.8,192.0,320.1,266.8,304.0,229.4,32.3,74.7,115
1202,91.805,shopping basket,0.555,357.2,282.6,440.1,373.3,398.7,328.0,82.9,90.7,
1202,91.805,shopping bag,0.525,311.9,86.9,341.5,172.7,326.7,129.8,29.6,85.9,120
1202,91.805,cardboard box,0.271,206.6,253.9,283.7,369.3,245.2,311.6,77.1,115.4,1
1203,91.881,shopping basket,0.703,352.4,273.4,432.0,364.7,392.2,319.1,79.7,91.3,
1203,91.881,handbag,0.586,1043.3,380.0,1099.0,435.0,1071.2,407.5,55.7,55.0,112
1203,91.881,shopping basket,0.555,351.9,227.0,432.6,364.9,392.3,296.0,80.6,137.9,3
1203,91.881,shopping bag,0.378,309.2,86.3,342.2,173.6,325.7,129.9,32.9,87.2,120
1203,91.881,shopping bag,0.373,287.0,194.3,323.2,269.2,305.1,231.7,36.2,74.9,115
1204,91.958,shopping basket,0.774,349.0,220.0,427.8,356.8,388.4,288.4,78.8,136.8,3
1204,91.958,shopping basket,0.709,349.5,269.7,427.7,356.1,388.6,312.9,78.2,86.4,
1204,91.958,shopping bag,0.422,311.0,86.7,340.9,170.9,325.9,128.8,29.8,84.2,120
1204,91.958,handbag,0.389,1082.4,386.0,1142.4,448.3,1112.4,417.1,60.0,62.2,112
1204,91.958,shopping bag,0.358,286.3,194.1,322.3,270.0,304.3,232.1,36.0,75.9,115
1205,92.034,shopping basket,0.753,347.8,266.0,424.8,349.7,386.3,307.8,77.1,83.8,
1205,92.034,shopping bag,0.427,286.1,194.4,322.3,269.8,304.2,232.1,36.2,75.4,115
1205,92.034,handbag,0.424,1047.2,355.1,1098.2,435.8,1072.7,395.4,51.0,80.7,112
1205,92.034,shopping bag,0.306,310.3,86.8,340.9,170.3,325.6,128.5,30.6,83.5,120
1205,92.034,handbag,0.279,1083.3,387.1,1140.0,449.1,1111.7,418.1,56.7,62.0,112
1206,92.11,shopping basket,0.824,346.8,263.9,423.5,345.7,385.2,304.8,76.7,81.8,
1206,92.11,shopping bag,0.543,284.8,194.8,322.0,269.5,303.4,232.2,37.2,74.7,115
1206,92.11,handbag,0.498,1047.5,373.6,1098.4,437.4,1073.0,405.5,50.9,63.8,112
1206,92.11,shopping bag,0.379,310.2,86.8,340.2,169.4,325.2,128.1,30.0,82.5,120
1207,92.187,shopping basket,0.821,346.4,259.3,421.9,340.9,384.1,300.1,75.5,81.6,1
1207,92.187,handbag,0.462,1048.3,375.1,1098.8,437.9,1073.6,406.5,50.5,62.8,112
1207,92.187,shopping bag,0.351,310.5,87.1,340.0,169.8,325.2,128.5,29.5,82.7,120
1207,92.187,shopping bag,0.316,284.0,195.0,320.8,271.6,302.4,233.3,36.8,76.6,115
1207,92.187,cardboard box,0.267,200.5,244.2,284.7,359.3,242.6,301.8,84.2,115.0,1
1208,92.263,shopping basket,0.828,345.0,257.0,420.7,337.3,382.9,297.2,75.7,80.2,1
1208,92.263,shopping bag,0.469,308.6,87.9,338.8,170.1,323.7,129.0,30.2,82.2,120
1208,92.263,handbag,0.404,1049.3,379.9,1098.2,439.6,1073.8,409.8,48.9,59.7,112
1208,92.263,handbag,0.296,1083.9,390.6,1145.2,451.7,1114.6,421.2,61.3,61.1,112
1208,92.263,shopping bag,0.255,283.1,196.1,319.1,272.8,301.1,234.4,36.0,76.7,115
1209,92.339,shopping basket,0.669,345.5,255.2,419.4,333.0,382.4,294.1,74.0,77.8,1
1209,92.339,shopping basket,0.549,344.6,205.4,419.9,333.1,382.3,269.2,75.3,127.7,3
1209,92.339,handbag,0.503,1050.3,382.3,1098.8,440.0,1074.5,411.2,48.5,57.7,112
1209,92.339,shopping bag,0.466,308.8,88.0,339.0,170.0,323.9,129.0,30.2,82.1,120
1209,92.339,shopping bag,0.299,1083.9,389.8,1146.3,452.7,1115.1,421.2,62.4,62.9,112
1210,92.416,shopping basket,0.787,344.9,250.5,418.1,327.5,381.5,289.0,73.2,77.0,1
1210,92.416,handbag,0.534,1051.0,379.2,1099.5,438.2,1075.3,408.7,48.6,59.0,112
1210,92.416,shopping bag,0.526,308.7,88.1,338.4,172.4,323.6,130.2,29.6,84.3,120
1210,92.416,shopping basket,0.393,343.9,200.5,418.4,328.0,381.1,264.2,74.5,127.5,3
1210,92.416,shopping bag,0.311,1085.2,388.5,1146.2,453.1,1115.7,420.8,61.0,64.5,112
1211,92.492,shopping basket,0.794,345.0,249.4,418.0,326.1,381.5,287.8,73.1,76.6,1
1211,92.492,handbag,0.509,1051.3,379.6,1099.4,438.5,1075.4,409.0,48.2,58.9,112
1211,92.492,shopping bag,0.507,308.9,87.9,337.7,171.6,323.3,129.7,28.8,83.6,120
1211,92.492,shopping basket,0.338,344.1,196.0,418.5,326.2,381.3,261.1,74.4,130.2,3
1211,92.492,shopping bag,0.316,1085.5,388.6,1146.0,453.0,1115.8,420.8,60.5,64.4,112
1211,92.492,shopping basket,0.25,167.6,401.8,261.9,553.0,214.8,477.4,94.3,151.2,1
1212,92.569,shopping basket,0.84,345.8,241.1,418.6,318.7,382.2,279.9,72.7,77.6,1
1212,92.569,shopping bag,0.458,309.8,88.0,332.5,167.1,321.1,127.5,22.7,79.0,120
1212,92.569,handbag,0.444,1049.7,380.3,1099.2,441.3,1074.5,410.8,49.5,61.0,112
1212,92.569,shopping bag,0.318,1085.7,388.5,1146.4,455.5,1116.0,422.0,60.7,67.0,112
1213,92.645,shopping basket,0.798,346.5,239.3,418.3,315.1,382.4,277.2,71.9,75.8,1
1213,92.645,handbag,0.503,1048.4,381.3,1098.9,441.5,1073.7,411.4,50.4,60.2,112
1213,92.645,shopping bag,0.467,1085.6,388.7,1145.5,456.3,1115.6,422.5,59.9,67.6,112
1213,92.645,shopping bag,0.466,311.9,88.0,330.3,167.5,321.1,127.7,18.5,79.5,120
1214,92.721,shopping basket,0.723,347.6,233.8,418.8,309.2,383.2,271.5,71.1,75.4,1
1214,92.721,handbag,0.501,1047.4,382.2,1098.5,443.1,1073.0,412.7,51.1,60.9,112
1214,92.721,shopping bag,0.272,1086.5,388.0,1145.1,457.9,1115.8,422.9,58.6,69.9,112
1215,92.798,shopping basket,0.596,346.0,189.1,418.4,304.0,382.2,246.6,72.4,114.9,1
1215,92.798,handbag,0.547,1047.5,383.3,1098.4,445.2,1073.0,414.3,50.9,61.9,112
1215,92.798,shopping basket,0.528,346.9,228.3,418.2,303.8,382.5,266.0,71.3,75.5,1
1215,92.798,cardboard box,0.262,206.4,253.2,274.6,373.6,240.5,313.4,68.1,120.4,
1216,92.874,shopping basket,0.567,346.5,224.0,417.8,300.2,382.2,262.1,71.3,76.2,1
1216,92.874,handbag,0.52,1047.6,382.6,1098.6,445.6,1073.1,414.1,51.0,63.1,112
1216,92.874,shopping bag,0.25,1087.3,387.8,1145.2,458.7,1116.3,423.2,57.9,70.9,112
1217,92.95,shopping basket,0.705,350.5,222.1,417.0,295.8,383.8,259.0,66.6,73.6,1
1217,92.95,handbag,0.504,1047.6,383.4,1098.5,445.7,1073.1,414.6,50.9,62.2,112
1217,92.95,shopping bag,0.468,287.8,192.7,308.2,266.2,298.0,229.5,20.4,73.6,1
1217,92.95,shopping bag,0.261,316.5,76.6,395.8,201.4,356.2,139.0,79.3,124.8,3
1218,93.027,shopping bag,0.536,288.3,193.0,312.6,266.8,300.4,229.9,24.3,73.8,1
1218,93.027,shopping basket,0.526,353.8,221.0,414.1,289.2,383.9,255.1,60.2,68.3,1
1218,93.027,handbag,0.469,1047.5,383.4,1098.6,445.7,1073.1,414.6,51.1,62.2,112
1218,93.027,cardboard box,0.253,206.2,253.7,281.0,371.6,243.6,312.6,74.7,117.9,
1219,93.103,shopping bag,0.669,289.2,193.1,317.6,266.7,303.4,229.9,28.4,73.7,1
1219,93.103,handbag,0.453,1047.6,383.8,1098.6,444.9,1073.1,414.4,51.1,61.1,112
1219,93.103,cardboard box,0.34,206.2,252.7,288.1,370.5,247.1,311.6,81.8,117.8,
1219,93.103,shopping bag,0.267,1087.4,388.4,1144.8,459.5,1116.1,423.9,57.4,71.0,112
1220,93.18,handbag,0.449,1047.8,384.4,1098.7,445.1,1073.2,414.8,50.9,60.7,112
1220,93.18,shopping bag,0.385,290.0,192.1,318.5,265.3,304.2,228.7,28.6,73.2,1
1220,93.18,cardboard box,0.302,206.3,252.2,291.9,371.6,249.1,311.9,85.5,119.4,
1221,93.256,shopping bag,0.511,289.9,189.8,323.2,274.4,306.5,232.1,33.3,84.6,1
1221,93.256,handbag,0.464,1047.4,385.5,1098.4,444.2,1072.9,414.9,51.0,58.7,112
1221,93.256,shopping bag,0.299,542.5,67.0,591.1,127.7,566.8,97.4,48.7,60.7,
1221,93.256,shopping bag,0.273,1086.7,387.7,1145.3,458.8,1116.0,423.2,58.6,71.1,112
1222,93.332,shopping bag,0.541,291.2,191.6,321.4,265.2,306.3,228.4,30.2,73.5,1
1222,93.332,handbag,0.395,1047.4,385.7,1098.8,444.4,1073.1,415.0,51.4,58.7,112
1222,93.332,shopping bag,0.291,546.3,67.4,588.5,126.2,567.4,96.8,42.1,58.9,
1223,93.409,shopping bag,0.556,291.6,192.7,320.1,262.6,305.8,227.7,28.5,69.9,1
1223,93.409,handbag,0.431,1046.8,385.6,1098.7,443.5,1072.8,414.5,51.9,57.9,112
1223,93.409,shopping bag,0.267,1086.7,387.2,1145.0,457.5,1115.8,422.4,58.3,70.3,112
1224,93.485,shopping bag,0.703,290.6,192.6,319.7,264.2,305.2,228.4,29.1,71.6,121
1224,93.485,handbag,0.36,1046.5,385.1,1099.0,443.4,1072.7,414.3,52.5,58.2,112
1224,93.485,handbag,0.348,770.7,540.4,869.9,643.9,820.3,592.2,99.2,103.4,114
1225,93.561,shopping bag,0.655,290.4,192.6,319.6,264.5,305.0,228.6,29.1,71.9,121
1225,93.561,handbag,0.388,1046.4,384.2,1099.0,443.3,1072.7,413.7,52.6,59.1,112
1225,93.561,handbag,0.262,774.8,535.0,871.5,641.5,823.1,588.3,96.6,106.4,114
1226,93.638,shopping bag,0.794,288.6,193.4,317.3,265.9,303.0,229.7,28.7,72.5,
1226,93.638,handbag,0.48,1046.0,382.6,1098.8,442.9,1072.4,412.7,52.8,60.3,112
1227,93.714,shopping bag,0.693,288.2,193.2,316.0,265.6,302.1,229.4,27.8,72.4,121
1227,93.714,handbag,0.491,1045.4,382.3,1098.3,441.8,1071.9,412.1,52.9,59.5,112
1228,93.791,shopping bag,0.624,288.3,192.3,314.9,265.8,301.6,229.0,26.5,73.5,121
1228,93.791,handbag,0.491,1045.4,382.3,1098.2,441.8,1071.8,412.0,52.8,59.5,112
1229,93.867,shopping bag,0.603,287.9,191.7,315.0,265.9,301.5,228.8,27.1,74.2,121
1229,93.867,handbag,0.484,1045.4,382.3,1098.2,441.6,1071.8,411.9,52.8,59.3,112
1229,93.867,backpack,0.292,798.0,378.6,943.6,591.4,870.8,485.0,145.6,212.9,114
1230,93.943,shopping bag,0.671,288.0,189.4,314.2,265.3,301.1,227.4,26.2,75.9,121
1230,93.943,handbag,0.508,1045.3,382.2,1098.0,441.7,1071.7,411.9,52.7,59.5,112
1230,93.943,backpack,0.349,799.5,374.4,930.2,579.9,864.9,477.1,130.6,205.5,114
1230,93.943,handbag,0.268,797.2,471.0,893.8,581.1,845.5,526.0,96.6,110.1,114
1231,94.02,handbag,0.531,1045.3,382.3,1098.3,441.4,1071.8,411.9,53.0,59.0,112
1231,94.02,shopping bag,0.523,288.2,191.5,312.4,261.4,300.3,226.4,24.2,69.9,121
1231,94.02,handbag,0.376,799.6,467.7,894.6,572.7,847.1,520.2,95.0,105.0,114
1232,94.096,handbag,0.5,1045.6,382.5,1098.2,441.1,1071.9,411.8,52.6,58.6,112
1232,94.096,handbag,0.339,800.4,462.3,897.2,564.4,848.8,513.3,96.9,102.1,114
1232,94.096,shopping bag,0.318,288.2,185.2,307.7,264.0,298.0,224.6,19.5,78.9,121
1233,94.172,handbag,0.476,1045.6,382.3,1098.0,442.0,1071.8,412.2,52.4,59.7,112
1233,94.172,backpack,0.325,804.1,355.6,932.1,558.2,868.1,456.9,127.9,202.6,114
1234,94.249,handbag,0.368,1045.7,382.2,1098.3,442.5,1072.0,412.4,52.6,60.3,112
1234,94.249,backpack,0.334,808.0,351.7,932.7,549.7,870.4,450.7,124.7,198.1,114
1234,94.249,handbag,0.283,806.1,438.8,914.3,550.4,860.2,494.6,108.2,111.7,114
1235,94.325,handbag,0.427,1045.6,382.4,1098.3,442.2,1071.9,412.3,52.7,59.8,112
1235,94.325,backpack,0.421,817.2,345.9,936.2,541.0,876.7,443.5,119.0,195.1,114
1235,94.325,handbag,0.296,810.9,436.5,932.4,540.6,871.7,488.5,121.5,104.1,114
1236,94.402,backpack,0.415,816.0,343.3,938.3,535.8,877.1,439.5,122.3,192.5,114
1236,94.402,handbag,0.409,1045.7,382.3,1098.3,442.3,1072.0,412.3,52.6,60.0,112
1236,94.402,handbag,0.316,810.5,434.4,923.0,535.9,866.7,485.1,112.5,101.6,114
1237,94.478,handbag,0.402,1045.8,382.4,1098.3,442.5,1072.1,412.5,52.5,60.1,112
1237,94.478,backpack,0.311,822.3,341.0,935.6,527.8,878.9,434.4,113.3,186.8,114
1237,94.478,handbag,0.292,817.9,414.6,932.9,527.3,875.4,470.9,115.0,112.7,114
1237,94.478,shopping bag,0.255,396.4,90.2,422.7,154.2,409.6,122.2,26.3,64.0,
1238,94.554,backpack,0.603,825.6,328.7,941.4,516.0,883.5,422.3,115.7,187.3,114
1238,94.554,handbag,0.4,1045.9,382.2,1097.9,442.4,1071.9,412.3,52.0,60.2,112
1238,94.554,handbag,0.295,823.9,409.5,933.6,518.2,878.7,463.9,109.7,108.7,114
1239,94.631,backpack,0.555,835.7,316.7,947.8,506.3,891.8,411.5,112.0,189.6,114
1239,94.631,handbag,0.311,387.5,91.9,422.3,156.6,404.9,124.2,34.8,64.8,
1239,94.631,handbag,0.28,1045.9,382.3,1097.7,443.4,1071.8,412.8,51.8,61.1,112
1240,94.707,backpack,0.594,843.7,311.0,948.1,492.9,895.9,402.0,104.4,181.9,114
1240,94.707,handbag,0.34,380.1,92.0,420.5,156.2,400.3,124.1,40.4,64.2,
1240,94.707,handbag,0.251,1046.3,383.0,1098.0,443.5,1072.2,413.3,51.8,60.5,112
1241,94.783,backpack,0.633,846.0,306.9,955.4,487.2,900.7,397.1,109.4,180.2,114
1241,94.783,shopping bag,0.471,373.5,92.3,414.0,155.4,393.8,123.9,40.6,63.1,
1241,94.783,handbag,0.254,1046.7,382.9,1098.4,443.8,1072.6,413.3,51.7,60.9,112
1242,94.86,backpack,0.659,851.4,301.7,966.6,481.4,909.0,391.6,115.2,179.7,114
1242,94.86,shopping bag,0.384,365.1,92.5,404.1,152.3,384.6,122.4,39.0,59.9,68
1243,94.936,backpack,0.625,852.6,297.7,962.4,476.0,907.5,386.8,109.7,178.3,114
1243,94.936,shopping bag,0.458,358.2,92.1,394.4,148.9,376.3,120.5,36.2,56.8,68
1243,94.936,shopping cart,0.298,326.3,180.9,367.0,287.4,346.6,234.2,40.7,106.4,
1243,94.936,handbag,0.261,1047.4,382.7,1098.7,444.5,1073.1,413.6,51.3,61.8,112
1244,95.013,backpack,0.639,856.1,291.6,971.6,468.0,913.8,379.8,115.4,176.4,114
1244,95.013,shopping bag,0.61,350.8,92.6,383.4,151.5,367.1,122.0,32.6,58.9,68
1244,95.013,handbag,0.277,1048.2,383.8,1099.7,443.6,1073.9,413.7,51.5,59.8,112
1245,95.089,backpack,0.682,857.0,288.6,971.2,464.6,914.1,376.6,114.2,176.0,114
1245,95.089,shopping bag,0.281,346.4,92.3,380.0,158.4,363.2,125.4,33.5,66.1,68
1246,95.165,backpack,0.711,860.0,285.1,962.6,457.3,911.3,371.2,102.6,172.1,114
1246,95.165,shopping bag,0.447,335.6,86.7,369.7,149.5,352.6,118.1,34.0,62.7,68
1247,95.242,backpack,0.625,859.8,267.5,960.4,439.0,910.1,353.3,100.6,171.5,114
1247,95.242,handbag,0.256,1049.5,382.9,1100.9,442.4,1075.2,412.7,51.4,59.5,112
1248,95.318,backpack,0.578,859.6,259.5,957.1,423.5,908.3,341.5,97.5,164.0,114
1248,95.318,handbag,0.26,1049.9,384.3,1100.7,442.9,1075.3,413.6,50.8,58.6,112
1248,95.318,handbag,0.251,859.4,335.9,935.4,421.1,897.4,378.5,76.0,85.2,114
1249,95.394,backpack,0.56,860.4,257.1,959.1,421.7,909.8,339.4,98.7,164.6,114
1249,95.394,handbag,0.312,1050.0,384.6,1100.5,443.5,1075.3,414.1,50.4,58.9,112
1250,95.471,backpack,0.517,862.2,249.4,960.0,415.7,911.1,332.5,97.8,166.3,114
1250,95.471,handbag,0.381,1050.2,384.8,1101.0,444.3,1075.6,414.5,50.9,59.5,112
1251,95.547,backpack,0.389,865.6,248.6,957.5,412.8,911.5,330.7,91.9,164.2,114
1251,95.547,handbag,0.385,1050.3,385.2,1101.1,444.5,1075.7,414.8,50.8,59.3,112
1252,95.624,backpack,0.462,864.7,246.7,959.7,412.1,912.2,329.4,95.0,165.4,114
1252,95.624,handbag,0.353,1050.6,385.9,1101.0,444.1,1075.8,415.0,50.3,58.2,112
1253,95.7,backpack,0.413,866.0,246.7,960.3,406.2,913.2,326.4,94.2,159.5,114
1253,95.7,handbag,0.335,1050.6,385.9,1101.1,444.0,1075.9,414.9,50.4,58.1,112
1253,95.7,handbag,0.291,867.6,321.7,956.9,406.4,912.3,364.0,89.3,84.7,114
1254,95.776,handbag,0.305,867.9,318.5,962.0,400.8,915.0,359.6,94.1,82.4,114
1254,95.776,handbag,0.295,1050.8,386.5,1100.0,443.6,1075.4,415.1,49.2,57.1,112
1254,95.776,backpack,0.269,869.8,244.9,964.3,399.5,917.1,322.2,94.5,154.6,114
1255,95.853,backpack,0.251,874.1,243.2,975.9,396.7,925.0,320.0,101.9,153.5,114
1256,95.929,backpack,0.313,877.6,240.3,980.8,395.2,929.2,317.8,103.2,154.9,114
1256,95.929,handbag,0.269,1051.1,385.2,1099.6,443.4,1075.4,414.3,48.5,58.2,112
1257,96.005,handbag,0.398,881.9,310.2,971.5,389.7,926.7,350.0,89.6,79.5,114
1258,96.082,handbag,0.319,884.5,307.7,970.9,387.8,927.7,347.8,86.4,80.1,114
1258,96.082,backpack,0.319,885.2,230.1,986.0,387.6,935.6,308.9,100.8,157.5,114
1259,96.158,handbag,0.493,1045.0,379.2,1091.2,436.3,1068.1,407.8,46.3,57.1,112
1259,96.158,handbag,0.332,884.0,303.7,973.6,383.5,928.8,343.6,89.6,79.8,114
1259,96.158,backpack,0.318,885.9,231.2,986.4,384.8,936.1,308.0,100.4,153.5,114
1260,96.235,handbag,0.485,1045.0,378.5,1091.0,436.4,1068.0,407.4,46.0,57.9,112
1260,96.235,handbag,0.407,884.2,303.1,974.1,382.8,929.1,342.9,89.9,79.7,114
1260,96.235,backpack,0.262,886.0,231.1,985.2,383.9,935.6,307.5,99.2,152.8,114
1261,96.311,handbag,0.472,884.5,302.2,975.1,380.4,929.8,341.3,90.6,78.1,114
1261,96.311,handbag,0.436,1044.4,377.1,1090.3,434.9,1067.3,406.0,45.9,57.8,112
1261,96.311,handbag,0.265,120.3,347.9,178.0,405.5,149.2,376.7,57.7,57.6,
1262,96.387,handbag,0.548,1043.7,375.7,1091.4,434.1,1067.6,404.9,47.6,58.4,112
1262,96.387,handbag,0.436,901.3,296.1,976.1,378.9,938.7,337.5,74.8,82.7,114
1262,96.387,handbag,0.284,120.2,347.7,178.1,405.7,149.2,376.7,57.9,57.9,
1263,96.464,handbag,0.528,1042.3,374.6,1091.0,434.6,1066.6,404.6,48.7,60.0,112
1263,96.464,handbag,0.426,891.1,298.0,976.7,377.1,933.9,337.6,85.6,79.1,114
1263,96.464,backpack,0.281,889.3,226.7,979.2,378.3,934.3,302.5,89.9,151.6,114
1264,96.54,handbag,0.61,1040.9,374.2,1094.4,434.5,1067.6,404.4,53.4,60.3,112
1264,96.54,handbag,0.351,898.7,296.4,976.9,374.2,937.8,335.3,78.2,77.8,114
1265,96.617,handbag,0.622,1039.9,374.4,1094.0,434.7,1066.9,404.6,54.1,60.3,112
1265,96.617,handbag,0.377,901.1,295.9,976.1,372.8,938.6,334.4,74.9,76.9,114
1266,96.693,handbag,0.659,1039.8,374.3,1091.9,434.7,1065.9,404.5,52.1,60.4,112
1266,96.693,backpack,0.419,896.4,227.0,976.7,371.4,936.6,299.2,80.3,144.5,114
1266,96.693,handbag,0.261,907.4,289.5,974.2,369.7,940.8,329.6,66.8,80.2,114
1267,96.769,handbag,0.723,1038.1,373.3,1092.1,434.6,1065.1,403.9,53.9,61.3,112
1267,96.769,handbag,0.383,894.5,287.0,970.9,362.6,932.7,324.8,76.3,75.6,114
1267,96.769,backpack,0.304,892.3,221.8,972.2,363.7,932.2,292.8,79.9,141.9,114
1268,96.846,handbag,0.739,1038.3,372.0,1091.5,433.8,1064.9,402.9,53.2,61.8,112
1268,96.846,handbag,0.419,897.5,278.4,963.4,356.6,930.4,317.5,65.9,78.1,114
1269,96.922,handbag,0.72,1037.6,371.4,1090.3,433.3,1063.9,402.3,52.7,61.9,112
1270,96.998,handbag,0.71,1037.0,371.8,1089.7,433.4,1063.4,402.6,52.7,61.6,112
1271,97.075,handbag,0.708,1036.8,370.9,1089.2,434.0,1063.0,402.4,52.3,63.1,112
1271,97.075,shopping bag,0.573,1021.4,308.4,1122.0,445.8,1071.7,377.1,100.7,137.5,112
1271,97.075,backpack,0.374,867.2,205.7,962.1,350.8,914.6,278.2,94.9,145.1,114
1272,97.151,handbag,0.683,1036.8,371.4,1086.9,434.4,1061.9,402.9,50.1,63.0,112
1272,97.151,handbag,0.302,901.7,268.0,949.0,320.9,925.4,294.4,47.3,52.9,114
1273,97.228,handbag,0.715,1036.9,371.2,1086.3,434.8,1061.6,403.0,49.4,63.6,112
1273,97.228,backpack,0.328,862.3,199.5,957.3,336.9,909.8,268.2,94.9,137.3,114
1274,97.304,handbag,0.732,1036.9,371.6,1086.2,435.4,1061.5,403.5,49.3,63.9,112
1274,97.304,shopping bag,0.38,1021.6,306.0,1121.5,452.3,1071.5,379.1,99.9,146.4,112
1275,97.38,handbag,0.73,1036.7,371.9,1085.8,435.8,1061.2,403.9,49.1,63.9,112
1276,97.457,handbag,0.682,1036.6,373.4,1084.4,435.2,1060.5,404.3,47.8,61.8,112
1276,97.457,handbag,0.265,899.1,259.5,941.6,311.3,920.4,285.4,42.5,51.8,114
1277,97.533,handbag,0.699,1036.4,373.4,1085.1,435.6,1060.8,404.5,48.7,62.2,112
1277,97.533,handbag,0.301,898.7,258.6,940.6,309.1,919.6,283.9,41.9,50.5,114
1278,97.609,handbag,0.718,1036.7,373.6,1087.7,434.3,1062.2,404.0,51.0,60.7,112
1278,97.609,handbag,0.376,897.6,253.4,936.9,305.8,917.3,279.6,39.3,52.4,114
1279,97.686,handbag,0.668,1038.7,374.3,1089.7,435.8,1064.2,405.0,51.0,61.6,112
1279,97.686,handbag,0.315,893.5,251.0,931.5,303.1,912.5,277.1,38.0,52.2,114
1280,97.762,handbag,0.692,1037.0,374.2,1090.4,436.0,1063.7,405.1,53.4,61.8,112
1280,97.762,handbag,0.4,889.4,248.8,927.9,295.5,908.6,272.1,38.5,46.7,114
1281,97.839,handbag,0.67,1036.2,374.1,1090.6,435.3,1063.4,404.7,54.4,61.2,112
1281,97.839,handbag,0.324,887.3,246.1,925.5,293.2,906.4,269.7,38.1,47.1,114
1281,97.839,handbag,0.267,465.3,56.3,512.8,96.8,489.1,76.6,47.5,40.5,92
1282,97.915,handbag,0.642,1036.8,377.8,1090.5,434.4,1063.6,406.1,53.6,56.6,112
1282,97.915,handbag,0.35,880.9,237.9,919.9,285.8,900.4,261.8,39.0,47.9,114
1283,97.991,handbag,0.64,1036.9,377.8,1090.4,434.4,1063.6,406.1,53.5,56.6,112
1283,97.991,handbag,0.348,880.9,237.9,919.9,285.8,900.4,261.8,39.0,47.8,114
1284,98.068,handbag,0.639,1036.9,377.9,1090.4,434.4,1063.6,406.1,53.5,56.5,112
1284,98.068,handbag,0.349,880.9,238.0,919.9,285.8,900.4,261.9,39.0,47.8,114
1285,98.144,handbag,0.639,1036.9,377.9,1090.3,434.4,1063.6,406.1,53.5,56.5,112
1285,98.144,handbag,0.347,880.9,238.0,919.9,285.7,900.4,261.9,39.0,47.7,114
1286,98.22,handbag,0.64,1036.9,377.9,1090.4,434.4,1063.6,406.1,53.5,56.5,112
1286,98.22,handbag,0.348,880.9,238.1,919.9,285.7,900.4,261.9,39.0,47.6,114
1287,98.297,handbag,0.639,1036.9,377.9,1090.4,434.4,1063.6,406.1,53.5,56.5,112
1287,98.297,handbag,0.352,880.9,238.1,919.9,285.8,900.4,261.9,39.0,47.7,114
1288,98.373,handbag,0.639,1036.9,377.9,1090.4,434.4,1063.6,406.1,53.5,56.5,112
1288,98.373,handbag,0.35,880.9,238.1,919.9,285.7,900.4,261.9,39.0,47.6,114
1289,98.45,handbag,0.639,1036.9,377.9,1090.4,434.4,1063.6,406.1,53.5,56.5,112
1289,98.45,handbag,0.351,880.9,238.1,919.9,285.8,900.4,261.9,39.0,47.6,114
1290,98.526,handbag,0.64,1036.9,377.9,1090.4,434.4,1063.6,406.1,53.5,56.5,112
1290,98.526,handbag,0.344,880.9,238.2,919.9,285.7,900.4,262.0,39.0,47.5,114
1291,98.602,handbag,0.639,1036.8,377.9,1090.4,434.4,1063.6,406.1,53.5,56.5,112
1291,98.602,handbag,0.348,880.9,238.2,919.9,285.7,900.4,262.0,39.0,47.5,114
1292,98.679,handbag,0.637,1036.9,377.9,1090.4,434.4,1063.6,406.1,53.5,56.5,112
1292,98.679,handbag,0.345,880.8,238.2,919.9,285.7,900.3,262.0,39.0,47.5,114
1293,98.755,handbag,0.636,1036.8,377.8,1090.4,434.4,1063.6,406.1,53.5,56.5,112
1293,98.755,handbag,0.347,880.8,238.2,919.9,285.7,900.4,262.0,39.0,47.6,114
1294,98.831,handbag,0.637,1036.9,377.9,1090.4,434.4,1063.6,406.1,53.5,56.5,112
1294,98.831,handbag,0.345,880.9,238.3,919.9,285.7,900.4,262.0,39.0,47.4,114
1295,98.908,handbag,0.637,1036.8,377.9,1090.4,434.4,1063.6,406.1,53.5,56.5,112
1295,98.908,handbag,0.345,880.8,238.3,919.9,285.8,900.3,262.0,39.1,47.5,114
1296,98.984,handbag,0.639,1036.9,377.9,1090.4,434.4,1063.6,406.1,53.5,56.5,112
1296,98.984,handbag,0.345,880.8,238.3,919.9,285.8,900.3,262.0,39.1,47.5,114
1297,99.061,handbag,0.638,1036.9,377.9,1090.4,434.4,1063.6,406.1,53.5,56.5,112
1297,99.061,handbag,0.345,880.8,238.3,919.9,285.8,900.3,262.0,39.1,47.5,114
1298,99.137,handbag,0.639,1036.9,377.9,1090.4,434.4,1063.6,406.1,53.5,56.5,112
1298,99.137,handbag,0.344,880.8,238.2,919.9,285.8,900.3,262.0,39.1,47.5,114
1299,99.213,handbag,0.639,1036.9,377.8,1090.4,434.4,1063.6,406.1,53.5,56.6,112
1299,99.213,handbag,0.346,880.9,238.3,919.9,285.6,900.4,262.0,38.9,47.4,114
1300,99.29,handbag,0.639,1036.9,377.8,1090.4,434.4,1063.6,406.1,53.5,56.6,112
1300,99.29,handbag,0.346,880.8,238.3,919.9,285.7,900.3,262.0,39.0,47.4,114
1301,99.366,handbag,0.639,1036.9,377.8,1090.4,434.4,1063.6,406.1,53.5,56.6,112
1301,99.366,handbag,0.348,880.9,238.3,919.9,285.7,900.4,262.0,39.0,47.4,114
1302,99.442,handbag,0.639,1036.8,377.9,1090.4,434.3,1063.6,406.1,53.6,56.5,112
1302,99.442,handbag,0.342,880.7,238.3,919.9,285.9,900.3,262.1,39.1,47.6,114
1303,99.519,handbag,0.637,1036.8,377.8,1090.4,434.4,1063.6,406.1,53.6,56.5,112
1303,99.519,handbag,0.343,880.7,238.3,919.9,285.8,900.3,262.0,39.1,47.6,114
1304,99.595,handbag,0.637,1036.8,377.9,1090.4,434.4,1063.6,406.1,53.6,56.5,112
1304,99.595,handbag,0.344,880.8,238.3,919.9,285.8,900.3,262.0,39.1,47.5,114
1305,99.672,handbag,0.637,1036.8,377.9,1090.4,434.4,1063.6,406.1,53.6,56.5,112
1305,99.672,handbag,0.346,880.8,238.3,919.9,285.8,900.3,262.0,39.0,47.5,114
1306,99.748,handbag,0.637,1036.8,377.9,1090.4,434.4,1063.6,406.1,53.6,56.5,112
1306,99.748,handbag,0.345,880.6,238.2,919.9,285.9,900.3,262.1,39.2,47.7,114
1307,99.824,handbag,0.636,1036.8,377.9,1090.4,434.4,1063.6,406.1,53.6,56.5,112
1307,99.824,handbag,0.345,880.6,238.2,919.9,286.0,900.2,262.1,39.3,47.7,114
1308,99.901,handbag,0.636,1036.8,377.9,1090.4,434.4,1063.6,406.1,53.6,56.5,112
1308,99.901,handbag,0.345,880.6,238.2,919.9,286.0,900.2,262.1,39.3,47.7,114
1309,99.977,handbag,0.636,1036.8,377.9,1090.4,434.4,1063.6,406.1,53.6,56.5,112
1309,99.977,handbag,0.345,880.6,238.2,919.9,286.0,900.2,262.1,39.3,47.8,114
1310,100.053,handbag,0.637,1036.8,377.9,1090.4,434.4,1063.6,406.1,53.6,56.5,112
1310,100.053,handbag,0.346,880.7,238.2,919.9,286.0,900.3,262.1,39.2,47.8,114
1311,100.13,handbag,0.637,1036.8,377.9,1090.4,434.4,1063.6,406.1,53.6,56.5,112
1311,100.13,handbag,0.335,880.8,238.3,919.9,285.9,900.3,262.1,39.1,47.7,114
1312,100.206,handbag,0.636,1036.7,377.8,1090.4,434.4,1063.6,406.1,53.7,56.5,112
1312,100.206,handbag,0.339,880.7,238.2,919.9,285.9,900.3,262.1,39.2,47.8,114
1313,100.283,handbag,0.637,1036.8,377.9,1090.4,434.4,1063.6,406.1,53.6,56.5,112
1313,100.283,handbag,0.335,880.8,238.4,919.9,285.8,900.3,262.1,39.1,47.5,114
1314,100.359,handbag,0.639,1036.8,377.9,1090.4,434.3,1063.6,406.1,53.6,56.4,112
1314,100.359,handbag,0.338,880.8,238.2,919.9,285.8,900.4,262.0,39.1,47.6,114
1315,100.435,handbag,0.635,1036.8,377.9,1090.4,434.4,1063.6,406.2,53.6,56.5,112
1315,100.435,handbag,0.345,880.8,238.2,919.9,285.8,900.4,262.0,39.1,47.7,114
1316,100.512,handbag,0.635,1036.8,377.9,1090.4,434.4,1063.6,406.1,53.6,56.5,112
1316,100.512,handbag,0.339,881.0,238.4,919.9,285.7,900.5,262.0,38.9,47.4,114
1317,100.588,handbag,0.635,1036.8,377.9,1090.4,434.4,1063.6,406.1,53.6,56.5,112
1317,100.588,handbag,0.342,881.0,238.3,919.9,285.7,900.5,262.0,38.9,47.4,114
1318,100.664,handbag,0.636,1036.8,377.9,1090.4,434.4,1063.6,406.2,53.6,56.5,112
1318,100.664,handbag,0.348,881.0,238.2,919.9,285.8,900.4,262.0,38.9,47.6,114
1319,100.741,handbag,0.635,1036.8,377.9,1090.4,434.4,1063.6,406.1,53.7,56.5,112
1319,100.741,handbag,0.35,881.1,238.3,919.9,285.6,900.5,261.9,38.8,47.3,114
1320,100.817,handbag,0.635,1036.8,377.9,1090.4,434.4,1063.6,406.2,53.7,56.5,112
1320,100.817,handbag,0.352,881.2,238.2,919.9,285.6,900.5,261.9,38.7,47.3,114
1321,100.894,handbag,0.635,1036.8,377.9,1090.4,434.4,1063.6,406.2,53.6,56.5,112
1321,100.894,handbag,0.351,881.2,238.3,919.9,285.6,900.6,261.9,38.7,47.3,114
1322,100.97,handbag,0.636,1036.8,377.9,1090.4,434.4,1063.6,406.2,53.6,56.5,112
1322,100.97,handbag,0.343,881.3,238.6,919.9,285.3,900.6,262.0,38.6,46.7,114
1323,101.046,handbag,0.634,1036.8,377.9,1090.4,434.4,1063.6,406.2,53.7,56.5,112
1323,101.046,handbag,0.367,881.4,238.2,919.9,285.3,900.7,261.7,38.5,47.1,114
1324,101.123,handbag,0.634,1036.8,377.9,1090.4,434.4,1063.6,406.2,53.7,56.5,112
1324,101.123,handbag,0.37,881.5,238.3,919.9,285.3,900.7,261.8,38.4,47.0,114
1325,101.199,handbag,0.634,1036.8,377.9,1090.4,434.4,1063.6,406.1,53.6,56.5,112
1325,101.199,handbag,0.377,881.4,238.6,919.9,285.4,900.6,262.0,38.5,46.8,114
1326,101.275,handbag,0.638,1036.8,377.9,1090.4,434.3,1063.6,406.1,53.7,56.4,112
1326,101.275,handbag,0.375,881.4,238.6,919.9,285.3,900.7,262.0,38.5,46.7,114
1327,101.352,handbag,0.636,1036.8,377.9,1090.4,434.4,1063.6,406.2,53.7,56.5,112
1327,101.352,handbag,0.374,881.4,238.6,919.9,285.4,900.7,262.0,38.5,46.8,114
1328,101.428,handbag,0.636,1036.8,377.9,1090.4,434.4,1063.6,406.2,53.6,56.5,112
1328,101.428,handbag,0.374,881.4,238.6,919.9,285.3,900.7,262.0,38.5,46.7,114
1329,101.505,handbag,0.637,1036.8,377.9,1090.4,434.4,1063.6,406.2,53.6,56.4,112
1329,101.505,handbag,0.375,881.4,238.6,919.9,285.4,900.7,262.0,38.5,46.8,114
1330,101.581,handbag,0.638,1036.8,377.9,1090.4,434.4,1063.6,406.2,53.6,56.5,112
1330,101.581,handbag,0.374,881.4,238.6,919.9,285.4,900.7,262.0,38.5,46.8,114
1331,101.657,handbag,0.638,1036.8,378.0,1090.4,434.4,1063.6,406.2,53.6,56.4,112
1331,101.657,handbag,0.374,881.4,238.6,919.9,285.3,900.7,261.9,38.5,46.7,114
1332,101.734,handbag,0.638,1036.8,378.0,1090.4,434.4,1063.6,406.2,53.6,56.4,112
1332,101.734,handbag,0.376,881.4,238.6,919.9,285.3,900.7,261.9,38.5,46.7,114
1333,101.81,handbag,0.638,1036.8,378.0,1090.4,434.4,1063.6,406.2,53.6,56.4,112
1333,101.81,handbag,0.375,881.4,238.6,919.9,285.3,900.7,261.9,38.5,46.7,114
1334,101.887,handbag,0.637,1036.8,378.0,1090.4,434.4,1063.6,406.2,53.6,56.4,112
1334,101.887,handbag,0.375,881.4,238.6,919.9,285.3,900.7,261.9,38.5,46.7,114
1335,101.963,handbag,0.638,1036.8,378.0,1090.4,434.4,1063.6,406.2,53.6,56.4,112
1335,101.963,handbag,0.374,881.4,238.6,919.9,285.3,900.7,262.0,38.5,46.7,114
1336,102.039,handbag,0.638,1036.8,378.0,1090.4,434.4,1063.6,406.2,53.6,56.4,112
1336,102.039,handbag,0.375,881.4,238.6,919.9,285.3,900.7,262.0,38.5,46.7,114
1337,102.116,handbag,0.638,1036.8,378.0,1090.4,434.4,1063.6,406.2,53.6,56.4,112
1337,102.116,handbag,0.374,881.4,238.6,919.9,285.3,900.7,262.0,38.5,46.7,114
1338,102.192,handbag,0.638,1036.8,378.0,1090.4,434.4,1063.6,406.2,53.6,56.4,112
1338,102.192,handbag,0.375,881.4,238.6,919.9,285.3,900.7,262.0,38.5,46.7,114
1339,102.268,handbag,0.638,1036.8,378.0,1090.4,434.4,1063.6,406.2,53.6,56.4,112
1339,102.268,handbag,0.374,881.4,238.6,919.9,285.3,900.7,262.0,38.5,46.7,114
1340,102.345,handbag,0.638,1036.8,378.0,1090.4,434.4,1063.6,406.2,53.6,56.4,112
1340,102.345,handbag,0.374,881.4,238.6,919.9,285.3,900.7,262.0,38.5,46.7,114
1341,102.421,handbag,0.638,1036.8,378.0,1090.4,434.4,1063.6,406.2,53.6,56.4,112
1341,102.421,handbag,0.374,881.4,238.6,919.9,285.3,900.7,262.0,38.5,46.7,114
1342,102.498,handbag,0.64,1036.8,378.0,1090.4,434.3,1063.6,406.1,53.6,56.3,112
1342,102.498,handbag,0.374,881.4,238.6,919.9,285.3,900.7,262.0,38.5,46.7,114
1343,102.574,handbag,0.643,1037.0,377.9,1090.4,434.5,1063.7,406.2,53.4,56.5,112
1343,102.574,handbag,0.374,881.4,238.6,919.9,285.3,900.7,262.0,38.5,46.6,114
1344,102.65,handbag,0.644,1037.0,377.9,1090.4,434.5,1063.7,406.2,53.4,56.5,112
1344,102.65,handbag,0.374,881.4,238.6,919.9,285.3,900.7,262.0,38.5,46.6,114
1345,102.727,handbag,0.644,1037.0,377.9,1090.4,434.5,1063.7,406.2,53.4,56.5,112
1345,102.727,handbag,0.374,881.4,238.6,919.9,285.3,900.7,262.0,38.5,46.7,114
1346,102.803,handbag,0.643,1037.1,377.9,1090.4,434.5,1063.7,406.2,53.3,56.6,112
1346,102.803,handbag,0.374,881.4,238.6,919.9,285.3,900.7,262.0,38.5,46.7,114
1347,102.879,handbag,0.643,1037.1,377.9,1090.4,434.5,1063.7,406.2,53.3,56.6,112
1347,102.879,handbag,0.374,881.4,238.6,919.9,285.3,900.7,262.0,38.5,46.6,114
1348,102.956,handbag,0.643,1037.1,377.9,1090.4,434.5,1063.7,406.2,53.3,56.6,112
1348,102.956,handbag,0.374,881.4,238.6,919.9,285.3,900.7,262.0,38.5,46.6,114
1349,103.032,handbag,0.643,1037.1,377.9,1090.4,434.5,1063.7,406.2,53.3,56.6,112
1349,103.032,handbag,0.374,881.4,238.6,919.9,285.3,900.7,262.0,38.5,46.6,114
1350,103.109,handbag,0.64,1037.0,378.0,1090.4,434.5,1063.7,406.2,53.4,56.5,112
1350,103.109,handbag,0.374,881.4,238.7,919.9,285.3,900.7,262.0,38.5,46.6,114
1351,103.185,handbag,0.643,1037.1,378.0,1090.4,434.5,1063.7,406.2,53.3,56.6,112
1351,103.185,handbag,0.372,881.4,238.6,919.9,285.3,900.7,262.0,38.5,46.7,114
1352,103.261,handbag,0.643,1037.1,378.0,1090.4,434.5,1063.7,406.2,53.3,56.6,112
1352,103.261,handbag,0.372,881.4,238.6,919.9,285.3,900.7,262.0,38.5,46.7,114
1353,103.338,handbag,0.643,1037.1,378.0,1090.4,434.5,1063.7,406.2,53.3,56.6,112
1353,103.338,handbag,0.372,881.4,238.6,919.9,285.3,900.7,262.0,38.5,46.7,114
1354,103.414,handbag,0.643,1037.1,378.0,1090.4,434.5,1063.7,406.2,53.3,56.6,112
1354,103.414,handbag,0.372,881.4,238.6,919.9,285.3,900.7,262.0,38.5,46.7,114
1355,103.49,handbag,0.642,1037.1,378.0,1090.4,434.5,1063.7,406.2,53.3,56.6,112
1355,103.49,handbag,0.372,881.4,238.6,919.9,285.3,900.7,262.0,38.5,46.7,114
1356,103.567,handbag,0.642,1037.1,378.0,1090.4,434.5,1063.8,406.2,53.3,56.6,112
1356,103.567,handbag,0.372,881.4,238.6,919.9,285.3,900.7,262.0,38.5,46.7,114
1357,103.643,handbag,0.642,1037.1,378.0,1090.4,434.5,1063.8,406.2,53.3,56.6,112
1357,103.643,handbag,0.372,881.4,238.6,919.9,285.3,900.7,262.0,38.5,46.7,114
1358,103.72,handbag,0.642,1037.0,378.0,1090.4,434.4,1063.7,406.2,53.4,56.5,112
1358,103.72,handbag,0.374,881.4,238.6,919.9,285.3,900.7,262.0,38.5,46.7,114
1359,103.796,handbag,0.638,1036.8,377.9,1090.4,434.4,1063.6,406.1,53.6,56.5,112
1359,103.796,handbag,0.375,881.3,238.7,919.9,285.7,900.6,262.2,38.6,47.0,114
1360,103.872,handbag,0.607,1036.6,378.0,1090.7,435.3,1063.6,406.7,54.1,57.3,112
1360,103.872,handbag,0.367,881.5,238.3,919.8,285.8,900.6,262.0,38.4,47.4,114
1361,103.949,handbag,0.607,1036.6,378.0,1090.7,435.3,1063.6,406.7,54.1,57.3,112
1361,103.949,handbag,0.367,881.5,238.3,919.8,285.8,900.6,262.0,38.4,47.4,114
1362,104.025,handbag,0.607,1036.6,378.0,1090.7,435.3,1063.6,406.7,54.1,57.3,112
1362,104.025,handbag,0.367,881.5,238.3,919.8,285.8,900.6,262.0,38.4,47.4,114
1363,104.101,handbag,0.609,1036.6,378.1,1090.6,435.3,1063.6,406.7,54.1,57.2,112
1363,104.101,handbag,0.359,881.4,238.3,919.8,285.8,900.6,262.0,38.4,47.5,114
1364,104.178,handbag,0.614,1036.6,378.1,1090.7,435.3,1063.6,406.7,54.1,57.2,112
1364,104.178,handbag,0.361,881.4,238.3,919.9,285.8,900.6,262.0,38.5,47.5,114
1365,104.254,handbag,0.613,1036.6,378.0,1090.7,435.3,1063.6,406.7,54.1,57.3,112
1365,104.254,handbag,0.358,881.4,238.3,919.9,285.8,900.6,262.1,38.5,47.5,114
1366,104.331,handbag,0.615,1036.6,378.0,1090.7,435.3,1063.6,406.7,54.1,57.3,112
1366,104.331,handbag,0.357,881.4,238.3,919.9,285.7,900.6,262.0,38.5,47.4,114
1367,104.407,handbag,0.61,1036.5,378.1,1090.7,435.3,1063.6,406.7,54.2,57.3,112
1367,104.407,handbag,0.36,881.4,238.3,919.9,285.8,900.7,262.1,38.4,47.5,114
1368,104.483,handbag,0.611,1036.5,378.0,1090.7,435.3,1063.6,406.7,54.3,57.3,112
1368,104.483,handbag,0.354,881.4,238.4,919.9,285.8,900.6,262.1,38.5,47.4,114
1369,104.56,handbag,0.611,1036.6,378.1,1090.7,435.3,1063.6,406.7,54.1,57.2,112
1369,104.56,handbag,0.361,881.4,238.3,919.9,285.9,900.6,262.1,38.5,47.5,114
1370,104.636,handbag,0.612,1036.7,378.1,1090.7,435.3,1063.7,406.7,54.0,57.2,112
1370,104.636,handbag,0.354,881.4,238.4,919.9,285.7,900.6,262.1,38.5,47.3,114
1371,104.712,handbag,0.618,1036.7,378.0,1090.8,435.3,1063.7,406.7,54.1,57.3,112
1371,104.712,handbag,0.354,881.4,238.3,919.9,285.7,900.6,262.0,38.5,47.3,114
1372,104.789,handbag,0.619,1036.7,378.0,1090.8,435.4,1063.7,406.7,54.1,57.4,112
1372,104.789,handbag,0.363,881.6,238.4,919.9,285.5,900.7,262.0,38.3,47.1,114
1373,104.865,handbag,0.618,1036.6,378.0,1090.8,435.3,1063.7,406.7,54.1,57.3,112
1373,104.865,handbag,0.359,881.5,238.4,919.9,285.5,900.7,261.9,38.3,47.1,114
1374,104.942,handbag,0.62,1036.7,378.1,1090.7,435.3,1063.7,406.7,54.0,57.2,112
1374,104.942,handbag,0.358,881.4,238.5,919.9,285.5,900.7,262.0,38.4,47.0,114
1375,105.018,handbag,0.618,1036.7,378.1,1090.7,435.3,1063.7,406.7,54.0,57.2,112
1375,105.018,handbag,0.361,881.5,238.5,919.9,285.5,900.7,262.0,38.4,47.0,114
1376,105.094,handbag,0.612,1036.7,378.1,1090.7,435.4,1063.7,406.7,54.0,57.3,112
1376,105.094,handbag,0.361,881.4,238.5,919.9,285.6,900.6,262.1,38.4,47.2,114
1377,105.171,handbag,0.612,1036.7,378.1,1090.7,435.3,1063.7,406.7,54.0,57.2,112
1377,105.171,handbag,0.363,881.5,238.5,919.9,285.5,900.7,262.0,38.4,47.1,114
1378,105.247,handbag,0.614,1036.7,378.0,1090.8,435.3,1063.7,406.7,54.1,57.3,112
1378,105.247,handbag,0.363,881.4,238.5,919.9,285.6,900.7,262.1,38.4,47.1,114
1379,105.323,handbag,0.613,1036.7,378.1,1090.7,435.3,1063.7,406.7,54.0,57.2,112
1379,105.323,handbag,0.366,881.5,238.4,919.9,285.6,900.7,262.0,38.4,47.2,114
1380,105.4,handbag,0.614,1036.7,378.1,1090.7,435.3,1063.7,406.7,54.0,57.2,112
1380,105.4,handbag,0.365,881.4,238.4,919.9,285.6,900.7,262.0,38.4,47.2,114
1381,105.476,handbag,0.613,1036.7,378.1,1090.7,435.3,1063.7,406.7,54.0,57.2,112
1381,105.476,handbag,0.365,881.4,238.4,919.9,285.6,900.6,262.0,38.5,47.2,114
1382,105.553,handbag,0.614,1036.7,378.1,1090.7,435.3,1063.7,406.7,54.0,57.2,112
1382,105.553,handbag,0.364,881.4,238.5,919.9,285.6,900.6,262.1,38.5,47.2,114
1383,105.629,handbag,0.614,1036.7,378.1,1090.6,435.3,1063.7,406.7,53.9,57.3,112
1383,105.629,handbag,0.365,881.4,238.4,919.9,285.6,900.6,262.0,38.5,47.2,114
1384,105.705,handbag,0.613,1036.7,378.0,1090.6,435.3,1063.7,406.7,53.9,57.3,112
1384,105.705,handbag,0.365,881.4,238.5,919.9,285.6,900.6,262.1,38.5,47.2,114
1385,105.782,handbag,0.614,1036.7,378.0,1090.7,435.3,1063.7,406.7,53.9,57.3,112
1385,105.782,handbag,0.365,881.4,238.5,919.9,285.6,900.6,262.1,38.5,47.2,114
1386,105.858,handbag,0.615,1036.7,377.9,1090.7,435.3,1063.7,406.6,54.0,57.4,112
1386,105.858,handbag,0.364,881.4,238.5,919.9,285.6,900.6,262.1,38.5,47.1,114
1387,105.934,handbag,0.617,1036.7,377.9,1090.7,435.3,1063.7,406.6,54.0,57.3,112
1387,105.934,handbag,0.372,881.4,239.0,919.9,285.6,900.6,262.3,38.5,46.7,114
1388,106.011,handbag,0.616,1036.7,378.0,1090.7,435.3,1063.7,406.6,54.0,57.3,112
1388,106.011,handbag,0.373,881.4,239.0,919.9,285.7,900.6,262.3,38.5,46.7,114
1389,106.087,handbag,0.616,1036.7,378.0,1090.7,435.3,1063.7,406.6,54.0,57.3,112
1389,106.087,handbag,0.373,881.4,239.0,919.9,285.7,900.6,262.3,38.5,46.7,114
1390,106.164,handbag,0.619,1036.7,378.0,1090.7,435.3,1063.7,406.7,54.0,57.3,112
1390,106.164,handbag,0.373,881.4,239.0,919.9,285.7,900.6,262.3,38.5,46.7,114
1391,106.24,handbag,0.611,1036.8,378.0,1090.7,435.3,1063.8,406.6,53.9,57.3,112
1391,106.24,handbag,0.371,881.4,239.0,919.9,285.6,900.6,262.3,38.5,46.7,114
1392,106.316,handbag,0.606,1036.8,378.0,1090.7,435.4,1063.8,406.7,53.9,57.4,112
1392,106.316,handbag,0.374,881.4,239.0,919.9,285.6,900.6,262.3,38.5,46.7,114
1393,106.393,handbag,0.606,1036.8,378.0,1090.7,435.3,1063.7,406.6,53.9,57.4,112
1393,106.393,handbag,0.372,881.4,239.0,919.9,285.6,900.6,262.3,38.5,46.7,114
1394,106.469,handbag,0.609,1036.7,378.0,1090.7,435.3,1063.7,406.6,54.0,57.4,112
1394,106.469,handbag,0.372,881.4,239.0,919.9,285.6,900.6,262.3,38.5,46.7,114
1395,106.545,handbag,0.611,1036.8,377.9,1090.7,435.4,1063.7,406.7,53.9,57.5,112
1395,106.545,handbag,0.369,881.3,238.9,919.8,285.9,900.6,262.4,38.5,47.0,114
1396,106.622,handbag,0.61,1036.7,378.0,1090.7,435.3,1063.7,406.7,54.0,57.3,112
1396,106.622,handbag,0.368,881.2,238.9,919.8,286.0,900.5,262.4,38.6,47.0,114
1397,106.698,handbag,0.609,1036.8,378.0,1090.7,435.4,1063.8,406.7,53.9,57.4,112
1397,106.698,handbag,0.369,881.3,238.9,919.8,285.9,900.6,262.4,38.5,47.0,114
1398,106.775,handbag,0.608,1036.8,378.0,1090.7,435.3,1063.8,406.7,53.9,57.3,112
1398,106.775,handbag,0.375,881.3,238.9,919.8,285.7,900.6,262.3,38.5,46.8,114
1399,106.851,handbag,0.609,1036.8,378.0,1090.7,435.3,1063.8,406.7,53.9,57.4,112
1399,106.851,handbag,0.364,881.2,238.9,919.8,285.8,900.5,262.4,38.6,46.8,114
1400,106.927,handbag,0.609,1036.8,378.0,1090.7,435.3,1063.8,406.7,53.9,57.4,112
1400,106.927,handbag,0.364,881.2,238.9,919.8,285.8,900.5,262.4,38.6,46.8,114
1401,107.004,handbag,0.61,1036.8,378.0,1090.7,435.3,1063.8,406.6,53.9,57.4,112
1401,107.004,handbag,0.364,881.2,238.9,919.8,285.8,900.5,262.4,38.6,46.8,114
1402,107.08,handbag,0.609,1036.8,378.0,1090.7,435.3,1063.8,406.7,53.9,57.4,112
1402,107.08,handbag,0.374,881.5,239.0,919.8,285.3,900.7,262.2,38.4,46.3,114
1403,107.156,handbag,0.614,1036.8,377.9,1090.8,435.3,1063.8,406.6,54.0,57.4,112
1403,107.156,handbag,0.374,881.5,239.0,919.8,285.3,900.6,262.2,38.4,46.3,114
1404,107.233,handbag,0.615,1036.8,377.9,1090.8,435.3,1063.8,406.6,54.0,57.4,112
1404,107.233,handbag,0.374,881.5,239.0,919.8,285.3,900.6,262.2,38.4,46.3,114
1405,107.309,handbag,0.615,1036.8,377.9,1090.8,435.3,1063.8,406.6,54.0,57.4,112
1405,107.309,handbag,0.374,881.5,239.0,919.8,285.3,900.6,262.2,38.4,46.3,114
1406,107.386,handbag,0.616,1036.8,378.0,1090.8,435.3,1063.8,406.7,53.9,57.4,112
1406,107.386,handbag,0.375,881.5,239.0,919.8,285.3,900.6,262.2,38.4,46.3,114
1407,107.462,handbag,0.617,1036.8,378.0,1090.8,435.3,1063.8,406.7,53.9,57.4,112
1407,107.462,handbag,0.374,881.5,239.0,919.8,285.3,900.7,262.2,38.4,46.3,114
1408,107.538,handbag,0.617,1036.8,378.0,1090.8,435.3,1063.8,406.7,53.9,57.4,112
1408,107.538,handbag,0.374,881.5,239.0,919.8,285.3,900.7,262.2,38.4,46.3,114
1409,107.615,handbag,0.617,1036.8,378.0,1090.8,435.4,1063.8,406.7,53.9,57.4,112
1409,107.615,handbag,0.374,881.5,239.0,919.8,285.3,900.7,262.2,38.4,46.3,114
1410,107.691,handbag,0.612,1036.8,378.0,1090.7,435.4,1063.8,406.7,53.9,57.4,112
1410,107.691,handbag,0.374,881.5,239.0,919.9,285.3,900.7,262.2,38.4,46.3,114
1411,107.768,handbag,0.611,1036.8,378.0,1090.7,435.3,1063.8,406.7,53.9,57.4,112
1411,107.768,handbag,0.373,881.5,239.0,919.9,285.3,900.7,262.2,38.4,46.3,114
1412,107.844,handbag,0.611,1036.8,378.0,1090.7,435.3,1063.8,406.7,53.9,57.4,112
1412,107.844,handbag,0.373,881.5,239.0,919.9,285.3,900.7,262.2,38.4,46.3,114
1413,107.92,handbag,0.611,1036.8,378.0,1090.7,435.3,1063.8,406.7,53.9,57.4,112
1413,107.92,handbag,0.373,881.5,239.0,919.9,285.3,900.7,262.2,38.4,46.3,114
1414,107.997,handbag,0.611,1036.8,378.0,1090.7,435.3,1063.8,406.7,53.9,57.4,112
1414,107.997,handbag,0.374,881.5,239.0,919.9,285.3,900.7,262.2,38.4,46.3,114
1415,108.073,handbag,0.611,1036.8,378.0,1090.7,435.3,1063.8,406.7,53.9,57.4,112
1415,108.073,handbag,0.373,881.5,239.0,919.8,285.3,900.7,262.2,38.4,46.3,114
1416,108.149,handbag,0.611,1036.8,378.0,1090.7,435.3,1063.8,406.7,53.9,57.4,112
1416,108.149,handbag,0.372,881.5,239.0,919.8,285.3,900.7,262.2,38.4,46.3,114
1417,108.226,handbag,0.611,1036.8,378.0,1090.7,435.3,1063.8,406.7,53.9,57.4,112
1417,108.226,handbag,0.372,881.5,239.0,919.8,285.3,900.7,262.2,38.4,46.3,114
1418,108.302,handbag,0.611,1036.8,378.0,1090.7,435.3,1063.8,406.7,53.9,57.4,112
1418,108.302,handbag,0.373,881.5,239.0,919.8,285.3,900.7,262.2,38.4,46.3,114
1419,108.379,handbag,0.611,1036.8,378.0,1090.7,435.3,1063.8,406.7,53.9,57.4,112
1419,108.379,handbag,0.372,881.5,239.1,919.8,285.3,900.7,262.2,38.4,46.3,114
1420,108.455,handbag,0.611,1036.8,378.0,1090.7,435.3,1063.8,406.7,53.9,57.4,112
1420,108.455,handbag,0.372,881.5,239.1,919.8,285.3,900.7,262.2,38.4,46.3,114
1421,108.531,handbag,0.611,1036.8,378.0,1090.7,435.3,1063.8,406.7,53.9,57.4,112
1421,108.531,handbag,0.372,881.5,239.1,919.8,285.3,900.7,262.2,38.4,46.3,114
1422,108.608,handbag,0.611,1036.8,378.0,1090.7,435.3,1063.8,406.7,53.9,57.4,112
1422,108.608,handbag,0.372,881.5,239.1,919.8,285.3,900.7,262.2,38.4,46.1,114
1423,108.684,handbag,0.611,1036.8,378.0,1090.7,435.3,1063.8,406.7,53.9,57.4,112
1423,108.684,handbag,0.373,881.5,239.1,919.8,285.3,900.7,262.2,38.4,46.3,114
1424,108.76,handbag,0.611,1036.8,378.0,1090.7,435.3,1063.8,406.7,53.9,57.4,112
1424,108.76,handbag,0.373,881.5,239.1,919.8,285.3,900.7,262.2,38.4,46.3,114
1425,108.837,handbag,0.611,1036.8,378.0,1090.7,435.3,1063.8,406.7,53.9,57.4,112
1425,108.837,handbag,0.373,881.5,239.1,919.8,285.3,900.7,262.2,38.4,46.3,114
1426,108.913,handbag,0.61,1036.8,378.0,1090.7,435.3,1063.8,406.7,53.9,57.4,112
1426,108.913,handbag,0.373,881.5,239.1,919.8,285.3,900.7,262.2,38.4,46.3,114
1427,108.99,handbag,0.611,1036.8,378.0,1090.7,435.3,1063.8,406.7,53.9,57.4,112
1427,108.99,handbag,0.373,881.5,239.1,919.8,285.3,900.7,262.2,38.4,46.3,114
1428,109.066,handbag,0.611,1036.8,378.0,1090.7,435.3,1063.8,406.7,53.9,57.4,112
1428,109.066,handbag,0.373,881.5,239.1,919.8,285.3,900.7,262.2,38.4,46.3,114
1429,109.142,handbag,0.611,1036.8,378.0,1090.7,435.3,1063.8,406.7,53.9,57.4,112
1429,109.142,handbag,0.373,881.5,239.1,919.8,285.3,900.7,262.2,38.4,46.3,114
1430,109.219,handbag,0.612,1036.8,378.0,1090.7,435.3,1063.8,406.7,53.9,57.4,112
1430,109.219,handbag,0.372,881.5,239.1,919.8,285.3,900.7,262.2,38.4,46.1,114
1431,109.295,handbag,0.611,1036.8,378.0,1090.7,435.3,1063.8,406.7,53.9,57.4,112
1431,109.295,handbag,0.373,881.5,239.1,919.8,285.3,900.7,262.2,38.4,46.3,114
1432,109.371,handbag,0.611,1036.8,378.0,1090.7,435.3,1063.8,406.7,53.9,57.4,112
1432,109.371,handbag,0.373,881.5,239.1,919.8,285.3,900.7,262.2,38.4,46.3,114
1433,109.448,handbag,0.611,1036.8,378.0,1090.7,435.3,1063.8,406.7,53.9,57.4,112
1433,109.448,handbag,0.373,881.5,239.1,919.8,285.3,900.7,262.2,38.4,46.3,114
1434,109.524,handbag,0.611,1036.8,378.0,1090.7,435.3,1063.8,406.7,53.9,57.4,112
1434,109.524,handbag,0.373,881.5,239.1,919.8,285.3,900.7,262.2,38.4,46.3,114
1435,109.601,handbag,0.611,1036.8,378.0,1090.7,435.3,1063.8,406.7,53.9,57.4,112
1435,109.601,handbag,0.373,881.5,239.1,919.8,285.3,900.7,262.2,38.4,46.3,114
1436,109.677,handbag,0.611,1036.8,378.0,1090.7,435.3,1063.8,406.7,53.9,57.4,112
1436,109.677,handbag,0.374,881.5,239.1,919.8,285.3,900.7,262.2,38.4,46.3,114
1437,109.753,handbag,0.611,1036.8,378.0,1090.7,435.3,1063.8,406.7,53.9,57.4,112
1437,109.753,handbag,0.374,881.5,239.1,919.8,285.3,900.7,262.2,38.4,46.3,114
1438,109.83,handbag,0.611,1036.8,378.0,1090.7,435.3,1063.8,406.7,53.9,57.4,112
1438,109.83,handbag,0.374,881.5,239.1,919.8,285.3,900.7,262.2,38.4,46.3,114
1439,109.906,handbag,0.611,1036.8,378.0,1090.7,435.3,1063.8,406.7,53.9,57.4,112
1439,109.906,handbag,0.374,881.5,239.1,919.8,285.3,900.7,262.2,38.4,46.3,114
1440,109.982,handbag,0.611,1036.8,378.0,1090.7,435.3,1063.8,406.7,53.9,57.4,112
1440,109.982,handbag,0.374,881.5,239.1,919.8,285.3,900.7,262.2,38.4,46.3,114
1441,110.059,handbag,0.611,1036.8,378.0,1090.7,435.3,1063.8,406.7,53.9,57.4,112
1441,110.059,handbag,0.374,881.5,239.1,919.8,285.3,900.7,262.2,38.4,46.3,114
1442,110.135,handbag,0.611,1036.8,378.0,1090.7,435.3,1063.8,406.7,53.9,57.4,112
1442,110.135,handbag,0.374,881.5,239.1,919.8,285.3,900.7,262.2,38.4,46.3,114
1443,110.212,handbag,0.611,1036.8,378.0,1090.7,435.3,1063.8,406.7,53.9,57.4,112
1443,110.212,handbag,0.374,881.5,239.1,919.8,285.3,900.7,262.2,38.4,46.3,114
1444,110.288,handbag,0.611,1036.8,378.0,1090.7,435.3,1063.8,406.7,53.9,57.4,112
1444,110.288,handbag,0.374,881.5,239.1,919.8,285.3,900.7,262.2,38.4,46.3,114
1445,110.364,handbag,0.611,1036.8,378.0,1090.7,435.3,1063.8,406.7,53.9,57.4,112
1445,110.364,handbag,0.374,881.5,239.1,919.8,285.3,900.7,262.2,38.4,46.3,114
1446,110.441,handbag,0.611,1036.8,378.0,1090.7,435.3,1063.8,406.7,53.9,57.4,112
1446,110.441,handbag,0.374,881.5,239.1,919.8,285.3,900.7,262.2,38.4,46.3,114
1447,110.517,handbag,0.611,1036.8,378.0,1090.7,435.3,1063.8,406.7,53.9,57.4,112
1447,110.517,handbag,0.374,881.5,239.1,919.8,285.3,900.7,262.2,38.4,46.3,114
1448,110.593,handbag,0.611,1036.8,378.0,1090.7,435.3,1063.8,406.7,53.9,57.4,112
1448,110.593,handbag,0.374,881.5,239.1,919.8,285.3,900.7,262.2,38.4,46.3,114
1449,110.67,handbag,0.611,1036.8,378.0,1090.7,435.3,1063.8,406.7,53.9,57.4,112
1449,110.67,handbag,0.374,881.5,239.1,919.8,285.3,900.7,262.2,38.4,46.3,114
1450,110.746,handbag,0.611,1036.8,378.0,1090.7,435.3,1063.8,406.7,53.9,57.4,112
1450,110.746,handbag,0.374,881.5,239.1,919.8,285.3,900.7,262.2,38.4,46.3,114
1451,110.823,handbag,0.611,1036.8,378.0,1090.7,435.3,1063.8,406.7,53.9,57.4,112
1451,110.823,handbag,0.374,881.5,239.1,919.8,285.3,900.7,262.2,38.4,46.3,114
